x,y,cp,dun
0.985147863,0.001917876,0.163244081,-198317.1987
0.982962913,0.002045223,0.160272242,-199526.0373
0.980630848,0.002180882,0.157348403,-200539.5982
0.978152378,0.002324746,0.154474503,-201838.5072
0.975528258,0.002476672,0.151716933,-202710.5331
0.972759288,0.002636527,0.149029953,-203451.8714
0.96984631,0.002804253,0.146369455,-204384.5541
0.966790213,0.002979834,0.143838446,-205247.4615
0.963591927,0.003163257,0.141228797,-206029.686
0.960252427,0.003354338,0.138737139,-207023.2229
0.956772729,0.003552803,0.136352887,-207648.2163
0.953153894,0.003758382,0.134104577,-208187.2466
0.949397023,0.003970992,0.131848477,-208780.1717
0.945503262,0.004190639,0.129775622,-209448.0268
0.941473796,0.004417327,0.127683163,-210346.8826
0.937309854,0.004650939,0.125668399,-210849.424
0.933012702,0.004891283,0.123754943,-211287.365
0.92858365,0.005138177,0.121857132,-211740.8366
0.924024048,0.005391471,0.120014154,-212335.7196
0.919335284,0.005651029,0.118315582,-212955.2123
0.914518786,0.005916711,0.116639722,-213279.3853
0.909576022,0.006188354,0.114999975,-213722.6548
0.904508497,0.00646578,0.113403403,-214499.6441
0.899317755,0.006748828,0.111995473,-214918.2711
0.894005377,0.007037441,0.110573092,-215259.1236
0.888572981,0.007331615,0.109240086,-215407.0418
0.883022222,0.007631342,0.107891482,-215627.9515
0.87735479,0.007936439,0.106542257,-216172.9999
0.871572413,0.008246662,0.105295289,-216498.4939
0.865676851,0.00856176,0.104058798,-217080.9422
0.8596699,0.008881574,0.102935034,-217438.8148
0.853553391,0.009205971,0.101798538,-217799.8745
0.847329185,0.009534828,0.10070944,-218220.2697
0.84099918,0.009868044,0.099712512,-218600.848
0.834565303,0.010205524,0.098776676,-218592.4493
0.828029514,0.010547181,0.097795558,-218779.8673
0.821393805,0.010892868,0.096790988,-219496.2633
0.814660196,0.011242432,0.095901355,-219772.7492
0.807830738,0.011595716,0.095025281,-219682.1111
0.800907512,0.011952536,0.094138046,-220056.1853
0.793892626,0.012312708,0.093304432,-220462.4733
0.786788218,0.012676036,0.092475,-220798.0643
0.779596452,0.013042356,0.091649173,-221318.3765
0.772319518,0.0134115,0.090904346,-221672.6167
0.764959632,0.013783318,0.090208305,-221751.2253
0.757519037,0.014157715,0.089469917,-222099.8651
0.75,0.014534626,0.088720979,-222517.3784
0.74240481,0.014913949,0.088015077,-222695.0986
0.734735781,0.015295337,0.0872632,-222898.0807
0.72699525,0.015678355,0.086526954,-223205.6366
0.719185573,0.01606259,0.085900861,-223476.082
0.711309131,0.016447987,0.08528169,-223869.643
0.703368322,0.016834613,0.084653799,-224192.8176
0.695365564,0.017222489,0.083961604,-224478.1508
0.687303297,0.017611263,0.083285428,-224886.3751
0.679183975,0.018000434,0.082643105,-225294.037
0.671010072,0.018389557,0.082044748,-225567.2167
0.662784077,0.018778401,0.081452775,-225810.3848
0.654508497,0.019166873,0.080822415,-226252.7848
0.646185852,0.019554822,0.080214414,-226693.1395
0.637818678,0.019941947,0.079621399,-226893.6384
0.629409523,0.020327856,0.07898355,-227194.5675
0.620960948,0.020712169,0.078384361,-227741.4452
0.612475527,0.021094499,0.077813107,-228123.4533
0.603955845,0.021474467,0.077278144,-228286.1097
0.595404498,0.021851693,0.076721082,-228525.3764
0.586824089,0.022225856,0.076134451,-228983.398
0.578217233,0.022596656,0.075626727,-229467.5748
0.56958655,0.02296377,0.075175388,-229805.5843
0.560934672,0.023326793,0.074683774,-230140.4818
0.552264232,0.023685269,0.074170346,-230736.4834
0.543577871,0.024038767,0.073709404,-231473.5456
0.534878237,0.024386906,0.073323456,-231818.0209
0.526167978,0.024729335,0.072974265,-231781.2923
0.517449748,0.02506566,0.072601841,-232017.2442
0.508726203,0.025395334,0.072214845,-232632.0961
0.5,0.025717739,0.071883367,-233282.9305
0.491273797,0.026032318,0.071652299,-233740.4105
0.482550252,0.026338632,0.071495989,-234089.0548
0.473832022,0.026636319,0.071369049,-234528.9569
0.465121763,0.026924985,0.071278657,-235060.0423
0.456422129,0.027204067,0.071266657,-235548.0367
0.447735768,0.027472958,0.071333947,-236125.8808
0.439065328,0.027731098,0.071521236,-236637.5857
0.43041345,0.027978043,0.071815999,-236896.6923
0.421782767,0.028213409,0.072163726,-237237.4193
0.413175911,0.02843678,0.072597563,-237852.157
0.404595502,0.028647656,0.07318343,-238361.193
0.396044155,0.028845499,0.073881063,-238744.7386
0.387524473,0.029029774,0.074693508,-239275.319
0.379039052,0.02919984,0.075691037,-239738.6798
0.370590477,0.029355042,0.076911323,-240146.7247
0.362181322,0.029494868,0.078385817,-240572.9966
0.353814148,0.029619107,0.080090979,-240985.6015
0.345491503,0.029727796,0.081974461,-241393.2398
0.337215923,0.029820409,0.084077665,-241773.9129
0.328989928,0.0298954,0.0867002,-242032.2084
0.320816025,0.029950456,0.090264602,-242101.5563
0.312696703,0.029985377,0.094878405,-241925.617
0.304634436,0.030004786,0.100138842,-241483.0769
0.296631678,0.030015088,0.105407459,-240988.1779
0.288690869,0.030021488,0.110276436,-240745.0377
0.280814427,0.03002667,0.114556653,-240559.1941
0.27300475,0.030032516,0.118052215,-240321.5897
0.265264219,0.030040095,0.12082442,-240427.2349
0.25759519,0.0300481,0.123093469,-240714.3662
0.25,0.03005484,0.125050809,-240911.4327
0.242480963,0.030058847,0.126838184,-241246.2078
0.235040368,0.030059074,0.128527527,-241680.4982
0.227680482,0.030054601,0.130138376,-242095.1066
0.220403548,0.030044562,0.131675712,-242555.4402
0.213211782,0.030028127,0.133166695,-243046.0184
0.206107374,0.030004545,0.134588538,-243584.271
0.199092488,0.029972898,0.135983391,-244193.9516
0.192169262,0.029931985,0.137438926,-244768.5327
0.185339804,0.029880685,0.138942697,-245410.0173
0.178606195,0.029818034,0.140573942,-246006.5948
0.171970486,0.029743238,0.142339233,-246525.4863
0.165434697,0.029655615,0.144178707,-247238.5151
0.15900082,0.02955436,0.146165854,-247917.1205
0.152670815,0.029438495,0.148335261,-248455.9585
0.146446609,0.029307197,0.150685718,-249131.2609
0.1403301,0.029159603,0.153274396,-249843.5321
0.134323149,0.028994843,0.156154525,-250510.7656
0.128427587,0.028812232,0.159343819,-251080.2188
0.12264521,0.028611066,0.162872569,-251536.5635
0.116977778,0.028390669,0.166765787,-252050.5596
0.111427019,0.028150573,0.170999849,-252604.5277
0.105994623,0.027890032,0.175675059,-253065.9643
0.100682245,0.027608227,0.180856918,-253408.4021
0.095491503,0.027304609,0.186549417,-253709.1462
0.090423978,0.026978459,0.192871875,-253859.9567
0.085481214,0.02662912,0.199891776,-253928.5331
0.080664716,0.026256254,0.207606531,-253885.2181
0.075975952,0.025859296,0.216141455,-253679.2116
0.07141635,0.025437803,0.225575695,-253273.1567
0.066987298,0.024991662,0.235818816,-252711.8461
0.062690146,0.024520114,0.247141833,-251869.1386
0.058526204,0.024022525,0.259706604,-250745.2357
0.054496738,0.02349876,0.273525428,-249290.3633
0.050602977,0.022948233,0.28882597,-247406.1754
0.046846106,0.022370737,0.305759653,-245073.5677
0.043227271,0.021766546,0.324224521,-242245.195
0.039747573,0.021134797,0.344578442,-238762.9349
0.036408073,0.020475114,0.36733681,-234433.1201
0.033209787,0.019787806,0.391957548,-229244.7053
0.03015369,0.019071896,0.419561484,-222715.8972
0.027240712,0.018327262,0.449977036,-215168.2861
0.024471742,0.017554624,0.483324979,-207361.4269
0.021847622,0.016752827,0.519972324,-199548.4633
0.019369152,0.015922035,0.56054555,-190042.0844
0.017037087,0.015063422,0.604318574,-176202.3215
0.014852137,0.014175287,0.652349284,-156371.0179
0.012814968,0.013257933,0.704225419,-131704.0927
0.0109262,0.01231309,0.758325523,-102054.2724
0.009186408,0.011338493,0.814848057,-79304.34913
0.007596123,0.010334682,0.873899573,-59401.20239
0.00615583,0.009304425,0.931334908,-38883.42554
0.004865966,0.008245537,0.984177952,-21028.89217
0.003726924,0.007158694,1.0145722,-8509.032645
0.002739052,0.006048649,1.031786223,-7545.069016
0.001902651,0.004917629,1.025247123,-20735.84014
0.001217975,0.003767709,0.988702875,-51797.74314
0.000685233,0.002607791,0.930264399,-100795.6728
0.000304586,0.001479733,0.821776511,-148172.1901
7.62E-05,0.000496365,0.663980688,-188882.6054
0,4.61E-06,0.586003319,-210916.8203
0.985147863,0.004640571,0.255538794,-159842.2115
0.982962913,0.005014594,0.249397898,-161877.3928
0.980630848,0.005412646,0.243164929,-163919.5686
0.978152378,0.005834443,0.237012617,-165650.8744
0.975528258,0.006279773,0.230717513,-167655.3485
0.972759288,0.00674842,0.224476182,-169428.0421
0.96984631,0.007240052,0.218192564,-171091.2571
0.966790213,0.007754283,0.211893682,-172569.9526
0.963591927,0.00829071,0.205571112,-174233.4393
0.960252427,0.008848953,0.199310576,-175869.6525
0.956772729,0.009428644,0.193110309,-177358.3703
0.953153894,0.010029404,0.186904622,-178539.6895
0.949397023,0.010650772,0.180671837,-180085.2639
0.945503262,0.01129223,0.174608044,-181550.3419
0.941473796,0.011953238,0.16854201,-182864.326
0.937309854,0.012633419,0.162623599,-183952.5284
0.933012702,0.01333244,0.156704685,-185090.944
0.92858365,0.014049984,0.150831237,-186571.5313
0.924024048,0.014785598,0.145033693,-187655.9895
0.919335284,0.015538701,0.139278949,-188947.9988
0.914518786,0.016308729,0.133611177,-190033.761
0.909576022,0.017095157,0.128007978,-191058.5912
0.904508497,0.017897498,0.122479649,-192144.0213
0.899317755,0.018715252,0.117018728,-193633.2023
0.894005377,0.019548,0.111725789,-194549.6766
0.888572981,0.020395352,0.106411426,-195331.6058
0.883022222,0.021256911,0.101095744,-196436.1213
0.87735479,0.022132133,0.095882254,-197766.4082
0.871572413,0.02302037,0.090735358,-198938.6661
0.865676851,0.023920998,0.085653509,-199854.0541
0.8596699,0.024833475,0.080638907,-200929.1907
0.853553391,0.025757359,0.075678027,-202015.6235
0.847329185,0.026692205,0.070799181,-202963.2286
0.84099918,0.027637567,0.06598185,-203707.6957
0.834565303,0.028592958,0.061151812,-204879.5004
0.828029514,0.029557913,0.056346048,-206156.1646
0.821393805,0.03053184,0.05157821,-207156.3332
0.814660196,0.031514064,0.046906654,-207942.8709
0.807830738,0.032503936,0.042279095,-208774.2136
0.800907512,0.033500922,0.037609349,-209837.8991
0.793892626,0.034504568,0.033046383,-210811.5665
0.786788218,0.035514442,0.028504838,-211612.4299
0.779596452,0.036530028,0.023891725,-212781.9421
0.772319518,0.037550761,0.019332828,-214076.7966
0.764959632,0.038576085,0.014804863,-215056.8025
0.757519037,0.039605327,0.010284207,-215894.8606
0.75,0.040637718,0.005809378,-216728.9228
0.74240481,0.041672569,0.001379391,-217413.8235
0.734735781,0.042709357,-0.003092986,-218217.1739
0.72699525,0.043747716,-0.007608188,-219357.5895
0.719185573,0.044787244,-0.012115084,-220536.7662
0.711309131,0.045827239,-0.016626416,-221490.0632
0.703368322,0.046866767,-0.021140532,-222279.1986
0.695365564,0.047904963,-0.02564144,-223246.0331
0.687303297,0.048941163,-0.030133741,-224437.3956
0.679183975,0.049974887,-0.034642774,-225531.6499
0.671010072,0.051005613,-0.039152648,-226471.7244
0.662784077,0.052032597,-0.043657639,-227231.6578
0.654508497,0.053054957,-0.048243632,-227990.4449
0.646185852,0.054071834,-0.052892575,-228982.0953
0.637818678,0.055082432,-0.057541238,-230124.8721
0.629409523,0.056085995,-0.062168576,-231419.4925
0.620960948,0.057081762,-0.066739985,-232695.7294
0.612475527,0.058068966,-0.071300156,-233586.0201
0.603955845,0.059046854,-0.07596942,-234187.1433
0.595404498,0.060014642,-0.080691132,-234982.1037
0.586824089,0.060971399,-0.085391447,-236009.3934
0.578217233,0.06191611,-0.090139431,-237288.25
0.56958655,0.062847798,-0.094883791,-238664.3642
0.560934672,0.063765581,-0.099563276,-239804.1807
0.552264232,0.064668634,-0.104232947,-240796.3126
0.543577871,0.065556119,-0.108964108,-242004.6248
0.534878237,0.066427116,-0.113730308,-243353.05
0.526167978,0.067280612,-0.11848763,-244635.9237
0.517449748,0.068115623,-0.123183858,-245791.6278
0.508726203,0.068931091,-0.127845629,-246849.3363
0.5,0.069725905,-0.132507158,-247995.9843
0.491273797,0.070499014,-0.137133309,-249233.0837
0.482550252,0.071249488,-0.14169114,-250411.7873
0.473832022,0.071976496,-0.146227946,-251674.9457
0.465121763,0.072679182,-0.150722674,-253000.1728
0.456422129,0.07335637,-0.155165214,-254204.178
0.447735768,0.074006784,-0.159530536,-255400.1888
0.439065328,0.074629267,-0.163769718,-256763.6595
0.43041345,0.075222885,-0.16785814,-258196.3022
0.421782767,0.075786878,-0.171830949,-259505.5656
0.413175911,0.076320454,-0.1757241,-260760.2914
0.404595502,0.076822496,-0.179474497,-261961.9074
0.396044155,0.077291823,-0.183051693,-263084.0327
0.387524473,0.077727322,-0.186472964,-264285.4066
0.379039052,0.078127964,-0.189677629,-265652.7446
0.370590477,0.078492784,-0.192539147,-267022.6047
0.362181322,0.078820923,-0.195029872,-268259.1951
0.353814148,0.079111726,-0.197244509,-269455.959
0.345491503,0.079364675,-0.199215976,-270598.1943
0.337215923,0.079578898,-0.200849388,-271688.5676
0.328989928,0.079752453,-0.201774227,-272670.7397
0.320816025,0.079882637,-0.201483892,-273363.1667
0.312696703,0.079968995,-0.199853282,-273796.7702
0.304634436,0.080015192,-0.197386002,-274121.163
0.296631678,0.08002694,-0.194831029,-274295.3139
0.288690869,0.080008711,-0.192698206,-274458.3919
0.280814427,0.079962342,-0.19119036,-274799.5512
0.27300475,0.079889033,-0.190398696,-275159.4596
0.265264219,0.079789101,-0.190333459,-275680.7332
0.25759519,0.079660985,-0.190676646,-276556.344
0.25,0.079502841,-0.191117127,-277419.6579
0.242480963,0.079313222,-0.191598091,-278067.9854
0.235040368,0.079090999,-0.192081446,-278761.3431
0.227680482,0.078835262,-0.192513343,-279565.6291
0.220403548,0.078544954,-0.192839563,-280323.1928
0.213211782,0.078218889,-0.192974564,-281019.2885
0.206107374,0.077856036,-0.192857658,-281675.9533
0.199092488,0.077455437,-0.192448233,-282268.1256
0.192169262,0.077016209,-0.191703842,-282818.3031
0.185339804,0.076537636,-0.190591723,-283306.8061
0.178606195,0.076018916,-0.18906068,-283668.121
0.171970486,0.075459265,-0.187065839,-283885.1702
0.165434697,0.074858087,-0.184578585,-284004.3474
0.15900082,0.074214729,-0.181471012,-283996.5502
0.152670815,0.073528662,-0.177724825,-283801.8499
0.146446609,0.072799505,-0.173345391,-283395.7975
0.1403301,0.072026557,-0.168225136,-282754.2597
0.134323149,0.071209315,-0.162294147,-282015.0928
0.128427587,0.070347452,-0.155464674,-281026.8379
0.12264521,0.069440507,-0.147641847,-279709.7817
0.116977778,0.068488326,-0.138795116,-278085.129
0.111427019,0.067490832,-0.128875494,-276119.4885
0.105994623,0.066447774,-0.117761845,-273730.3732
0.100682245,0.065359254,-0.105458404,-270994.5095
0.095491503,0.06422531,-0.091870666,-267829.8601
0.090423978,0.063045663,-0.076840029,-264212.528
0.085481214,0.061820502,-0.060322698,-260059.0159
0.080664716,0.060549855,-0.042213185,-255275.7875
0.075975952,0.059233522,-0.022281598,-249883.6488
0.07141635,0.057871881,-0.000539785,-243830.9069
0.066987298,0.05646512,0.023179317,-237018.1981
0.062690146,0.055013381,0.049020809,-229417.4807
0.058526204,0.053517411,0.076861211,-221021.5149
0.054496738,0.051977222,0.106971958,-211698.4959
0.050602977,0.050392643,0.139631308,-201381.4765
0.046846106,0.048764288,0.174807158,-190062.3876
0.043227271,0.04709234,0.212637638,-177659.8189
0.039747573,0.045377219,0.253278755,-164181.612
0.036408073,0.043620077,0.296355688,-149691.3602
0.033209787,0.041820895,0.342190046,-134086.5781
0.03015369,0.039979792,0.390929928,-117305.3196
0.027240712,0.038097767,0.441799468,-99611.92292
0.024471742,0.036175071,0.495405315,-81249.82269
0.021847622,0.034212356,0.551336382,-62582.41161
0.019369152,0.032211099,0.608394677,-44280.10464
0.017037087,0.030171844,0.666379004,-25840.20227
0.014852137,0.02809541,0.724349279,-7528.891442
0.012814968,0.025983423,0.781231587,9661.721506
0.0109262,0.023837174,0.836142467,24240.26377
0.009186408,0.021658015,0.887693355,34337.63673
0.007596123,0.019448136,0.935038131,39532.01541
0.00615583,0.017211736,0.975742544,39558.33681
0.004865966,0.014953616,1.008064241,34575.35165
0.003726924,0.012679893,1.031642002,97817.9483
0.002739052,0.010403429,1.043063043,37792.91582
0.001902651,0.008143093,1.041531962,-42225.97305
0.001217975,0.005928125,1.030896216,-126808.9869
0.000685233,0.003820541,1.012179436,-182919.7774
0.000304586,0.001945131,0.984991784,-83897.6189
7.62E-05,0.000544695,0.958686513,-98629.13064
0,1.49E-08,0.947220271,-105621.7998
0.985147863,0.007327998,0.29067141,-124730.1617
0.982962913,0.007945504,0.284289504,-126697.1198
0.980630848,0.00860303,0.277708858,-128769.5967
0.978152378,0.00930005,0.270837565,-130734.2502
0.975528258,0.010036029,0.263817285,-132717.6789
0.972759288,0.010810362,0.256563083,-134808.4726
0.96984631,0.01162244,0.249171491,-136848.5
0.966790213,0.012471618,0.241578884,-138898.5763
0.963591927,0.013357227,0.233915467,-140987.0281
0.960252427,0.014278731,0.226123305,-142790.4274
0.956772729,0.015235634,0.218146371,-144852.6942
0.953153894,0.016227483,0.210109898,-146887.4266
0.949397023,0.017253549,0.201941175,-148692.9601
0.945503262,0.018312877,0.193645234,-150653.2939
0.941473796,0.019404505,0.18534715,-152920.1095
0.937309854,0.020527638,0.17710024,-154903.2568
0.933012702,0.021681703,0.168714582,-156546.4058
0.92858365,0.022866047,0.160345326,-158282.5383
0.924024048,0.024079917,0.151901957,-159856.8392
0.919335284,0.025322402,0.143415563,-161779.947
0.914518786,0.026592582,0.134952039,-163821.4226
0.909576022,0.027889635,0.126538914,-165546.6859
0.904508497,0.029212817,0.118067221,-167218.6849
0.899317755,0.030561378,0.109641599,-168907.5447
0.894005377,0.031934517,0.101189999,-170542.4388
0.888572981,0.033331382,0.092754875,-172432.2441
0.883022222,0.034751111,0.084367638,-173958.7316
0.87735479,0.036192833,0.075943969,-175524.0988
0.871572413,0.037655668,0.067538412,-177149.4935
0.865676851,0.039138729,0.059160885,-178638.9572
0.8596699,0.04064114,0.050786121,-180158.7534
0.853553391,0.042162001,0.042446695,-182002.8082
0.847329185,0.043700446,0.03414357,-183817.4136
0.84099918,0.045255569,0.025851489,-185037.7077
0.834565303,0.046826453,0.017499922,-186409.9408
0.828029514,0.048412171,0.009212231,-187902.2872
0.821393805,0.05001185,0.000858332,-189514.8635
0.814660196,0.051624583,-0.007456333,-191108.9358
0.807830738,0.053249504,-0.015770476,-192489.0252
0.800907512,0.054885678,-0.024096599,-194098.0133
0.793892626,0.056532113,-0.032419348,-195817.6911
0.786788218,0.058187843,-0.040706993,-197362.8217
0.779596452,0.059851901,-0.049011253,-198618.8405
0.772319518,0.061523372,-0.05744238,-200060.6779
0.764959632,0.063201345,-0.065864332,-201848.5934
0.757519037,0.064884797,-0.074277923,-203404.6178
0.75,0.066572643,-0.082775404,-204849.8152
0.74240481,0.068263803,-0.091243994,-206479.2657
0.734735781,0.06995726,-0.099682556,-207899.0054
0.72699525,0.071652097,-0.108261969,-209388.7923
0.719185573,0.073347375,-0.116921437,-211196.4951
0.711309131,0.075042082,-0.12560578,-212758.5652
0.703368322,0.076735137,-0.134358781,-214146.0584
0.695365564,0.078425464,-0.143204452,-215870.5852
0.687303297,0.080111821,-0.152138901,-217784.7636
0.679183975,0.081792827,-0.161098145,-219422.7534
0.671010072,0.08346717,-0.170061976,-220920.2975
0.662784077,0.085133755,-0.179087183,-222624.4965
0.654508497,0.086791674,-0.188230285,-224445.0106
0.646185852,0.088439991,-0.197516481,-226240.1774
0.637818678,0.090077471,-0.206908033,-228068.5109
0.629409523,0.091702574,-0.216332725,-229761.0457
0.620960948,0.093313798,-0.225830355,-231403.7799
0.612475527,0.094909775,-0.235466929,-233274.3768
0.603955845,0.096489223,-0.245187586,-235335.9085
0.595404498,0.098050877,-0.254926515,-237436.3571
0.586824089,0.09959345,-0.264720331,-239606.9043
0.578217233,0.101115637,-0.274597433,-241688.9042
0.56958655,0.102616158,-0.284624264,-243479.5086
0.560934672,0.104093477,-0.294791334,-245261.1487
0.552264232,0.105545927,-0.305012238,-247317.31
0.543577871,0.106971909,-0.315244463,-249559.0079
0.534878237,0.108369995,-0.32553618,-251720.0628
0.526167978,0.109738907,-0.33592056,-253749.9615
0.517449748,0.11107735,-0.346356993,-255731.7797
0.508726203,0.11238373,-0.3568717,-257882.5387
0.5,0.113656295,-0.367473715,-260258.567
0.491273797,0.114893342,-0.378093528,-262684.0399
0.482550252,0.116093292,-0.388666238,-265028.5822
0.473832022,0.117254626,-0.39924553,-267451.32
0.465121763,0.118375879,-0.409806652,-269837.7713
0.456422129,0.119455474,-0.420346094,-272170.3251
0.447735768,0.120491815,-0.430861328,-274560.8611
0.439065328,0.121483355,-0.441309077,-277013.7395
0.43041345,0.122428524,-0.451660588,-279378.2458
0.421782767,0.123325776,-0.461930629,-281746.799
0.413175911,0.124173594,-0.472066203,-284278.659
0.404595502,0.124970406,-0.482011988,-286832.0786
0.396044155,0.125714629,-0.491779458,-289188.3913
0.387524473,0.126404777,-0.501377292,-291516.775
0.379039052,0.127039363,-0.510655492,-293952.3369
0.370590477,0.127616986,-0.519548952,-296271.7655
0.362181322,0.12813635,-0.528059198,-298507.9475
0.353814148,0.128596241,-0.53621907,-300867.9857
0.345491503,0.128995539,-0.544024557,-303314.6845
0.337215923,0.129333044,-0.551272327,-305675.4318
0.328989928,0.129606581,-0.557595934,-307586.7128
0.320816025,0.129813503,-0.562652876,-309026.7533
0.312696703,0.129952962,-0.566299805,-310304.1868
0.304634436,0.13002706,-0.568847543,-311572.6996
0.296631678,0.130039544,-0.571026739,-312675.1269
0.288690869,0.129993377,-0.573329592,-313745.3783
0.280814427,0.12988959,-0.576036035,-314779.9452
0.27300475,0.129728954,-0.579338349,-315774.0406
0.265264219,0.12951099,-0.583128913,-316883.944
0.25759519,0.12923362,-0.586931382,-318144.6553
0.25,0.12889456,-0.590279371,-319274.4888
0.242480963,0.128492104,-0.593116532,-320097.8835
0.235040368,0.128025119,-0.595488369,-320723.3276
0.227680482,0.127492708,-0.597294491,-321229.1238
0.220403548,0.126893655,-0.598415315,-321583.9697
0.213211782,0.126226709,-0.598705006,-321769.6461
0.206107374,0.125490854,-0.598011036,-321729.2133
0.199092488,0.124685269,-0.596251172,-321331.9111
0.192169262,0.123809373,-0.593408553,-320540.9584
0.185339804,0.122862692,-0.589449913,-319424.471
0.178606195,0.121844471,-0.584238802,-317952.16
0.171970486,0.120754151,-0.577663492,-316084.0094
0.165434697,0.119591336,-0.569601703,-313813.5453
0.15900082,0.118355708,-0.559887332,-310965.7734
0.152670815,0.11704723,-0.548488002,-307551.0345
0.146446609,0.115665899,-0.535361835,-303664.9071
0.1403301,0.114211781,-0.520467688,-299229.619
0.134323149,0.11268518,-0.50376388,-294161.0581
0.128427587,0.111086268,-0.485112271,-288428.1748
0.12264521,0.109415227,-0.464466508,-282084.9901
0.116977778,0.107672508,-0.441779451,-275094.2719
0.111427019,0.105858447,-0.416920055,-267389.2912
0.105994623,0.103973542,-0.389838672,-258955.2548
0.100682245,0.10201855,-0.36048927,-249723.4485
0.095491503,0.099994207,-0.328860989,-239750.9696
0.090423978,0.097901502,-0.295047383,-229112.3994
0.085481214,0.095741458,-0.259021879,-217724.2549
0.080664716,0.093514554,-0.220657556,-205546.3509
0.075975952,0.091221524,-0.179899847,-192602.9519
0.07141635,0.088863337,-0.136757093,-178890.9589
0.066987298,0.086441002,-0.09130743,-164556.3566
0.062690146,0.083955858,-0.043648142,-149596.8402
0.058526204,0.081409178,0.006107196,-134044.4007
0.054496738,0.078801986,0.057892814,-118000.8421
0.050602977,0.076135653,0.111537703,-101558.8666
0.046846106,0.073411308,0.166907254,-84794.66728
0.043227271,0.070629858,0.223959015,-67843.62047
0.039747573,0.06779253,0.282356251,-50851.75059
0.036408073,0.064900807,0.341748051,-34024.55491
0.033209787,0.061956359,0.401892815,-17570.7379
0.03015369,0.058961055,0.462302358,-1714.313504
0.027240712,0.055916591,0.522578256,13323.32376
0.024471742,0.05282453,0.582362314,27324.34651
0.021847622,0.049686587,0.641063007,40104.44669
0.019369152,0.046505184,0.698021844,51487.60104
0.017037087,0.043283002,0.752651499,61254.78508
0.014852137,0.04002281,0.804188918,68841.90606
0.012814968,0.036728374,0.852248431,73965.88655
0.0109262,0.033403859,0.895984245,75215.33234
0.009186408,0.030053821,0.935252651,72820.08671
0.007596123,0.026686296,0.969318071,67134.32319
0.00615583,0.02331203,0.997029516,57936.37093
0.004865966,0.019944256,1.021037899,167512.2322
0.003726924,0.016602996,1.036880437,118714.1294
0.002739052,0.013317662,1.042885531,63386.74853
0.001902651,0.010131086,1.042304772,15644.64367
0.001217975,0.007112949,1.04381326,-50463.70929
0.000685233,0.004378862,1.033233668,-27390.66355
0.000304586,0.002109158,1.024619956,-39432.50109
7.62E-05,0.000558949,1.017300294,-49977.07803
0,8.04E-11,1.014348552,-53856.81908
0.985147863,0.001584212,0.170655354,-201892.197
0.982962913,0.00166445,0.168547137,-202925.8687
0.980630848,0.00175001,0.16664158,-204000.7304
0.978152378,0.001840896,0.164795675,-204867.1358
0.975528258,0.001937223,0.163051806,-205522.003
0.972759288,0.002039122,0.161319418,-206353.4379
0.96984631,0.002146609,0.159653908,-207015.6372
0.966790213,0.002259627,0.158117472,-207645.2352
0.963591927,0.002378125,0.156576498,-208317.647
0.960252427,0.002502132,0.155218792,-208639.4631
0.956772729,0.002631738,0.153862162,-209162.7188
0.953153894,0.00276703,0.152524213,-209564.2962
0.949397023,0.002908009,0.15127235,-209980.4475
0.945503262,0.003054636,0.150118745,-210447.582
0.941473796,0.003206874,0.149020712,-210462.8522
0.937309854,0.003364761,0.147880636,-210844.525
0.933012702,0.003528375,0.146908244,-211449.5171
0.92858365,0.003697793,0.145951785,-211623.8637
0.924024048,0.003873011,0.145034965,-211881.5289
0.919335284,0.00405399,0.144204012,-211710.001
0.914518786,0.004240687,0.143327253,-212027.1352
0.909576022,0.00443318,0.142588301,-212364.775
0.904508497,0.004631595,0.141877041,-212637.3527
0.899317755,0.004836055,0.141199137,-212980.3822
0.894005377,0.005046579,0.140554159,-212915.032
0.888572981,0.005263127,0.139899685,-212794.3628
0.883022222,0.005485664,0.139250752,-213179.4498
0.87735479,0.005714215,0.138704785,-213369.8312
0.871572413,0.005948824,0.1382031,-213558.8887
0.865676851,0.006189548,0.137677897,-213727.8467
0.8596699,0.006436459,0.137206166,-213763.8813
0.853553391,0.006689658,0.136755416,-213914.9336
0.847329185,0.006949232,0.136340452,-213969.5476
0.84099918,0.007215235,0.135851867,-214309.4743
0.834565303,0.007487703,0.135433219,-214663.0913
0.828029514,0.007766671,0.135033967,-214558.7826
0.821393805,0.008052145,0.134617806,-214446.1397
0.814660196,0.008344126,0.13416232,-214668.4042
0.807830738,0.008642604,0.133710708,-214985.4288
0.800907512,0.00894757,0.133289462,-215224.7336
0.793892626,0.009259012,0.132920121,-215215.07
0.786788218,0.009576922,0.132501951,-215292.5427
0.779596452,0.009901383,0.132074465,-215707.0863
0.772319518,0.010232499,0.131626927,-216052.7
0.764959632,0.010570359,0.131180218,-216259.3072
0.757519037,0.010914823,0.130666083,-216666.7049
0.75,0.011265659,0.130202321,-216811.2227
0.74240481,0.011622669,0.129766043,-216638.3853
0.734735781,0.011985938,0.129283087,-216832.4256
0.72699525,0.012355685,0.128768575,-217407.7364
0.719185573,0.01273206,0.128186148,-217901.941
0.711309131,0.01311484,0.127601901,-218037.0554
0.703368322,0.013503624,0.126967972,-218139.9425
0.695365564,0.013898053,0.126319422,-218417.5089
0.687303297,0.014298066,0.12571094,-218735.8804
0.679183975,0.014703707,0.125114828,-219013.9322
0.671010072,0.015114992,0.124451843,-219310.177
0.662784077,0.015531786,0.123701096,-219784.3406
0.654508497,0.01595388,0.122930968,-220246.4154
0.646185852,0.016381039,0.122166726,-220395.8134
0.637818678,0.016812954,0.121353898,-220478.9274
0.629409523,0.017249268,0.12048212,-220871.5708
0.620960948,0.017689658,0.119604104,-221401.8764
0.612475527,0.018133922,0.118742015,-221796.8236
0.603955845,0.018581909,0.117863529,-222027.8255
0.595404498,0.01903344,0.116911863,-222268.5027
0.586824089,0.019488163,0.115872123,-222768.5338
0.578217233,0.01994569,0.114794568,-223379.1908
0.56958655,0.020405599,0.113742043,-223790.3567
0.560934672,0.02086741,0.112685676,-224053.5004
0.552264232,0.021330606,0.111570432,-224424.4586
0.543577871,0.021794712,0.110450091,-224890.2975
0.534878237,0.022259415,0.109370953,-225271.9073
0.526167978,0.02272445,0.108245186,-225500.154
0.517449748,0.023189475,0.107014775,-225928.4939
0.508726203,0.023653891,0.105725335,-226751.698
0.5,0.024116995,0.104478951,-227438.479
0.491273797,0.024578166,0.103276524,-227702.2699
0.482550252,0.025036933,0.102038837,-228059.384
0.473832022,0.025492908,0.100767252,-228798.1756
0.465121763,0.025945637,0.099515441,-229401.4357
0.456422129,0.026394495,0.098264041,-229749.4198
0.447735768,0.026838819,0.09695748,-230254.5172
0.439065328,0.027277967,0.095664696,-230917.1638
0.43041345,0.027711328,0.094401395,-231558.2846
0.421782767,0.028138319,0.09313942,-232162.8374
0.413175911,0.028558334,0.091892743,-232800.3024
0.404595502,0.028970707,0.09067383,-233509.3061
0.396044155,0.029374765,0.089483361,-234239.5682
0.387524473,0.02976986,0.088352721,-234816.8834
0.379039052,0.030155382,0.087245434,-235321.5244
0.370590477,0.030530741,0.086129579,-235960.3733
0.362181322,0.030895338,0.085058879,-236771.4174
0.353814148,0.031248511,0.084079736,-237532.2148
0.345491503,0.031589602,0.083152508,-238174.604
0.337215923,0.031917958,0.082259138,-238850.9189
0.328989928,0.032232898,0.081423026,-239593.4123
0.320816025,0.032533769,0.080657904,-240334.9999
0.312696703,0.032819934,0.080002165,-241044.2855
0.304634436,0.033090752,0.079466498,-241691.6713
0.296631678,0.033345635,0.078999644,-242424.5864
0.288690869,0.033583988,0.078626245,-243305.8088
0.280814427,0.033805207,0.078388333,-244069.041
0.27300475,0.034008727,0.078255496,-244777.2124
0.265264219,0.034193996,0.078241497,-245561.0857
0.25759519,0.034360453,0.078397428,-246258.3262
0.25,0.034507586,0.078715221,-246968.0619
0.242480963,0.034634885,0.079176441,-247727.4149
0.235040368,0.034741789,0.079830629,-248472.7331
0.227680482,0.034827808,0.080723498,-249219.2427
0.220403548,0.034892496,0.081773172,-249914.4258
0.213211782,0.034935414,0.082989372,-250562.1693
0.206107374,0.034956224,0.084426643,-251218.2326
0.199092488,0.034954514,0.086071161,-251883.3328
0.192169262,0.034929762,0.087965703,-252578.4798
0.185339804,0.034881539,0.090155657,-253261
0.178606195,0.034809489,0.092700618,-253820.3164
0.171970486,0.034713318,0.09559635,-254348.2657
0.165434697,0.034592852,0.098773619,-254830.9479
0.15900082,0.034447884,0.102257328,-255283.8102
0.152670815,0.034278132,0.106110508,-255827.528
0.146446609,0.034083445,0.110310669,-256272.5974
0.1403301,0.033863608,0.114905376,-256581.6383
0.134323149,0.033618267,0.119924791,-256808.3511
0.128427587,0.033347271,0.12540122,-257069.0937
0.12264521,0.033050446,0.131414904,-257254.1555
0.116977778,0.032727594,0.137986653,-257288.2763
0.111427019,0.032378741,0.14511857,-257241.0278
0.105994623,0.032003828,0.152837199,-257124.6371
0.100682245,0.031602712,0.161240764,-256860.0037
0.095491503,0.031175529,0.170301292,-256427.8802
0.090423978,0.030722236,0.180079866,-255892.8983
0.085481214,0.030242689,0.190700879,-255233.3561
0.080664716,0.02973707,0.202146125,-254310.1555
0.075975952,0.029205386,0.214506437,-253215.7666
0.07141635,0.028647544,0.227921686,-251871.6836
0.066987298,0.02806388,0.242330923,-250293.2084
0.062690146,0.027454378,0.257883828,-248366.8266
0.058526204,0.026818861,0.274810198,-246119.2732
0.054496738,0.026157726,0.293026365,-243469.8245
0.050602977,0.02547101,0.312721995,-240355.0263
0.046846106,0.024758672,0.334199208,-236716.6769
0.043227271,0.024021391,0.357145285,-232520.7168
0.039747573,0.023259064,0.382099772,-227645.238
0.036408073,0.022471358,0.409127663,-221864.7066
0.033209787,0.021658982,0.43846507,-215083.0535
0.03015369,0.020821825,0.469953331,-207235.5734
0.027240712,0.01995972,0.504500441,-198476.6176
0.024471742,0.019073869,0.54135134,-189957.8551
0.021847622,0.018163953,0.581086316,-181060.7327
0.019369152,0.017229463,0.624236852,-169452.1784
0.017037087,0.016271907,0.67000025,-153368.2073
0.014852137,0.01529073,0.718637279,-132717.4162
0.012814968,0.014285286,0.769859904,-107388.5738
0.0109262,0.013257816,0.821767845,-79057.4986
0.009186408,0.012207575,0.874860537,-63045.26067
0.007596123,0.011133581,0.928094086,-44971.76549
0.00615583,0.010038907,0.977155001,-27970.76265
0.004865966,0.008922788,1.013104724,-12993.35752
0.003726924,0.007783262,1.03020494,-7806.141941
0.002739052,0.006623334,1.030918789,-13127.92881
0.001902651,0.005445688,1.0032815,-33820.05214
0.001217975,0.004250062,0.951637711,-73457.17709
0.000685233,0.003036887,0.862363812,-128058.4141
0.000304586,0.001837833,0.694859835,-179141.7352
7.62E-05,0.000722987,0.487623569,-228908.321
0,-1.93E-05,0.350921316,-260098.2587
0.985147863,0.004290412,0.259656533,-168161.9868
0.982962913,0.004615716,0.254514347,-169958.3612
0.980630848,0.004962192,0.249236753,-171722.8077
0.978152378,0.005329668,0.244018005,-173443.6773
0.975528258,0.005718126,0.238758082,-174744.6786
0.972759288,0.006127601,0.233345585,-176167.8003
0.96984631,0.006557871,0.227937509,-177432.3815
0.966790213,0.007008502,0.222498867,-178915.1497
0.963591927,0.007479026,0.217063712,-180166.2591
0.960252427,0.007969142,0.211726624,-181423.3944
0.956772729,0.008478669,0.206432565,-182776.9013
0.953153894,0.00900744,0.201173474,-183803.3073
0.949397023,0.009555236,0.195918726,-184846.5524
0.945503262,0.010121844,0.190689903,-186053.0836
0.941473796,0.010707033,0.185560664,-187185.8415
0.937309854,0.01131051,0.180393752,-188381.4131
0.933012702,0.01193193,0.17534674,-189362.2431
0.92858365,0.012570937,0.170338951,-190242.9241
0.924024048,0.013227203,0.165365547,-191567.6037
0.919335284,0.013900434,0.160561701,-192424.7912
0.914518786,0.014590295,0.155682342,-193432.5683
0.909576022,0.015296516,0.151015119,-194342.1744
0.904508497,0.016018863,0.146326514,-194919.065
0.899317755,0.016757067,0.141625742,-196218.7605
0.894005377,0.017510826,0.13706955,-197294.3296
0.888572981,0.018279797,0.132569932,-198248.9032
0.883022222,0.019063625,0.128147843,-198824.3167
0.87735479,0.019862009,0.12369608,-199668.4931
0.871572413,0.020674699,0.119286627,-200797.4501
0.865676851,0.021501426,0.114951365,-201408.0995
0.8596699,0.022341811,0.110613051,-202119.7729
0.853553391,0.023195369,0.10631788,-203131.4175
0.847329185,0.024061643,0.102128325,-203770.9054
0.84099918,0.0249403,0.097923965,-204629.9332
0.834565303,0.025831133,0.09376253,-205499.8111
0.828029514,0.026733923,0.089642711,-206236.4615
0.821393805,0.027648364,0.085558012,-207062.7806
0.814660196,0.028574079,0.081419639,-207833.7434
0.807830738,0.029510687,0.07732236,-208485.7161
0.800907512,0.030457804,0.073184326,-209381.2837
0.793892626,0.031415023,0.069052846,-210426.0943
0.786788218,0.032381935,0.064963765,-211130.8091
0.779596452,0.033358157,0.060878771,-211760.6794
0.772319518,0.034343294,0.056765963,-212488.6144
0.764959632,0.03533695,0.052628141,-213244.311
0.757519037,0.036338676,0.048489173,-213854.3477
0.75,0.037347988,0.044279228,-214646.1977
0.74240481,0.038364387,0.040060591,-215795.6398
0.734735781,0.039387389,0.035870857,-216578.0806
0.72699525,0.040416483,0.031650938,-216885.3652
0.719185573,0.041451175,0.027351775,-217537.194
0.711309131,0.042491026,0.023021494,-218742.0466
0.703368322,0.04353565,0.01868283,-219798.8833
0.695365564,0.044584606,0.014264662,-220423.3229
0.687303297,0.045637259,0.009754468,-221225.9299
0.679183975,0.046692821,0.005201099,-222203.7405
0.671010072,0.047750496,0.000681176,-222778.8496
0.662784077,0.048809669,-0.00397491,-223571.7504
0.654508497,0.049869775,-0.00868311,-224679.0247
0.646185852,0.050930223,-0.013394074,-225566.0999
0.637818678,0.05199031,-0.018183243,-226345.184
0.629409523,0.053049257,-0.023065745,-227378.3851
0.620960948,0.054106291,-0.028022735,-228560.0942
0.612475527,0.055160681,-0.033045386,-229512.4715
0.603955845,0.056211736,-0.038103283,-230161.2112
0.595404498,0.057258709,-0.043245386,-230925.7479
0.586824089,0.058300687,-0.048506461,-232010.8799
0.578217233,0.05933667,-0.053890141,-233399.6208
0.56958655,0.06036567,-0.059286864,-234710.2879
0.560934672,0.061386777,-0.064683068,-235716.0665
0.552264232,0.062399132,-0.070169215,-236704.0268
0.543577871,0.063401824,-0.075777666,-237928.7103
0.534878237,0.064393841,-0.081465523,-239077.1636
0.526167978,0.065374111,-0.087188125,-240045.2538
0.517449748,0.066341599,-0.092935659,-241127.2206
0.508726203,0.067295247,-0.098773462,-242475.8357
0.5,0.068234007,-0.104692053,-243839.4352
0.491273797,0.069156833,-0.110638907,-245038.724
0.482550252,0.070062634,-0.116625635,-246306.6026
0.473832022,0.070950308,-0.122665081,-247813.5471
0.465121763,0.071818758,-0.128726551,-249276.4956
0.456422129,0.072666806,-0.134820346,-250590.7324
0.447735768,0.073493289,-0.140948907,-251886.4325
0.439065328,0.074297052,-0.147113665,-253317.8092
0.43041345,0.075076952,-0.153299751,-254894.4944
0.421782767,0.075831876,-0.159460721,-256464.276
0.413175911,0.076560672,-0.165595897,-257890.6552
0.404595502,0.077262071,-0.171741585,-259326.7794
0.396044155,0.077934819,-0.177846924,-260819.8568
0.387524473,0.078577751,-0.183882607,-262317.8896
0.379039052,0.079189826,-0.189878941,-263902.1378
0.370590477,0.07977008,-0.195846418,-265643.6779
0.362181322,0.080317441,-0.201735796,-267320.1318
0.353814148,0.080830618,-0.207513792,-268752.3263
0.345491503,0.081308348,-0.213210245,-270294.1372
0.337215923,0.081749552,-0.21877595,-271966.0996
0.328989928,0.082153317,-0.224186191,-273580.0286
0.320816025,0.082518864,-0.229470061,-275128.3066
0.312696703,0.082845215,-0.234612009,-276689.6829
0.304634436,0.083131131,-0.239548578,-278283.8625
0.296631678,0.083375465,-0.244201652,-279889.5842
0.288690869,0.083577294,-0.248501946,-281389.5156
0.280814427,0.083735972,-0.25259021,-282737.135
0.27300475,0.083850957,-0.256547976,-284008.9312
0.265264219,0.083921447,-0.260274182,-285472.9958
0.25759519,0.083946417,-0.263708857,-287052.2035
0.25,0.083924943,-0.266748574,-288487.7997
0.242480963,0.083856341,-0.269327397,-289708.1635
0.235040368,0.083740112,-0.271509576,-290785.3495
0.227680482,0.083575895,-0.273293117,-291813.1933
0.220403548,0.083363149,-0.274550718,-292849.8556
0.213211782,0.083101208,-0.27525022,-293804.1732
0.206107374,0.082789595,-0.275461369,-294573.9897
0.199092488,0.08242795,-0.275139714,-295166.1334
0.192169262,0.082016054,-0.274248235,-295690.2444
0.185339804,0.081553829,-0.272814038,-296242.7949
0.178606195,0.081040959,-0.270734669,-296573.3988
0.171970486,0.080477069,-0.267964064,-296641.4495
0.165434697,0.079862,-0.264467081,-296615.9194
0.15900082,0.079195558,-0.260159784,-296289.7835
0.152670815,0.078477662,-0.254995041,-295693.1829
0.146446609,0.077708465,-0.24887786,-294896.6485
0.1403301,0.076888112,-0.241786548,-293846.8649
0.134323149,0.076016896,-0.233792194,-292617.8838
0.128427587,0.075095273,-0.224904458,-291036.177
0.12264521,0.074123142,-0.214957373,-289086.8924
0.116977778,0.073100415,-0.203819668,-286842.1191
0.111427019,0.072027353,-0.19141498,-284202.1035
0.105994623,0.070904199,-0.177614206,-281102.6877
0.100682245,0.069731486,-0.16246213,-277532.1655
0.095491503,0.068509928,-0.145974689,-273557.8443
0.090423978,0.067239828,-0.127952582,-269067.7232
0.085481214,0.065921692,-0.108397226,-264043.1182
0.080664716,0.064556248,-0.087244735,-258376.2826
0.075975952,0.063143694,-0.0643021,-252071.3115
0.07141635,0.061684575,-0.03949605,-245069.5556
0.066987298,0.060179638,-0.012830453,-237360.7548
0.062690146,0.058629093,0.015985583,-228851.1383
0.058526204,0.057033557,0.047001918,-219474.28
0.054496738,0.05539399,0.080205085,-209224.584
0.050602977,0.053710755,0.11580433,-198067.9898
0.046846106,0.051984818,0.153797028,-185972.6832
0.043227271,0.05021727,0.193966864,-172925.1918
0.039747573,0.048408088,0.236844638,-158795.0213
0.036408073,0.046557931,0.282216236,-143692.3854
0.033209787,0.044667803,0.33009734,-127640.9956
0.03015369,0.042738043,0.380612625,-110568.1217
0.027240712,0.040769796,0.433081432,-92760.25719
0.024471742,0.038764302,0.487640675,-74512.13865
0.021847622,0.036721465,0.544269851,-55829.62574
0.019369152,0.034641939,0.602231812,-37085.94552
0.017037087,0.032526834,0.660944372,-18460.01702
0.014852137,0.030376629,0.719506277,-264.3765787
0.012814968,0.028192408,0.777079266,16492.79017
0.0109262,0.025975658,0.832532081,30536.81279
0.009186408,0.023727271,0.884789472,40919.49075
0.007596123,0.021448099,0.932281928,46771.10603
0.00615583,0.019139871,0.973046556,47379.37845
0.004865966,0.016805608,1.006263798,42847.96623
0.003726924,0.014447689,1.030230242,31204.98497
0.002739052,0.012070261,1.043743951,65693.48826
0.001902651,0.009683891,1.041720284,-16836.94012
0.001217975,0.007302648,1.028154815,-113471.9909
0.000685233,0.004954887,1.006842342,-64980.63624
0.000304586,0.002724211,0.970865867,-82736.40697
7.62E-05,0.000847629,0.928946798,-102486.0821
0,-1.57E-06,0.908380501,-115096.6244
0.985147863,0.006949882,0.288331479,-131939.9346
0.982962913,0.007516285,0.282829135,-133772.3957
0.980630848,0.008119783,0.277174479,-135494.6449
0.978152378,0.008759985,0.271291213,-137166.8779
0.975528258,0.009436424,0.265222811,-138878.3314
0.972759288,0.010148589,0.258955536,-140477.2942
0.96984631,0.010896093,0.252536325,-142275.8765
0.966790213,0.011678549,0.24602725,-144003.8275
0.963591927,0.012495635,0.239350151,-145669.0511
0.960252427,0.013346863,0.232539911,-147296.5682
0.956772729,0.01423161,0.225558653,-149087.8703
0.953153894,0.015149234,0.218596105,-150901.2832
0.949397023,0.016099133,0.211574575,-152160.8557
0.945503262,0.017080753,0.204397254,-154060.224
0.941473796,0.018093532,0.197266127,-155629.8477
0.937309854,0.019136978,0.190075834,-157460.2101
0.933012702,0.020210694,0.182826595,-159166.9455
0.92858365,0.021314255,0.17556478,-160704.9314
0.924024048,0.022447028,0.168231585,-162234.7033
0.919335284,0.023608158,0.160850352,-163949.9157
0.914518786,0.024796733,0.153524201,-165379.8368
0.909576022,0.0260121,0.146188436,-166883.7878
0.904508497,0.027253837,0.138888289,-168392.4947
0.899317755,0.02852157,0.131564672,-170026.687
0.894005377,0.029814731,0.124224375,-171501.1241
0.888572981,0.031132563,0.116852714,-172628.6303
0.883022222,0.032474293,0.109451687,-174202.774
0.87735479,0.033839167,0.102092901,-175819.0869
0.871572413,0.035226508,0.094743352,-177235.8234
0.865676851,0.036635598,0.08744276,-178280.9097
0.8596699,0.038065804,0.080050482,-179840.2492
0.853553391,0.039516475,0.072737703,-181404.945
0.847329185,0.040986967,0.065446712,-182326.4795
0.84099918,0.042476646,0.058026753,-183542.0588
0.834565303,0.043984756,0.05065887,-185050.2104
0.828029514,0.0455106,0.043305118,-186200.6922
0.821393805,0.047053428,0.03584331,-187259.2562
0.814660196,0.048612486,0.028351994,-188630.6047
0.807830738,0.050187005,0.020923621,-189915.381
0.800907512,0.051776211,0.013437141,-191156.6521
0.793892626,0.053379302,0.005891945,-192623.6632
0.786788218,0.054995487,-0.001639372,-193829.7587
0.779596452,0.056624004,-0.009265738,-195025.8896
0.772319518,0.058264127,-0.016909452,-196521.7171
0.764959632,0.059915115,-0.024555465,-197705.6498
0.757519037,0.061576119,-0.032365266,-198624.5467
0.75,0.063246171,-0.040249718,-199805.5327
0.74240481,0.064924279,-0.048180281,-201314.1405
0.734735781,0.066609572,-0.056179621,-202884.5966
0.72699525,0.068301236,-0.06424594,-204342.8205
0.719185573,0.069998438,-0.072366062,-205488.7334
0.711309131,0.071700252,-0.080594569,-206487.001
0.703368322,0.073405652,-0.088979238,-207888.0409
0.695365564,0.075113592,-0.097472101,-209610.3855
0.687303297,0.076823009,-0.106042888,-211297.1664
0.679183975,0.078532833,-0.114694759,-212778.5563
0.671010072,0.080241992,-0.123476459,-214178.5144
0.662784077,0.08194939,-0.132415024,-215743.1622
0.654508497,0.083653899,-0.141450872,-217368.2484
0.646185852,0.085354394,-0.150614374,-218734.2845
0.637818678,0.087049645,-0.159955408,-220010.8456
0.629409523,0.088738297,-0.169458738,-221582.7012
0.620960948,0.090419053,-0.179077535,-223597.3704
0.612475527,0.092090683,-0.188798058,-225713.2242
0.603955845,0.093752015,-0.19866283,-227586.8585
0.595404498,0.095401805,-0.208714958,-229284.6725
0.586824089,0.097038577,-0.218936392,-230983.9898
0.578217233,0.098660708,-0.229297472,-232636.2789
0.56958655,0.100266582,-0.23984197,-234520.7034
0.560934672,0.101854723,-0.250554975,-236832.6973
0.552264232,0.103423746,-0.261354181,-239096.2514
0.543577871,0.104972225,-0.272237854,-240886.4538
0.534878237,0.106498624,-0.283323551,-242668.6231
0.526167978,0.108001386,-0.294643996,-244971.7831
0.517449748,0.109478918,-0.306139993,-247378.6758
0.508726203,0.110929409,-0.317736703,-249615.2814
0.5,0.112350994,-0.329408094,-251797.8288
0.491273797,0.113741935,-0.341173172,-254102.5122
0.482550252,0.115100667,-0.353052265,-256520.4996
0.473832022,0.116425766,-0.365061606,-258929.3706
0.465121763,0.117715651,-0.377231435,-261312.1414
0.456422129,0.118968442,-0.389529134,-263799.6912
0.447735768,0.120182149,-0.40189071,-266434.3154
0.439065328,0.121354889,-0.41428471,-269078.0604
0.43041345,0.12248488,-0.426696992,-271692.1418
0.421782767,0.123570419,-0.439112027,-274374.0626
0.413175911,0.124609832,-0.451518439,-277156.0395
0.404595502,0.125601486,-0.463914891,-279966.6108
0.396044155,0.126543794,-0.476300751,-282710.002
0.387524473,0.127435092,-0.488654042,-285348.8251
0.379039052,0.128273482,-0.500926683,-287943.4647
0.370590477,0.129057112,-0.513111459,-290759.4445
0.362181322,0.129784329,-0.525147734,-293706.7467
0.353814148,0.130453698,-0.536966618,-296457.4559
0.345491503,0.131063868,-0.548578299,-299044.3303
0.337215923,0.131613338,-0.559978088,-301828.5574
0.328989928,0.132100404,-0.571082571,-304593.2852
0.320816025,0.132523462,-0.58174547,-307140.4853
0.312696703,0.132881088,-0.591929222,-309596.1673
0.304634436,0.133172017,-0.60174275,-312130.2453
0.296631678,0.133395086,-0.611236671,-314653.0086
0.288690869,0.133549077,-0.620234166,-317040.3756
0.280814427,0.133632701,-0.628633884,-319221.0605
0.27300475,0.133644863,-0.636398343,-321232.8478
0.265264219,0.133584554,-0.643494172,-323158.5016
0.25759519,0.133450882,-0.649854354,-324949.1329
0.25,0.133243109,-0.655412925,-326444.7995
0.242480963,0.132960345,-0.660115683,-327676.9568
0.235040368,0.132601772,-0.663685816,-328772.9982
0.227680482,0.132166722,-0.666107533,-329597.0839
0.220403548,0.131654569,-0.667579503,-330027.8647
0.213211782,0.131064835,-0.668040073,-330152.0314
0.206107374,0.130397172,-0.667283765,-330108.0151
0.199092488,0.129651215,-0.665240741,-329854.1667
0.192169262,0.128826692,-0.661840685,-329161.4106
0.185339804,0.127923528,-0.656999492,-327866.3997
0.178606195,0.126941554,-0.65067967,-326103.6064
0.171970486,0.125880836,-0.642851027,-324053.6075
0.165434697,0.12474152,-0.633422701,-321549.5912
0.15900082,0.123523705,-0.622279757,-318419.0644
0.152670815,0.122227733,-0.609322395,-314602.9413
0.146446609,0.120853971,-0.594528249,-310218.3663
0.1403301,0.119402675,-0.5778318,-305382.7
0.134323149,0.11787432,-0.559148278,-299918.8046
0.128427587,0.116269494,-0.538412752,-293722.7987
0.12264521,0.114588741,-0.515567405,-286849.7861
0.116977778,0.112832919,-0.490627171,-279294.0275
0.111427019,0.111002795,-0.463539314,-270997.2737
0.105994623,0.109099015,-0.434221707,-261973.736
0.100682245,0.107122512,-0.402656707,-252250.1642
0.095491503,0.105074202,-0.368796194,-241771.1314
0.090423978,0.102954966,-0.332591928,-230474.0876
0.085481214,0.100766006,-0.294124018,-218460.4504
0.080664716,0.09850836,-0.253366718,-205743.8218
0.075975952,0.096182913,-0.210254861,-192258.4112
0.07141635,0.093790897,-0.16487222,-178087.6326
0.066987298,0.091333469,-0.117229318,-163237.466
0.062690146,0.088811763,-0.067391068,-147779.749
0.058526204,0.08622722,-0.015540883,-131828.8769
0.054496738,0.083581045,0.038278625,-115411.8094
0.050602977,0.080874287,0.093985397,-98613.69743
0.046846106,0.07810833,0.151353486,-81566.37497
0.043227271,0.075284434,0.210270603,-64402.11149
0.039747573,0.072403824,0.270365614,-47253.81563
0.036408073,0.069467987,0.331349184,-30330.20291
0.033209787,0.066478266,0.392984066,-13811.46414
0.03015369,0.06343594,0.454839735,2094.480257
0.027240712,0.060342417,0.51655816,17140.47423
0.024471742,0.057199219,0.577585081,31037.15288
0.021847622,0.054007789,0.637529576,43506.05742
0.019369152,0.050769549,0.695743692,54341.57772
0.017037087,0.047486401,0.751589562,63420.57678
0.014852137,0.044160198,0.804284427,70701.71148
0.012814968,0.040792557,0.853268987,75651.435
0.0109262,0.037386251,0.898053781,78067.52243
0.009186408,0.033944267,0.937763227,76388.78365
0.007596123,0.030469272,0.972095841,70177.80764
0.00615583,0.026966494,1.000370314,72070.52307
0.004865966,0.023442709,1.022660016,162071.648
0.003726924,0.019905742,1.037200439,103279.2998
0.002739052,0.016370612,1.044365505,37690.11816
0.001902651,0.012862131,1.043712643,-32610.55111
0.001217975,0.009420784,1.037075358,-100487.4344
0.000685233,0.006128908,1.02417059,-181002.1599
0.000304586,0.003162824,1.006863692,-107025.3612
7.62E-05,0.0009,0.990296242,-90112.39618
0,4.67E-09,0.982889848,-96421.75999
0.985147863,0.000822261,0.195320525,-204857.7212
0.982962913,0.000795484,0.196025642,-205330.1689
0.980630848,0.000768359,0.196810117,-205330.0265
0.978152378,0.000741226,0.197621973,-205655.2136
0.975528258,0.000714546,0.198575613,-205753.9429
0.972759288,0.00068883,0.199463778,-205931.4864
0.96984631,0.00066449,0.200407675,-205863.3932
0.966790213,0.000641894,0.201351184,-205767.6063
0.963591927,0.000621414,0.202304968,-205672.5317
0.960252427,0.000603461,0.203338645,-205491.3437
0.956772729,0.000588477,0.204320471,-205575.8186
0.953153894,0.000576916,0.205324565,-205501.9013
0.949397023,0.000569271,0.206389231,-205207.3703
0.945503262,0.000566063,0.207428289,-205016.6688
0.941473796,0.00056783,0.208497988,-204731.73
0.937309854,0.000575124,0.209473512,-204385.1906
0.933012702,0.000588511,0.210454837,-204320.0805
0.92858365,0.000608565,0.21145085,-204275.3014
0.924024048,0.000635833,0.21243532,-204003.6622
0.919335284,0.000670849,0.213348308,-203760.0868
0.914518786,0.000714153,0.214234618,-203780.4939
0.909576022,0.000766366,0.215168793,-203444.7604
0.904508497,0.000828151,0.215978222,-203137.16
0.899317755,0.000900188,0.216818949,-202991.3095
0.894005377,0.000983117,0.21756513,-202627.1959
0.888572981,0.001077573,0.218206447,-202565.5304
0.883022222,0.00118419,0.218825273,-202668.1338
0.87735479,0.001303622,0.219396663,-202430.2859
0.871572413,0.001436537,0.219891528,-201980.1524
0.865676851,0.001583595,0.2202558,-201893.0898
0.8596699,0.001745414,0.220526486,-201858.2524
0.853553391,0.001922586,0.220754731,-201867.5692
0.847329185,0.002115703,0.220899986,-201918.6016
0.84099918,0.002325418,0.220909151,-201688.7483
0.834565303,0.00255241,0.220849824,-201358.3768
0.828029514,0.002797361,0.22064672,-201411.3592
0.821393805,0.003060934,0.220319745,-201568.6003
0.814660196,0.003343789,0.219844741,-201656.7868
0.807830738,0.003646558,0.219234425,-201512.1975
0.800907512,0.003969772,0.218409241,-201410.7057
0.793892626,0.004313894,0.217436751,-201532.2975
0.786788218,0.004679389,0.216330018,-201605.891
0.779596452,0.005066833,0.215037363,-201560.4464
0.772319518,0.005476831,0.213553661,-201495.6433
0.764959632,0.005909952,0.211735902,-201722.4055
0.757519037,0.006366536,0.209689406,-202025.5926
0.75,0.006846841,0.207450832,-201981.985
0.74240481,0.007351231,0.204883756,-202061.4441
0.734735781,0.007880849,0.201903885,-202417.9487
0.72699525,0.008437107,0.198225512,-202881.7607
0.719185573,0.009020692,0.19377521,-203585.1277
0.711309131,0.009628789,0.188684058,-204362.9366
0.703368322,0.010257383,0.183064989,-205402.8574
0.695365564,0.010901978,0.1772021,-206598.566
0.687303297,0.011557063,0.171339132,-207850.6218
0.679183975,0.012216374,0.16595795,-209328.2283
0.671010072,0.012875256,0.161368027,-210616.6876
0.662784077,0.013533307,0.157368855,-211512.1682
0.654508497,0.014192087,0.153677303,-212250.9629
0.646185852,0.014852338,0.150126859,-212879.5756
0.637818678,0.015513717,0.146645491,-213483.5998
0.629409523,0.016175276,0.14328534,-214271.4253
0.620960948,0.016836262,0.140062036,-215203.1393
0.612475527,0.017496223,0.136963785,-216288.1987
0.603955845,0.018154823,0.13401638,-217230.3235
0.595404498,0.018811707,0.131166961,-217835.6745
0.586824089,0.019466457,0.128391954,-218457.8576
0.578217233,0.020118663,0.125682318,-219295.9023
0.56958655,0.02076789,0.123041888,-220108.0458
0.560934672,0.021413675,0.120446415,-220818.3269
0.552264232,0.022055555,0.117899246,-221552.662
0.543577871,0.022693026,0.11544258,-222198.0226
0.534878237,0.023325507,0.113005028,-222759.3081
0.526167978,0.023952401,0.110596786,-223472.2953
0.517449748,0.024573121,0.108299153,-224238.2411
0.508726203,0.025187096,0.10602113,-225140.3684
0.5,0.025793766,0.103783122,-226089.2933
0.491273797,0.026392583,0.101646733,-226813.3478
0.482550252,0.026983026,0.099563133,-227352.8393
0.473832022,0.027564586,0.097503965,-228010.927
0.465121763,0.028136729,0.095517862,-228769.4072
0.456422129,0.02869887,0.093589527,-229453.1598
0.447735768,0.029250417,0.091680021,-230205.7667
0.439065328,0.02979075,0.089820904,-231087.562
0.43041345,0.030319173,0.08804929,-231889.6241
0.421782767,0.030834975,0.086379625,-232530.3639
0.413175911,0.031337536,0.084796902,-233183.8136
0.404595502,0.031826355,0.083272304,-233966.4412
0.396044155,0.032300993,0.081804845,-234815.9885
0.387524473,0.032760945,0.080414933,-235653.0273
0.379039052,0.033205534,0.079134955,-236404.0036
0.370590477,0.033634072,0.077928677,-237199.8316
0.362181322,0.034045968,0.076826109,-238015.121
0.353814148,0.034440743,0.075864815,-238637.9866
0.345491503,0.034817997,0.074961276,-239295.4818
0.337215923,0.035177185,0.07411135,-240187.0236
0.328989928,0.035517537,0.073401589,-241051.613
0.320816025,0.035838232,0.072858931,-241781.4142
0.312696703,0.036138674,0.072507701,-242555.8194
0.304634436,0.036418585,0.072337689,-243322.8751
0.296631678,0.03667778,0.072251273,-244003.2641
0.288690869,0.036915927,0.072258652,-244715.8383
0.280814427,0.037132333,0.07242932,-245527.5403
0.27300475,0.037326327,0.072805579,-246407.4976
0.265264219,0.037497395,0.073441848,-247072.3851
0.25759519,0.037645272,0.074275677,-247518.6776
0.25,0.03776977,0.075241966,-248200.8234
0.242480963,0.037870592,0.076448377,-249031.0839
0.235040368,0.037947152,0.077882126,-249699.3683
0.227680482,0.037998916,0.079522478,-250292.9702
0.220403548,0.038025534,0.081443591,-250923.058
0.213211782,0.038026875,0.083661629,-251514.4427
0.206107374,0.038002925,0.086123649,-252051.27
0.199092488,0.037953519,0.088818152,-252536.3357
0.192169262,0.037878261,0.091837799,-253028.7619
0.185339804,0.03777682,0.095252098,-253526.1173
0.178606195,0.037648981,0.099029904,-253893.437
0.171970486,0.037494601,0.103117542,-254297.8096
0.165434697,0.037313677,0.107598085,-254665.1023
0.15900082,0.03710616,0.112467723,-254886.961
0.152670815,0.036871879,0.117736599,-255069.8999
0.146446609,0.036610803,0.123419341,-255201.1062
0.1403301,0.036322916,0.129549525,-255282.3999
0.134323149,0.036008128,0.136223589,-255308.0855
0.128427587,0.035666535,0.143409584,-255161.6396
0.12264521,0.035298185,0.151113162,-254971.3801
0.116977778,0.034902971,0.159432362,-254733.4353
0.111427019,0.034481008,0.16838502,-254358.1916
0.105994623,0.034032427,0.177989795,-253809.7415
0.100682245,0.033557284,0.18831456,-253126.2299
0.095491503,0.033055902,0.19934854,-252325.7872
0.090423978,0.032528456,0.211137422,-251306.5966
0.085481214,0.031974876,0.223797644,-250156.7278
0.080664716,0.03139543,0.237356213,-248804.7769
0.075975952,0.03079035,0.251890386,-247177.8211
0.07141635,0.03015975,0.267488579,-245272.5287
0.066987298,0.029504151,0.284108939,-243128.7375
0.062690146,0.02882376,0.301854589,-240677.3422
0.058526204,0.028118352,0.320957923,-237803.6717
0.054496738,0.027388282,0.341469932,-234498.7956
0.050602977,0.026633864,0.363473931,-230734.7123
0.046846106,0.025855278,0.387137334,-226418.7996
0.043227271,0.02505342,0.412417026,-221550.1539
0.039747573,0.024228523,0.439251401,-216009.4651
0.036408073,0.023380112,0.468390652,-209511.5551
0.033209787,0.022508791,0.499425757,-202067.5178
0.03015369,0.021614815,0.53274866,-193648.241
0.027240712,0.02069806,0.568686577,-184752.4917
0.024471742,0.01975983,0.6066647,-176221.2155
0.021847622,0.018800292,0.647051279,-166544.8812
0.019369152,0.017818593,0.690294534,-153298.1713
0.017037087,0.016816027,0.735566082,-136135.678
0.014852137,0.015792748,0.782671962,-114753.6534
0.012814968,0.014747943,0.831291346,-89837.66047
0.0109262,0.013683806,0.879462534,-66841.75758
0.009186408,0.01260037,0.92772384,-52247.87852
0.007596123,0.01149569,0.973079267,-35291.51844
0.00615583,0.010372124,1.011054788,-20855.8612
0.004865966,0.009230115,1.028686738,-10468.12377
0.003726924,0.008067321,1.034377856,-9200.264879
0.002739052,0.006886155,1.015735634,-20566.41077
0.001902651,0.005689717,0.968565401,-47558.23159
0.001217975,0.00447699,0.897549658,-92955.63336
0.000685233,0.003244672,0.769755155,-151843.4091
0.000304586,0.001998129,0.543836856,-208444.7328
7.62E-05,0.00079045,0.293905412,-265014.4253
0,2.53E-05,0.129820789,-295806.923
0.985147863,0.003497546,0.265605696,-175608.0867
0.982962913,0.003713313,0.26298789,-176571.7035
0.980630848,0.003944741,0.260448059,-177544.3185
0.978152378,0.004192016,0.257824105,-178109.0804
0.975528258,0.004455294,0.255253166,-178973.8742
0.972759288,0.004734746,0.252666507,-179727.1715
0.96984631,0.005030521,0.250096869,-180463.5188
0.966790213,0.005342726,0.24758398,-181180.1359
0.963591927,0.005671465,0.245063342,-181807.362
0.960252427,0.006016901,0.242579678,-182404.2882
0.956772729,0.006379257,0.24019287,-182907.3622
0.953153894,0.006758752,0.237720155,-183327.1442
0.949397023,0.007155665,0.235361842,-183871.5575
0.945503262,0.007570335,0.232973802,-184434.7722
0.941473796,0.008003097,0.230579464,-184897.0571
0.937309854,0.008454213,0.228216303,-185179.0568
0.933012702,0.008923846,0.225800558,-185600.905
0.92858365,0.00941215,0.223401244,-185984.3445
0.924024048,0.009919379,0.220999335,-186602.7109
0.919335284,0.010445864,0.21869983,-186872.3576
0.914518786,0.010991966,0.216341176,-187068.1193
0.909576022,0.011558009,0.213877822,-187537.6293
0.904508497,0.012144311,0.211449078,-187878.248
0.899317755,0.012751181,0.208988149,-188234.044
0.894005377,0.013378913,0.206526338,-188431.1064
0.888572981,0.014027781,0.203945595,-188621.123
0.883022222,0.014698048,0.201396454,-189111.3133
0.87735479,0.015389995,0.19875228,-189348.03
0.871572413,0.016103887,0.196034782,-189662.0702
0.865676851,0.016839998,0.193254708,-190144.0587
0.8596699,0.017598637,0.190449043,-190527.6089
0.853553391,0.018380149,0.187594774,-190730.6769
0.847329185,0.019184884,0.184657203,-190732.43
0.84099918,0.020013174,0.181536083,-191027.4393
0.834565303,0.020865352,0.178291525,-191703.9591
0.828029514,0.02174176,0.174954038,-192015.9495
0.821393805,0.022642596,0.171449645,-192147.31
0.814660196,0.023568005,0.167807127,-192575.3503
0.807830738,0.024518096,0.164032887,-192894.0274
0.800907512,0.025493102,0.160100056,-192940.0641
0.793892626,0.026493316,0.155926248,-193195.0032
0.786788218,0.027519007,0.151525835,-193826.467
0.779596452,0.028570361,0.146897922,-194512.2063
0.772319518,0.029647518,0.1420535,-194866.0009
0.764959632,0.030750539,0.136860494,-195084.1455
0.757519037,0.031879245,0.131288308,-195673.1397
0.75,0.033033221,0.125535564,-196148.2516
0.74240481,0.03421244,0.119474895,-196230.5303
0.734735781,0.035418156,0.112719008,-196843.5023
0.72699525,0.036652856,0.104933123,-198068.5292
0.719185573,0.03791691,0.095967239,-199332.855
0.711309131,0.039204262,0.086121956,-200770.5167
0.703368322,0.040505183,0.076105232,-202535.7202
0.695365564,0.041811295,0.066399196,-204653.1601
0.687303297,0.04311858,0.057208035,-206832.8366
0.679183975,0.044424451,0.048637746,-208405.5047
0.671010072,0.04572669,0.040569576,-209559.2334
0.662784077,0.047024966,0.032811017,-210942.4217
0.654508497,0.048319505,0.025224838,-212623.1841
0.646185852,0.04961023,0.017803028,-214189.3819
0.637818678,0.050896356,0.010498259,-215557.6033
0.629409523,0.052176816,0.003239246,-216960.5948
0.620960948,0.053450588,-0.003991042,-218463.6525
0.612475527,0.054716629,-0.011157236,-219953.0033
0.603955845,0.055973929,-0.018213193,-221387.1895
0.595404498,0.057221498,-0.025192509,-222755.521
0.586824089,0.058458499,-0.032136469,-224102.4043
0.578217233,0.05968412,-0.039047703,-225351.7231
0.56958655,0.060897448,-0.046009051,-226719.0984
0.560934672,0.062097372,-0.052955776,-228332.93
0.552264232,0.063282687,-0.059797028,-229953.3469
0.543577871,0.064452292,-0.06661049,-231447.6042
0.534878237,0.065605255,-0.073446105,-233035.3535
0.526167978,0.066740722,-0.080244988,-234515.7599
0.517449748,0.067857707,-0.087060929,-235874.4923
0.508726203,0.068954939,-0.093892093,-237368.5231
0.5,0.070031062,-0.10067169,-239002.9818
0.491273797,0.071084887,-0.107381129,-240640.0019
0.482550252,0.072115415,-0.114056182,-242279.9077
0.473832022,0.073121703,-0.120689014,-243859.866
0.465121763,0.074102754,-0.127269611,-245314.7999
0.456422129,0.075057424,-0.133861179,-246856.5177
0.447735768,0.075984558,-0.140447141,-248603.0728
0.439065328,0.076882989,-0.146949375,-250304.9371
0.43041345,0.077751537,-0.15336383,-251816.7183
0.421782767,0.078589055,-0.159741514,-253434.8318
0.413175911,0.079394403,-0.166028593,-255264.9721
0.404595502,0.080166473,-0.172195108,-257014.6276
0.396044155,0.080904205,-0.178253685,-258536.0112
0.387524473,0.081606541,-0.184215676,-260029.4291
0.379039052,0.0822724,-0.190062745,-261751.6151
0.370590477,0.082900745,-0.195758397,-263645.8077
0.362181322,0.083490576,-0.201290633,-265412.9885
0.353814148,0.084040851,-0.206679796,-266975.6565
0.345491503,0.084550624,-0.211896468,-268522.1157
0.337215923,0.085018974,-0.216921694,-270108.4868
0.328989928,0.085445007,-0.22174299,-271679.3263
0.320816025,0.085827927,-0.226372279,-273275.5915
0.312696703,0.086166831,-0.230778604,-274916.2509
0.304634436,0.086460692,-0.234859174,-276474.38
0.296631678,0.086708592,-0.238562144,-277899.8656
0.288690869,0.086909734,-0.241961009,-279352.294
0.280814427,0.087063447,-0.245097697,-280844.1184
0.27300475,0.087169201,-0.247887992,-282140.8078
0.265264219,0.087226406,-0.250338862,-283362.3682
0.25759519,0.087234435,-0.252449597,-284609.5787
0.25,0.087192784,-0.254152025,-285799.7845
0.242480963,0.087100864,-0.255415519,-286889.7573
0.235040368,0.086958036,-0.256196487,-287812.3422
0.227680482,0.086763804,-0.256319718,-288615.4371
0.220403548,0.086517855,-0.255778898,-289414.1324
0.213211782,0.086220024,-0.254781796,-290104.4837
0.206107374,0.085870298,-0.253330725,-290620.2259
0.199092488,0.08546838,-0.251294494,-291068.4784
0.192169262,0.085013761,-0.248570363,-291406.2131
0.185339804,0.084506149,-0.245069774,-291438.7724
0.178606195,0.083945505,-0.240804398,-291237.4957
0.171970486,0.083332032,-0.235826121,-291019.3113
0.165434697,0.082666096,-0.230152141,-290658.1676
0.15900082,0.081947682,-0.22367577,-289990.4642
0.152670815,0.081176586,-0.216259706,-289014.6037
0.146446609,0.080352874,-0.207837776,-287698.5179
0.1403301,0.07947677,-0.198383917,-286136.6728
0.134323149,0.078548673,-0.187920612,-284433.3724
0.128427587,0.077569202,-0.176472915,-282416.0907
0.12264521,0.076538568,-0.163916766,-280004.7606
0.116977778,0.075456839,-0.150149133,-277249.6716
0.111427019,0.074324457,-0.135098055,-274110.7409
0.105994623,0.073141879,-0.118670805,-270475.5098
0.100682245,0.071909753,-0.100883002,-266393.7493
0.095491503,0.07062902,-0.081801512,-261895.3857
0.090423978,0.069300055,-0.061280315,-256937.534
0.085481214,0.067923191,-0.03914819,-251398.7409
0.080664716,0.066499155,-0.01540136,-245209.6076
0.075975952,0.065028421,0.010098983,-238480.8737
0.07141635,0.063511564,0.037464061,-231025.1552
0.066987298,0.06194966,0.066589737,-222920.733
0.062690146,0.060343192,0.097685661,-214103.5087
0.058526204,0.058692792,0.130852687,-204460.0605
0.054496738,0.056999614,0.165956267,-194091.9237
0.050602977,0.055264154,0.203233267,-182849.1756
0.046846106,0.053487098,0.242718128,-170730.4582
0.043227271,0.051669729,0.284194895,-157800.2719
0.039747573,0.049812355,0.327934954,-143964.5823
0.036408073,0.0479155,0.37385501,-129302.8431
0.033209787,0.045980426,0.421892654,-113856.7722
0.03015369,0.044007546,0.471638553,-97557.06334
0.027240712,0.041997632,0.523436835,-80750.22584
0.024471742,0.039952168,0.576610032,-63715.92019
0.021847622,0.037871326,0.630890841,-46768.62528
0.019369152,0.035755445,0.685862461,-30102.38797
0.017037087,0.033605726,0.74047981,-13607.30859
0.014852137,0.031422698,0.794069179,2289.443512
0.012814968,0.029207055,0.845865114,16242.75369
0.0109262,0.02696017,0.894504063,26766.92885
0.009186408,0.024683084,0.939121954,32731.1639
0.007596123,0.022376562,0.978076529,34046.53104
0.00615583,0.020041612,1.009295029,26847.94622
0.004865966,0.017680375,1.032289868,86994.5442
0.003726924,0.015294301,1.04337359,32269.60666
0.002739052,0.012884237,1.041003077,-45088.88514
0.001902651,0.010456897,1.028057202,-135444.2849
0.001217975,0.008021682,1.002167046,-68943.28646
0.000685233,0.005592642,0.96227877,-95547.50966
0.000304586,0.003221795,0.908207904,-124958.1171
7.62E-05,0.00108982,0.848407039,-153899.3419
0,4.36E-07,0.814779332,-169544.6459
0.985147863,0.006098761,0.288455031,-147931.5693
0.982962913,0.006551469,0.285008404,-149171.9886
0.980630848,0.007035259,0.28150121,-150132.8502
0.978152378,0.007550135,0.277873901,-151201.7489
0.975528258,0.008096154,0.274184984,-152226.2361
0.972759288,0.008673397,0.270422138,-153098.0357
0.96984631,0.009281877,0.266475791,-154136.9093
0.966790213,0.009921506,0.262517581,-154957.867
0.963591927,0.010592131,0.258444936,-155874.7899
0.960252427,0.01129372,0.254373053,-156796.2688
0.956772729,0.012026385,0.250235343,-157695.9909
0.953153894,0.012790271,0.245994354,-158504.1042
0.949397023,0.013585444,0.241744478,-159029.7448
0.945503262,0.014411798,0.237317191,-160020.9159
0.941473796,0.015269233,0.232920205,-161046.3157
0.937309854,0.016157622,0.228493441,-161761.6069
0.933012702,0.017077003,0.224002172,-162378.4094
0.92858365,0.018027356,0.219476555,-163087.8698
0.924024048,0.019008733,0.214856168,-164087.4626
0.919335284,0.020021309,0.210267429,-164877.2221
0.914518786,0.02106524,0.205546379,-165315.1541
0.909576022,0.022140601,0.200755169,-166049.8659
0.904508497,0.023247295,0.195852357,-166635.5585
0.899317755,0.024385219,0.190899505,-167531.912
0.894005377,0.025554285,0.18592767,-168151.5609
0.888572981,0.026754524,0.180835155,-168776.6617
0.883022222,0.027985963,0.175683599,-169479.2629
0.87735479,0.02924863,0.170444447,-170076.2046
0.871572413,0.030542516,0.165109659,-170597.4284
0.865676851,0.031867629,0.15961248,-171523.8739
0.8596699,0.033224001,0.15409078,-172206.7147
0.853553391,0.034611644,0.148395787,-172709.5692
0.847329185,0.036030606,0.142550501,-173448.4008
0.84099918,0.037480833,0.136572779,-173999.2168
0.834565303,0.03896215,0.130396153,-174478.88
0.828029514,0.040474383,0.1240844,-174987.9847
0.821393805,0.042017364,0.117572163,-175671.2518
0.814660196,0.043590994,0.110924412,-176292.8032
0.807830738,0.045195176,0.10403457,-176838.7426
0.800907512,0.046829806,0.096875015,-177460.7031
0.793892626,0.048494819,0.089422125,-178235.3538
0.786788218,0.050190151,0.081712226,-178839.9319
0.779596452,0.051915706,0.073635424,-179392.9796
0.772319518,0.053671326,0.065149872,-180305.2699
0.764959632,0.055456801,0.056275049,-181126.7662
0.757519037,0.057271188,0.046899174,-181813.5137
0.75,0.059113042,0.037192333,-182529.9927
0.74240481,0.06098115,0.027093279,-183303.2067
0.734735781,0.062877738,0.016197337,-184551.7929
0.72699525,0.064806952,0.003724707,-186142.9484
0.719185573,0.066770385,-0.010847757,-188072.0814
0.711309131,0.068756073,-0.026604137,-190734.7498
0.703368322,0.070744779,-0.041889065,-193716.4915
0.695365564,0.072722217,-0.055726101,-196394.1395
0.687303297,0.074686302,-0.068313912,-198793.715
0.679183975,0.076641358,-0.080308186,-201060.6404
0.671010072,0.078589683,-0.092098825,-203205.6469
0.662784077,0.080531346,-0.103842117,-205330.2096
0.654508497,0.082465255,-0.115606955,-207403.7906
0.646185852,0.084390427,-0.127420087,-209539.8214
0.637818678,0.086305478,-0.139320728,-211946.6224
0.629409523,0.088208936,-0.151216584,-214180.9742
0.620960948,0.09009933,-0.163111132,-216199.9366
0.612475527,0.091975115,-0.175057491,-218280.1165
0.603955845,0.093834723,-0.187064871,-220477.2646
0.595404498,0.09567667,-0.199107556,-222740.2763
0.586824089,0.097499579,-0.211176694,-225173.2515
0.578217233,0.099302111,-0.223341131,-227658.6985
0.56958655,0.101082836,-0.235570318,-229992.7811
0.560934672,0.10284008,-0.247846869,-232135.1875
0.552264232,0.104572091,-0.260209817,-234352.9998
0.543577871,0.106277225,-0.272654758,-236813.791
0.534878237,0.107953979,-0.285136843,-239332.5406
0.526167978,0.109600886,-0.297736673,-241912.4467
0.517449748,0.111216379,-0.310416883,-244599.0134
0.508726203,0.112798628,-0.323100526,-247096.0596
0.5,0.114345746,-0.335797379,-249394.7778
0.491273797,0.115856033,-0.348559218,-251877.2818
0.482550252,0.117328019,-0.361375718,-254706.7337
0.473832022,0.118760309,-0.374243481,-257692.6712
0.465121763,0.120151287,-0.387165781,-260580.4362
0.456422129,0.121499082,-0.400116272,-263349.256
0.447735768,0.122801787,-0.41304101,-266113.5326
0.439065328,0.124057645,-0.425909761,-268905.9353
0.43041345,0.125265037,-0.438752172,-271679.4213
0.421782767,0.126422467,-0.451552691,-274475.5102
0.413175911,0.127528319,-0.464271255,-277297.9607
0.404595502,0.128580894,-0.476903346,-280231.0831
0.396044155,0.129578539,-0.489431157,-283267.705
0.387524473,0.130519687,-0.501774895,-286140.2339
0.379039052,0.131402806,-0.513968778,-288989.8878
0.370590477,0.132226495,-0.526037214,-292016.2571
0.362181322,0.132989249,-0.537912343,-295024.2139
0.353814148,0.133689491,-0.549504598,-297761.6556
0.345491503,0.13432575,-0.560774002,-300378.6631
0.337215923,0.134896674,-0.571679168,-303120.6544
0.328989928,0.135400974,-0.582191177,-305850.2607
0.320816025,0.13583751,-0.592237744,-308521.916
0.312696703,0.136205033,-0.601786676,-311149.5931
0.304634436,0.13650223,-0.610898049,-313652.7058
0.296631678,0.136727975,-0.619594908,-315978.0109
0.288690869,0.136881189,-0.627696406,-318242.2992
0.280814427,0.136960932,-0.635140902,-320283.964
0.27300475,0.136966361,-0.641937144,-322189.3833
0.265264219,0.1368966,-0.648010638,-324080.1123
0.25759519,0.136750782,-0.653245313,-325798.7411
0.25,0.136528178,-0.657595066,-327136.4412
0.242480963,0.136228187,-0.660979229,-328189.0731
0.235040368,0.135850293,-0.663164516,-329042.8311
0.227680482,0.135394137,-0.664302721,-329627.4509
0.220403548,0.134859122,-0.664518424,-329951.1322
0.213211782,0.134244665,-0.663568994,-330051.9888
0.206107374,0.133550449,-0.661234433,-329761.0518
0.199092488,0.132776366,-0.65754266,-328919.9492
0.192169262,0.13192256,-0.652540817,-327736.1721
0.185339804,0.130989307,-0.646227088,-326385.7003
0.178606195,0.12997652,-0.638444216,-324577.5464
0.171970486,0.128884138,-0.629136399,-322178.6827
0.165434697,0.127712324,-0.618226303,-319258.7054
0.15900082,0.126461193,-0.605516485,-315726.6374
0.152670815,0.125131077,-0.590946808,-311657.7901
0.146446609,0.123722492,-0.574491171,-307090.3806
0.1403301,0.122236002,-0.556116239,-301918.3492
0.134323149,0.120672404,-0.535888663,-296144.803
0.128427587,0.119032525,-0.513772876,-289732.7578
0.12264521,0.11731683,-0.489634672,-282641.8977
0.116977778,0.11552586,-0.4633708,-274814.9906
0.111427019,0.113660428,-0.434938696,-266274.4154
0.105994623,0.111721412,-0.40431561,-257092.8362
0.100682245,0.109709927,-0.371549758,-247218.7371
0.095491503,0.107627179,-0.336651859,-236591.5891
0.090423978,0.105473903,-0.299541173,-225212.3871
0.085481214,0.103251065,-0.260185522,-213137.3653
0.080664716,0.100959814,-0.218578194,-200333.3761
0.075975952,0.098601189,-0.174728873,-186814.8988
0.07141635,0.096176503,-0.128751124,-172692.8556
0.066987298,0.093687161,-0.080718594,-158002.9559
0.062690146,0.091134171,-0.030614925,-142685.2471
0.058526204,0.088518832,0.021415787,-126882.0882
0.054496738,0.085842499,0.075261578,-110697.491
0.050602977,0.083106312,0.130834363,-94174.45635
0.046846106,0.080311649,0.187916798,-77446.98778
0.043227271,0.077459922,0.246305019,-60649.96562
0.039747573,0.074552292,0.30568415,-43929.498
0.036408073,0.071590079,0.365861076,-27445.87331
0.033209787,0.068574679,0.426461987,-11421.30953
0.03015369,0.065507324,0.487165352,3957.720654
0.027240712,0.062389294,0.547521301,18419.45092
0.024471742,0.059222001,0.60713191,31680.1005
0.021847622,0.05600687,0.665448169,43541.26601
0.019369152,0.052745176,0.721804926,53888.17103
0.017037087,0.049438327,0.775582982,62688.73836
0.014852137,0.046087921,0.826036733,69506.21248
0.012814968,0.042695046,0.872857705,74098.26015
0.0109262,0.039261239,0.915088638,74885.65418
0.009186408,0.035789177,0.95240358,71032.14258
0.007596123,0.032280834,0.984257928,63439.03512
0.00615583,0.028738858,1.010560581,188007.1824
0.004865966,0.025168141,1.028853646,130737.3974
0.003726924,0.021573319,1.040113596,67810.75284
0.002739052,0.017961757,1.041604958,4487.204502
0.001902651,0.014349087,1.038526809,-74678.88226
0.001217975,0.010760086,1.027004637,-148946.2689
0.000685233,0.0072458,1.008956554,-207729.4582
0.000304586,0.003938275,0.984955376,-92335.33021
7.62E-05,0.001203436,0.960515067,-111080.9342
0,-2.38E-07,0.948303173,-119169.1963
0.985147863,0.001073127,0.177795888,-205418.3306
0.982962913,0.001078201,0.176574645,-206472.5046
0.980630848,0.001083889,0.175364583,-207182.3235
0.978152378,0.001090165,0.174257915,-207895.3375
0.975528258,0.001096911,0.173205114,-208476.9688
0.972759288,0.001103993,0.172313687,-208927.7135
0.96984631,0.001111479,0.171459825,-209549.5822
0.966790213,0.00111957,0.17076392,-210043.2187
0.963591927,0.001128493,0.170089561,-210125.2225
0.960252427,0.001138312,0.16938487,-210612.0316
0.956772729,0.001149001,0.168898943,-210504.267
0.953153894,0.001160525,0.168266077,-210902.9825
0.949397023,0.001172935,0.167839083,-211428.496
0.945503262,0.001186331,0.167455868,-211313.5091
0.941473796,0.001200819,0.167137598,-211443.6343
0.937309854,0.00121649,1.67E-01,-211563.6174
0.933012702,0.001233427,0.166570896,-212169.6706
0.92858365,0.00125171,0.166433647,-212136.3698
0.924024048,0.001271364,0.166293626,-211869.6698
0.919335284,0.001292378,0.166128093,-211999.3691
0.914518786,0.001314746,0.166113844,-212384.2983
0.909576022,0.001338588,0.166174669,-212481.9615
0.904508497,0.001364104,0.166284645,-212328.1248
0.899317755,0.0013915,0.166420968,-212334.277
0.894005377,0.001420912,0.166517838,-212691.1517
0.888572981,0.001452436,0.166665756,-212977.6342
0.883022222,0.001486167,0.166875111,-212874.8611
0.87735479,0.00152218,0.167109631,-212644.0148
0.871572413,0.001560537,0.167297334,-212851.6551
0.865676851,0.001601299,0.167579646,-213107.9811
0.8596699,0.001644556,0.167912138,-213087.9012
0.853553391,0.001690409,0.168185503,-213501.6155
0.847329185,0.001738971,0.168558978,-213766.7395
0.84099918,0.001790409,0.168994852,-213495.019
0.834565303,0.001844926,0.169369632,-213350.6825
0.828029514,0.001902723,0.169721795,-213338.6223
0.821393805,0.001963839,0.170063767,-213683.6714
0.814660196,0.002028224,0.170482526,-213901.3267
0.807830738,0.002095841,0.170940522,-213893.3772
0.800907512,0.002166818,0.171406287,-213989.2065
0.793892626,0.002241395,0.17181962,-214236.6524
0.786788218,0.002319801,0.172274807,-214250.8038
0.779596452,0.002402118,0.172695503,-214237.1193
0.772319518,0.002488337,0.173127772,-214506.5015
0.764959632,0.002578445,0.173619013,-214536.723
0.757519037,0.002672455,0.174006165,-214489.6704
0.75,0.002770392,0.174391486,-214705.2944
0.74240481,0.002872281,0.174859915,-214841.0917
0.734735781,0.002978243,0.175340028,-214913.3768
0.72699525,0.003088443,0.17581142,-214943.7051
0.719185573,0.003203027,0.176213975,-214908.4085
0.711309131,0.003321889,0.176579477,-214950.9246
0.703368322,0.003444781,0.176955429,-215159.4406
0.695365564,0.003571476,0.177335816,-215563.4612
0.687303297,0.003702003,0.177755932,-215923.383
0.679183975,0.003836553,0.178206329,-215948.8533
0.671010072,0.003975264,0.178603918,-215788.1697
0.662784077,0.004118056,0.178944689,-215793.0253
0.654508497,0.004264674,0.179281977,-215993.4438
0.646185852,0.004414895,0.179605545,-216291.0752
0.637818678,0.004568565,0.1799204,-216668.2801
0.629409523,0.004725594,0.180272754,-216873.6501
0.620960948,0.00488587,0.180609211,-216986.7837
0.612475527,0.005049179,0.180945744,-217132.1253
0.603955845,0.005215253,0.18130727,-217156.3072
0.595404498,0.00538383,0.181644674,-217312.4237
0.586824089,0.00555472,0.181951843,-217718.7788
0.578217233,0.00572779,0.182268189,-218117.7078
0.56958655,0.005902842,0.18261153,-218241.5747
0.560934672,0.006079503,0.182960202,-218132.072
0.552264232,0.006257261,0.183289526,-218183.3783
0.543577871,0.00643565,0.18367634,-218601.5006
0.534878237,0.00661446,0.184108127,-219139.0123
0.526167978,0.006793607,0.18454055,-219539.7796
0.517449748,0.006972915,0.184991129,-219745.0929
0.508726203,0.007151886,0.185451358,-219950.8635
0.5,0.007329789,0.185932241,-220231.3028
0.491273797,0.007505989,0.186507363,-220424.9733
0.482550252,0.007680085,0.187150933,-220643.9671
0.473832022,0.007851815,0.187836711,-220993.1775
0.465121763,0.008020886,0.188575871,-221381.2563
0.456422129,0.008186862,0.189402158,-221679.1317
0.447735768,0.008349262,0.190292426,-221885.8701
0.439065328,0.008507556,0.191232929,-222150.9662
0.43041345,0.008661085,0.192270863,-222555.2312
0.421782767,0.008809103,0.193459329,-222957.771
0.413175911,0.008950958,0.194830264,-223233.6542
0.404595502,0.009086293,0.196372563,-223476.9958
0.396044155,0.009214888,0.198033529,-223777.5905
0.387524473,0.009336382,0.19982446,-224070.4887
0.379039052,0.009449905,0.201813218,-224345.6253
0.370590477,0.009554306,0.204119608,-224556.0098
0.362181322,0.009648894,0.206809845,-224695.9032
0.353814148,0.009733825,0.209799954,-224934.3782
0.345491503,0.009809847,0.212974603,-225308.4869
0.337215923,0.009876709,0.216395488,-225594.6074
0.328989928,0.009931013,0.220516709,-225657.9537
0.320816025,0.009968422,0.22626328,-225177.0144
0.312696703,0.009987693,0.233832632,-224113.7187
0.304634436,0.009999528,0.242274297,-222845.4676
0.296631678,0.010017517,0.250589198,-221473.78
0.288690869,0.010052953,0.258037762,-220190.9241
0.280814427,0.010111778,0.264208439,-219277.6346
0.27300475,0.010198315,0.268877578,-218737.4212
0.265264219,0.01031434,0.272129287,-218403.1542
0.25759519,0.01045729,0.27438462,-218188.8089
0.25,0.010623448,0.276013672,-218150.5087
0.242480963,0.010810223,0.277236537,-218273.4518
0.235040368,0.011016091,0.278090574,-218480.8203
0.227680482,0.011239788,0.278521678,-218842.1523
0.220403548,0.011479493,0.278541186,-219295.0922
0.213211782,0.011732921,0.278226892,-219705.184
0.206107374,0.011997825,0.277679659,-220189.0292
0.199092488,0.01227218,0.276934709,-220895.0446
0.192169262,0.012554135,0.276010337,-221683.1323
0.185339804,0.012841905,0.274909996,-222361.5333
0.178606195,0.013133496,0.273630329,-223153.5183
0.171970486,0.013426844,0.272227773,-224116.47
0.165434697,0.013720002,0.270727656,-225111.7741
0.15900082,0.014011023,0.269177303,-226041.1066
0.152670815,0.014298044,0.267568548,-227125.6455
0.146446609,0.014579272,0.26591649,-228418.3879
0.1403301,0.014852652,0.264283263,-229643.4177
0.134323149,0.015116219,0.262699459,-230829.0535
0.128427587,0.015368181,0.261203901,-232076.535
0.12264521,0.015606796,0.259813284,-233428.6305
0.116977778,0.015830544,0.258522427,-234835.537
0.111427019,0.016037816,0.257322772,-236289.9467
0.105994623,0.016226619,0.256329602,-237794.0652
0.100682245,0.016395224,0.255581398,-239395.4126
0.095491503,0.016541972,0.255135426,-240923.7291
0.090423978,0.016665152,0.255084923,-242388.9817
0.085481214,0.016763417,0.255422976,-243917.825
0.080664716,0.016835307,0.256311817,-245443.3181
0.075975952,0.016879212,0.257688609,-246989.668
0.07141635,0.016893989,0.259613773,-248457.2684
0.066987298,0.016878248,0.262211334,-249830.4497
0.062690146,0.016830532,0.265671722,-251155.9383
0.058526204,0.01674995,0.270062678,-252353.6602
0.054496738,0.016635046,0.275435249,-253404.4925
0.050602977,0.016484331,0.282129989,-254250.1574
0.046846106,0.016297078,0.290070062,-254820.2685
0.043227271,0.016071943,0.299628712,-254920.0499
0.039747573,0.015807828,0.311180165,-254563.3781
0.036408073,0.015504538,0.324509652,-253727.4744
0.033209787,0.015160548,0.340290763,-252083.9924
0.03015369,0.01477478,0.358949163,-249404.1716
0.027240712,0.014347374,0.380458031,-245625.3661
0.024471742,0.013876922,0.405346182,-241041.472
0.021847622,0.013362959,0.434791657,-236450.1782
0.019369152,0.012806418,0.467290385,-231535.1192
0.017037087,0.012205263,0.505359646,-222504.2134
0.014852137,0.011558914,0.549375603,-206903.1246
0.012814968,0.01086898,0.598210892,-185568.1691
0.0109262,0.010133664,0.653419139,-158264.3391
0.009186408,0.009353421,0.714544134,-127091.4585
0.007596123,0.008531646,0.779022763,-93920.15168
0.00615583,0.00766697,0.84686462,-63297.84271
0.004865966,0.006760336,0.913020387,-40364.43468
0.003726924,0.0058177,0.973357062,-21856.80592
0.002739052,0.004844007,1.013904414,-6856.863835
0.001902651,0.003845534,1.031041558,-6778.947536
0.001217975,0.002835554,1.026983861,-21339.96403
0.000685233,0.001849501,0.998917267,-51165.02918
0.000304586,0.000953965,0.960766875,-90431.7041
7.62E-05,0.000268915,0.910664994,-119277.012
0,6.06E-06,0.881957685,-129722.5425
0.985147863,0.003757871,0.242953358,-176192.5079
0.982962913,0.004006006,0.238431922,-177779.3572
0.980630848,0.004270386,0.23388817,-179345.5227
0.978152378,0.004550876,0.229412991,-180916.4385
0.975528258,0.004847295,0.224917316,-182276.9911
0.972759288,0.005159485,0.220506917,-183581.5737
0.96984631,0.005487218,0.216015575,-184890.3728
0.966790213,0.005830222,0.211672462,-186059.7413
0.963591927,0.006188221,0.207331428,-187266.6776
0.960252427,0.006561003,0.203081763,-188454.1257
0.956772729,0.006948423,0.198937006,-189419.109
0.953153894,0.007350355,0.19477117,-190629.8153
0.949397023,0.00776664,0.190701339,-191672.7557
0.945503262,0.00819709,0.186713884,-192204.533
0.941473796,0.008641505,0.182626924,-193352.1925
0.937309854,0.009099606,0.178661025,-194259.0656
0.933012702,0.009571033,0.174758744,-195216.3093
0.92858365,0.010055414,0.170999192,-196107.4883
0.924024048,0.010552463,0.167287391,-196627.141
0.919335284,0.011062018,0.163534966,-197793.9173
0.914518786,0.011583909,0.160061186,-198461.8579
0.909576022,0.012117981,0.156506494,-198759.4803
0.904508497,0.012664043,0.152983568,-199820.127
0.899317755,0.01322193,0.149515207,-200600.2109
0.894005377,0.013791351,0.146107967,-201279.2349
0.888572981,0.014371922,0.142717153,-202149.7693
0.883022222,0.014963234,0.139455317,-202621.2455
0.87735479,0.015565024,0.136210623,-203078.6642
0.871572413,0.016177167,0.133003271,-203853.6589
0.865676851,0.016799544,0.12990044,-204757.878
0.8596699,0.017431951,0.126787761,-205198.3319
0.853553391,0.018074051,0.123661863,-205723.9413
0.847329185,0.018725486,0.120578101,-206576.2327
0.84099918,0.019385973,0.117599433,-206995.1515
0.834565303,0.020055282,0.114639217,-207388.6561
0.828029514,0.02073319,0.111672845,-207982.6252
0.821393805,0.021419456,0.108718368,-208578.2451
0.814660196,0.022113836,0.10577066,-209202.4575
0.807830738,0.022816067,0.102809342,-209943.0501
0.800907512,0.023525807,0.099915511,-210589.4911
0.793892626,0.02424262,0.097035763,-211157.6997
0.786788218,0.024966055,0.094144267,-211693.0619
0.779596452,0.02569582,0.0913336,-211963.1661
0.772319518,0.026431833,0.088458812,-212549.1968
0.764959632,0.027174,0.085560558,-213375.0964
0.757519037,0.027922037,0.082658507,-214102.0025
0.75,0.028675414,0.079753751,-214668.5341
0.74240481,0.029433585,0.076860857,-214945.9362
0.734735781,0.030196076,0.073902744,-215415.2555
0.72699525,0.030962498,0.070944592,-216221.0266
0.719185573,0.031732475,0.068034531,-217032.0709
0.711309131,0.03250564,0.065112207,-217721.2478
0.703368322,0.033281645,0.062108082,-218247.3819
0.695365564,0.034060138,0.059047643,-218690.6885
0.687303297,0.034840621,0.05598595,-219381.0209
0.679183975,0.03562247,0.052906594,-220291.9153
0.671010072,0.036405027,0.04980848,-220910.3349
0.662784077,0.037187756,0.046707288,-221209.7049
0.654508497,0.037970217,0.043541123,-221787.6019
0.646185852,0.038751963,0.040304868,-222822.321
0.637818678,0.039532394,0.037057334,-223883.1933
0.629409523,0.040310726,0.033805686,-224625.9481
0.620960948,0.041086189,0.030552265,-225066.1363
0.612475527,0.041858119,0.027246469,-225637.4986
0.603955845,0.042625985,0.023883294,-226557.165
0.595404498,0.043389263,0.020494282,-227598.0185
0.586824089,0.044147179,0.017069058,-228532.7451
0.578217233,0.044898792,0.013628369,-229184.4252
0.56958655,0.045643156,0.01016511,-229750.5373
0.560934672,0.046379427,0.006639278,-230677.0059
0.552264232,0.047106891,0.0031375,-231762.5502
0.543577871,0.047824812,-0.000332614,-232625.1651
0.534878237,0.048532307,-0.003848128,-233409.7655
0.526167978,0.049228417,-0.007406434,-234277.9481
0.517449748,0.04991217,-0.010958085,-235313.1357
0.508726203,0.050582596,-0.014474853,-236493.1094
0.5,0.051238749,-0.017952092,-237591.9705
0.491273797,0.051879674,-0.021403641,-238434.7187
0.482550252,0.052504355,-0.024823991,-239213.8161
0.473832022,0.053111755,-0.028222125,-240228.7155
0.465121763,0.053700847,-0.031566299,-241418.2577
0.456422129,0.054270619,-0.034827103,-242528.0126
0.447735768,0.054820088,-0.038009727,-243509.9336
0.439065328,0.055348274,-0.041099399,-244527.0987
0.43041345,0.055854063,-0.04409241,-245700.3597
0.421782767,0.056336286,-0.046946768,-246907.3454
0.413175911,0.056793822,-0.049613694,-247935.5462
0.404595502,0.057225622,-0.052093882,-248829.6618
0.396044155,0.057630712,-0.054410752,-249818.5672
0.387524473,0.058008103,-0.056537087,-250937.8065
0.379039052,0.058356524,-0.05838555,-252028.9354
0.370590477,0.05867459,-0.059822521,-253010.5538
0.362181322,0.058961193,-0.060774182,-253911.5691
0.353814148,0.059215879,-0.061359247,-254920.7481
0.345491503,0.059438791,-0.061644354,-256092.4619
0.337215923,0.059629126,-0.061441012,-257156.2406
0.328989928,0.059783675,-0.060241434,-257786.7295
0.320816025,0.059898145,-0.057193807,-257879.2746
0.312696703,0.059971004,-0.051974595,-257406.5662
0.304634436,0.060011152,-0.045477692,-256634.815
0.296631678,0.060030583,-0.038961875,-255899.8668
0.288690869,0.060038795,-0.033406269,-255294.2582
0.280814427,0.060041458,-0.029327816,-254849.3593
0.27300475,0.060042271,-0.026966788,-254754.0586
0.265264219,0.060042335,-0.026339439,-255085.956
0.25759519,0.060038023,-0.026990349,-255638.3066
0.25,0.060025622,-0.028283424,-256339.3285
0.242480963,0.060002391,-0.02995598,-257240.9871
0.235040368,0.059966438,-0.031974174,-258157.9515
0.227680482,0.059915977,-0.034330519,-259066.8981
0.220403548,0.059848906,-0.036966946,-260120.1135
0.213211782,0.059763176,-0.039782003,-261257.7567
0.206107374,0.059656753,-0.042710239,-262400.4338
0.199092488,0.059527479,-0.0456837,-263572.1201
0.192169262,0.05937334,-0.048651043,-264765.8873
0.185339804,0.059192483,-0.051547363,-266001.6979
0.178606195,0.058983201,-0.054335096,-267254.7317
0.171970486,0.058743993,-0.057004349,-268494.3204
0.165434697,0.058473128,-0.059477075,-269770.8617
0.15900082,0.058168879,-0.061665405,-270959.5785
0.152670815,0.057829733,-0.063512615,-271942.7671
0.146446609,0.057454046,-0.064958124,-272927.4042
0.1403301,0.057040389,-0.065920844,-273954.5704
0.134323149,0.056587554,-0.066327499,-274748.422
0.128427587,0.056094319,-0.06613281,-275300.0158
0.12264521,0.055559787,-0.065355849,-275791.2838
0.116977778,0.054982918,-0.063906153,-276177.7294
0.111427019,0.054362331,-0.061613231,-276228.6739
0.105994623,0.053697095,-0.058374582,-275929.0063
0.100682245,0.05298616,-0.054063386,-275385.653
0.095491503,0.052228581,-0.048579422,-274555.6219
0.090423978,0.051423846,-0.04185137,-273260.2744
0.085481214,0.050571122,-0.033710624,-271475.5618
0.080664716,0.049669803,-0.024087899,-269228.1795
0.075975952,0.048719641,-0.012910625,-266416.5127
0.07141635,0.04771971,0.0001459,-262892.5684
0.066987298,0.046669564,0.015161419,-258660.5789
0.062690146,0.045568992,0.032297824,-253601.65
0.058526204,0.044417303,0.051878453,-247620.134
0.054496738,0.043214511,0.073936338,-240636.2875
0.050602977,0.04196064,0.098642927,-232561.3658
0.046846106,0.040655107,0.126378938,-223204.2477
0.043227271,0.039298271,0.157176962,-212602.8054
0.039747573,0.037890305,0.191083895,-200643.9551
0.036408073,0.036430905,0.228716353,-187128.4363
0.033209787,0.034920872,0.269543855,-172145.4972
0.03015369,0.033360661,0.31406186,-155571.7382
0.027240712,0.031750403,0.362010439,-137337.8164
0.024471742,0.0300914,0.413401995,-117882.6074
0.021847622,0.028384723,0.46816603,-97516.61251
0.019369152,0.026631287,0.525440474,-77049.69569
0.017037087,0.024833168,0.584943761,-56293.24382
0.014852137,0.022992805,0.645433126,-35191.08626
0.012814968,0.021112851,0.705917085,-14042.89116
0.0109262,0.019197012,0.764725615,5793.666046
0.009186408,0.017250731,0.821851091,21861.27635
0.007596123,0.015281017,0.875900005,33394.88489
0.00615583,0.013296304,0.924770778,40541.36402
0.004865966,0.011309151,0.96602201,42602.53679
0.003726924,0.009338402,0.998707786,40934.84298
0.002739052,0.007408431,1.025778704,128860.1991
0.001902651,0.005553429,1.037316689,83954.72287
0.001217975,0.003826986,1.042079411,41253.50247
0.000685233,0.002304282,1.042057363,-32965.62737
0.000304586,0.001084036,1.038155008,-77045.15714
7.62E-05,0.000281697,1.034258906,-109586.4959
0,1.14E-11,1.03240315,-122025.0792
0.985147863,0.00637581,0.252141248,-150236.9575
0.982962913,0.006861823,0.24676133,-151755.7517
0.980630848,0.007379353,0.241319917,-153307.6973
0.978152378,0.007927966,0.235788345,-154833.7709
0.975528258,0.008507462,0.230254061,-156315.7735
0.972759288,0.0091177,0.224594863,-157487.0744
0.96984631,0.009758357,0.218773095,-159057.5659
0.966790213,0.010428868,0.212881937,-160476.8802
0.963591927,0.011128645,0.206992141,-161845.8821
0.960252427,0.011857193,0.201057053,-163175.3778
0.956772729,0.012614193,0.195116302,-164556.6488
0.953153894,0.013399336,0.18904373,-165773.4398
0.949397023,0.01421217,0.182908699,-167201.6297
0.945503262,0.01505204,0.176791807,-168504.9417
0.941473796,0.015918198,0.170678547,-169873.173
0.937309854,0.016810065,0.164555644,-170996.1485
0.933012702,0.017727244,0.158420998,-172512.8572
0.92858365,0.018669419,0.152319214,-173969.1665
0.924024048,0.019636161,0.146159634,-175231.8937
0.919335284,0.020626918,0.140049923,-176325.7177
0.914518786,0.021641122,0.133818466,-177826.9371
0.909576022,0.02267814,0.127656983,-179113.0101
0.904508497,0.02373728,0.12149946,-180239.1693
0.899317755,0.024817848,0.115375261,-181655.3936
0.894005377,0.025919212,0.109291144,-182862.8927
0.888572981,0.027040936,0.103218585,-183815.5432
0.883022222,0.02818263,0.097084681,-185339.8004
0.87735479,0.029343788,0.090989948,-186870.634
0.871572413,0.030523767,0.084873484,-187906.668
0.865676851,0.03172186,0.078805279,-188931.4167
0.8596699,0.032937414,0.072701589,-190361.7727
0.853553391,0.034169814,0.066616993,-191585.8269
0.847329185,0.035418465,0.06052712,-192504.9173
0.84099918,0.036682726,0.054420247,-193694.3683
0.834565303,0.037962003,0.048311707,-195167.9266
0.828029514,0.039255651,0.042263419,-196129.6883
0.821393805,0.040563031,0.036131227,-196911.1103
0.814660196,0.041883548,0.029943192,-198072.7684
0.807830738,0.043216582,0.02379311,-199431.4041
0.800907512,0.044561476,0.017627642,-200758.068
0.793892626,0.045917497,0.011399846,-201951.4563
0.786788218,0.047283892,0.005188403,-202938.5595
0.779596452,0.048659955,-0.001070092,-203773.0405
0.772319518,0.050045018,-0.00741516,-205087.3143
0.764959632,0.051438457,-0.013769981,-206568.8228
0.757519037,0.052839575,-0.020165233,-207465.3394
0.75,0.054247533,-0.026616892,-208182.2738
0.74240481,0.05566148,-0.033135498,-209347.6277
0.734735781,0.057080595,-0.039726363,-210813.6021
0.72699525,0.058504073,-0.046362718,-212015.8578
0.719185573,0.059931148,-0.053056786,-212962.7532
0.711309131,0.06136103,-0.05981014,-213999.4775
0.703368322,0.062792883,-0.066644852,-215147.6885
0.695365564,0.064225859,-0.073630548,-216417.2996
0.687303297,0.065659039,-0.080726289,-217890.1023
0.679183975,0.067091403,-0.0878444,-219358.0442
0.671010072,0.068521882,-0.095037385,-220617.9877
0.662784077,0.069949446,-0.102300468,-221571.0605
0.654508497,0.071373082,-0.109697389,-222640.4595
0.646185852,0.072791834,-0.117236083,-224154.1414
0.637818678,0.07420463,-0.124863589,-225839.1132
0.629409523,0.075610296,-0.132568207,-227304.981
0.620960948,0.077007649,-0.140373275,-228510.7721
0.612475527,0.078395511,-0.148288162,-229735.9459
0.603955845,0.079772704,-0.156338774,-231394.4556
0.595404498,0.081138073,-0.164471177,-233275.0952
0.586824089,0.082490367,-0.172683723,-234818.0718
0.578217233,0.083828245,-0.181045682,-236106.4603
0.56958655,0.085150357,-0.189575869,-237693.8417
0.560934672,0.086455341,-0.198183384,-239679.3519
0.552264232,0.087741786,-0.206794414,-241500.5637
0.543577871,0.089008328,-0.215515094,-243067.2094
0.534878237,0.090253475,-0.224395495,-244794.0162
0.526167978,0.091475656,-0.233380882,-246690.2379
0.517449748,0.092673321,-0.242392286,-248484.06
0.508726203,0.093844986,-0.25142196,-250236.4471
0.5,0.094989239,-0.260541446,-252240.3153
0.491273797,0.096104705,-0.269747294,-254279.8604
0.482550252,0.097189765,-0.279005074,-256259.4207
0.473832022,0.098242617,-0.28829426,-258299.5681
0.465121763,0.099261474,-0.297586302,-260467.1944
0.456422129,0.100244698,-0.306820427,-262640.0442
0.447735768,0.101190764,-0.315998709,-264774.6418
0.439065328,0.102098197,-0.325149993,-266889.4381
0.43041345,0.102965363,-0.334257495,-269027.6493
0.421782767,0.10379051,-0.343265437,-271217.0498
0.413175911,0.104571958,-0.352130222,-273445.4562
0.404595502,0.105308013,-0.360810266,-275673.2702
0.396044155,0.10599703,-0.369282044,-277797.6945
0.387524473,0.106637405,-0.377526148,-279851.6339
0.379039052,0.107227531,-0.385484524,-281967.0904
0.370590477,0.107765829,-0.393036037,-284169.2947
0.362181322,0.108250861,-0.400075569,-286348.5529
0.353814148,0.108681339,-0.406733976,-288516.6156
0.345491503,0.109056301,-0.412894572,-290571.3663
0.337215923,0.109374232,-0.418377242,-292465.9193
0.328989928,0.109632101,-0.422881149,-294247.6006
0.320816025,0.109825986,-0.425347632,-295627.8634
0.312696703,0.109954445,-0.425179489,-296275.554
0.304634436,0.110023374,-0.423438521,-296480.8971
0.296631678,0.110041899,-0.421626455,-296676.5915
0.288690869,0.110016859,-0.420772612,-297001.2756
0.280814427,0.109951809,-0.421570931,-297499.3582
0.27300475,0.109849155,-0.424131476,-298352.9864
0.265264219,0.109707723,-0.428111684,-299575.3827
0.25759519,0.109523535,-0.43290816,-300934.3888
0.25,0.109292595,-0.437879087,-302213.2895
0.242480963,0.109012327,-0.442711772,-303388.3677
0.235040368,0.108680899,-0.447502057,-304540.5369
0.227680482,0.108296268,-0.452208313,-305698.02
0.220403548,0.107855985,-0.456527077,-306799.6459
0.213211782,0.107357853,-0.460250917,-307794.9364
0.206107374,0.106800117,-0.463243162,-308542.833
0.199092488,0.106181461,-0.465515936,-309033.0605
0.192169262,0.105500571,-0.467082671,-309376.288
0.185339804,0.104755852,-0.467727692,-309518.4951
0.178606195,0.103945861,-0.4672161,-309307.4706
0.171970486,0.103069488,-0.465484438,-308692.7534
0.165434697,0.102125914,-0.46249739,-307634.0141
0.15900082,0.101114578,-0.458202622,-306221.2249
0.152670815,0.100034815,-0.45250368,-304496.8484
0.146446609,0.098886148,-0.445271241,-302322.0634
0.1403301,0.097668217,-0.436346872,-299493.503
0.134323149,0.096380674,-0.425662023,-296017.1443
0.128427587,0.095023412,-0.41317793,-292013.2694
0.12264521,0.09359643,-0.398786324,-287447.9069
0.116977778,0.092099842,-0.382427266,-282199.9464
0.111427019,0.090533973,-0.364059296,-276224.8047
0.105994623,0.088898987,-0.343564674,-269551.2853
0.100682245,0.087195161,-0.320858761,-262155.9068
0.095491503,0.085423029,-0.295875672,-253966.5914
0.090423978,0.0835831,-0.268558204,-244955.9169
0.085481214,0.081676214,-0.238939179,-235103.3966
0.080664716,0.079703072,-0.206968785,-224468.69
0.075975952,0.07766407,-0.17249551,-212975.8925
0.07141635,0.075560005,-0.135471683,-200585.6246
0.066987298,0.073391772,-0.095895346,-187377.8062
0.062690146,0.071160427,-0.053823516,-173356.131
0.058526204,0.068867402,-0.009386045,-158601.6446
0.054496738,0.066513774,0.037405867,-143156.1055
0.050602977,0.064100703,0.086507157,-127059.1596
0.046846106,0.061629729,0.137733845,-110432.9649
0.043227271,0.059102439,0.190948877,-93421.00722
0.039747573,0.056520698,0.245899335,-76164.88431
0.036408073,0.053886631,0.302296234,-58824.93058
0.033209787,0.051202223,0.359680268,-41579.34404
0.03015369,0.048469697,0.417937001,-24642.55007
0.027240712,0.045691812,0.476597995,-8277.472103
0.024471742,0.042872184,0.535130236,7217.453642
0.021847622,0.040014871,0.592944425,21569.61867
0.019369152,0.037124575,0.64952156,34542.32495
0.017037087,0.034207133,0.704124039,45957.25135
0.014852137,0.031269108,0.756100477,55795.12954
0.012814968,0.028318266,0.804887178,63867.52296
0.0109262,0.025365323,0.849903378,69621.30916
0.009186408,0.022423201,0.890600897,71952.11714
0.007596123,0.019507263,0.926942288,71220.30327
0.00615583,0.016637988,0.958606069,67739.5068
0.004865966,0.013841725,0.98465075,63447.586
0.003726924,0.011150971,1.00586317,94073.15772
0.002739052,0.008606695,1.023132709,155919.5341
0.001902651,0.006261924,1.034346894,119440.9913
0.001217975,0.004181209,1.041434067,84495.67326
0.000685233,0.002439027,1.043172082,57187.70286
0.000304586,0.001115032,1.043265111,39590.5982
7.62E-05,0.000283817,1.042736032,24832.64795
0,1.68E-09,1.043003507,17216.21409
0.985147863,0.000414134,0.193097303,-206336.6967
0.982962913,0.000324771,0.193932109,-206884.1695
0.980630848,0.000230452,0.194909694,-207161.2961
0.978152378,0.000131399,0.195909442,-207156.8446
0.975528258,2.78E-05,0.196845624,-207384.7559
0.972759288,-8.01E-05,0.197900438,-207690.2095
0.96984631,-0.000192152,0.198994836,-207934.1499
0.966790213,-0.000308044,0.200159001,-207891.3488
0.963591927,-0.000427535,0.201344996,-208216.1728
0.960252427,-0.000550331,0.202615006,-207996.1293
0.956772729,-0.000676121,0.20394257,-207832.3932
0.953153894,-0.000804573,0.205190208,-208166.3622
0.949397023,-0.000935296,0.206608228,-208023.0201
0.945503262,-0.001067844,0.20800765,-207963.6415
0.941473796,-0.001201761,0.20935644,-207961.0992
0.937309854,-0.001336709,0.210716257,-207926.7649
0.933012702,-0.00147244,0.212076916,-207726.8964
0.92858365,-0.001608703,0.213547313,-207738.999
0.924024048,-0.001745094,0.214925284,-207874.4971
0.919335284,-0.001881102,0.216481323,-207832.1844
0.914518786,-0.002016202,0.217932985,-207640.9506
0.909576022,-0.002149985,0.219369911,-207401.4097
0.904508497,-0.002282134,0.220835706,-207077.5686
0.899317755,-0.002412316,0.222287548,-206997.5639
0.894005377,-0.002540043,0.223780441,-206989.9916
0.888572981,-0.002664708,0.22527929,-206955.5256
0.883022222,-0.002785698,0.226747468,-206662.3649
0.87735479,-0.002902569,0.228114872,-206669.4834
0.871572413,-0.003014992,0.229531579,-206623.2503
0.865676851,-0.003122644,0.230953491,-206218.417
0.8596699,-0.003225082,0.232391354,-205780.7691
0.853553391,-0.003321783,0.233680622,-205898.0913
0.847329185,-0.003412219,0.235008766,-206009.7885
0.84099918,-0.003495876,0.236400731,-205601.1751
0.834565303,-0.003572256,0.23769989,-205277.0577
0.828029514,-0.00364086,0.238938207,-205316.854
0.821393805,-0.003701262,0.240141467,-205380.9435
0.814660196,-0.003753087,0.241324793,-205239.4288
0.807830738,-0.003795957,0.242506993,-204912.9112
0.800907512,-0.003829425,0.243588732,-204666.8111
0.793892626,-0.003852987,0.244656892,-204641.9231
0.786788218,-0.003866149,0.245701443,-204733.38
0.779596452,-0.003868497,0.246696848,-204691.375
0.772319518,-0.003859673,0.24765245,-204484.5567
0.764959632,-0.003839326,0.248554212,-204448.9955
0.757519037,-0.003807087,0.249428179,-204370.9309
0.75,-0.003762576,0.2501843,-204092.7181
0.74240481,-0.003705432,0.250837866,-204084.7377
0.734735781,-0.003635366,0.251502757,-204197.822
0.72699525,-0.003552138,0.252133706,-204341.4017
0.719185573,-0.003455517,0.252737664,-204397.7534
0.711309131,-0.003345194,0.253254743,-204150.3328
0.703368322,-0.003220824,0.25367402,-203991.4074
0.695365564,-0.003082093,0.254055383,-204065.3765
0.687303297,-0.002928833,0.254396657,-204227.0032
0.679183975,-0.002760974,0.254660724,-204376.3827
0.671010072,-0.002578449,0.254835565,-204414.7182
0.662784077,-0.002381136,0.254960549,-204327.2305
0.654508497,-0.002168864,0.255043904,-204233.2774
0.646185852,-0.001941529,0.255017473,-204265.2025
0.637818678,-0.001699162,0.25487988,-204415.9841
0.629409523,-0.001441911,0.25470837,-204529.7045
0.620960948,-0.001169912,0.254483944,-204739.1251
0.612475527,-0.000883153,0.254177179,-205352.8247
0.603955845,-0.000581573,0.253879332,-205769.003
0.595404498,-0.000265155,0.253510058,-205728.7118
0.586824089,6.59E-05,0.252993777,-205820.2947
0.578217233,0.000411481,0.252405272,-206035.4981
0.56958655,0.000771172,0.251774064,-205961.6617
0.560934672,0.001144707,0.251043438,-205885.3876
0.552264232,0.001531743,0.25024878,-206176.501
0.543577871,0.00193192,0.249381621,-206761.4211
0.534878237,0.002344892,0.248424657,-207478.8317
0.526167978,0.002770315,0.247470508,-207734.7103
0.517449748,0.003207795,0.24646559,-207754.2293
0.508726203,0.003656863,0.245355625,-208077.8488
0.5,0.004117001,0.244184685,-208535.8807
0.491273797,0.004587681,0.242962139,-208783.7287
0.482550252,0.00506838,0.241652952,-209142.976
0.473832022,0.005558564,0.240291196,-209713.146
0.465121763,0.006057641,0.238880308,-210337.6234
0.456422129,0.006564877,0.23742696,-210862.2366
0.447735768,0.007079476,0.23592996,-211295.2017
0.439065328,0.007600729,0.234409958,-211681.0066
0.43041345,0.008128059,0.232859058,-212058.4237
0.421782767,0.008660945,0.231227315,-212532.9908
0.413175911,0.009198724,0.229522937,-213148.3894
0.404595502,0.009740411,0.22778661,-213756.9992
0.396044155,0.010284964,0.226022056,-214415.8494
0.387524473,0.010831443,0.224265767,-215128.1322
0.379039052,0.011379077,0.222507261,-215769.1297
0.370590477,0.011927147,0.220716642,-216358.141
0.362181322,0.012474832,0.218915778,-216955.7309
0.353814148,0.013021197,0.217105218,-217625.7156
0.345491503,0.013565285,0.215271957,-218440.7844
0.337215923,0.014106169,0.213466289,-219286.7892
0.328989928,0.014642936,0.21168908,-220010.8059
0.320816025,0.015174704,0.209896835,-220745.1565
0.312696703,0.015700582,0.208129581,-221588.739
0.304634436,0.016219661,0.206406345,-222352.9486
0.296631678,0.016731065,0.204710067,-222984.6399
0.288690869,0.017233836,0.203008051,-223813.7086
0.280814427,0.017726922,0.201352127,-224816.0668
0.27300475,0.018209319,0.199781159,-225762.6172
0.265264219,0.018680067,0.198279797,-226706.5999
0.25759519,0.019138249,0.196881555,-227546.4878
0.25,0.019583008,0.19555918,-228361.5911
0.242480963,0.020013452,0.194310119,-229372.1039
0.235040368,0.020428679,0.19318342,-230391.3718
0.227680482,0.020827852,0.192180715,-231305.3858
0.220403548,0.021210118,0.191300561,-232246.4183
0.213211782,0.021574644,0.190541865,-233245.6682
0.206107374,0.021920665,0.189920115,-234260.4267
0.199092488,0.022247313,0.189459387,-235272.3616
0.192169262,0.022553688,0.189189112,-236304.3837
0.185339804,0.022839001,0.189136455,-237285.5241
0.178606195,0.023102512,0.189306182,-238202.2695
0.171970486,0.023343559,0.189678075,-239165.6333
0.165434697,0.023561568,0.19024495,-240252.1966
0.15900082,0.023755726,0.191052659,-241311.7436
0.152670815,0.023925194,0.192176892,-242283.6618
0.146446609,0.024069287,0.193669082,-243150.8477
0.1403301,0.024187334,0.19549528,-244020.773
0.134323149,0.024278773,0.197764691,-244975.5202
0.128427587,0.024343174,0.2003838,-245905.3226
0.12264521,0.024379969,0.203366196,-246697.1068
0.116977778,0.024388672,0.206787065,-247486.3863
0.111427019,0.024368933,0.210661085,-248255.2835
0.105994623,0.024320125,0.215071411,-248949.9958
0.100682245,0.024241737,0.220141045,-249537.9947
0.095491503,0.024133436,0.22583236,-250071.9764
0.090423978,0.023994657,0.232176045,-250450.7295
0.085481214,0.023825034,0.239252138,-250815.2156
0.080664716,0.023624382,0.247076077,-251051.0164
0.075975952,0.023392104,0.255795729,-251056.8443
0.07141635,0.023127888,0.265506827,-250791.511
0.066987298,0.022831668,0.276243441,-250413.4502
0.062690146,0.022503002,0.288183338,-249731.0253
0.058526204,0.022141879,0.301326914,-248786.8926
0.054496738,0.021748397,0.315673957,-247557.0432
0.050602977,0.021321825,0.331611136,-245871.2961
0.046846106,0.020862016,0.349184324,-243739.414
0.043227271,0.020369089,0.368476332,-241064.2321
0.039747573,0.019842424,0.389906315,-237692.4075
0.036408073,0.019282275,0.413396698,-233539.7941
0.033209787,0.018688977,0.439154898,-228475.0412
0.03015369,0.018061488,0.46749513,-222238.3712
0.027240712,0.017400043,0.498911995,-215136.3662
0.024471742,0.01670511,0.532979537,-207957.6685
0.021847622,0.015975726,0.57066607,-200401.7786
0.019369152,0.015212777,0.611810128,-190176.3969
0.017037087,0.014417066,0.655948386,-175149.9591
0.014852137,0.013586916,0.704050414,-155275.2571
0.012814968,0.012723388,0.755292892,-131616.181
0.0109262,0.011827616,0.808522482,-104188.7142
0.009186408,0.010897556,0.86388801,-76249.62154
0.007596123,0.009934936,0.918648392,-51725.2058
0.00615583,0.008941916,0.968892383,-35101.86973
0.004865966,0.007916288,1.011312683,-20285.05213
0.003726924,0.00685996,1.030936241,-9941.996844
0.002739052,0.005778015,1.032748355,-11564.82748
0.001902651,0.004673201,1.008129939,-28993.11955
0.001217975,0.003549628,0.96158611,-63501.54068
0.000685233,0.002422272,0.880997791,-113324.8286
0.000304586,0.001339326,0.750383999,-164242.8486
7.62E-05,0.000431651,0.578321329,-199578.8523
0,-2.66E-05,0.497568503,-220716.7151
0.985147863,0.003075577,0.244393599,-184877.86
0.982962913,0.003227635,0.24217267,-186060.1496
0.980630848,0.003390431,0.239918981,-186989.3789
0.978152378,0.003563964,0.237628123,-187857.7119
0.975528258,0.003748162,0.235423048,-188767.8455
0.972759288,0.003942902,0.23324066,-189810.1406
0.96984631,0.004148218,0.231219181,-190318.165
0.966790213,0.004364296,0.22918254,-191061.2047
0.963591927,0.004591387,0.227129503,-191567.8335
0.960252427,0.004829592,0.22509387,-192462.4187
0.956772729,0.005078868,0.223098415,-192950.0942
0.953153894,0.005339125,0.22117215,-193216.4389
0.949397023,0.005610385,0.219191966,-194050.9361
0.945503262,0.005892775,0.217407317,-194416.5471
0.941473796,0.006186468,0.215515619,-195033.5687
0.937309854,0.006491553,0.213743491,-195415.2149
0.933012702,0.006808042,0.211953796,-195708.4078
0.92858365,0.007135919,0.210165237,-196297.4978
0.924024048,0.007475265,0.208507875,-196765.6792
0.919335284,0.007826235,0.206856689,-196923.5731
0.914518786,0.008189022,0.205167993,-197311.6844
0.909576022,0.008563772,0.20356504,-197657.8638
0.904508497,0.00895054,0.201925663,-197967.9025
0.899317755,0.009349397,0.20037012,-198299.5746
0.894005377,0.009760433,0.198812437,-198237.7275
0.888572981,0.010183801,0.197224435,-198520.3868
0.883022222,0.01061965,0.195656309,-198880.8351
0.87735479,0.011068121,0.194073562,-199305.1972
0.871572413,0.011529304,0.192553593,-199588.4863
0.865676851,0.012003286,0.190962231,-199888.1629
0.8596699,0.01249016,0.189435624,-200131.2854
0.853553391,0.012990032,0.187876067,-200118.1219
0.847329185,0.013502999,0.186279858,-200456.8559
0.84099918,0.014029157,0.184695868,-200884.2926
0.834565303,0.014568606,0.183101874,-200905.5207
0.828029514,0.01512143,0.181473171,-200969.6779
0.821393805,0.015687745,0.179829014,-201367.4
0.814660196,0.016267694,0.17816905,-201696.0335
0.807830738,0.016861426,0.176447952,-201874.4707
0.800907512,0.017468993,0.174674458,-202256.8815
0.793892626,0.018090366,0.172938763,-202359.1829
0.786788218,0.01872546,0.171075005,-202361.9829
0.779596452,0.019374275,0.169163691,-202770.7664
0.772319518,0.020036865,0.167250757,-203401.368
0.764959632,0.020713299,0.165279423,-203775.5544
0.757519037,0.021403615,0.163240264,-203954.8432
0.75,0.022107789,0.161142013,-204137.3265
0.74240481,0.02282579,0.158965502,-204340.6965
0.734735781,0.023557481,0.156658107,-204834.8747
0.72699525,0.024302598,0.154331541,-205241.9972
0.719185573,0.025060862,0.151964628,-205379.1275
0.711309131,0.02583211,0.149488474,-205715.1082
0.703368322,0.026616342,0.146955884,-206287.1578
0.695365564,0.027413534,0.144342308,-206787.591
0.687303297,0.028223461,0.141566349,-207161.6304
0.679183975,0.02904567,0.138695461,-207701.9263
0.671010072,0.029879674,0.13576646,-208331.2944
0.662784077,0.030725117,0.132756918,-208757.1798
0.654508497,0.031581722,0.129638444,-209068.8761
0.646185852,0.032449186,0.126410363,-209489.332
0.637818678,0.033327058,0.123069281,-210028.7918
0.629409523,0.034214708,0.119570748,-210694.4315
0.620960948,0.035111492,0.115937256,-211466.6974
0.612475527,0.036016811,0.1122645,-212191.6443
0.603955845,0.036930082,0.108520557,-212823.5287
0.595404498,0.03785071,0.10464208,-213372.8981
0.586824089,0.03877802,0.100601547,-213984.2149
0.578217233,0.039711315,0.09644668,-214624.1102
0.56958655,0.04064984,0.092191208,-215191.5035
0.560934672,0.041592686,0.087763011,-215926.1483
0.552264232,0.042538856,0.083204799,-217028.4533
0.543577871,0.043487353,0.078619389,-218069.8613
0.534878237,0.044437326,0.073972799,-218779.9569
0.526167978,0.045388011,0.06913039,-219441.0345
0.517449748,0.046338502,0.064082108,-220458.7233
0.508726203,0.047287615,0.058951715,-221714.0793
0.5,0.048233998,0.053781973,-222702.8328
0.491273797,0.049176381,0.048487678,-223498.2264
0.482550252,0.050113716,0.043069569,-224545.9779
0.473832022,0.051045068,0.037554277,-225825.4349
0.465121763,0.051969315,0.031930966,-227038.4379
0.456422129,0.05288506,0.026188974,-228095.3485
0.447735768,0.053790789,0.020356054,-229206.9328
0.439065328,0.054685084,0.014464726,-230545.1601
0.43041345,0.055566681,0.008521993,-231957.7967
0.421782767,0.056434366,0.002508002,-233275.5889
0.413175911,0.057286829,-0.00360256,-234616.2686
0.404595502,0.05812266,-0.009776381,-236050.018
0.396044155,0.058940433,-0.01597475,-237477.5707
0.387524473,0.059738721,-0.022219895,-238862.5363
0.379039052,0.060516055,-0.028511533,-240272.8958
0.370590477,0.06127102,-0.034820629,-241853.6953
0.362181322,0.062002176,-0.041111959,-243523.3102
0.353814148,0.062708086,-0.047397496,-245110.5464
0.345491503,0.063387365,-0.053673136,-246677.0796
0.337215923,0.06403862,-0.05989985,-248311.9546
0.328989928,0.064660447,-0.066068448,-249932.9767
0.320816025,0.065251533,-0.072192142,-251619.6912
0.312696703,0.065810533,-0.078231056,-253456.784
0.304634436,0.066336131,-0.084162721,-255198.544
0.296631678,0.066827055,-0.089992421,-256743.5181
0.288690869,0.067281948,-0.095739608,-258414.6453
0.280814427,0.067699462,-0.101327171,-260266.1721
0.27300475,0.068078366,-0.106681622,-262007.6787
0.265264219,0.068417537,-0.111835521,-263671.0673
0.25759519,0.068715977,-0.116802194,-265470.6081
0.25,0.0689727,-0.121491039,-267230.0483
0.242480963,0.069186454,-0.125816877,-268818.2471
0.235040368,0.069356059,-0.129848066,-270324.0359
0.227680482,0.069480516,-0.133637645,-271826.8693
0.220403548,0.06955901,-0.137079433,-273407.8754
0.213211782,0.069590897,-0.140158178,-274983.3356
0.206107374,0.069575429,-0.142847097,-276379.3481
0.199092488,0.069511623,-0.145087218,-277626.3713
0.192169262,0.069398653,-0.146839042,-278887.4481
0.185339804,0.069235843,-0.147981486,-280105.4665
0.178606195,0.069022614,-0.148382731,-281090.551
0.171970486,0.06875863,-0.148184564,-281920.3127
0.165434697,0.068443429,-0.14746851,-282692.1601
0.15900082,0.068076475,-0.146071259,-283359.5342
0.152670815,0.067657471,-0.143934499,-283781.5881
0.146446609,0.067186003,-0.141003193,-283971.7402
0.1403301,0.066661661,-0.137197104,-284001.7183
0.134323149,0.066084314,-0.132496977,-283829.8449
0.128427587,0.065453783,-0.126824024,-283430.2623
0.12264521,0.064770037,-0.120121767,-282631.4795
0.116977778,0.064033255,-0.112385824,-281463.3995
0.111427019,0.063243262,-0.103453192,-280044.2471
0.105994623,0.062399887,-0.093266895,-278248.3758
0.100682245,0.061503327,-0.08177341,-275999.3983
0.095491503,0.060553425,-0.068780815,-273262.9352
0.090423978,0.059550285,-0.054219821,-270041.0478
0.085481214,0.058494331,-0.038056804,-266298.6077
0.080664716,0.05738574,-0.020117611,-261917.0819
0.075975952,0.056225044,-0.00043786,-256904.8927
0.07141635,0.055012892,0.020995288,-251219.5478
0.066987298,0.053749093,0.044513959,-244713.275
0.062690146,0.052433852,0.070241179,-237394.0883
0.058526204,0.051067719,0.098252871,-229164.4885
0.054496738,0.049650901,0.128801826,-219963.5728
0.050602977,0.048184232,0.161735944,-209778.6941
0.046846106,0.046668608,0.197130507,-198600.7222
0.043227271,0.045103927,0.235254481,-186238.9245
0.039747573,0.043490869,0.276165442,-172755.282
0.036408073,0.041830223,0.319627592,-158105.96
0.033209787,0.040122005,0.366156702,-142196.1345
0.03015369,0.038367127,0.415124149,-125114.7249
0.027240712,0.036566665,0.466522301,-107131.1661
0.024471742,0.03472101,0.520659356,-88413.74751
0.021847622,0.032831487,0.576371247,-69751.17468
0.019369152,0.030899449,0.633350448,-51157.95777
0.017037087,0.028925296,0.690844863,-32300.91499
0.014852137,0.026910219,0.747968868,-13528.10362
0.012814968,0.024856117,0.803191478,4102.683409
0.0109262,0.022765012,0.856523192,18320.1772
0.009186408,0.020639419,0.906998282,28315.31622
0.007596123,0.018483024,0.951804407,33954.94433
0.00615583,0.016300778,0.988982405,34984.79867
0.004865966,0.014098102,1.02035446,118435.7974
0.003726924,0.011883793,1.036576525,77162.49479
0.002739052,0.009674464,1.04197557,29404.40624
0.001902651,0.007493197,1.039796298,-59068.58314
0.001217975,0.005377206,1.027818106,-141710.1263
0.000685233,0.003399075,1.005474199,-60546.04766
0.000304586,0.001687651,0.979123794,-78173.50517
7.62E-05,0.000460036,0.955915635,-94723.09581
0,2.04E-10,0.946261284,-101184.3776
0.985147863,0.005647623,0.249779081,-162577.7362
0.982962913,0.006033604,0.246520065,-163783.3914
0.980630848,0.006445394,0.243203436,-165094.5539
0.978152378,0.006882825,0.239874069,-166192.6947
0.975528258,0.00734585,0.236495084,-167241.5119
0.972759288,0.007834497,0.232985011,-168248.5415
0.96984631,0.008348676,0.229404526,-169194.7314
0.966790213,0.008888146,0.225741639,-170244.0234
0.963591927,0.009452593,0.222110018,-171179.2992
0.960252427,0.010041803,0.218404303,-172065.0227
0.956772729,0.010655694,0.21469022,-173091.7985
0.953153894,0.011294261,0.210922895,-173995.5042
0.949397023,0.011957381,0.207116486,-174765.0739
0.945503262,0.01264473,0.203311744,-175443.5414
0.941473796,0.013355918,0.19943536,-176139.938
0.937309854,0.014090661,0.195565746,-176862.4826
0.933012702,0.014848933,0.191731273,-177899.146
0.92858365,0.015630811,0.187854133,-178905.4701
0.924024048,0.016436271,0.184010132,-179587.5946
0.919335284,0.017265007,0.180003129,-180112.3195
0.914518786,0.018116626,0.176075135,-180828.4123
0.909576022,0.018990803,0.172139025,-181315.4217
0.904508497,0.019887429,0.168111179,-182189.6841
0.899317755,0.020806448,0.164187873,-183011.4626
0.894005377,0.021747759,0.160150743,-183722.8117
0.888572981,0.022711097,0.156127796,-184389.5103
0.883022222,0.023696173,0.15209431,-184613.0486
0.87735479,0.02470273,0.147973857,-185377.3675
0.871572413,0.025730628,0.143893426,-186421.8407
0.865676851,0.026779791,0.13978918,-186869.523
0.8596699,0.027850047,0.135550481,-187499.2201
0.853553391,0.028941039,0.131342318,-188286.1814
0.847329185,0.030052315,0.127150854,-188717.0792
0.84099918,0.031183522,0.122878329,-189347.6715
0.834565303,0.032334615,0.118556301,-190091.0053
0.828029514,0.033505591,0.11421524,-190543.6693
0.821393805,0.034696385,0.109780095,-191003.3883
0.814660196,0.035906579,0.105237309,-191875.0539
0.807830738,0.037135692,0.100683727,-192709.3755
0.800907512,0.03838329,0.096040649,-193298.8016
0.793892626,0.039649091,0.091313929,-193837.7412
0.786788218,0.040932891,0.086544282,-194360.1984
0.779596452,0.042234398,0.081634951,-195089.8825
0.772319518,0.043553202,0.076627332,-196108.0359
0.764959632,0.044888821,0.071585526,-196924.1745
0.757519037,0.046240773,0.066419679,-197370.2369
0.75,0.047608645,0.061145888,-197822.261
0.74240481,0.048992017,0.055767328,-198439.4233
0.734735781,0.050390416,0.050216431,-199323.9003
0.72699525,0.051803301,0.044542763,-200410.8011
0.719185573,0.05323008,0.038753791,-201375.5434
0.711309131,0.054670165,0.032841579,-202165.3133
0.703368322,0.056122956,0.026820889,-202895.2237
0.695365564,0.057587817,0.020589558,-203664.8654
0.687303297,0.059064062,0.01418884,-204450.0318
0.679183975,0.060550798,0.007644144,-205234.7458
0.671010072,0.062047095,0.000892674,-206322.279
0.662784077,0.063552122,-0.006014265,-207575.9584
0.654508497,0.065065112,-0.013053591,-208585.5042
0.646185852,0.066585324,-0.020306245,-209447.2899
0.637818678,0.068111817,-0.027825118,-210536.9154
0.629409523,0.069643379,-0.035532986,-211766.0578
0.620960948,0.071178737,-0.043355724,-212810.7968
0.612475527,0.072716712,-0.051388879,-213928.9494
0.603955845,0.074256184,-0.059681107,-215310.3722
0.595404498,0.075796029,-0.068197979,-216695.4026
0.586824089,0.077334951,-0.076911361,-218074.1654
0.578217233,0.078871567,-0.085827815,-219572.3407
0.56958655,0.080404485,-0.09495138,-221025.8882
0.560934672,0.081932281,-0.104301103,-222245.9523
0.552264232,0.083453539,-0.113968254,-223662.2972
0.543577871,0.084966822,-0.123887099,-225435.2682
0.534878237,0.086470397,-0.134005743,-227293.4181
0.526167978,0.087962378,-0.144342816,-229148.9399
0.517449748,0.089440939,-0.154896268,-231076.9139
0.508726203,0.090904364,-0.165624127,-232924.9407
0.5,0.092351006,-0.176600788,-234706.1152
0.491273797,0.093779149,-0.187841558,-236662.6457
0.482550252,0.09518683,-0.199301129,-238768.3708
0.473832022,0.096571992,-0.210942885,-240924.9348
0.465121763,0.097932655,-0.222760814,-243152.6284
0.456422129,0.099266903,-0.234751939,-245353.0316
0.447735768,0.100572888,-0.24695581,-247560.1107
0.439065328,0.101848629,-0.259355417,-249947.9086
0.43041345,0.103091989,-0.271909095,-252463.5674
0.421782767,0.104300808,-0.284605929,-254954.1479
0.413175911,0.105473012,-0.297452825,-257566.5467
0.404595502,0.10660653,-0.31040584,-260377.8487
0.396044155,0.107699376,-0.323438324,-263144.3913
0.387524473,0.108749433,-0.33653853,-265830.6353
0.379039052,0.109754499,-0.349680544,-268603.1668
0.370590477,0.110712459,-0.362817927,-271443.869
0.362181322,0.111621252,-0.37591766,-274198.8026
0.353814148,0.112478887,-0.388978488,-276990.1411
0.345491503,0.113283427,-0.401976363,-279899.6496
0.337215923,0.11403294,-0.414885155,-282889.8473
0.328989928,0.114725522,-0.427673131,-285902.0264
0.320816025,0.115359358,-0.440251189,-288898.3116
0.312696703,0.115932512,-0.452553288,-291901.3754
0.304634436,0.116443176,-0.464521921,-294802.6835
0.296631678,0.11688965,-0.476075773,-297543.2308
0.288690869,0.117270355,-0.487164373,-300194.0278
0.280814427,0.117583846,-0.497834411,-302874.9954
0.27300475,0.117828676,-0.50814867,-305666.2713
0.265264219,0.118003281,-0.517979929,-308350.4929
0.25759519,0.118106283,-0.527179255,-310728.8314
0.25,0.118136375,-0.53567212,-312897.2306
0.242480963,0.118092336,-0.543402887,-314997.6609
0.235040368,0.117973121,-0.550282787,-316940.4496
0.227680482,0.117777743,-0.556251776,-318615.6768
0.220403548,0.117505316,-0.561266258,-320051.4923
0.213211782,0.117155142,-0.565002291,-321246.2541
0.206107374,0.116726504,-0.567435409,-322118.5581
0.199092488,0.11621887,-0.568813492,-322654.8102
0.192169262,0.115631801,-0.569081557,-322863.7764
0.185339804,0.1149648,-0.5679605,-322694.2554
0.178606195,0.114217524,-0.56541837,-322106.9615
0.171970486,0.113389781,-0.561364015,-321078.5713
0.165434697,0.112481313,-0.555681583,-319635.0952
0.15900082,0.111492135,-0.548318665,-317733.0721
0.152670815,0.110422332,-0.539194514,-315257.8207
0.146446609,0.10927205,-0.528249663,-312171.4976
0.1403301,0.108041692,-0.515431918,-308510.0821
0.134323149,0.106731599,-0.500575391,-304104.3878
0.128427587,0.10534212,-0.483625366,-298944.9263
0.12264521,0.10387385,-0.464595562,-293220.4809
0.116977778,0.102327274,-0.443352043,-286822.3344
0.111427019,0.100702888,-0.419796698,-279583.6175
0.105994623,0.099001476,-0.393903919,-271526.8226
0.100682245,0.09722381,-0.365625346,-262686.0764
0.095491503,0.095370827,-0.334981253,-253063.5113
0.090423978,0.093443633,-0.301968251,-242630.6645
0.085481214,0.09144302,-0.266490211,-231340.8652
0.080664716,0.089369865,-0.228524794,-219177.6213
0.075975952,0.087225275,-0.188082297,-206216.2995
0.07141635,0.085010223,-0.145126213,-192446.2046
0.066987298,0.082725884,-0.099742173,-177905.8314
0.062690146,0.080373614,-0.052014885,-162656.6599
0.058526204,0.077954458,-0.00196095,-146720.525
0.054496738,0.075469759,0.050287791,-130227.016
0.050602977,0.072920961,0.104546918,-113258.4305
0.046846106,0.070309423,0.160716884,-95904.42156
0.043227271,0.06763671,0.218531369,-78331.64139
0.039747573,0.06490445,0.277697232,-60718.74119
0.036408073,0.062114002,0.337808375,-43198.6719
0.033209787,0.059266911,0.398768995,-25997.63164
0.03015369,0.05636501,0.460065107,-9373.792257
0.027240712,0.053410425,0.521259948,6416.657899
0.024471742,0.050405344,0.581801788,21097.34963
0.021847622,0.047352329,0.641165896,34415.06279
0.019369152,0.044254263,0.698652371,46191.57738
0.017037087,0.041114031,0.753594416,56382.08272
0.014852137,0.037935317,0.805373996,64744.28427
0.012814968,0.034723062,0.853269607,70197.78208
0.0109262,0.031482441,0.896988144,71875.2547
0.009186408,0.028220375,0.936258933,70041.45418
0.007596123,0.024947295,0.969945336,64806.52085
0.00615583,0.021675688,0.996997478,59800.08329
0.004865966,0.01842219,1.021012404,160885.5429
0.003726924,0.015212092,1.036244351,113170.4972
0.002739052,0.012080281,1.04250974,68193.57694
0.001902651,0.009076531,1.043858153,7352.40986
0.001217975,0.006277683,1.042871888,-57965.17315
0.000685233,0.003797753,1.040128262,-107420.9735
0.000304586,0.001795778,1.031983845,-153254.9297
7.62E-05,0.00046861,1.025079526,-184472.3009
0,4.16E-10,1.022453206,-195367.8142
0.985147863,-0.001082764,0.234748611,-204162.8991
0.982962913,-0.001383371,0.240694593,-203532.6404
0.980630848,-0.00170055,0.24672589,-202709.9779
0.978152378,-0.002033518,0.252701698,-201827.6692
0.975528258,-0.002381254,0.25873116,-201021.9014
0.972759288,-0.002742663,0.264514126,-200334.1268
0.96984631,-0.003116695,0.270299501,-199734.7439
0.966790213,-0.003502354,0.276019406,-198947.7066
0.963591927,-0.003898613,0.281597955,-197686.4921
0.960252427,-0.004304335,0.287046699,-197042.4109
0.956772729,-0.004718305,0.292432833,-196319.3051
0.953153894,-0.00513925,0.297724619,-195767.6597
0.949397023,-0.005565889,0.302877692,-194813.9304
0.945503262,-0.005996879,0.307885875,-194276.0182
0.941473796,-0.006430863,0.312836253,-193440.4814
0.937309854,-0.006866503,0.317552255,-192580.8285
0.933012702,-0.007302495,0.322164974,-192004.7055
0.92858365,-0.007737501,0.326735481,-191451.4716
0.924024048,-0.008170026,0.331123183,-190847.0841
0.919335284,-0.008598404,0.335402233,-190355.9999
0.914518786,-0.009020934,0.339559999,-189725.9731
0.909576022,-0.009436049,0.343489243,-188844.4579
0.904508497,-0.009842349,0.347276296,-188331.5658
0.899317755,-0.010238422,0.350895971,-187870.3319
0.894005377,-0.010622633,0.354422939,-187605.7101
0.888572981,-0.010993154,0.357817005,-187133.0072
0.883022222,-0.011348115,0.361031974,-186388.7128
0.87735479,-0.0116858,0.363965833,-185915.4694
0.871572413,-0.01200462,0.366757425,-185484.2058
0.865676851,-0.012302997,0.369405063,-184860.713
0.8596699,-0.012579291,0.371837501,-184275.5556
0.853553391,-0.01283182,0.37404,-183947.4438
0.847329185,-0.013058898,0.376075331,-183623.9055
0.84099918,-0.013258804,0.377906578,-183256.8256
0.834565303,-0.013429795,0.379515979,-182754.6325
0.828029514,-0.013570131,0.380778109,-182339.9081
0.821393805,-0.013678167,0.381841421,-181884.6334
0.814660196,-0.013752327,0.382713896,-181534.6238
0.807830738,-0.013791043,0.383366995,-181314.8819
0.800907512,-0.013792664,0.3837983,-180701.5088
0.793892626,-0.013755482,0.383835664,-180114.2476
0.786788218,-0.013677807,0.383544231,-179820.0425
0.779596452,-0.013558042,0.382940546,-179291.172
0.772319518,-0.013394655,0.381789061,-178970.6434
0.764959632,-0.013186179,0.380229736,-179038.199
0.757519037,-0.01293154,0.37834487,-178940.2927
0.75,-0.012629872,0.376058341,-178514.8577
0.74240481,-0.012280119,0.373274358,-178099.1104
0.734735781,-0.011879488,0.369783712,-178060.2844
0.72699525,-0.011424437,0.365242638,-178483.6756
0.719185573,-0.010912741,0.359421889,-179342.9427
0.711309131,-0.010349604,0.35250847,-180454.4892
0.703368322,-0.009743072,0.344702037,-181762.8527
0.695365564,-0.009102132,0.336311147,-183581.7036
0.687303297,-0.00843742,0.328027987,-185406.1822
0.679183975,-0.007761113,0.320477214,-186978.2518
0.671010072,-0.007081914,0.313980888,-188811.2901
0.662784077,-0.006400334,0.308458888,-190428.029
0.654508497,-0.005712833,0.303449918,-191282.2877
0.646185852,-0.005017497,0.298603432,-192156.6788
0.637818678,-0.004314481,0.293933447,-193478.3619
0.629409523,-0.003604975,0.289479501,-194638.1156
0.620960948,-0.002889889,0.28521904,-195574.5072
0.612475527,-0.002169648,0.281157885,-196449.7842
0.603955845,-0.001444539,0.277227326,-197191.4624
0.595404498,-0.000714907,0.273399942,-198062.5629
0.586824089,1.88E-05,0.269734536,-198923.5119
0.578217233,0.000756294,0.266182555,-199689.1471
0.56958655,0.001496989,0.262681499,-200638.5639
0.560934672,0.002240489,0.259269211,-201708.4773
0.552264232,0.002986345,0.255960089,-202491.3606
0.543577871,0.003734096,0.252709453,-203159.8783
0.534878237,0.00448324,0.249519294,-203879.2419
0.526167978,0.005233267,0.246381853,-204691.3923
0.517449748,0.005983606,0.24328654,-205570.853
0.508726203,0.006733582,0.240237074,-206448.0984
0.5,0.00748247,0.23726324,-207283.7248
0.491273797,0.00822961,0.234368077,-208069.886
0.482550252,0.008974446,0.231514164,-208836.6572
0.473832022,0.00971644,0.22870067,-209663.9301
0.465121763,0.010454991,0.225927158,-210447.477
0.456422129,0.01118934,0.223198349,-211145.2814
0.447735768,0.011918705,0.220527038,-211958.6453
0.439065328,0.012642395,0.217915615,-212907.3008
0.43041345,0.013359825,0.215357042,-213825.2083
0.421782767,0.01407046,0.212846963,-214653.8544
0.413175911,0.01477363,0.210385307,-215435.0214
0.404595502,0.015468407,0.20797852,-216209.0958
0.396044155,0.016153857,0.205652796,-217113.491
0.387524473,0.016829186,0.203429902,-217982.0372
0.379039052,0.017493813,0.201256365,-218752.045
0.370590477,0.018147218,0.199136277,-219603.4264
0.362181322,0.018788739,0.197097621,-220495.7872
0.353814148,0.019417567,0.195138031,-221330.3527
0.345491503,0.020032885,0.193253815,-222207.3331
0.337215923,0.020633879,0.191451701,-223177.8245
0.328989928,0.021219715,0.189750794,-224130.079
0.320816025,0.0217896,0.188196555,-225035.6522
0.312696703,0.022342833,0.186793865,-225948.3306
0.304634436,0.022878852,0.185489781,-226852.4827
0.296631678,0.023397121,0.184285129,-227731.9731
0.288690869,0.023897016,0.183209099,-228591.2802
0.280814427,0.024377776,0.18225977,-229462.3515
0.27300475,0.024838694,0.181452021,-230358.8234
0.265264219,0.025279069,0.180786492,-231319.5798
0.25759519,0.02569821,0.180306258,-232201.861
0.25,0.026095497,0.18001417,-233014.4943
0.242480963,0.026470312,0.179899014,-233976.556
0.235040368,0.026822048,0.180021844,-234883.8431
0.227680482,0.027150177,0.180347972,-235695.2685
0.220403548,0.02745415,0.180873581,-236578.5005
0.213211782,0.027733411,0.181663105,-237478.5415
0.206107374,0.027987501,0.182691469,-238333.3878
0.199092488,0.028215985,0.183971055,-239081.4168
0.192169262,0.02841848,0.185523604,-239843.9574
0.185339804,0.02859468,0.187348072,-240684.1846
0.178606195,0.028744078,0.189478644,-241432.6637
0.171970486,0.028866035,0.191987132,-242128.2066
0.165434697,0.028960072,0.194895279,-242874.6986
0.15900082,0.029025906,0.198165509,-243449.8457
0.152670815,0.029063437,0.201796971,-243962.782
0.146446609,0.029072659,0.205752506,-244571.3881
0.1403301,0.029053181,0.210100217,-245145.9981
0.134323149,0.029004438,0.21496179,-245627.5548
0.128427587,0.028926087,0.220396712,-246009.911
0.12264521,0.028817947,0.226482293,-246259.0878
0.116977778,0.028680022,0.233057455,-246416.2457
0.111427019,0.028512461,0.240137559,-246602.9152
0.105994623,0.028314959,0.247834262,-246693.3981
0.100682245,0.02808711,0.256240349,-246619.8944
0.095491503,0.027828807,0.265393203,-246362.8362
0.090423978,0.027540018,0.275391055,-245951.0056
0.085481214,0.027220923,0.286241814,-245417.121
0.080664716,0.026871902,0.297841018,-244693.271
0.075975952,0.02649263,0.310364444,-243809.132
0.07141635,0.026082736,0.323997261,-242601.8351
0.066987298,0.025642297,0.338754225,-241163.8841
0.062690146,0.025171266,0.354794968,-239364.7706
0.058526204,0.024669893,0.372125203,-237260.8866
0.054496738,0.024138788,0.390685998,-234771.5587
0.050602977,0.023577581,0.410748459,-231820.19
0.046846106,0.022986066,0.432491457,-228309.9666
0.043227271,0.02236468,0.455979424,-224213.4338
0.039747573,0.021713184,0.481303594,-219383.8033
0.036408073,0.021031816,0.508925991,-213637.6393
0.033209787,0.020321495,0.538138602,-207090.0279
0.03015369,0.019581602,0.569986404,-199554.143
0.027240712,0.018812083,0.604210894,-191593.9775
0.024471742,0.018013945,0.640653347,-183737.6385
0.021847622,0.017186383,0.679941267,-173941.1428
0.019369152,0.01632958,0.721814015,-160808.8753
0.017037087,0.015445121,0.765574225,-143806.8048
0.014852137,0.014531846,0.811283912,-122470.379
0.012814968,0.013590041,0.858358193,-98138.81246
0.0109262,0.012621951,0.905355008,-73458.66558
0.009186408,0.011625638,0.951195584,-51501.13818
0.007596123,0.010601061,0.991823476,-34740.26503
0.00615583,0.009551264,1.024158469,-21673.26972
0.004865966,0.008474481,1.037080239,-11060.55165
0.003726924,0.007370637,1.032084231,-9364.528284
0.002739052,0.006244192,1.001536873,-21684.48646
0.001902651,0.005097434,0.948853461,-49718.47814
0.001217975,0.003931335,0.858607692,-95754.16065
0.000685233,0.002751086,0.707131423,-154371.9566
0.000304586,0.001590761,0.478060944,-210482.3112
7.62E-05,0.00055125,0.252716362,-260149.7811
0,-9.24E-06,0.129670248,-284833.1075
0.985147863,0.001547802,0.263092389,-197449.3549
0.982962913,0.00148599,0.266811462,-197173.6258
0.980630848,0.001423311,0.270452257,-196762.4441
0.978152378,0.001360231,0.274062356,-196402.8373
0.975528258,0.001297479,0.277571758,-196009.785
0.972759288,0.00123587,0.280943884,-195606.2775
0.96984631,0.001176278,0.284266751,-195305.6202
0.966790213,0.001119631,0.287498929,-194950.1176
0.963591927,0.001066924,0.290527171,-194541.8463
0.960252427,0.001019112,0.293551573,-193726.0312
0.956772729,0.000976994,0.296357611,-193340.6644
0.953153894,0.000941341,0.299134466,-193073.0294
0.949397023,0.000913066,0.301840211,-192574.5078
0.945503262,0.000893403,0.304473526,-192238.0201
0.941473796,0.000883698,0.307000569,-191614.2864
0.937309854,0.000885225,0.309415743,-190900.0599
0.933012702,0.000898968,0.311675414,-190668.6856
0.92858365,0.000925864,0.313814101,-190218.1097
0.924024048,0.000966959,0.315917249,-189804.2365
0.919335284,0.001023593,0.317882427,-189030.3499
0.914518786,0.001097192,0.319710843,-188919.2441
0.909576022,0.001189149,0.321501703,-188160.0753
0.904508497,0.001300702,0.323038602,-187329.5281
0.899317755,0.001433074,0.3244623,-186887.8911
0.894005377,0.001587556,0.325801276,-186561.1114
0.888572981,0.001765599,0.327007711,-185764.7286
0.883022222,0.001968709,0.32796699,-185174.4581
0.87735479,0.002198344,0.32881092,-184838.369
0.871572413,0.002455818,0.329371013,-184658.1168
0.865676851,0.002742423,0.329857831,-184166.3624
0.8596699,0.003059483,0.330133274,-183130.8381
0.853553391,0.003408402,0.330130703,-182671.7472
0.847329185,0.003790603,0.329975907,-182463.1957
0.84099918,0.00420752,0.329640312,-181777.3566
0.834565303,0.004660621,0.329011606,-180800.2426
0.828029514,0.005151369,0.328052538,-180512.5317
0.821393805,0.005681208,0.326878938,-180604.565
0.814660196,0.006251517,0.325465824,-180001.5138
0.807830738,0.006863669,0.32365198,-179368.2239
0.800907512,0.007518938,0.321548778,-178927.6644
0.793892626,0.008218494,0.319038112,-178409.0606
0.786788218,0.008963449,0.316121411,-178070.233
0.779596452,0.00975513,0.312905604,-177655.5993
0.772319518,0.010595033,0.309147567,-177241.9704
0.764959632,0.01148464,0.304766083,-177171.2081
0.757519037,0.012424624,0.299832365,-177169.9094
0.75,0.013414856,0.294411387,-177084.7351
0.74240481,0.014455478,0.288461463,-176820.5104
0.734735781,0.015549921,0.281576043,-176639.8094
0.72699525,0.016704005,0.272960675,-177074.4596
0.719185573,0.017921503,0.262155121,-178374.2788
0.711309131,0.019190635,0.249800948,-180463.7046
0.703368322,0.020492153,0.23710696,-182803.1498
0.695365564,0.021808476,0.224874358,-185145.8122
0.687303297,0.023132408,0.213401344,-187422.0058
0.679183975,0.024459631,0.202848808,-189617.6412
0.671010072,0.025786995,0.193180095,-191731.4199
0.662784077,0.027114647,0.184162787,-193535.3419
0.654508497,0.028444273,0.17548588,-195077.1649
0.646185852,0.029776557,0.166949554,-196678.1412
0.637818678,0.031110688,0.158542856,-198269.8639
0.629409523,0.032445161,0.150277043,-199675.28
0.620960948,0.033778758,0.142111757,-201240.1958
0.612475527,0.035110709,0.134081572,-203099.2531
0.603955845,0.036440347,0.126221866,-204758.3548
0.595404498,0.037766894,0.118469326,-205985.0898
0.586824089,0.039089324,0.110724412,-207141.8353
0.578217233,0.040406515,0.102979537,-208604.1166
0.56958655,0.041717412,0.095290661,-210316.4193
0.560934672,0.043021025,0.087657167,-212031.5758
0.552264232,0.044316371,0.080044842,-213618.5584
0.543577871,0.045602423,0.072498696,-214876.308
0.534878237,0.046878058,0.064935289,-216078.4283
0.526167978,0.048142142,0.057350658,-217699.3727
0.517449748,0.049393543,0.049801103,-219546.9974
0.508726203,0.050631133,0.042274325,-221208.9396
0.5,0.05185379,0.034725187,-222771.5074
0.491273797,0.053060331,0.027191501,-224383.2746
0.482550252,0.054249488,0.019682774,-225952.0119
0.473832022,0.055419987,0.01219452,-227477.3592
0.465121763,0.056570583,0.004700703,-229087.866
0.456422129,0.057700069,-0.002789272,-230820.9995
0.447735768,0.058807251,-0.010258899,-232574.4672
0.439065328,0.059890875,-0.017724613,-234288.6147
0.43041345,0.060949574,-0.025149923,-236023.9595
0.421782767,0.061982025,-0.032512279,-237764.0706
0.413175911,0.062986962,-0.039815003,-239475.714
0.404595502,0.063963179,-0.047070428,-241154.7696
0.396044155,0.064909505,-0.054276392,-242905.4413
0.387524473,0.065824761,-0.06141395,-244793.1093
0.379039052,0.066707774,-0.068481888,-246662.4705
0.370590477,0.067557422,-0.075513365,-248442.8552
0.362181322,0.068372349,-0.08246683,-250251.3929
0.353814148,0.069151115,-0.089275623,-252102.3597
0.345491503,0.069892377,-0.095920684,-254037.0821
0.337215923,0.070595,-0.102391594,-255971.4408
0.328989928,0.07125805,-0.108695447,-257774.3964
0.320816025,0.071880615,-0.114877187,-259608.379
0.312696703,0.072461581,-0.120913075,-261642.4323
0.304634436,0.072999747,-0.126737379,-263587.1074
0.296631678,0.073494024,-0.132328438,-265257.3031
0.288690869,0.073943404,-0.137637152,-266804.9323
0.280814427,0.074346966,-0.142671102,-268416.0704
0.27300475,0.074703873,-0.14741566,-270155.8002
0.265264219,0.0750133,-0.151854602,-271995.696
0.25759519,0.075274496,-0.15594277,-273783.8082
0.25,0.075486737,-0.159622937,-275399.3764
0.242480963,0.075649151,-0.162984868,-276943.2539
0.235040368,0.075760905,-0.166027504,-278465.1733
0.227680482,0.07582133,-0.168585925,-279909.4834
0.220403548,0.075829854,-0.170669802,-281263.8161
0.213211782,0.075786057,-0.172263746,-282468.9438
0.206107374,0.075689603,-0.17336501,-283634.6973
0.199092488,0.075539916,-0.173908965,-284706.5553
0.192169262,0.07533658,-0.173765289,-285592.4053
0.185339804,0.075079287,-0.172877496,-286397.2467
0.178606195,0.074767669,-0.171349151,-286965.6279
0.171970486,0.074401561,-0.169209838,-287369.9987
0.165434697,0.073980868,-0.166327531,-287744.227
0.15900082,0.073505324,-0.16263949,-287924.9764
0.152670815,0.072974911,-0.15810479,-287842.8446
0.146446609,0.072389683,-0.152679206,-287483.5859
0.1403301,0.071749639,-0.146372184,-286977.4842
0.134323149,0.071055049,-0.139152923,-286151.2706
0.128427587,0.070306052,-0.130914341,-284917.0275
0.12264521,0.069502521,-0.121503754,-283414.9679
0.116977778,0.06864467,-0.11089982,-281565.4259
0.111427019,0.067732764,-0.099051633,-279420.8565
0.105994623,0.066767128,-0.085875143,-276840.6302
0.100682245,0.065748438,-0.07143092,-273771.0893
0.095491503,0.064677072,-0.055617736,-270258.5914
0.090423978,0.063553032,-0.038258726,-266207.6597
0.085481214,0.062376816,-0.019290735,-261625.6297
0.080664716,0.061148843,0.001402848,-256425.2328
0.075975952,0.059869473,0.023948807,-250532.6251
0.07141635,0.058539633,0.048274749,-244000.8304
0.066987298,0.057159874,0.074544228,-236680.3278
0.062690146,0.055730585,0.102897689,-228561.0494
0.058526204,0.054252791,0.133239832,-219673.7708
0.054496738,0.0527269,0.165776381,-209869.1916
0.050602977,0.051153079,0.200731575,-199066.2876
0.046846106,0.049532278,0.238016184,-187313.0845
0.043227271,0.047865112,0.277733081,-174549.2433
0.039747573,0.046152225,0.319977601,-160728.4319
0.036408073,0.04439507,0.364321244,-145986.2096
0.033209787,0.042594046,0.411100605,-130192.4446
0.03015369,0.040749267,0.45999351,-113337.4062
0.027240712,0.038861843,0.510977695,-95802.57839
0.024471742,0.036932399,0.564054435,-77696.70298
0.021847622,0.034961639,0.61844497,-59486.96741
0.019369152,0.032951193,0.673635351,-41526.10158
0.017037087,0.03090179,0.728747527,-23594.2008
0.014852137,0.028813869,0.783100302,-6098.994735
0.012814968,0.026688724,0.835628359,9867.974629
0.0109262,0.024527934,0.885022888,22625.40581
0.009186408,0.022333114,0.930758759,31217.18413
0.007596123,0.020106301,0.971127513,35576.00771
0.00615583,0.01785089,1.003822188,34476.94651
0.004865966,0.01557068,1.029651625,108301.2418
0.003726924,0.013269648,1.042632982,61506.50611
0.002739052,0.010957589,1.04122765,-3404.145225
0.001902651,0.008650677,1.031753181,-86844.85136
0.001217975,0.006372635,1.010358676,-51883.92983
0.000685233,0.004175227,0.97615201,-71912.13551
0.000304586,0.002174737,0.936739606,-98493.98832
7.62E-05,0.000625807,0.899111889,-119608.069
0,2.40E-08,0.882282661,-128723.5025
0.985147863,0.004040411,0.249409936,-185592.4199
0.982962913,0.004205878,0.251352752,-185478.0039
0.980630848,0.004385399,0.253212585,-185358.5926
0.978152378,0.004579416,0.255061721,-185309.7026
0.975528258,0.004788573,0.256894559,-184848.9854
0.972759288,0.005013634,0.25865699,-184650.6806
0.96984631,0.005255404,0.260255503,-184180.8698
0.966790213,0.005514551,0.261819268,-183990.7727
0.963591927,0.005791717,0.263260572,-183642.0325
0.960252427,0.006087572,0.264669322,-183209.3097
0.956772729,0.006402856,0.265964062,-182923.308
0.953153894,0.006738364,0.267196287,-182399.2817
0.949397023,0.007094923,0.268401001,-181795.845
0.945503262,0.007473433,0.269365053,-181419.2467
0.941473796,0.00787482,0.270325852,-181033.7547
0.937309854,0.008300067,0.271231059,-180354.0111
0.933012702,0.008750173,0.271879909,-180065.2877
0.92858365,0.00922617,0.27250778,-179719.696
0.924024048,0.009729098,0.272987578,-179041.5591
0.919335284,0.010259914,0.273285615,-178431.4423
0.914518786,0.010819526,0.273461664,-177906.189
0.909576022,0.011408871,0.273544804,-177378.1231
0.904508497,0.012029072,0.273440591,-176930.7954
0.899317755,0.01268139,0.273251653,-176422.0602
0.894005377,0.013367096,0.272851426,-175694.7507
0.888572981,0.014087382,0.27223647,-175052.2629
0.883022222,0.014843388,0.271443666,-174605.1097
0.87735479,0.015636276,0.270477729,-174117.5451
0.871572413,0.016467144,0.269297871,-173385.822
0.865676851,0.017337088,0.267880702,-172889.3822
0.8596699,0.018247224,0.266229415,-172418.9347
0.853553391,0.019198767,0.264394065,-171700.3804
0.847329185,0.020192962,0.262283408,-171000.3442
0.84099918,0.021231077,0.259890429,-170185.885
0.834565303,0.022314296,0.257143705,-169710.7899
0.828029514,0.023443801,0.254141626,-169335.8532
0.821393805,0.02462075,0.250789062,-168727.3729
0.814660196,0.025846264,0.247055953,-168243.7805
0.807830738,0.027121437,0.242945366,-167663.2731
0.800907512,0.028447336,0.238413506,-166800.7761
0.793892626,0.029824848,0.233386716,-166094.2149
0.786788218,0.031254818,0.22789125,-165838.8178
0.779596452,0.032738309,0.221884207,-165784.7926
0.772319518,0.034276884,0.215243846,-165588.9701
0.764959632,0.035872197,0.207803505,-165233.9963
0.757519037,0.037524598,0.199535936,-164793.1869
0.75,0.039232079,0.190564846,-164551.8442
0.74240481,0.040993071,0.181005064,-164759.7517
0.734735781,0.042811404,0.170309876,-165211.5058
0.72699525,0.044698835,0.15698376,-165979.0276
0.719185573,0.046661823,0.140077307,-167720.7479
0.711309131,0.048680031,0.120721675,-170889.0962
0.703368322,0.050712037,0.10196955,-174718.9769
0.695365564,0.052724075,0.085810134,-178204.2719
0.687303297,0.054716171,0.071937157,-181094.6565
0.679183975,0.056698847,0.059208536,-183554.3144
0.671010072,0.058680401,0.04671928,-185777.8742
0.662784077,0.060661621,0.034254437,-187996.9996
0.654508497,0.062641087,0.021832089,-190265.6112
0.646185852,0.064617604,0.009469935,-192482.1571
0.637818678,0.066589928,-0.002898486,-194658.8645
0.629409523,0.068556882,-0.015311593,-196840.2475
0.620960948,0.070517136,-0.027674458,-198954.6716
0.612475527,0.072469177,-0.040055033,-201158.5268
0.603955845,0.074411413,-0.052507058,-203592.3758
0.595404498,0.076342266,-0.064953541,-205818.2352
0.586824089,0.07826021,-0.077469237,-207898.3658
0.578217233,0.080163722,-0.090070026,-210162.4005
0.56958655,0.08205129,-0.102675164,-212471.4834
0.560934672,0.083921455,-0.115329454,-214534.4769
0.552264232,0.085772753,-0.128144414,-216761.7589
0.543577871,0.087603516,-0.141098912,-219355.4776
0.534878237,0.089411742,-0.15413567,-222008.9419
0.526167978,0.091195427,-0.167208672,-224542.5701
0.517449748,0.092952819,-0.180318406,-227086.5808
0.508726203,0.094682432,-0.193521248,-229713.249
0.5,0.096382835,-0.206870799,-232261.3719
0.491273797,0.098052181,-0.220352844,-234800.3651
0.482550252,0.099688315,-0.233908925,-237456.0234
0.473832022,0.101289102,-0.247490011,-240209.9237
0.465121763,0.102852672,-0.261095808,-242940.6901
0.456422129,0.104377441,-0.274771833,-245635.0228
0.447735768,0.105861843,-0.288552413,-248477.6305
0.439065328,0.107303949,-0.302394052,-251527.45
0.43041345,0.10870168,-0.316253971,-254641.7194
0.421782767,0.110053028,-0.3301062,-257682.7101
0.413175911,0.111356124,-0.343922666,-260656.6759
0.404595502,0.11260921,-0.357698123,-263591.1029
0.396044155,0.113810579,-0.371450647,-266583.7395
0.387524473,0.114958353,-0.385147856,-269673.0112
0.379039052,0.116050628,-0.398742587,-272828.6803
0.370590477,0.117085622,-0.412198246,-276002.5354
0.362181322,0.118061617,-0.425461593,-279158.8534
0.353814148,0.118977023,-0.438518669,-282310.4067
0.345491503,0.119830259,-0.451417799,-285486.9595
0.337215923,0.120619685,-0.464120772,-288604.425
0.328989928,0.121343703,-0.476520395,-291572.2901
0.320816025,0.122000835,-0.488567463,-294491.6062
0.312696703,0.12258958,-0.500239188,-297530.5646
0.304634436,0.123108597,-0.511480177,-300601.6354
0.296631678,0.123556513,-0.522162305,-303518.7083
0.288690869,0.123931891,-0.532236675,-306247.8571
0.280814427,0.12423339,-0.541766868,-308862.9993
0.27300475,0.124459891,-0.550753021,-311352.2515
0.265264219,0.124610445,-0.559082137,-313759.225
0.25759519,0.124684313,-0.566716461,-316088.075
0.25,0.124680589,-0.573591219,-318218.5222
0.242480963,0.124598286,-0.579607011,-320050.8577
0.235040368,0.124436571,-0.584667958,-321603.7699
0.227680482,0.124194774,-0.588674353,-322933.6114
0.220403548,0.123872351,-0.591517971,-324034.9223
0.213211782,0.12346899,-0.593109335,-324820.9836
0.206107374,0.122984179,-0.593522998,-325327.5141
0.199092488,0.122417402,-0.592725665,-325495.8727
0.192169262,0.121768362,-0.590568825,-325228.8978
0.185339804,0.121036896,-0.586956078,-324523.24
0.178606195,0.120223004,-0.581840877,-323403.7518
0.171970486,0.119326888,-0.575157384,-321870.8085
0.165434697,0.118348649,-0.566868774,-319933.7853
0.15900082,0.117288482,-0.55692177,-317484.7868
0.152670815,0.116146781,-0.545267866,-314401.9528
0.146446609,0.114923736,-0.531780574,-310644.0233
0.1403301,0.113619674,-0.516346457,-306313.2799
0.134323149,0.112235125,-0.498858499,-301363.1015
0.128427587,0.110770542,-0.479254092,-295685.8976
0.12264521,0.109226584,-0.457538249,-289319.1796
0.116977778,0.107604063,-0.433648911,-282246.0433
0.111427019,0.105903725,-0.407538608,-274423.4093
0.105994623,0.104126537,-0.379252218,-265871.4363
0.100682245,0.10227348,-0.348736953,-256567.3271
0.095491503,0.100345205,-0.315862861,-246434.0283
0.090423978,0.098342565,-0.280596413,-235459.1149
0.085481214,0.096266648,-0.242928787,-223743.0615
0.080664716,0.094118556,-0.202860452,-211258.7126
0.075975952,0.091899711,-0.160543169,-198002.5234
0.07141635,0.089611409,-0.116012306,-184054.0488
0.066987298,0.08725446,-0.06918022,-169374.8014
0.062690146,0.084829955,-0.020102332,-154026.0639
0.058526204,0.082339192,0.031147352,-138063.0138
0.054496738,0.079783492,0.0843764,-121618.972
0.050602977,0.077164511,0.139360884,-104844.6091
0.046846106,0.074483705,0.195971278,-87766.64315
0.043227271,0.071742139,0.254072738,-70507.39409
0.039747573,0.068941149,0.313251598,-53270.33928
0.036408073,0.066082189,0.37325004,-36245.32798
0.033209787,0.063166726,0.433836717,-19626.25435
0.03015369,0.060196391,0.494549333,-3643.292011
0.027240712,0.05717288,0.554906462,11440.31876
0.024471742,0.054097854,0.614418915,25401.9361
0.021847622,0.050972928,0.672541027,38049.08876
0.019369152,0.047800177,0.728611136,49233.74519
0.017037087,0.044582002,0.781850576,58719.47159
0.014852137,0.041320598,0.831779139,65618.52714
0.012814968,0.038019183,0.877908412,68703.28754
0.0109262,0.034682073,0.919872543,68631.91721
0.009186408,0.031313515,0.956631376,65238.87227
0.007596123,0.027919374,0.986833547,59966.01929
0.00615583,0.024507917,1.014751478,173985.2807
0.004865966,0.021088706,1.033227158,129407.9213
0.003726924,0.017676928,1.041259271,83044.99548
0.002739052,0.014298599,1.042596794,20479.3995
0.001902651,0.010992202,1.041888234,-60806.20855
0.001217975,0.007820293,1.038185144,-124772.2001
0.000685233,0.004893437,1.022815009,-115488.8229
0.000304586,0.002401305,1.007716599,-68002.68948
7.62E-05,0.000647265,0.994693858,-73545.1506
0,3.99E-11,0.989323066,-75607.50158
0.985147863,0.000238193,0.189585423,-207409.2873
0.982962913,0.000121522,0.190318185,-207858.7948
0.980630848,-2.48E-06,0.191072588,-208337.9277
0.978152378,-0.000133652,0.191974175,-208775.8779
0.975528258,-0.000271856,0.192824383,-208662.3893
0.972759288,-0.000416946,0.193707576,-209160.7892
0.96984631,-0.000568681,0.19481655,-209345.6495
0.966790213,-0.000726747,0.195840681,-209396.8553
0.963591927,-0.000890798,0.196907971,-209551.5375
0.960252427,-0.001060669,0.197978616,-209576.2179
0.956772729,-0.001236322,0.19899541,-209690.0844
0.953153894,-0.001417734,0.200199755,-210008.1176
0.949397023,-0.001604679,0.201515427,-209568.6315
0.945503262,-0.001796774,0.202753846,-209674.1347
0.941473796,-0.001993622,0.204074815,-209818.5698
0.937309854,-0.002194952,0.205366352,-209936.3525
0.933012702,-0.002400595,0.206802841,-209642.855
0.92858365,-0.002610381,0.208191185,-209747.5484
0.924024048,-0.002823983,0.209721285,-209359.4176
0.919335284,-0.003040953,0.211122583,-209276.4595
0.914518786,-0.00326082,0.212571385,-209614.0673
0.909576022,-0.00348331,0.214103616,-209322.4125
0.904508497,-0.003708276,0.215567953,-209036.1641
0.899317755,-0.003935586,0.217077512,-208987.8737
0.894005377,-0.004164888,0.218634589,-209060.2348
0.888572981,-0.004395668,0.220258813,-208912.4621
0.883022222,-0.004627403,0.221809614,-208723.7614
0.87735479,-0.004859749,0.223330425,-208810.0386
0.871572413,-0.005092522,0.224965239,-208561.1144
0.865676851,-0.005325531,0.226523868,-208015.4273
0.8596699,-0.005558435,0.228106023,-208089.6108
0.853553391,-0.005790748,0.229715033,-208217.5946
0.847329185,-0.006021988,0.231349284,-208070.6521
0.84099918,-0.006251776,0.232946498,-207690.1907
0.834565303,-0.006479836,0.234456059,-207733.2275
0.828029514,-0.006705896,0.236031244,-207775.7495
0.821393805,-0.006929598,0.23761659,-207505.4409
0.814660196,-0.007150526,0.23920277,-207163.5533
0.807830738,-0.007368272,0.240736184,-207054.6318
0.800907512,-0.007582503,0.242213888,-207159.3735
0.793892626,-0.007792966,0.243772646,-207001.5061
0.786788218,-0.007999407,0.245292651,-206760.928
0.779596452,-0.008201517,0.246793753,-206697.9755
0.772319518,-0.008398934,0.248291574,-206577.9977
0.764959632,-0.008591301,0.249732791,-206528.3574
0.757519037,-0.008778273,0.251198766,-206436.4803
0.75,-0.008959519,0.252622911,-206289.8353
0.74240481,-0.009134717,0.253977605,-206257.5071
0.734735781,-0.009303663,0.255334113,-206380.0185
0.72699525,-0.00946624,0.256721447,-206322.2025
0.719185573,-0.009622341,0.258072568,-206068.3063
0.711309131,-0.009771698,0.259374322,-206043.5909
0.703368322,-0.009913916,0.26069871,-206092.0036
0.695365564,-0.010048633,0.261984901,-205997.2998
0.687303297,-0.010175716,0.263168626,-206023.817
0.679183975,-0.010295245,0.264351942,-206185.8904
0.671010072,-0.010407289,0.265558239,-206292.4473
0.662784077,-0.010511788,0.26672863,-206316.8626
0.654508497,-0.010608544,0.26792635,-206147.4006
0.646185852,-0.010697387,0.269111593,-205937.4827
0.637818678,-0.010778204,0.270249543,-205895.7693
0.629409523,-0.010850939,0.271358227,-206000.1795
0.620960948,-0.010915551,0.272435247,-206123.7099
0.612475527,-0.010972106,0.273481279,-206214.2733
0.603955845,-0.011020741,0.274500567,-206391.2174
0.595404498,-0.011061604,0.275511672,-206541.3987
0.586824089,-0.011094825,0.276519692,-206529.5818
0.578217233,-0.011120518,0.277518085,-206639.083
0.56958655,-0.011138818,0.278556684,-206937.2384
0.560934672,-0.011149922,0.279660068,-206835.9197
0.552264232,-0.011154067,0.280696324,-206651.0458
0.543577871,-0.011151502,0.281704556,-206889.9882
0.534878237,-0.011142464,0.282762485,-207207.9335
0.526167978,-0.011127179,0.283848741,-207379.4504
0.517449748,-0.011105904,0.284941259,-207590.2787
0.508726203,-0.011078963,0.286061702,-207744.3756
0.5,-0.011046739,0.287186113,-207767.6192
0.491273797,-0.011009626,0.288376713,-207855.017
0.482550252,-0.010968078,0.289615159,-208025.8726
0.473832022,-0.010922577,0.290909579,-208242.4519
0.465121763,-0.010873598,0.29228538,-208448.1842
0.456422129,-0.010821572,0.293743817,-208589.8942
0.447735768,-0.010766889,0.295275573,-208742.6065
0.439065328,-0.010709977,0.296891294,-209041.3577
0.43041345,-0.010651418,0.298632598,-209310.39
0.421782767,-0.010591864,0.300522395,-209297.3902
0.413175911,-0.010531936,0.302534481,-209334.128
0.404595502,-0.010472132,0.304709113,-209582.2635
0.396044155,-0.010412845,0.307082138,-209785.3497
0.387524473,-0.010354619,0.309648977,-209874.2288
0.379039052,-0.010298348,0.312454551,-210042.792
0.370590477,-0.010245152,0.315617666,-210155.7543
0.362181322,-0.010195848,0.319214653,-210026.1327
0.353814148,-0.010150026,0.323132311,-210028.2915
0.345491503,-0.010106749,0.327275754,-210310.5843
0.337215923,-0.010066445,0.331688787,-210435.6225
0.328989928,-0.010033402,0.337168554,-210158.6349
0.320816025,-0.010014703,0.34456737,-209266.9192
0.312696703,-0.010010221,0.353941882,-207583.3477
0.304634436,-0.010005427,0.364524327,-205378.9213
0.296631678,-0.009978686,0.374961449,-203106.3691
0.288690869,-0.009913076,0.384093541,-201062.839
0.280814427,-0.009798676,0.391548629,-199498.5795
0.27300475,-0.00962847,0.397007814,-198418.6321
0.265264219,-0.009399187,0.400487845,-197655.5945
0.25759519,-0.009115459,0.402587249,-197128.2084
0.25,-0.008782516,0.403874485,-196772.5825
0.242480963,-0.00840428,0.404529092,-196471.9703
0.235040368,-0.007983057,0.404567381,-196253.5313
0.227680482,-0.007521165,0.404005661,-196241.488
0.220403548,-0.007021515,0.402906374,-196464.143
0.213211782,-0.006487432,0.401300916,-196780.6542
0.206107374,-0.005922146,0.399241176,-197078.7488
0.199092488,-0.005328791,0.396784692,-197464.9707
0.192169262,-0.004710398,0.393946464,-198021.9214
0.185339804,-0.004070001,0.390756986,-198677.7639
0.178606195,-0.003410779,0.387243545,-199432.6239
0.171970486,-0.002735858,0.383437845,-200274.2911
0.165434697,-0.002048316,0.379347968,-201202.5444
0.15900082,-0.001351241,0.375005836,-202264.4222
0.152670815,-0.000647588,0.370398987,-203447.9968
0.146446609,5.96E-05,0.365565442,-204777.6692
0.1403301,0.000767284,0.360536593,-206151.0597
0.134323149,0.001472472,0.355308422,-207621.7567
0.128427587,0.002172135,0.349912527,-209173.9393
0.12264521,0.002863228,0.344377173,-210885.7934
0.116977778,0.003542923,0.338732086,-212696.527
0.111427019,0.004208293,0.333036271,-214633.2687
0.105994623,0.00485655,0.327303229,-216698.6316
0.100682245,0.00548512,0.321523411,-218874.4493
0.095491503,0.006091275,0.31577752,-221158.6374
0.090423978,0.006672532,0.310050868,-223564.2389
0.085481214,0.007226504,0.304347314,-226131.6927
0.080664716,0.007750329,0.298804768,-228835.1854
0.075975952,0.008241518,0.293504945,-231586.3002
0.07141635,0.008697797,0.288465015,-234467.9921
0.066987298,0.009116717,0.283849755,-237489.3875
0.062690146,0.009496426,0.279635056,-240592.039
0.058526204,0.009834936,0.275869772,-243734.8487
0.054496738,0.010129798,0.272860647,-246974.7225
0.050602977,0.010379392,0.270563585,-250284.1757
0.046846106,0.010581781,0.269124174,-253406.7833
0.043227271,0.0107347,0.269131186,-256427.3817
0.039747573,0.010837032,0.270616912,-259416.2415
0.036408073,0.010887057,0.273485019,-262179.3698
0.033209787,0.010882914,0.278603982,-264459.7995
0.03015369,0.010824244,0.285694563,-266229.9354
0.027240712,0.010709262,0.295866348,-267256.5494
0.024471742,0.010536097,0.309822237,-267305.7237
0.021847622,0.010305034,0.327124189,-266863.5737
0.019369152,0.010014546,0.349495454,-266222.3989
0.017037087,0.009663498,0.377879279,-264346.7831
0.014852137,0.009253638,0.411994681,-256996.8612
0.012814968,0.008783642,0.453473208,-241263.8406
0.0109262,0.008252635,0.504501133,-219264.9006
0.009186408,0.007663982,0.563877863,-196782.42
0.007596123,0.007017823,0.629194918,-155459.2882
0.00615583,0.006314522,0.703513334,-112852.622
0.004865966,0.005560264,0.784755015,-76623.64438
0.003726924,0.004761814,0.865907772,-46784.68752
0.002739052,0.003925896,0.938651221,-21872.41193
0.001902651,0.003064934,0.993160763,-5857.87975
0.001217975,0.002204448,1.027423988,-1811.603192
0.000685233,0.001389323,1.038894764,-9496.137806
0.000304586,0.000684611,1.031942364,-25468.68086
7.62E-05,0.000184887,1.017555831,-41146.79048
0,-7.24E-10,1.010910079,-47770.35535
0.985147863,0.002894448,0.227735547,-189937.4718
0.982962913,0.003018447,0.225464621,-190882.06
0.980630848,0.00315075,0.223157148,-191862.8497
0.978152378,0.003291392,0.221009201,-192882.2467
0.975528258,0.003440314,0.21874156,-193382.7403
0.972759288,0.003597436,0.216500956,-194429.7583
0.96984631,0.003762716,0.214360201,-195090.3018
0.966790213,0.003936146,0.212219396,-195668.2251
0.963591927,0.004117734,0.210092952,-196459.1188
0.960252427,0.004307446,0.208024019,-197117.7759
0.956772729,0.004505195,0.205963835,-197674.1054
0.953153894,0.004710882,0.20396155,-198271.1499
0.949397023,0.004924437,0.202014744,-198829.2388
0.945503262,0.005145833,0.200119937,-199343.5253
0.941473796,0.005375062,0.198272501,-199811.6121
0.937309854,0.005612131,0.196459345,-200487.5883
0.933012702,0.005857079,0.194706702,-200940.3283
0.92858365,0.006109967,0.192955383,-201452.3565
0.924024048,0.006370782,0.191245417,-201898.4764
0.919335284,0.006639409,0.189581758,-201936.1845
0.914518786,0.00691571,0.187890665,-202501.4789
0.909576022,0.007199622,0.186269552,-203369.7769
0.904508497,0.007491212,0.184822992,-203652.7939
0.899317755,0.007790556,0.183307342,-203729.3242
0.894005377,0.008097697,0.181777774,-204067.5899
0.888572981,0.008412571,0.180324282,-204485.3131
0.883022222,0.00873509,0.178843278,-205059.8198
0.87735479,0.009065219,0.177449409,-205582.7868
0.871572413,0.009402986,0.176094662,-205795.9577
0.865676851,0.009748432,0.174757801,-205756.6006
0.8596699,0.010101602,0.173365305,-206110.6602
0.853553391,0.010462513,0.172022324,-206619.616
0.847329185,0.010831197,0.170693913,-207023.9867
0.84099918,0.011207637,0.169372066,-207346.2686
0.834565303,0.011591742,0.168058016,-207360.0579
0.828029514,0.011983402,0.166739179,-207739.8609
0.821393805,0.012382558,0.165423246,-208319.5888
0.814660196,0.012789257,0.164165804,-208397.4058
0.807830738,0.013203568,0.162838217,-208598.3492
0.800907512,0.01362551,0.161516172,-209044.0034
0.793892626,0.014055007,0.160215808,-209350.1076
0.786788218,0.014491953,0.158858695,-209596.1548
0.779596452,0.014936272,0.15745613,-209851.9935
0.772319518,0.015387935,0.156081582,-210207.574
0.764959632,0.015846923,0.154689065,-210585.3684
0.757519037,0.016313154,0.153261405,-210901.576
0.75,0.016786441,0.151814806,-211177.578
0.74240481,0.017266557,0.150301334,-211427.1976
0.734735781,0.017753307,0.148751895,-211762.1395
0.72699525,0.018246556,0.14722384,-212018.7419
0.719185573,0.018746164,0.145675106,-212193.8955
0.711309131,0.019251941,0.144048276,-212563.5083
0.703368322,0.019763613,0.142364776,-213101.6214
0.695365564,0.020280863,0.140681383,-213514.5184
0.687303297,0.020803435,0.138989616,-213881.9436
0.679183975,0.021331139,0.137224891,-214397.828
0.671010072,0.021863802,0.135376948,-215010.6807
0.662784077,0.022401132,0.133505134,-215475.3504
0.654508497,0.022942651,0.13161239,-215704.6403
0.646185852,0.023487835,0.129645326,-216020.9601
0.637818678,0.024036185,0.127651592,-216390.545
0.629409523,0.024587241,0.125587667,-216736.4873
0.620960948,0.025140547,0.123428198,-217438.5372
0.612475527,0.02569559,0.121263874,-218243.8996
0.603955845,0.026251802,0.119120219,-218731.2267
0.595404498,0.026808592,0.116922747,-219115.1478
0.586824089,0.02736536,0.114651126,-219762.7084
0.578217233,0.027921504,0.112367223,-220428.2032
0.56958655,0.0284764,0.110054052,-220886.5974
0.560934672,0.029029317,0.107656134,-221482.3623
0.552264232,0.029579377,0.105239153,-222227.6499
0.543577871,0.030125673,0.102854337,-222822.1757
0.534878237,0.030667402,0.100454897,-223329.9023
0.526167978,0.031203879,0.097998209,-224097.9469
0.517449748,0.031734417,0.095535034,-225030.2866
0.508726203,0.032258154,0.093086322,-225906.7065
0.5,0.032774059,0.090641695,-226787.1819
0.491273797,0.033281081,0.088223522,-227631.9747
0.482550252,0.033778162,0.085856297,-228316.7936
0.473832022,0.034264231,0.083530673,-228953.1276
0.465121763,0.034738249,0.081249237,-229806.119
0.456422129,0.035199236,0.079077447,-230685.0257
0.447735768,0.035646299,0.076986275,-231428.9945
0.439065328,0.036078532,0.074954704,-232252.8819
0.43041345,0.036494763,0.07303179,-233175.7529
0.421782767,0.036893584,0.071278683,-234009.398
0.413175911,0.037273673,0.06971995,-234843.8295
0.404595502,0.037634005,0.068395233,-235791.8023
0.396044155,0.037973785,0.067287418,-236750.8869
0.387524473,0.038292134,0.066375442,-237629.9072
0.379039052,0.038587644,0.065765122,-238387.0344
0.370590477,0.038858484,0.065640983,-239113.0266
0.362181322,0.039103225,0.066103899,-239921.9911
0.353814148,0.039321641,0.067084122,-240643.9055
0.345491503,0.039514297,0.068358173,-241242.6414
0.337215923,0.03968063,0.070015588,-241950.7183
0.328989928,0.03981631,0.072941209,-242597.6515
0.320816025,0.039913905,0.078416394,-242527.9196
0.312696703,0.039972587,0.086882801,-241318.7306
0.304634436,0.040005579,0.097061287,-239348.3428
0.296631678,0.040032697,0.106803666,-237382.2844
0.288690869,0.04007017,0.115031907,-235809.9933
0.280814427,0.040126853,0.121159763,-234823.3811
0.27300475,0.040209801,0.124621338,-234393.3122
0.265264219,0.040319214,0.125529134,-234347.6666
0.25759519,0.040449506,0.124739781,-234595.1687
0.25,0.040595056,0.123061509,-235088.4895
0.242480963,0.040752184,0.120703665,-235714.3651
0.235040368,0.040918221,0.117571262,-236459.301
0.227680482,0.041090267,0.113742205,-237458.8026
0.220403548,0.041265087,0.109361981,-238683.593
0.213211782,0.04143955,0.104511354,-239968.2256
0.206107374,0.041610216,0.09918974,-241328.3116
0.199092488,0.041773589,0.093537681,-242808.1246
0.192169262,0.041926489,0.087683672,-244398.9
0.185339804,0.042066156,0.081617618,-246058.3027
0.178606195,0.042190141,0.075297561,-247770.065
0.171970486,0.042295635,0.068856362,-249629.648
0.165434697,0.042379588,0.06237226,-251569.6702
0.15900082,0.042439218,0.055830716,-253525.6585
0.152670815,0.04247197,0.049320879,-255523.8585
0.146446609,0.042475608,0.042858869,-257549.6217
0.1403301,0.042447881,0.036484372,-259605.9746
0.134323149,0.042386124,0.03029043,-261688.2202
0.128427587,0.042287978,0.024406918,-263742.3006
0.12264521,0.042151263,0.018959762,-265709.162
0.116977778,0.041974003,0.014062846,-267603.6275
0.111427019,0.041754583,0.009607805,-269428.0464
0.105994623,0.041491041,0.005667184,-271139.1974
0.100682245,0.041181579,0.002424733,-272661.5965
0.095491503,0.04082465,-2.16E-05,-273961.6557
0.090423978,0.040418312,-0.001535311,-275083.8334
0.085481214,0.039961072,-0.001985966,-275867.0662
0.080664716,0.039451592,-0.001135936,-276255.0273
0.075975952,0.038888316,0.001179115,-276215.1688
0.07141635,0.038270374,0.005006986,-275625.0965
0.066987298,0.037596677,0.010620086,-274433.4981
0.062690146,0.03686591,0.018316622,-272389.4672
0.058526204,0.036077664,0.028215971,-269470.6037
0.054496738,0.035230954,0.040755443,-265604.3857
0.050602977,0.03432495,0.056138402,-260610.1634
0.046846106,0.033359722,0.074470644,-254392.0009
0.043227271,0.03233447,0.096292374,-246666.9892
0.039747573,0.031248819,0.12195064,-237292.297
0.036408073,0.030103364,0.151438615,-226210.217
0.033209787,0.028898136,0.185304953,-213225.3571
0.03015369,0.027633879,0.223461353,-198267.4188
0.027240712,0.026312235,0.265903891,-181269.7135
0.024471742,0.024933781,0.312561806,-162058.6203
0.021847622,0.02349974,0.363960224,-140999.1953
0.019369152,0.022012681,0.419392431,-119069.3234
0.017037087,0.020475453,0.477888048,-96778.40301
0.014852137,0.018891788,0.539315039,-73920.08935
0.012814968,0.017266819,0.602294417,-50331.01274
0.0109262,0.015607137,0.663919379,-25509.73076
0.009186408,0.01392063,0.725346205,-3224.568914
0.007596123,0.012216922,0.784576019,15373.86567
0.00615583,0.010509757,0.84045164,29592.16488
0.004865966,0.008817482,0.890526029,39441.34829
0.003726924,0.007162174,0.933147237,44604.55829
0.002739052,0.005571639,0.968711951,45926.37508
0.001902651,0.004083776,0.99423097,43421.22282
0.001217975,0.002745496,1.016550045,91032.02123
0.000685233,0.001611245,1.030670115,133264.6802
0.000304586,0.000740204,1.035842693,109959.4951
7.62E-05,0.000189019,1.039130089,98695.39999
0,2.02E-09,1.039982099,94489.03928
0.985147863,0.00545381,0.221216575,-170205.769
0.982962913,0.005810953,0.217763121,-171424.4524
0.980630848,0.006191513,0.214252618,-172565.9992
0.978152378,0.006595072,0.210767008,-173553.8777
0.975528258,0.007021535,0.207248191,-174838.1776
0.972759288,0.007470892,0.203733525,-175837.3362
0.96984631,0.007943053,0.200086707,-176608.6694
0.966790213,0.008437689,0.196357252,-177889.5822
0.963591927,0.008954395,0.192699983,-178873.9631
0.960252427,0.00949283,0.189011731,-179519.416
0.956772729,0.01005279,0.185237588,-180378.5798
0.953153894,0.01063411,0.181507472,-181518.7527
0.949397023,0.011236585,0.177728388,-182220.6724
0.945503262,0.011859938,0.173887766,-183360.8383
0.941473796,0.012503812,0.170131826,-184118.4661
0.937309854,0.013167914,0.16628077,-184772.1297
0.933012702,0.013851952,0.162418468,-185762.8126
0.92858365,0.014555695,0.158548574,-186721.4945
0.924024048,0.015278829,0.154731372,-187258.085
0.919335284,0.016020979,0.150783833,-188251.126
0.914518786,0.01678168,0.146954717,-189362.1924
0.909576022,0.017560539,0.143120047,-190008.6437
0.904508497,0.018357389,0.13929013,-190536.7205
0.899317755,0.019172097,0.135448794,-191190.4296
0.894005377,0.020004508,0.131550858,-192098.1651
0.888572981,0.020854216,0.127617792,-192977.5656
0.883022222,0.021720724,0.123721965,-193817.5011
0.87735479,0.022603545,0.11984574,-194721.7702
0.871572413,0.023502389,0.115963551,-195310.4609
0.865676851,0.02441703,0.112069637,-195783.1392
0.8596699,0.025347219,0.108125327,-196460.9503
0.853553391,0.026292563,0.104141792,-197252.183
0.847329185,0.027252623,0.100182711,-198328.338
0.84099918,0.028226967,0.096277747,-198915.366
0.834565303,0.029215318,0.092269217,-199439.2543
0.828029514,0.03021747,0.088282873,-200175.1312
0.821393805,0.031233152,0.084218343,-200875.1575
0.814660196,0.032261924,0.080094748,-201586.4431
0.807830738,0.033303224,0.075938448,-202398.5521
0.800907512,0.034356533,0.071765526,-203297.9507
0.793892626,0.035421505,0.067621146,-203914.6458
0.786788218,0.03649787,0.063400485,-204465.5979
0.779596452,0.037585326,0.059058316,-205309.1453
0.772319518,0.038683381,0.054668395,-206117.0395
0.764959632,0.039791397,0.050253891,-206903.3853
0.757519037,0.040908797,0.045774983,-207708.4696
0.75,0.042035098,0.041197508,-208550.3606
0.74240481,0.04316989,0.036606054,-209318.306
0.734735781,0.04431272,0.031949873,-209755.3564
0.72699525,0.045462996,0.027143894,-210342.9732
0.719185573,0.046620068,0.022225924,-211520.9939
0.711309131,0.047783236,0.017206374,-212748.6028
0.703368322,0.048951833,0.012170193,-213637.874
0.695365564,0.050125175,0.0071066,-214245.2199
0.687303297,0.051302562,0.00187304,-214846.732
0.679183975,0.052483301,-0.003487306,-215772.0084
0.671010072,0.053666679,-0.00893573,-216925.9654
0.662784077,0.054851933,-0.01451077,-217996.8348
0.654508497,0.056038183,-0.020202939,-218984.8063
0.646185852,0.057224433,-0.025981029,-220122.6599
0.637818678,0.058409707,-0.031860121,-221362.9399
0.629409523,0.059593095,-0.037827442,-222332.4959
0.620960948,0.060773691,-0.043953441,-223043.5012
0.612475527,0.061950523,-0.050266586,-224113.0367
0.603955845,0.063122505,-0.056665809,-225541.3229
0.595404498,0.064288477,-0.063122212,-226729.8853
0.586824089,0.065447239,-0.069756876,-227684.0824
0.578217233,0.06659752,-0.076585623,-229176.0485
0.56958655,0.067738011,-0.083422198,-230886.3894
0.560934672,0.068867428,-0.090297971,-232182.5486
0.552264232,0.069984532,-0.097313007,-233281.2001
0.543577871,0.071088103,-0.104481422,-234598.5238
0.534878237,0.072176822,-0.11177829,-236104.025
0.526167978,0.073249155,-0.119215761,-237787.5208
0.517449748,0.074303502,-0.12667848,-239534.0967
0.508726203,0.075338323,-0.134151789,-241091.3123
0.5,0.076352153,-0.141712049,-242520.9662
0.491273797,0.077343551,-0.149401386,-244108.2229
0.482550252,0.078310974,-0.157159729,-245876.415
0.473832022,0.0792526,-0.164903035,-247635.5856
0.465121763,0.080166636,-0.172613369,-249300.5506
0.456422129,0.081051383,-0.180329085,-251081.9344
0.447735768,0.081905258,-0.188047697,-253106.7834
0.439065328,0.082726727,-0.195693587,-255106.7378
0.43041345,0.083514075,-0.203263214,-256962.1048
0.421782767,0.084265396,-0.210731804,-258781.511
0.413175911,0.084978828,-0.218043239,-260637.7501
0.404595502,0.085652643,-0.225158735,-262553.3437
0.396044155,0.086285243,-0.232077103,-264539.929
0.387524473,0.086875134,-0.238762589,-266394.6456
0.379039052,0.087420363,-0.245138438,-268237.2
0.370590477,0.087918702,-0.251035848,-270216.832
0.362181322,0.088368222,-0.256286918,-272204.0905
0.353814148,0.088767836,-0.260910125,-273960.8845
0.345491503,0.089117241,-0.265150348,-275728.4141
0.337215923,0.089415336,-0.268970846,-277605.2599
0.328989928,0.089658137,-0.271243455,-279158.521
0.320816025,0.08983929,-0.270508357,-279869.8617
0.312696703,0.08995624,-0.266601193,-279740.739
0.304634436,0.090019502,-0.261143095,-279128.1887
0.296631678,0.09004409,-0.255477151,-278224.4626
0.288690869,0.090041614,-0.251128703,-277501.8005
0.280814427,0.090019392,-0.249597516,-277537.7845
0.27300475,0.089980902,-0.25127438,-278442.2174
0.265264219,0.089923782,-0.254992715,-279722.8759
0.25759519,0.089841278,-0.259834399,-281028.0756
0.25,0.089728113,-0.265314314,-282292.929
0.242480963,0.089580964,-0.271174104,-283616.4269
0.235040368,0.089396943,-0.277227534,-285085.7744
0.227680482,0.089172949,-0.283315916,-286682.1707
0.220403548,0.088905993,-0.289314435,-288301.6343
0.213211782,0.088593141,-0.295097956,-289782.4098
0.206107374,0.088231569,-0.300495411,-291084.162
0.199092488,0.087818827,-0.305369588,-292295.6382
0.192169262,0.087352969,-0.309643381,-293439.9176
0.185339804,0.086832358,-0.31321423,-294401.4959
0.178606195,0.086255403,-0.315970126,-295107.8022
0.171970486,0.085620577,-0.317962116,-295614.3726
0.165434697,0.084926544,-0.319106649,-295884.2595
0.15900082,0.084171908,-0.319170902,-295901.4673
0.152670815,0.083355554,-0.318042267,-295546.8392
0.146446609,0.082476656,-0.315718927,-294760.9384
0.1403301,0.081534718,-0.312196569,-293650.7508
0.134323149,0.080529239,-0.307379328,-292188.6424
0.128427587,0.079459362,-0.301077868,-290161.003
0.12264521,0.078324477,-0.293136518,-287549.5215
0.116977778,0.077124379,-0.283448096,-284357.334
0.111427019,0.075859254,-0.272088479,-280596.6479
0.105994623,0.07452943,-0.25907575,-276265.0637
0.100682245,0.073134342,-0.244151447,-271220.4001
0.095491503,0.071673564,-0.227075864,-265409.5567
0.090423978,0.07014714,-0.207690271,-258819.7255
0.085481214,0.068555522,-0.186009463,-251369.2851
0.080664716,0.066899647,-0.162139099,-243100.6999
0.075975952,0.065179871,-0.135934426,-233958.3966
0.07141635,0.063396282,-0.107167127,-223803.4274
0.066987298,0.061549418,-0.075739739,-212687.3825
0.062690146,0.059640087,-0.041602039,-200652.3158
0.058526204,0.057669468,-0.004826955,-187673.3452
0.054496738,0.055639097,0.034483722,-173789.4316
0.050602977,0.053550081,0.076374511,-159016.2495
0.046846106,0.051403734,0.120815074,-143429.0743
0.043227271,0.049201938,0.167667536,-127145.5594
0.039747573,0.046946896,0.216749832,-110283.9816
0.036408073,0.044641292,0.267764103,-93027.71621
0.033209787,0.042288281,0.320437056,-75561.11765
0.03015369,0.039891259,0.374417031,-58077.2942
0.027240712,0.037454057,0.429024797,-40799.73605
0.024471742,0.034981263,0.484128177,-24009.37351
0.021847622,0.032478767,0.539087823,-8015.077507
0.019369152,0.029953363,0.593295149,6932.535394
0.017037087,0.027412742,0.646167522,20639.98
0.014852137,0.024866524,0.696973287,32988.532
0.012814968,0.022326164,0.744893717,43836.92305
0.0109262,0.019804575,0.78954852,52532.47149
0.009186408,0.017317177,0.830888936,58776.29562
0.007596123,0.01488313,0.868401939,62816.16212
0.00615583,0.012524567,0.90188411,64690.15038
0.004865966,0.010266854,0.930955948,64556.81945
0.003726924,0.008139454,0.95518944,62595.9723
0.002739052,0.006176823,0.974807764,62361.9967
0.001902651,0.004416872,0.989725913,54917.51047
0.001217975,0.002899657,1.003126761,107312.9776
0.000685233,0.001665456,1.013875544,160845.9563
0.000304586,0.000751812,1.020115788,166535.7634
7.62E-05,0.00018977,1.023502174,157199.1036
0,2.85E-10,1.024699084,153908.6447
0.985147863,-0.000738845,0.209851128,-208098.2305
0.982962913,-0.000996051,0.213684397,-207914.7222
0.980630848,-0.001268828,0.217486631,-207775.4854
0.978152378,-0.001556722,0.221224775,-207706.836
0.975528258,-0.001859237,0.225081929,-207614.7203
0.972759288,-0.002175846,0.228878025,-207027.8684
0.96984631,-0.00250607,0.232618434,-206730.9291
0.966790213,-0.002849467,0.236382013,-206313.0939
0.963591927,-0.003205598,0.240241506,-205831.2149
0.960252427,-0.00357387,0.24399373,-205483.1274
0.956772729,-0.003953548,0.247839542,-204891.9735
0.953153894,-0.004343857,0.251534269,-204440.4169
0.949397023,-0.004744119,0.255278567,-203906.1138
0.945503262,-0.005153739,0.258890895,-203506.8641
0.941473796,-0.005572136,0.262520141,-203121.6996
0.937309854,-0.005998656,0.266157771,-202551.5124
0.933012702,-0.006432608,0.269713931,-201910.7542
0.92858365,-0.006873282,0.27330854,-201491.1824
0.924024048,-0.007319881,0.276913115,-200706.755
0.919335284,-0.007771566,0.280379828,-200224.1224
0.914518786,-0.008227447,0.283852117,-199953.0842
0.909576022,-0.008686678,0.287291614,-199313.1083
0.904508497,-0.009148447,0.290626195,-198695.0265
0.899317755,-0.009611931,0.293964422,-198086.0428
0.894005377,-0.010076322,0.297175372,-197759.1786
0.888572981,-0.010540798,0.300377661,-197690.1057
0.883022222,-0.011004551,0.303626233,-197153.9823
0.87735479,-0.011466678,0.306753056,-196258.2554
0.871572413,-0.011926221,0.309824318,-195869.5893
0.865676851,-0.012382188,0.312821318,-195393.3096
0.8596699,-0.012833706,0.315722672,-195147.4829
0.853553391,-0.01327998,0.318578018,-194975.2714
0.847329185,-0.013720236,0.321460244,-194294.469
0.84099918,-0.01415359,0.324201962,-193818.678
0.834565303,-0.014579057,0.326898822,-193715.1932
0.828029514,-0.014995645,0.329531409,-193530.2688
0.821393805,-0.015402426,0.332105933,-193273.7963
0.814660196,-0.015798535,0.334589332,-192865.0858
0.807830738,-0.016183119,0.336946926,-192563.0795
0.800907512,-0.016555367,0.339248955,-192420.0517
0.793892626,-0.016914511,0.341534235,-192078.1257
0.786788218,-0.0172598,0.34372612,-191672.0556
0.779596452,-0.017590396,0.345826882,-191572.2477
0.772319518,-0.017905409,0.347859756,-191477.8248
0.764959632,-0.018203935,0.349805168,-191208.6602
0.757519037,-0.018485172,0.351668883,-190997.8247
0.75,-0.018748385,0.353454067,-190984.5078
0.74240481,-0.018992865,0.355174583,-190858.5623
0.734735781,-0.019217937,0.356766598,-190479.9557
0.72699525,-0.019422954,0.358227394,-190406.7981
0.719185573,-0.019607297,0.359631193,-190599.3659
0.711309131,-0.019770371,0.360980267,-190494.131
0.703368322,-0.019911608,0.362187218,-190414.3478
0.695365564,-0.020030464,0.363291576,-190496.4307
0.687303297,-0.020126397,0.364359228,-190240.0273
0.679183975,-0.020198878,0.365325007,-189890.4839
0.671010072,-0.020247415,0.3661411,-189936.0556
0.662784077,-0.020271593,0.366878901,-190120.887
0.654508497,-0.020271085,0.367584451,-190120.2772
0.646185852,-0.020245585,0.368198129,-189976.5906
0.637818678,-0.020194803,0.368682767,-189848.6596
0.629409523,-0.020118476,0.369061634,-189879.0149
0.620960948,-0.020016373,0.369291787,-189993.4687
0.612475527,-0.019888372,0.36940282,-190181.1007
0.603955845,-0.01973442,0.369454572,-190213.2577
0.595404498,-0.019554488,0.369437876,-189943.1925
0.586824089,-0.01934853,0.369291852,-189792.1679
0.578217233,-0.019116492,0.369016013,-190131.7681
0.56958655,-0.01885838,0.368677481,-190564.3517
0.560934672,-0.018574316,0.368281644,-190594.3265
0.552264232,-0.018264508,0.367761759,-190464.2364
0.543577871,-0.017929206,0.367086404,-190646.2051
0.534878237,-0.017568738,0.366307549,-191010.1983
0.526167978,-0.017183495,0.365476427,-191171.3425
0.517449748,-0.01677387,0.36456129,-191159.0366
0.508726203,-0.016340242,0.363511573,-191353.5241
0.5,-0.015883,0.362355478,-191831.0226
0.491273797,-0.015402598,0.361135895,-192198.3193
0.482550252,-0.014899684,0.359802684,-192372.5974
0.473832022,-0.014374971,0.358359273,-192647.3669
0.465121763,-0.013829168,0.356847636,-193009.5768
0.456422129,-0.013262938,0.355265889,-193342.0824
0.447735768,-0.012676933,0.353584251,-193744.1704
0.439065328,-0.012071871,0.351808476,-194270.8641
0.43041345,-0.011448567,0.349960315,-194733.564
0.421782767,-0.010807877,0.348017726,-195126.4826
0.413175911,-0.010150724,0.345984909,-195543.1891
0.404595502,-0.009478173,0.343873045,-196002.0856
0.396044155,-0.008791322,0.341676933,-196570.6325
0.387524473,-0.008091231,0.339434755,-197183.6346
0.379039052,-0.007378924,0.337156403,-197781.166
0.370590477,-0.006655413,0.334819142,-198381.2037
0.362181322,-0.005921757,0.332417594,-198956.4226
0.353814148,-0.005179067,0.329922087,-199579.539
0.345491503,-0.004428458,0.327368221,-200331.1631
0.337215923,-0.003671129,0.324800695,-200975.5269
0.328989928,-0.002908372,0.322165757,-201616.5599
0.320816025,-0.002141467,0.319495617,-202426.0489
0.312696703,-0.001371714,0.316795182,-203253.0962
0.304634436,-0.000600411,0.314077437,-204036.4125
0.296631678,0.000171168,0.311378128,-204859.0477
0.288690869,0.000941811,0.308665802,-205757.1538
0.280814427,0.001710383,0.30590338,-206742.5267
0.27300475,0.00247573,0.303109736,-207716.9349
0.265264219,0.003236475,0.300313667,-208587.0517
0.25759519,0.003991096,0.297533471,-209496.0108
0.25,0.004738161,0.294792042,-210520.4817
0.242480963,0.005476357,0.292104667,-211557.3823
0.235040368,0.006204489,0.289450838,-212635.906
0.227680482,0.006921366,0.286831918,-213768.9395
0.220403548,0.007625688,0.284271041,-214863.584
0.213211782,0.008316145,0.281776366,-215992.6936
0.206107374,0.008991502,0.279363997,-217235.2527
0.199092488,0.009650513,0.277057328,-218446.8673
0.192169262,0.010292004,0.274834295,-219650.3369
0.185339804,0.010914831,0.272705724,-221000.7363
0.178606195,0.011517688,0.270729935,-222309.0571
0.171970486,0.01209934,0.268902349,-223531.8538
0.165434697,0.012658649,0.267249658,-224787.3556
0.15900082,0.013194481,0.265779553,-226189.7476
0.152670815,0.013705842,0.264510947,-227602.6833
0.146446609,0.014191726,0.26345069,-228926.705
0.1403301,0.014650965,0.262636853,-230314.8675
0.134323149,0.015082544,0.262077676,-231784.3829
0.128427587,0.015485457,0.261808976,-233252.294
0.12264521,0.015858595,0.261914684,-234654.0395
0.116977778,0.016201052,0.262386411,-236026.3818
0.111427019,0.016511968,0.263242086,-237453.9545
0.105994623,0.01679041,0.264562038,-238860.9561
0.100682245,0.017035723,0.266313019,-240263.0375
0.095491503,0.017247082,0.268535229,-241573.4831
0.090423978,0.017423439,0.271387009,-242828.1762
0.085481214,0.017564106,0.274908425,-244054.3601
0.080664716,0.017668333,0.279244549,-245248.7486
0.075975952,0.017735332,0.284311446,-246288.0497
0.07141635,0.017764751,0.29010067,-247202.948
0.066987298,0.017755904,0.296798002,-248099.4147
0.062690146,0.017707949,0.304632016,-248727.8031
0.058526204,0.017620633,0.313671953,-249109.4555
0.054496738,0.017493265,0.323990099,-249322.1064
0.050602977,0.01732513,0.335801268,-249233.0279
0.046846106,0.01711624,0.34903127,-248791.052
0.043227271,0.016865845,0.363993358,-247786.0891
0.039747573,0.016573195,0.381137838,-246181.1486
0.036408073,0.01623853,0.400363132,-243977.217
0.033209787,0.015861085,0.421959873,-240855.7938
0.03015369,0.015440292,0.446702876,-236598.833
0.027240712,0.014976891,0.473819242,-231614.4463
0.024471742,0.014470023,0.504675994,-226096.4364
0.021847622,0.013919228,0.538920352,-220516.5719
0.019369152,0.013325821,0.576845877,-212542.0934
0.017037087,0.012688514,0.619043798,-199562.9307
0.014852137,0.012006688,0.666059727,-181786.6586
0.012814968,0.011282361,0.716502618,-158991.7813
0.0109262,0.01051438,0.77089927,-132461.5542
0.009186408,0.009702659,0.828163038,-99925.51361
0.007596123,0.008850755,0.887330701,-72646.09225
0.00615583,0.007958044,0.944053205,-47914.48947
0.004865966,0.00702456,0.993393127,-27633.35941
0.003726924,0.006055596,1.02732606,-14652.10287
0.002739052,0.005056278,1.03997302,-10626.05097
0.001902651,0.004031871,1.026782188,-20673.67075
0.001217975,0.002993164,0.985383085,-45172.04526
0.000685233,0.001971488,0.924323878,-82350.94595
0.000304586,0.001031039,0.834479585,-128030.8651
7.62E-05,0.000296571,0.722402123,-159433.2161
0,-8.59E-06,0.671423582,-172521.3355
0.985147863,0.001896422,0.233614705,-199037.0458
0.982962913,0.001877942,0.234798781,-199282.5911
0.980630848,0.001859571,0.235891389,-199550.6015
0.978152378,0.001841719,0.236890784,-199665.0855
0.975528258,0.001824489,0.237908064,-199990.8959
0.972759288,0.001807911,0.239004215,-199800.1073
0.96984631,0.001792152,0.240077976,-199933.2787
0.966790213,0.001777681,0.241170208,-200124.727
0.963591927,0.001765062,0.242319635,-200024.9188
0.960252427,0.001754755,0.243399022,-199797.4968
0.956772729,0.001746952,0.244351444,-199703.8643
0.953153894,0.001741784,0.245366037,-199710.7053
0.949397023,0.001739491,0.246443834,-199542.9952
0.945503262,0.001740589,0.247569044,-199389.2323
0.941473796,0.001745663,0.248616986,-199333.9523
0.937309854,0.001755265,0.249617705,-199336.7639
0.933012702,0.001769791,0.250673254,-198936.9538
0.92858365,0.001789619,0.251651405,-198456.0797
0.924024048,0.001815154,0.252594899,-198444.6829
0.919335284,0.001846869,0.253582475,-198325.1576
0.914518786,0.001885256,0.254495255,-198148.5413
0.909576022,0.001930824,0.255442935,-197857.1639
0.904508497,0.001984085,0.256326003,-197605.7445
0.899317755,0.002045568,0.257223627,-197605.4307
0.894005377,0.002115804,0.258060596,-197469.7182
0.888572981,0.002195315,0.258897343,-197162.9089
0.883022222,0.002284627,0.259682647,-196678.6663
0.87735479,0.00238427,0.260358085,-196868.4576
0.871572413,0.002494779,0.261099653,-196821.814
0.865676851,0.00261669,0.261758218,-196424.0933
0.8596699,0.002750543,0.262361785,-196224.4082
0.853553391,0.002896885,0.262931857,-196348.2974
0.847329185,0.003056268,0.263468581,-196184.9345
0.84099918,0.003229242,0.263936258,-195937.8197
0.834565303,0.003416361,0.264374564,-195657.7659
0.828029514,0.003618174,0.264697838,-195503.1508
0.821393805,0.003835244,0.264958402,-195750.5271
0.814660196,0.004068146,0.265193519,-195888.8014
0.807830738,0.004317475,0.265357472,-195491.4886
0.800907512,0.004583742,0.265403537,-195111.9087
0.793892626,0.004867283,0.265354475,-195141.8885
0.786788218,0.005168354,0.265241893,-195283.818
0.779596452,0.005487312,0.265079052,-195386.8234
0.772319518,0.005824785,0.264862352,-195240.3946
0.764959632,0.006181466,0.264474434,-195083.4635
0.757519037,0.006557897,0.263988384,-195118.7556
0.75,0.006954208,0.263409561,-195280.4565
0.74240481,0.00737042,0.262743454,-195496.9328
0.734735781,0.007806674,0.262017719,-195543.8892
0.72699525,0.008263404,0.261155878,-195448.2071
0.719185573,0.00874111,0.260181417,-195476.8322
0.711309131,0.009240133,0.259112903,-195643.207
0.703368322,0.009760582,0.257877816,-196005.4289
0.695365564,0.010302471,0.256519223,-196340.0798
0.687303297,0.010865819,0.255077072,-196249.0371
0.679183975,0.011450636,0.253491101,-196082.5727
0.671010072,0.012056914,0.251745888,-196317.5266
0.662784077,0.012684632,0.24989763,-196625.9416
0.654508497,0.013333772,0.247932483,-196762.2567
0.646185852,0.014004293,0.245759371,-197160.0997
0.637818678,0.014695984,0.243407875,-197833.565
0.629409523,0.015408421,0.240991772,-198181.1358
0.620960948,0.016141119,0.238436342,-198296.8885
0.612475527,0.016893693,0.235743926,-198385.9963
0.603955845,0.017665806,0.232896251,-198543.5593
0.595404498,0.018457096,0.229854596,-198967.9704
0.586824089,0.019267113,0.226655324,-199660.3647
0.578217233,0.020095308,0.223319368,-200197.6007
0.56958655,0.020941096,0.219795757,-200501.9592
0.560934672,0.021803648,0.216085628,-200937.696
0.552264232,0.022682009,0.212244871,-201594.0635
0.543577871,0.023575215,0.208289848,-202259.4215
0.534878237,0.024482422,0.204164449,-202907.839
0.526167978,0.0254029,0.199836838,-203640.012
0.517449748,0.026335808,0.195351418,-204316.2991
0.508726203,0.027279951,0.190688631,-204961.8049
0.5,0.028233995,0.185863819,-205695.2159
0.491273797,0.029196642,0.180895044,-206557.8537
0.482550252,0.030166728,0.175795298,-207432.8761
0.473832022,0.031143154,0.170538189,-208258.7511
0.465121763,0.032124681,0.165081203,-209185.721
0.456422129,0.03310978,0.15947063,-210299.6434
0.447735768,0.034096867,0.153732365,-211397.9202
0.439065328,0.035084439,0.147871953,-212464.9729
0.43041345,0.03607111,0.141879057,-213570.945
0.421782767,0.037055499,0.135709276,-214775.2268
0.413175911,0.038036009,0.129358173,-216087.3753
0.404595502,0.039010737,0.122932589,-217369.8364
0.396044155,0.039977809,0.116447994,-218501.2395
0.387524473,0.040935607,0.109853955,-219773.273
0.379039052,0.041882734,0.103131503,-221354.9605
0.370590477,0.042817735,0.09630094,-223019.8047
0.362181322,0.043738815,0.089382957,-224548.9368
0.353814148,0.044643912,0.082384309,-226076.3926
0.345491503,0.0455311,0.07532529,-227722.3982
0.337215923,0.046398692,0.068259494,-229320.0177
0.328989928,0.047245157,0.061156693,-230876.025
0.320816025,0.048068864,0.053996452,-232532.3858
0.312696703,0.048867964,0.046803613,-234374.4767
0.304634436,0.049640558,0.039635947,-236347.9354
0.296631678,0.0503849,0.032543041,-238295.7945
0.288690869,0.051099418,0.025511165,-240134.5991
0.280814427,0.051782656,0.018511667,-241996.2366
0.27300475,0.052433068,0.011585014,-243890.1522
0.265264219,0.053049014,0.004726078,-245800.8712
0.25759519,0.053628957,-0.002041266,-247820.2287
0.25,0.05417131,-0.008645324,-249922.3576
0.242480963,0.05467451,-0.015065883,-252007.3787
0.235040368,0.055137126,-0.021314817,-254048.6864
0.227680482,0.055557752,-0.027350675,-256010.2651
0.220403548,0.055935077,-0.033109211,-257863.4949
0.213211782,0.056267924,-0.038565872,-259729.8489
0.206107374,0.056555041,-0.043704286,-261736.4726
0.199092488,0.056795283,-0.048448244,-263789.6455
0.192169262,0.056987647,-0.052740749,-265673.4505
0.185339804,0.057131074,-0.056701532,-267444.5227
0.178606195,0.05722469,-0.06033503,-269230.0258
0.171970486,0.057267641,-0.063503704,-270960.6736
0.165434697,0.057258827,-0.066133494,-272591.5817
0.15900082,0.057197374,-0.06814113,-274099.6618
0.152670815,0.05708256,-0.069473328,-275394.5409
0.146446609,0.056913699,-0.070081021,-276494.0221
0.1403301,0.056690395,-0.069819162,-277548.1871
0.134323149,0.056412164,-0.068747048,-278552.1816
0.128427587,0.056078419,-0.066911788,-279230.2951
0.12264521,0.055688889,-0.064224711,-279626.6928
0.116977778,0.055243061,-0.060536779,-279848.7997
0.111427019,0.054740368,-0.055724147,-279740.4172
0.105994623,0.054180657,-0.049752402,-279284.7617
0.100682245,0.053563596,-0.042485783,-278474.528
0.095491503,0.052889054,-0.033896535,-277236.5137
0.090423978,0.052157234,-0.023918687,-275480.6444
0.085481214,0.051367732,-0.012275653,-273169.9997
0.080664716,0.050520391,0.001147506,-270322.7417
0.075975952,0.049615445,0.016399529,-266861.5808
0.07141635,0.048652881,0.033712255,-262632.4642
0.066987298,0.047633153,0.053014026,-257638.9076
0.062690146,0.046556795,0.074381314,-251857.4912
0.058526204,0.045423349,0.098215862,-245059.959
0.054496738,0.044232893,0.124664301,-237203.1952
0.050602977,0.042985905,0.153830544,-228244.6908
0.046846106,0.041682524,0.186009809,-218055.9669
0.043227271,0.040323683,0.220991769,-206661.3442
0.039747573,0.038910287,0.258890383,-193964.9395
0.036408073,0.037442214,0.299950806,-179821.4558
0.033209787,0.035920273,0.344229996,-164254.0723
0.03015369,0.034345398,0.39131295,-147184.5024
0.027240712,0.032717849,0.441589275,-128773.2954
0.024471742,0.0310389,0.494910419,-109405.4961
0.021847622,0.029310087,0.550208334,-89959.66121
0.019369152,0.027532406,0.607462073,-70234.85035
0.017037087,0.025707801,0.665699871,-50287.54103
0.014852137,0.02383886,0.723288459,-29508.81124
0.012814968,0.021928145,0.779929342,-9372.274504
0.0109262,0.019978969,0.83512921,7467.333357
0.009186408,0.017996106,0.88766629,20345.46736
0.007596123,0.015986049,0.934516836,29045.31312
0.00615583,0.013956409,0.974003186,33988.16487
0.004865966,0.011917801,1.006399132,66682.18686
0.003726924,0.009887734,1.03210034,99252.64839
0.002739052,0.00788938,1.042929573,66805.74252
0.001902651,0.005954935,1.04173564,455.2893759
0.001217975,0.004136666,1.038969226,-79420.06225
0.000685233,0.002512973,1.034117142,-134797.6943
0.000304586,0.001192778,1.018359304,-149553.1209
7.62E-05,0.000312145,1.003707064,-67129.96941
0,1.01E-09,0.999998063,-73078.08719
0.985147863,0.004402533,0.184187007,-193135.0612
0.982962913,0.004612492,0.183607805,-193589.8172
0.980630848,0.004837576,0.183099939,-193928.2989
0.978152378,0.00507791,0.182714071,-194306.579
0.975528258,0.005333498,0.182286048,-194617.8317
0.972759288,0.005604291,0.181958511,-194622.1572
0.96984631,0.005890245,0.181684955,-194959.8519
0.966790213,0.00619153,0.18142734,-194906.7876
0.963591927,0.006508397,0.181219709,-195057.5209
0.960252427,0.006841105,0.180949539,-194975.0334
0.956772729,0.00718986,0.180663083,-195283.7968
0.953153894,0.007554848,0.180371602,-195307.2057
0.949397023,0.007936249,0.179955258,-195467.837
0.945503262,0.008334178,0.179648601,-195258.4748
0.941473796,0.008748707,0.179179353,-195411.2281
0.937309854,0.009179905,0.178731194,-195384.5906
0.933012702,0.009627988,0.178261042,-195438.3311
0.92858365,0.010093211,0.177854428,-195320.0995
0.924024048,0.010575846,0.177273257,-195166.1616
0.919335284,0.011076169,0.176673005,-195350.8731
0.914518786,0.011594438,0.176049065,-195539.3644
0.909576022,0.012130912,0.175376067,-195545.7952
0.904508497,0.012685765,0.174609092,-195510.3387
0.899317755,0.01325909,0.173802806,-195421.4935
0.894005377,0.013851019,0.172983341,-195424.5084
0.888572981,0.014461834,0.172128296,-195370.3688
0.883022222,0.015091959,0.171166182,-195573.945
0.87735479,0.015741835,0.170140853,-195831.0254
0.871572413,0.016411715,0.169053152,-195602.5145
0.865676851,0.017101746,0.167878836,-195402.6537
0.8596699,0.017812064,0.166608388,-195505.3625
0.853553391,0.01854283,0.165242935,-195680.0867
0.847329185,0.01929422,0.163860765,-195762.4765
0.84099918,0.020066433,0.162404228,-195736.7465
0.834565303,0.020859749,0.160837409,-195710.1117
0.828029514,0.021674527,0.159172096,-195676.0954
0.821393805,0.022511129,0.157365358,-196024.2784
0.814660196,0.023369729,0.155509897,-196344.4803
0.807830738,0.024250359,0.153529301,-196204.8422
0.800907512,0.025153038,0.151370636,-196056.0831
0.793892626,0.02607791,0.149147107,-196185.5726
0.786788218,0.027025198,0.146803024,-196381.0429
0.779596452,0.027995108,0.144314699,-196605.1873
0.772319518,0.028987707,0.141694627,-196820.1
0.764959632,0.03000294,0.138929482,-196876.7444
0.757519037,0.031040747,0.136023916,-196983.11
0.75,0.032101108,0.132991253,-197020.026
0.74240481,0.033184044,0.129745655,-197120.8455
0.734735781,0.034289556,0.126319958,-197467.2438
0.72699525,0.035417477,0.122719072,-197746.5959
0.719185573,0.036567556,0.118914381,-198203.6595
0.711309131,0.037739542,0.115024003,-198669.3012
0.703368322,0.038933201,0.110947748,-198926.6281
0.695365564,0.040148333,0.106601729,-199273.2094
0.687303297,0.041384652,0.102048457,-199605.1371
0.679183975,0.04264168,0.097258868,-199981.1333
0.671010072,0.043918825,0.092230139,-200653.1909
0.662784077,0.045215473,0.087036914,-201359.4228
0.654508497,0.046531001,0.081643592,-201763.2189
0.646185852,0.047864775,0.075976298,-202148.2805
0.637818678,0.049216095,0.070024145,-202789.8554
0.629409523,0.050584192,0.063829613,-203633.8085
0.620960948,0.051968266,0.057430142,-204295.6405
0.612475527,0.053367386,0.050724602,-204860.2229
0.603955845,0.054780498,0.04368676,-205649.5872
0.595404498,0.05620648,0.036400638,-206611.5056
0.586824089,0.057644152,0.028862201,-207473.0498
0.578217233,0.059092227,0.021036929,-208348.7093
0.56958655,0.060549395,0.012895628,-209431.4695
0.560934672,0.062014268,0.004471214,-210699.2238
0.552264232,0.063485426,-0.004240045,-212072.9568
0.543577871,0.064961381,-0.013276841,-213460.5607
0.534878237,0.066440478,-0.022640816,-214709.9656
0.526167978,0.067920866,-0.032324777,-215820.7694
0.517449748,0.06940073,-0.042349048,-217194.7467
0.508726203,0.070878109,-0.052645964,-218822.0604
0.5,0.072350997,-0.063208668,-220516.6556
0.491273797,0.073817451,-0.074091251,-222257.9616
0.482550252,0.075275579,-0.085267421,-224056.2089
0.473832022,0.076723543,-0.096774465,-225823.4117
0.465121763,0.078159225,-0.108633315,-227676.2528
0.456422129,0.079580093,-0.12080756,-229678.1057
0.447735768,0.080983502,-0.133240259,-231781.4383
0.439065328,0.082367061,-0.145913404,-233991.7421
0.43041345,0.083728638,-0.158856845,-236380.7766
0.421782767,0.085066127,-0.17208943,-238928.0777
0.413175911,0.086377043,-0.185563937,-241437.7006
0.404595502,0.087658667,-0.199246514,-243836.6193
0.396044155,0.088908363,-0.213157461,-246360.7286
0.387524473,0.090123633,-0.227263047,-249200.0485
0.379039052,0.091302139,-0.241515179,-252150.4101
0.370590477,0.092441484,-0.255882752,-255027.0451
0.362181322,0.093539167,-0.270361896,-257857.835
0.353814148,0.094592688,-0.28494779,-260798.5354
0.345491503,0.095599627,-0.299598848,-263935.5941
0.337215923,0.096557571,-0.314294822,-267148.633
0.328989928,0.0974642,-0.329001573,-270383.4376
0.320816025,0.098317088,-0.343617735,-273608.8239
0.312696703,0.099113736,-0.358060811,-276776.4499
0.304634436,0.099851847,-0.372363211,-279940.2096
0.296631678,0.100529361,-0.386479021,-283263.5442
0.288690869,0.101144505,-0.400322667,-286643.0066
0.280814427,0.101695456,-0.41383952,-289922.9228
0.27300475,0.10218024,-0.426987647,-293042.0031
0.265264219,0.102596909,-0.439681011,-296035.1488
0.25759519,0.102943662,-0.451806405,-299030.8014
0.25,0.103218676,-0.46334058,-302048.4494
0.242480963,0.103420389,-0.474279262,-304985.6381
0.235040368,0.103547473,-0.484539348,-307770.3083
0.227680482,0.103598879,-0.494037334,-310338.9528
0.220403548,0.103573674,-0.502742475,-312606.2238
0.213211782,0.103470599,-0.510544001,-314617.4591
0.206107374,0.103288398,-0.51730197,-316476.3709
0.199092488,0.10302612,-0.522903154,-318148.2057
0.192169262,0.102683091,-0.52705342,-319483.2314
0.185339804,0.10225894,-0.529707781,-320393.749
0.178606195,0.101753314,-0.531131736,-320895.7609
0.171970486,0.101165722,-0.531328878,-321032.3196
0.165434697,0.100495913,-0.529984787,-320808.2875
0.15900082,0.099743638,-0.527010152,-320057.6322
0.152670815,0.09890865,-0.522314538,-318760.4162
0.146446609,0.097990991,-0.515773161,-316976.4486
0.1403301,0.096990765,-0.507289635,-314581.5674
0.134323149,0.095908259,-0.496853904,-311547.3012
0.128427587,0.094743927,-0.484427928,-307902.2368
0.12264521,0.093498093,-0.469853802,-303486.1074
0.116977778,0.092171167,-0.452973372,-298192.442
0.111427019,0.090763818,-0.433714912,-292131.9305
0.105994623,0.089276653,-0.412038386,-285300.5706
0.100682245,0.087710536,-0.387941083,-277597.1258
0.095491503,0.08606636,-0.361377283,-269063.5247
0.090423978,0.084344674,-0.33218647,-259643.7228
0.085481214,0.082546373,-0.300325748,-249227.1292
0.080664716,0.080672447,-0.26575017,-237884.4142
0.075975952,0.078723915,-0.228423143,-225603.7218
0.07141635,0.076702137,-0.188450057,-212413.6639
0.066987298,0.07460834,-0.145818784,-198349.5346
0.062690146,0.072443582,-0.100494205,-183370.165
0.058526204,0.070209303,-0.052582182,-167568.0331
0.054496738,0.067906885,-0.002153533,-151021.7702
0.050602977,0.065537737,0.050672138,-133820.4296
0.046846106,0.063103615,0.105681951,-116085.839
0.043227271,0.060606253,0.162724742,-97943.39981
0.039747573,0.05804744,0.221544438,-79565.55813
0.036408073,0.055429288,0.281899795,-61147.47482
0.033209787,0.05275406,0.343062884,-42904.82556
0.03015369,0.05002416,0.404914397,-25071.79789
0.027240712,0.047242308,0.467063716,-7917.786998
0.024471742,0.044411942,0.528819981,8254.806511
0.021847622,0.041536917,0.589650256,23176.0473
0.019369152,0.038621461,0.648898765,36656.68498
0.017037087,0.035670955,0.705798134,48624.63799
0.014852137,0.032691703,0.759552253,58786.82315
0.012814968,0.029690658,0.80984432,66134.9528
0.0109262,0.026677385,0.856331825,70473.55365
0.009186408,0.023664219,0.898458851,71901.28342
0.007596123,0.020665645,0.935703427,70271.75908
0.00615583,0.017700531,0.966966506,66585.2818
0.004865966,0.014794653,0.991919019,64274.32021
0.003726924,0.01198046,1.015323893,178948.8771
0.002739052,0.00929941,1.030405767,141626.2602
0.001902651,0.006806732,1.040541272,108133.3561
0.001217975,0.004573037,1.043098954,76872.04588
0.000685233,0.002683373,1.042416467,39615.82047
0.000304586,0.001232943,1.042713542,-11195.14188
7.62E-05,0.000314922,1.041297664,-42983.94326
0,5.14E-09,1.041011872,-51504.5706
0.985147863,-0.002945575,0.266388053,-190418.0279
0.982962913,-0.003517642,0.277674436,-189187.1143
0.980630848,-0.004122152,0.288678871,-187732.6977
0.978152378,-0.004757657,0.299237398,-186750.4152
0.975528258,-0.005422797,0.309673468,-185620.6993
0.972759288,-0.006116194,0.319878941,-184228.8953
0.96984631,-0.006836326,0.329704066,-183100.7057
0.966790213,-0.007581533,0.339368417,-182092.8057
0.963591927,-0.008350073,0.34885304,-180775.1039
0.960252427,-0.009140134,0.35799779,-179647.1124
0.956772729,-0.009949818,0.366896092,-178621.4338
0.953153894,-0.010777143,0.375567173,-177796.4346
0.949397023,-0.011620065,0.384030797,-176586.1084
0.945503262,-0.012476439,0.392181531,-175657.104
0.941473796,-0.013344036,0.400095121,-174540.6786
0.937309854,-0.014220643,0.407714728,-173616.241
0.933012702,-0.015104133,0.415101314,-172835.7491
0.92858365,-0.015992288,0.422223553,-172030.3955
0.924024048,-0.016882842,0.429168834,-171113.6571
0.919335284,-0.017773331,0.435868819,-170279.3386
0.914518786,-0.01866124,0.44228389,-169664.0022
0.909576022,-0.019544002,0.44852596,-168800.4684
0.904508497,-0.020419008,0.454457477,-167937.9146
0.899317755,-0.02128358,0.460145331,-167451.9382
0.894005377,-0.02213507,0.465585839,-166978.5832
0.888572981,-0.022970914,0.47075934,-166386.4581
0.883022222,-0.023788493,0.475695021,-165524.2027
0.87735479,-0.024585156,0.48035815,-164745.5321
0.871572413,-0.025358185,0.484769649,-164064.9523
0.865676851,-0.026104812,0.488913291,-163443.1545
0.8596699,-0.026822265,0.49276937,-163217.5728
0.853553391,-0.02750778,0.496375744,-162742.6197
0.847329185,-0.02815855,0.499702621,-162006.3678
0.84099918,-0.028771838,0.502780753,-161157.391
0.834565303,-0.029344929,0.505552208,-160641.6913
0.828029514,-0.029875135,0.508041747,-160316.2276
0.821393805,-0.030359634,0.510184237,-159741.9708
0.814660196,-0.030795498,0.511982393,-159245.3708
0.807830738,-0.031179778,0.513407092,-158869.9174
0.800907512,-0.031509845,0.514472142,-158279.2736
0.793892626,-0.03178336,0.515067193,-157653.9209
0.786788218,-0.031998004,0.515300709,-157202.9013
0.779596452,-0.032151123,0.515229232,-156838.672
0.772319518,-0.032239764,0.5147318,-156389.3177
0.764959632,-0.032261054,0.513732111,-155879.8693
0.757519037,-0.032212908,0.512158012,-155538.9728
0.75,-0.032093842,0.510047112,-155338.9433
0.74240481,-0.03190211,0.507310236,-155356.5801
0.734735781,-0.031633494,0.503732088,-155372.2954
0.72699525,-0.031282367,0.498830978,-155265.7239
0.719185573,-0.030844793,0.492384937,-155824.71
0.711309131,-0.030328132,0.484646592,-157476.1873
0.703368322,-0.029744472,0.475943544,-159577.075
0.695365564,-0.029107331,0.466500665,-161668.2115
0.687303297,-0.028432807,0.45688174,-164082.4675
0.679183975,-0.02773923,0.448133388,-166526.5015
0.671010072,-0.027039709,0.440709208,-168384.0942
0.662784077,-0.026334513,0.434289458,-169850.6181
0.654508497,-0.025617822,0.428426102,-171301.8919
0.646185852,-0.024886498,0.422828605,-172766.0467
0.637818678,-0.024140808,0.41741046,-174246.3214
0.629409523,-0.023382711,0.412252962,-175580.8173
0.620960948,-0.022613551,0.407361396,-176547.4149
0.612475527,-0.02183342,0.402708719,-177419.3677
0.603955845,-0.021042122,0.398264777,-178344.8653
0.595404498,-0.020239642,0.39389921,-179292.286
0.586824089,-0.019426404,0.389623703,-180265.0177
0.578217233,-0.018602978,0.385505466,-181226.9348
0.56958655,-0.017769879,0.38150365,-182168.7776
0.560934672,-0.016927593,0.377575866,-183082.0446
0.552264232,-0.016076599,0.373765872,-183884.3526
0.543577871,-0.01521739,0.370034234,-184693.1214
0.534878237,-0.014350474,0.366326879,-185719.8285
0.526167978,-0.013476359,0.36268279,-186809.3583
0.517449748,-0.012595629,0.359141138,-187603.7048
0.508726203,-0.011708939,0.355657279,-188164.8855
0.5,-0.010816976,0.35218805,-188833.0291
0.491273797,-0.009920426,0.34875519,-189716.8299
0.482550252,-0.00901996,0.345377788,-190696.3073
0.473832022,-0.008116246,0.342051872,-191666.4757
0.465121763,-0.007210003,0.338785197,-192497.1305
0.456422129,-0.00630203,0.335549673,-193286.3108
0.447735768,-0.005393139,0.332342926,-194101.034
0.439065328,-0.004484117,0.329186229,-194938.8827
0.43041345,-0.00357573,0.326090459,-195771.6473
0.421782767,-0.002668733,0.323036036,-196558.4736
0.413175911,-0.001763922,0.319994072,-197372.6672
0.404595502,-0.000862148,0.316996983,-198348.6285
0.396044155,3.57E-05,0.314068087,-199221.785
0.387524473,0.000928812,0.3111623,-200009.873
0.379039052,0.001816056,0.308304878,-200980.3287
0.370590477,0.00269647,0.305546844,-202001.723
0.362181322,0.00356919,0.302859106,-202920.4126
0.353814148,0.004433499,0.300209234,-203901.6613
0.345491503,0.005288672,0.297625833,-204917.7506
0.337215923,0.006133775,0.295108181,-205740.3128
0.328989928,0.006967616,0.292644183,-206545.3257
0.320816025,0.007789061,0.290278094,-207518.4136
0.312696703,0.008597207,0.288043917,-208495.2814
0.304634436,0.009391325,0.285906106,-209497.9192
0.296631678,0.010170722,0.283837822,-210609.8797
0.288690869,0.010934509,0.281892593,-211619.5024
0.280814427,0.011681699,0.28006695,-212551.6092
0.27300475,0.012411343,0.278339683,-213605.6192
0.265264219,0.013122544,0.276745946,-214693.3099
0.25759519,0.013814454,0.275320499,-215669.4494
0.25,0.01448628,0.274035165,-216595.9851
0.242480963,0.015137156,0.272885645,-217617.9262
0.235040368,0.015766218,0.271914245,-218703.6281
0.227680482,0.016372678,0.271141876,-219725.4269
0.220403548,0.01695575,0.270564181,-220776.2345
0.213211782,0.017514697,0.27018794,-221871.0097
0.206107374,0.018048852,0.270030569,-222859.7143
0.199092488,0.018557417,0.270096466,-223819.0428
0.192169262,0.01903962,0.27041561,-224832.3474
0.185339804,0.019494785,0.270999474,-225923.4167
0.178606195,0.019922205,0.271883861,-227024.5895
0.171970486,0.020321256,0.27308172,-227972.7102
0.165434697,0.020691406,0.274598479,-228883.0468
0.15900082,0.021032072,0.276469355,-229797.1527
0.152670815,0.021342757,0.278679745,-230715.7417
0.146446609,0.021623039,0.28125419,-231624.3909
0.1403301,0.021872262,0.284212102,-232453.2919
0.134323149,0.022089861,0.287622125,-233245.1649
0.128427587,0.0222754,0.291519267,-234045.2904
0.12264521,0.022428346,0.295953382,-234796.104
0.116977778,0.022548329,0.30099891,-235414.7192
0.111427019,0.022635087,0.306607808,-235966.6535
0.105994623,0.02268816,0.312736398,-236467.6038
0.100682245,0.022707288,0.319516483,-236865.2791
0.095491503,0.022692286,0.326967895,-237196.8598
0.090423978,0.02264263,0.335214648,-237346.6932
0.085481214,0.022558066,0.344368756,-237319.9337
0.080664716,0.022438481,0.354454875,-237193.5036
0.075975952,0.022283558,0.365442259,-236900.1973
0.07141635,0.022093336,0.377407854,-236460.1853
0.066987298,0.021867813,0.390365352,-235730.315
0.062690146,0.021606314,0.404562109,-234603.6649
0.058526204,0.021308652,0.42011551,-233219.6129
0.054496738,0.020974836,0.437076611,-231461.2602
0.050602977,0.020604566,0.455673693,-229217.3282
0.046846106,0.020198211,0.47580527,-226525.2495
0.043227271,0.019756021,0.497617756,-223280.1335
0.039747573,0.019277299,0.521363318,-219302.0065
0.036408073,0.018762304,0.547275344,-214477.01
0.033209787,0.018211236,0.57501127,-208837.7654
0.03015369,0.017623325,0.605585278,-202214.5556
0.027240712,0.016999182,0.638107224,-195576.7677
0.024471742,0.016339174,0.673195671,-188572.4941
0.021847622,0.015642268,0.711197328,-178101.6137
0.019369152,0.014909433,0.751486597,-165049.2546
0.017037087,0.014141215,0.793781969,-147738.903
0.014852137,0.013336269,0.838040197,-127168.1982
0.012814968,0.012496147,0.882803297,-100633.0515
0.0109262,0.011621717,0.928355588,-76853.10769
0.009186408,0.010711077,0.97158077,-54631.97277
0.007596123,0.009766329,1.008488857,-35511.39199
0.00615583,0.008789277,1.032375533,-18827.19836
0.004865966,0.007778024,1.042046668,-9647.994154
0.003726924,0.006735184,1.028633532,-8653.799525
0.002739052,0.005665973,0.988092085,-20221.85271
0.001902651,0.004573293,0.915383875,-47942.15308
0.001217975,0.003461953,0.802631969,-91423.26179
0.000685233,0.002349304,0.643062151,-148330.8031
0.000304586,0.001287105,0.423492901,-205451.4844
7.62E-05,0.000397869,0.218221721,-247502.8825
0,-1.82E-06,0.127016635,-266287.7719
0.985147863,-0.000312787,0.260293086,-200963.7436
0.982962913,-0.00064666,0.269510024,-199809.4863
0.980630848,-0.000997768,0.278560383,-198565.7167
0.978152378,-0.001364729,0.287365682,-197504.6997
0.975528258,-0.001746299,0.295927274,-196087.8884
0.972759288,-0.002141227,0.304248921,-194949.89
0.96984631,-0.002548191,0.312341289,-193766.4776
0.966790213,-0.002965807,0.320222505,-192580.5213
0.963591927,-0.003392625,0.327910559,-191236.3924
0.960252427,-0.003827154,0.33540839,-190270.5137
0.956772729,-0.004267747,0.3427565,-188742.6972
0.953153894,-0.004712659,0.349806344,-187592.1338
0.949397023,-0.005160099,0.35668943,-186396.7053
0.945503262,-0.005608214,0.363287204,-185421.0444
0.941473796,-0.006055101,0.369747582,-184393.4605
0.937309854,-0.006498799,0.375963426,-182917.8816
0.933012702,-0.006937338,0.38183103,-182266.3287
0.92858365,-0.007368731,0.387645339,-181309.7361
0.924024048,-0.007790933,0.393142737,-180055.0653
0.919335284,-0.008201798,0.398499315,-179110.6437
0.914518786,-0.008599119,0.403619271,-177657.1376
0.909576022,-0.00898063,0.408428225,-176610.0103
0.904508497,-0.009344031,0.413042221,-175853.9358
0.899317755,-0.009686962,0.417426938,-174856.8914
0.894005377,-0.010007035,0.42160499,-174001.3897
0.888572981,-0.010301782,0.425580093,-172902.0174
0.883022222,-0.010568687,0.429214592,-171743.189
0.87735479,-0.010805221,0.432532732,-170956.543
0.871572413,-0.011008992,0.435583444,-170294.5967
0.865676851,-0.01117767,0.438393929,-169136.188
0.8596699,-0.011308871,0.440853184,-168047.9471
0.853553391,-0.011399947,0.443128339,-167342.8504
0.847329185,-0.011448105,0.44514538,-166425.0767
0.84099918,-0.011450574,0.446834832,-165328.4537
0.834565303,-0.011404877,0.448200514,-164444.3046
0.828029514,-0.011308644,0.449197388,-163702.2301
0.821393805,-0.011159429,0.449795839,-162727.0427
0.814660196,-0.010954531,0.449976703,-161458.1148
0.807830738,-0.010691117,0.449760761,-160450.1452
0.800907512,-0.010366524,0.449132554,-159775.0516
0.793892626,-0.009978493,0.448061826,-158996.7986
0.786788218,-0.009524918,0.446556172,-158007.607
0.779596452,-0.009003391,0.444531719,-157150.1496
0.772319518,-0.008410882,0.441928713,-156470.854
0.764959632,-0.007744208,0.438653922,-155613.8631
0.757519037,-0.007001466,0.434599137,-154946.5532
0.75,-0.00618251,0.429910582,-154495.931
0.74240481,-0.005287415,0.424556075,-153905.571
0.734735781,-0.004310884,0.418146948,-153442.1681
0.72699525,-0.003242907,0.4097723,-153540.7793
0.719185573,-0.002074919,0.398857302,-154704.6976
0.711309131,-0.000823558,0.38596606,-157089.2228
0.703368322,0.000479879,0.372377745,-160185.3059
0.695365564,0.00180755,0.359262292,-163259.4127
0.687303297,0.003148038,0.347053873,-165885.3821
0.679183975,0.004496275,0.335881186,-168216.2377
0.671010072,0.005848484,0.325769937,-170354.3849
0.662784077,0.007205523,0.316391998,-172274.3177
0.654508497,0.008570337,0.307335495,-174081.1372
0.646185852,0.009944525,0.298469208,-175776.1251
0.637818678,0.0113271,0.289769773,-177469.5939
0.629409523,0.012716366,0.281237079,-179364.3045
0.620960948,0.014110923,0.272936868,-181143.3044
0.612475527,0.015510061,0.264780872,-182701.4703
0.603955845,0.016913226,0.256713635,-184179.3041
0.595404498,0.018319655,0.248758222,-185556.7653
0.586824089,0.019728352,0.240876596,-186864.796
0.578217233,0.021138214,0.233030252,-188339.4689
0.56958655,0.022548159,0.225275956,-190063.6763
0.560934672,0.02395715,0.217568841,-191838.4704
0.552264232,0.025364114,0.209902486,-193354.8565
0.543577871,0.026768027,0.202263771,-194690.223
0.534878237,0.028167845,0.194619234,-196109.8136
0.526167978,0.029562526,0.186986129,-197584.7462
0.517449748,0.030950899,0.179372346,-198986.4379
0.508726203,0.032331559,0.171719805,-200503.8215
0.5,0.03370314,0.164076562,-202220.5496
0.491273797,0.035064366,0.156468109,-203958.1169
0.482550252,0.036414094,0.148867944,-205570.2143
0.473832022,0.037751164,0.141236279,-207123.9856
0.465121763,0.039074205,0.133578793,-208727.2499
0.456422129,0.040381655,0.12593559,-210345.744
0.447735768,0.041671975,0.11830644,-211941.9793
0.439065328,0.042943767,0.110675091,-213664.303
0.43041345,0.044195734,0.103077397,-215523.0039
0.421782767,0.045426577,0.095507249,-217335.5532
0.413175911,0.046634875,0.087945425,-219010.5859
0.404595502,0.047819131,0.080395588,-220703.7318
0.396044155,0.048977896,0.072864514,-222559.4228
0.387524473,0.050109728,0.065386071,-224399.1314
0.379039052,0.051213217,0.057969895,-226154.5211
0.370590477,0.052286986,0.050601285,-228020.5449
0.362181322,0.053329602,0.043294414,-230032.171
0.353814148,0.05433966,0.036070759,-232078.1654
0.345491503,0.055315801,0.02893501,-234120.2175
0.337215923,0.056256605,0.021908477,-236109.4293
0.328989928,0.05716072,0.015013767,-237963.5319
0.320816025,0.058026808,0.008221778,-239821.7604
0.312696703,0.058853447,0.001573817,-241813.0077
0.304634436,0.059639272,-0.004854989,-243851.7202
0.296631678,0.060383075,-0.01104003,-245794.7702
0.288690869,0.061083811,-0.017036472,-247730.6545
0.280814427,0.061740542,-0.022888107,-249823.9905
0.27300475,0.06235222,-0.028531811,-251915.1269
0.265264219,0.062917512,-0.033907248,-253796.926
0.25759519,0.063435241,-0.039031683,-255674.0095
0.25,0.063904305,-0.043815241,-257624.4491
0.242480963,0.0643237,-0.048198757,-259523.5107
0.235040368,0.064692589,-0.052178418,-261377.5613
0.227680482,0.065010181,-0.055757094,-263102.841
0.220403548,0.065275763,-0.058869488,-264747.4757
0.213211782,0.06548875,-0.061513226,-266423.7674
0.206107374,0.065648398,-0.063788695,-268030.6364
0.199092488,0.065753892,-0.065650716,-269542.8388
0.192169262,0.0658046,-0.066960545,-271002.807
0.185339804,0.065799897,-0.067639219,-272311.3427
0.178606195,0.065739261,-0.067636795,-273480.674
0.171970486,0.065622358,-0.066977381,-274562.0563
0.165434697,0.065448833,-0.065576843,-275449.5721
0.15900082,0.065218465,-0.063324663,-276085.9653
0.152670815,0.064931166,-0.060264872,-276596.8285
0.146446609,0.064586607,-0.056421958,-276970.4575
0.1403301,0.064184556,-0.051738985,-277067.806
0.134323149,0.063724953,-0.046121194,-276936.8799
0.128427587,0.063207559,-0.039446107,-276621.0787
0.12264521,0.062632331,-0.031667947,-275959.3478
0.116977778,0.061999456,-0.022766111,-274958.0168
0.111427019,0.061308999,-0.012651874,-273593.0032
0.105994623,0.060561327,-0.001301741,-271751.4235
0.100682245,0.059756844,0.011355133,-269551.8534
0.095491503,0.05889535,0.025486125,-266899.9439
0.090423978,0.057977051,0.041136013,-263728.0454
0.085481214,0.057002265,0.058418571,-260024.7896
0.080664716,0.055971139,0.07751101,-255666.6609
0.075975952,0.054884285,0.098344145,-250655.3755
0.07141635,0.053742295,0.12101104,-244988.4152
0.066987298,0.052545247,0.145749714,-238531.582
0.062690146,0.05129384,0.172522159,-231247.4664
0.058526204,0.049988687,0.201432062,-223103.2458
0.054496738,0.048629922,0.232695385,-214015.2299
0.050602977,0.047218437,0.266264707,-203951.8663
0.046846106,0.045754912,0.30213758,-192845.4489
0.043227271,0.044239473,0.340634759,-180635.0497
0.039747573,0.042673149,0.381421117,-167331.1502
0.036408073,0.041056674,0.424682084,-152900.354
0.033209787,0.039390281,0.470297003,-137258.4478
0.03015369,0.037675198,0.517987467,-120653.9215
0.027240712,0.035912321,0.567850957,-103208.6156
0.024471742,0.034102001,0.619392443,-85561.8437
0.021847622,0.032245636,0.671879007,-68031.06085
0.019369152,0.030344468,0.724755119,-50404.51948
0.017037087,0.028399319,0.77708545,-32483.52607
0.014852137,0.02641191,0.827574218,-14257.20491
0.012814968,0.024384341,0.87656644,1033.045071
0.0109262,0.022318653,0.922860823,12762.29633
0.009186408,0.020217456,0.963489275,20531.08914
0.007596123,0.018084867,0.996655695,26235.72148
0.00615583,0.0159264,1.026090962,86729.16284
0.004865966,0.013748211,1.0400244,62110.72877
0.003726924,0.011560717,1.042648697,15797.60081
0.002739052,0.009381829,1.037876828,-68265.90775
0.001902651,0.00723618,1.02373234,-141057.8931
0.001217975,0.005164006,0.997893294,-61311.17011
0.000685233,0.00324085,0.96499864,-85412.6726
0.000304586,0.001594958,0.929558287,-105399.078
7.62E-05,0.000430994,0.900760972,-120336.8319
0,8.68E-11,0.88935149,-125983.8771
0.985147863,0.002125847,0.321579818,-194982.944
0.982962913,0.002014235,0.325102013,-194154.4584
0.980630848,0.001900122,0.328667533,-193294.0816
0.978152378,0.00178463,0.3323743,-192735.3475
0.975528258,0.001668854,0.336179682,-191598.955
0.972759288,0.001553863,0.339838719,-190650.8574
0.96984631,0.001440769,0.343716021,-189818.0666
0.966790213,0.001330819,0.347520356,-188708.6238
0.963591927,0.001225431,0.351317213,-187511.9043
0.960252427,0.001126108,0.355047209,-186610.5156
0.956772729,0.001034353,0.358760382,-185250.5157
0.953153894,0.00095165,0.36233032,-184331.9417
0.949397023,0.000879523,0.365921789,-183175.8053
0.945503262,0.000819597,0.369278288,-182167.5171
0.941473796,0.000773622,0.372556577,-181047.4069
0.937309854,0.000743424,0.375759805,-179742.8072
0.933012702,0.000730826,0.378831141,-178560.8152
0.92858365,0.000737604,0.381773922,-177413.0418
0.924024048,0.000765561,0.384593245,-176431.2633
0.919335284,0.000816647,0.387286638,-175284.1877
0.914518786,0.000893061,0.389773306,-173972.9358
0.909576022,0.000997103,0.392052972,-172915.9804
0.904508497,0.001131025,0.394166264,-171787.6724
0.899317755,0.001296885,0.396087466,-170462.1322
0.894005377,0.001496743,0.397803174,-169113.9632
0.888572981,0.001732759,0.399300221,-168001.1111
0.883022222,0.002007288,0.400647918,-166639.4352
0.87735479,0.002322757,0.40168783,-165354.3914
0.871572413,0.00268159,0.402521034,-164369.0531
0.865676851,0.00308616,0.403081418,-163261.3332
0.8596699,0.003538874,0.403375441,-161820.6234
0.853553391,0.00404217,0.40334942,-160398.7894
0.847329185,0.004598549,0.403010857,-159096.4174
0.84099918,0.005210547,0.402311793,-157953.3328
0.834565303,0.005880676,0.401313347,-156775.837
0.828029514,0.006611433,0.39989422,-155440.0366
0.821393805,0.007405309,0.398073682,-154274.4866
0.814660196,0.00826485,0.395846458,-153178.3789
0.807830738,0.009192636,0.393140312,-152078.8761
0.800907512,0.010191265,0.389951529,-150721.1924
0.793892626,0.011263115,0.386184534,-149311.1875
0.786788218,0.012410469,0.381825133,-148332.9951
0.779596452,0.013635642,0.376853517,-147528.3333
0.772319518,0.014941498,0.371120254,-146622.6438
0.764959632,0.016331204,0.364457844,-145723.199
0.757519037,0.017807057,0.356814556,-144730.4759
0.75,0.019368149,0.348267481,-143896.1574
0.74240481,0.021012444,0.338903302,-143601.5665
0.734735781,0.022745191,0.328120211,-143569.7699
0.72699525,0.024583002,0.314300764,-143806.5922
0.719185573,0.026543506,0.296293722,-145316.3369
0.711309131,0.028596855,0.274908389,-149052.417
0.703368322,0.030676539,0.253723832,-154046.3965
0.695365564,0.032727552,0.235714224,-158718.6311
0.687303297,0.034747355,0.220577096,-162353.9241
0.679183975,0.036757796,0.206772436,-164990.2159
0.671010072,0.038772231,0.193326178,-167147.45
0.662784077,0.040793572,0.179882349,-169478.2716
0.654508497,0.042819478,0.166494946,-172072.3655
0.646185852,0.04484862,0.153186431,-174555.3996
0.637818678,0.046879746,0.139946161,-176738.2576
0.629409523,0.048911693,0.126721295,-178681.0886
0.620960948,0.050943184,0.113473083,-180923.7665
0.612475527,0.052972815,0.100268206,-183442.9731
0.603955845,0.054999117,0.087097894,-185783.6449
0.595404498,0.057020581,0.073868196,-187912.8194
0.586824089,0.059035681,0.060548758,-190149.6469
0.578217233,0.061042874,0.047188518,-192476.4734
0.56958655,0.063040533,0.033792006,-194827.4645
0.560934672,0.065026898,0.020292217,-197107.2569
0.552264232,0.067000244,0.006662072,-199350.9565
0.543577871,0.068958777,-0.007061092,-201707.4609
0.534878237,0.070900662,-0.020854686,-204198.9789
0.526167978,0.07282413,-0.034757908,-206684.893
0.517449748,0.07472734,-0.048797632,-209210.5814
0.508726203,0.076608479,-0.062970919,-211791.506
0.5,0.078465694,-0.077276489,-214409.2637
0.491273797,0.080296943,-0.091709161,-217079.3998
0.482550252,0.082100052,-0.106244747,-219799.8812
0.473832022,0.083872918,-0.120860026,-222508.9798
0.465121763,0.085613567,-0.135588397,-225299.9451
0.456422129,0.087320167,-0.150457474,-228253.3159
0.447735768,0.088990749,-0.165449299,-231296.5228
0.439065328,0.090623094,-0.180518989,-234290.9444
0.43041345,0.092214892,-0.195638084,-237231.3298
0.421782767,0.093763978,-0.210808563,-240288.9805
0.413175911,0.095268367,-0.226021464,-243470.2912
0.404595502,0.096726207,-0.241277,-246666.0339
0.396044155,0.098135521,-0.256577907,-249889.5584
0.387524473,0.099494132,-0.27189253,-253239.7202
0.379039052,0.100799929,-0.287148719,-256582.7158
0.370590477,0.102050823,-0.30235243,-259856.0133
0.362181322,0.103244799,-0.317493268,-263243.4788
0.353814148,0.10437993,-0.332499508,-266831.7566
0.345491503,0.105454322,-0.347298937,-270419.4383
0.337215923,0.106466095,-0.361899579,-273801.2668
0.328989928,0.107413536,-0.376320477,-277106.3123
0.320816025,0.108294827,-0.3905495,-280529.2367
0.312696703,0.109108201,-0.40449311,-283991.8929
0.304634436,0.109852043,-0.418034239,-287341.8717
0.296631678,0.110524822,-0.431126621,-290678.0278
0.288690869,0.111125117,-0.443766398,-294042.342
0.280814427,0.111651611,-0.455931935,-297238.8958
0.27300475,0.112102857,-0.46744525,-300231.7196
0.265264219,0.112477485,-0.478249677,-303179.6632
0.25759519,0.112774298,-0.488486141,-306164.8337
0.25,0.112992098,-0.498128298,-309041.2919
0.242480963,0.113129911,-0.506923684,-311655.2684
0.235040368,0.113186866,-0.514811895,-313923.0348
0.227680482,0.113162201,-0.52179452,-315944.0988
0.220403548,0.11305533,-0.527835238,-317851.8072
0.213211782,0.1128656,-0.532827434,-319586.3452
0.206107374,0.112592143,-0.536589665,-320948.4424
0.199092488,0.112234384,-0.538965381,-321904.1933
0.192169262,0.111791973,-0.539775185,-322476.9684
0.185339804,0.111264824,-0.539134335,-322736.6926
0.178606195,0.110653027,-0.537194259,-322612.9513
0.171970486,0.109956478,-0.5338498,-322030.8378
0.165434697,0.10917503,-0.52888634,-320957.9749
0.15900082,0.108308786,-0.522182404,-319328.3091
0.152670815,0.107357848,-0.51364454,-317153.7527
0.146446609,0.106322505,-0.503257173,-314440.3001
0.1403301,0.105203237,-0.49097972,-311132.2674
0.134323149,0.104000405,-0.4767249,-307160.6549
0.128427587,0.102714568,-0.460390409,-302421.9147
0.12264521,0.101346397,-0.4418512,-296962.0441
0.116977778,0.099896387,-0.421019426,-290745.1425
0.111427019,0.098365232,-0.397882971,-283758.5582
0.105994623,0.096753769,-0.372364709,-275982.2509
0.100682245,0.095062822,-0.344412209,-267355.6439
0.095491503,0.0932935,-0.314083906,-257901.4333
0.090423978,0.091446852,-0.281322256,-247599.0786
0.085481214,0.0895237,-0.246043196,-236411.1013
0.080664716,0.087525136,-0.208264642,-224351.2694
0.075975952,0.085452305,-0.167962632,-211430.2316
0.07141635,0.08330628,-0.125152618,-197688.4949
0.066987298,0.081088454,-0.079924805,-183148.2011
0.062690146,0.078800124,-0.032330057,-167843.3488
0.058526204,0.076442407,0.017586138,-151853.0808
0.054496738,0.074016753,0.069669268,-135227.7266
0.050602977,0.071524598,0.123787838,-118090.8271
0.046846106,0.06896732,0.179814607,-100570.8601
0.043227271,0.066346603,0.237438502,-82815.6777
0.039747573,0.063664122,0.296420456,-64978.74862
0.036408073,0.060921546,0.356305836,-47254.73894
0.033209787,0.058120731,0.416820112,-29864.41306
0.03015369,0.05526361,0.477593365,-13032.41767
0.027240712,0.052352098,0.538168843,2992.36409
0.024471742,0.049388242,0.598014746,17911.212
0.021847622,0.046374834,0.656599727,31419.61203
0.019369152,0.043315227,0.713175876,43296.7864
0.017037087,0.040212837,0.767050738,53459.69412
0.014852137,0.037072069,0.81751615,61730.74461
0.012814968,0.033898197,0.864061268,67194.81261
0.0109262,0.030696821,0.906233024,69563.90327
0.009186408,0.027475891,0.943650052,68763.43384
0.007596123,0.024246475,0.975628353,66277.35373
0.00615583,0.021021726,1.001636609,127793.2548
0.004865966,0.017819924,1.02254765,160830.5098
0.003726924,0.014668259,1.035483417,116427.3753
0.002739052,0.011603604,1.042076921,67658.77071
0.001902651,0.008678,1.043070155,8807.654414
0.001217975,0.005969567,1.038558702,-54188.58702
0.000685233,0.003589603,1.03405158,-94071.6409
0.000304586,0.001687129,1.027519607,-130645.2882
7.62E-05,0.000438166,1.022119255,-157610.6497
0,1.90E-09,1.020017543,-167623.7907
