x,y,cp,dun
0.985147863,0.003632655,0.139419612,150970.9153
0.982962913,0.004006751,0.13321132,153037.2634
0.980630848,0.00440513,0.126672645,155450.2001
0.978152378,0.004827411,0.119846477,157599.8043
0.975528258,0.005273071,0.112801402,160019.3422
0.972759288,0.00574156,0.105490019,162393.8939
0.96984631,0.006232411,0.098060004,164997.7969
0.966790213,0.006745171,0.090520789,167242.2374
0.963591927,0.007279392,0.08278309,169402.1337
0.960252427,0.007834739,0.074927069,171816.7169
0.956772729,0.008410933,0.067052197,173771.6258
0.953153894,0.009007603,0.05887712,176109.9328
0.949397023,0.009624154,0.050742062,178478.9734
0.945503262,0.010259841,0.042595346,180204.0512
0.941473796,0.010913984,0.034296962,182185.7858
0.937309854,0.011586105,0.026055871,184098.342
0.933012702,0.012275814,0.01774851,185902.7458
0.92858365,0.012982673,0.009415845,187851.3872
0.924024048,0.013706161,0.001052447,189822.9905
0.919335284,0.014445708,-0.007291557,191371.8717
0.914518786,0.015200704,-0.015772104,192811.7185
0.909576022,0.015970428,-0.024215408,194532.0689
0.904508497,0.016754093,-0.032623201,196351.2415
0.899317755,0.017551011,-0.040958721,197640.4388
0.894005377,0.0183607,-0.049336814,199145.9309
0.888572981,0.019182803,-0.057647458,200621.4428
0.883022222,0.020016851,-0.066035903,202168.6029
0.87735479,0.020862132,-0.074433684,203551.0632
0.871572413,0.021717868,-0.082823257,205089.2812
0.865676851,0.022583314,-0.091115945,206311.8549
0.8596699,0.023457828,-0.099436047,207538.8485
0.853553391,0.024340821,-0.107753903,209116.7924
0.847329185,0.02523168,-0.116073639,210628.8009
0.84099918,0.026129795,-0.124386811,212088.7973
0.834565303,0.027034557,-0.132629793,213305.3951
0.828029514,0.027945321,-0.140931464,214610.5515
0.821393805,0.028861388,-0.149242805,216180.991
0.814660196,0.029782057,-0.157446629,217545.01
0.807830738,0.030706645,-0.165663539,218701.5166
0.800907512,0.031634582,-0.17387627,219987.6934
0.793892626,0.032565331,-0.182140777,221602.2861
0.786788218,0.033498305,-0.190378899,222941.3196
0.779596452,0.034432822,-0.198640577,224042.9628
0.772319518,0.035368177,-0.206909786,225443.131
0.764959632,0.036303685,-0.215181553,226905.605
0.757519037,0.037238668,-0.223527891,228480.9372
0.75,0.038172472,-0.23180243,230003.9351
0.74240481,0.039104443,-0.240077902,231166.8376
0.734735781,0.040033934,-0.248416774,232309.9873
0.72699525,0.040960314,-0.256761603,233661.8219
0.719185573,0.04188296,-0.265123598,235181.84
0.711309131,0.042801323,-0.273474878,236612.0767
0.703368322,0.043714874,-0.281907055,238004.2469
0.695365564,0.044623021,-0.290450732,239649.046
0.687303297,0.045525019,-0.298941678,241144.0904
0.679183975,0.046420071,-0.307454453,242288.4827
0.671010072,0.047307466,-0.316069019,243442.5125
0.662784077,0.048186621,-0.324692726,244750.2532
0.654508497,0.049057016,-0.333339353,246108.4125
0.646185852,0.049918102,-0.342091534,247660.5462
0.637818678,0.050769259,-0.350874545,249407.8063
0.629409523,0.051609849,-0.359664569,250841.9131
0.620960948,0.052439244,-0.36855605,252044.7862
0.612475527,0.053256745,-0.377552737,253496.8195
0.603955845,0.054061653,-0.386557993,255125.7703
0.595404498,0.054853329,-0.395584386,256587.7949
0.586824089,0.055631205,-0.404724472,257913.7228
0.578217233,0.056394771,-0.413956589,259395.491
0.56958655,0.057143512,-0.423225386,261070.0578
0.560934672,0.057876862,-0.432552027,262568.0232
0.552264232,0.058594293,-0.442025632,263817.9992
0.543577871,0.059295192,-0.451661415,265140.4522
0.534878237,0.059978825,-0.461382165,266786.4676
0.526167978,0.060644425,-0.471129088,268609.241
0.517449748,0.061291321,-0.480930472,270265.5104
0.508726203,0.061919101,-0.49081727,271650.253
0.5,0.062527453,-0.500841245,272980.5497
0.491273797,0.063115945,-0.511023708,274497.0872
0.482550252,0.063683942,-0.52135194,276248.9762
0.473832022,0.064230727,-0.531801669,278054.4511
0.465121763,0.064755683,-0.542345975,279657.7658
0.456422129,0.065258366,-0.552993618,281123.228
0.447735768,0.065738408,-0.563809479,282703.2571
0.439065328,0.066195375,-0.574821526,284452.5669
0.43041345,0.066628711,-0.58600462,286203.7689
0.421782767,0.06703782,-0.597338604,287866.9482
0.413175911,0.067422197,-0.60884516,289607.5973
0.404595502,0.067781466,-0.620566588,291496.8118
0.396044155,0.068115312,-0.632496604,293215.9826
0.387524473,0.068423426,-0.644666152,294728.46
0.379039052,0.068705485,-0.657167684,296401.7914
0.370590477,0.068961166,-0.670061013,298381.3843
0.362181322,0.069190078,-0.683303874,300294.4633
0.353814148,0.069391478,-0.696855364,302130.8686
0.345491503,0.069564493,-0.710628617,304100.4213
0.337215923,0.069708969,-0.724719008,306092.4517
0.328989928,0.069825862,-0.739760109,308040.5409
0.320816025,0.069916829,-0.756602757,310308.1837
0.312696703,0.069981792,-0.775393389,313191.813
0.304634436,0.070015171,-0.795364795,316423.3067
0.296631678,0.070010203,-0.815449639,319669.9721
0.288690869,0.069961371,-0.834814538,322729.6188
0.280814427,0.069865661,-0.853056759,325643.7277
0.27300475,0.06972117,-0.869978764,328404.3105
0.265264219,0.069526603,-0.885442996,330794.0223
0.25759519,0.069282348,-0.899586048,332777.3248
0.25,0.068989616,-0.912882237,334684.251
0.242480963,0.068649525,-0.925669056,336627.8172
0.235040368,0.06826278,-0.93793794,338471.3469
0.227680482,0.067829987,-0.949657326,340096.5659
0.220403548,0.067351865,-0.960855728,341563.6172
0.213211782,0.066829223,-0.971606931,342987.3472
0.206107374,0.06626297,-0.981966411,344293.7846
0.199092488,0.065654069,-0.991968151,345442.058
0.192169262,0.06500333,-1.001639504,346555.9031
0.185339804,0.06431149,-1.010938254,347537.5123
0.178606195,0.06357945,-1.019789406,348223.1197
0.171970486,0.062808251,-1.028229268,348857.2162
0.165434697,0.061999085,-1.036383532,349550.1338
0.15900082,0.061153218,-1.044327724,350002.869
0.152670815,0.060271717,-1.052063653,350250.6976
0.146446609,0.059355473,-1.059562463,350456.3392
0.1403301,0.058405549,-1.066773532,350517.2958
0.134323149,0.057423067,-1.073709544,350504.2389
0.128427587,0.056409221,-1.080412341,350300.2142
0.12264521,0.055365366,-1.08699321,349924.4038
0.116977778,0.054292722,-1.093434049,349434.2962
0.111427019,0.053192377,-1.099697195,348760.3889
0.105994623,0.052065622,-1.105853464,347973.363
0.100682245,0.050913711,-1.111864852,347011.9479
0.095491503,0.049737871,-1.117735803,345794.7077
0.090423978,0.048539535,-1.123622777,344441.4859
0.085481214,0.04732006,-1.12953428,342895.3761
0.080664716,0.046080521,-1.13538904,341067.8066
0.075975952,0.044822326,-1.141316381,339029.5927
0.07141635,0.043546765,-1.147312512,336689.7773
0.066987298,0.042254832,-1.153222296,334071.7417
0.062690146,0.04094785,-1.159127251,331111.2103
0.058526204,0.039627224,-1.165060365,327714.249
0.054496738,0.038294015,-1.170882024,323889.0003
0.050602977,0.036949757,-1.176928948,319629.6898
0.046846106,0.035595931,-1.183299371,314886.0046
0.043227271,0.034233132,-1.189398271,309444.6261
0.039747573,0.032862564,-1.195296507,303234.1837
0.036408073,0.031485721,-1.201116394,296214.9948
0.033209787,0.030103433,-1.206257183,288172.7581
0.03015369,0.028717328,-1.21141168,279083.4176
0.027240712,0.027329177,-1.216954695,268811.0801
0.024471742,0.02593885,-1.221093078,256779.7321
0.021847622,0.024547264,-1.223643742,242822.0511
0.019369152,0.023156115,-1.224829531,226772.7891
0.017037087,0.021765654,-1.22248288,207972.3254
0.014852137,0.020377597,-1.21728845,186303.0782
0.012814968,0.018994434,-1.210621221,161540.6188
0.0109262,0.017615014,-1.19630612,132573.2061
0.009186408,0.016239891,-1.175177562,99164.7504
0.007596123,0.014872003,-1.144361796,60517.12077
0.00615583,0.013510423,-1.099243518,14209.45404
0.004865966,0.012156816,-1.036121883,-39904.08759
0.003726924,0.010816281,-0.960599195,-97063.29825
0.002739052,0.009487844,-0.860820403,-152773.0896
0.001902651,0.008172415,-0.72578452,-205144.6677
0.001217975,0.006877431,-0.554103236,-251699.9149
0.000685233,0.005612931,-0.362333777,-289545.3413
0.000304586,0.004434273,-0.169318183,-300314.1711
7.62E-05,0.003355601,0.020818071,-293763.2261
0,0.00293498,0.096646603,-284702.5418
0.985147863,0.006461777,0.273056546,92839.81893
0.982962913,0.007091788,0.26736886,95364.84028
0.980630848,0.007762156,0.261254921,97939.40054
0.978152378,0.008472231,0.254726918,100634.9372
0.975528258,0.009221346,0.247801505,103196.1349
0.972759288,0.010008852,0.24042464,105732.7952
0.96984631,0.010834175,0.23269719,108529.9772
0.966790213,0.011696733,0.224604955,111048.896
0.963591927,0.012595923,0.216101317,113447.3775
0.960252427,0.01353093,0.20722573,115855.0467
0.956772729,0.014500854,0.197979434,118191.8726
0.953153894,0.015504786,0.188366026,120740.1017
0.949397023,0.016541863,0.178507254,123295.8563
0.945503262,0.017611205,0.168307606,125553.1478
0.941473796,0.018711953,0.157798266,128096.9969
0.937309854,0.019843287,0.147040421,130542.1477
0.933012702,0.021004428,0.136002398,132902.0505
0.92858365,0.022194488,0.124734468,135390.2246
0.924024048,0.023412531,0.113199759,137785.3783
0.919335284,0.024657516,0.101477445,140527.4797
0.914518786,0.025928438,0.089547098,143182.8077
0.909576022,0.027224276,0.077526177,145710.2256
0.904508497,0.02854403,0.065263122,148271.6901
0.899317755,0.029886726,0.052895072,151152.0124
0.894005377,0.031251467,0.040433965,153716.7683
0.888572981,0.032637398,0.027823417,156356.5494
0.883022222,0.034043591,0.015078372,159227.0856
0.87735479,0.035468864,0.002305011,162005.1896
0.871572413,0.036912038,-0.01056957,164730.7896
0.865676851,0.038371995,-0.023496932,167363.6795
0.8596699,0.0398478,-0.036486055,170020.5026
0.853553391,0.041338544,-0.049488919,172892.0076
0.847329185,0.042843295,-0.062524046,175391.761
0.84099918,0.044360893,-0.075659439,177783.2418
0.834565303,0.045890222,-0.088821336,180538.7765
0.828029514,0.047430155,-0.102014739,183323.2127
0.821393805,0.048979682,-0.115223167,185957.5156
0.814660196,0.050537829,-0.128442954,188316.9391
0.807830738,0.052103584,-0.14170424,190620.5191
0.800907512,0.053675933,-0.154996247,193051.1848
0.793892626,0.05525387,-0.16838653,195606.7744
0.786788218,0.056836337,-0.181794632,198285.1341
0.779596452,0.058422221,-0.195177529,200568.8223
0.772319518,0.060010377,-0.20864252,202656.6971
0.764959632,0.061599722,-0.222168914,205060.389
0.757519037,0.063189253,-0.23567772,207259.0723
0.75,0.064777954,-0.249272475,209286.9462
0.74240481,0.066364795,-0.262945365,211652.0008
0.734735781,0.067948726,-0.276619432,214049.6421
0.72699525,0.069528659,-0.290391024,216239.4726
0.719185573,0.071103523,-0.304290833,218575.6409
0.711309131,0.072672247,-0.318183586,220835.1869
0.703368322,0.074233759,-0.332127553,222968.7384
0.695365564,0.075786983,-0.346197311,225344.6489
0.687303297,0.077330827,-0.360318251,227680.5902
0.679183975,0.078864203,-0.374491777,229664.1496
0.671010072,0.080386081,-0.388806025,231831.6165
0.662784077,0.081895496,-0.403236008,234317.5656
0.654508497,0.08339153,-0.417753302,236618.39
0.646185852,0.084873147,-0.432392731,238649.0026
0.637818678,0.086339059,-0.44718309,240720.2444
0.629409523,0.08778794,-0.462093961,242989.7384
0.620960948,0.089218637,-0.477087881,245469.1604
0.612475527,0.090630194,-0.49218022,248036.5915
0.603955845,0.092021738,-0.507423795,250465.0035
0.595404498,0.093392292,-0.522839044,252824.111
0.586824089,0.094740685,-0.538380652,255329.3099
0.578217233,0.096065692,-0.554049418,257953.4143
0.56958655,0.097366186,-0.569859679,260489.8802
0.560934672,0.098641141,-0.585824523,262849.7134
0.552264232,0.099889556,-0.601964324,265200.9835
0.543577871,0.101110418,-0.61828488,267753.4312
0.534878237,0.102302595,-0.634801642,270445.9515
0.526167978,0.103464976,-0.651472377,273272.9833
0.517449748,0.104596484,-0.66826909,276075.8215
0.508726203,0.105696062,-0.685233221,278625.0751
0.5,0.1067627,-0.702422217,281059.2688
0.491273797,0.107795402,-0.719813082,283756.0503
0.482550252,0.108793148,-0.737380874,286611.3124
0.473832022,0.10975495,-0.755139072,289375.2787
0.465121763,0.110679816,-0.773123663,292111.4413
0.456422129,0.1115667,-0.791339593,295069.3278
0.447735768,0.112414585,-0.80972461,297945.8797
0.439065328,0.113222489,-0.828292758,300601.7755
0.43041345,0.113989465,-0.847097495,303266.3962
0.421782767,0.114714609,-0.866154656,306163.2676
0.413175911,0.115397029,-0.885442001,309205.473
0.404595502,0.116035814,-0.904993843,312340.8299
0.396044155,0.116630065,-0.924775432,315313.5764
0.387524473,0.117178988,-0.944763041,318012.3714
0.379039052,0.117681905,-0.965042789,320705.9346
0.370590477,0.118138197,-0.985757472,323762.5982
0.362181322,0.118547158,-1.006875848,326972.5752
0.353814148,0.118907726,-1.028304228,330025.3283
0.345491503,0.119218728,-1.049908156,332928.6037
0.337215923,0.119479551,-1.071819355,335855.0151
0.328989928,0.119690647,-1.094717207,338932.7511
0.320816025,0.11985299,-1.11949721,342434.1319
0.312696703,0.119965769,-1.146188724,346390.7083
0.304634436,0.120024392,-1.173944841,350392.454
0.296631678,0.120022624,-1.201668522,354191.6615
0.288690869,0.119955629,-1.228558718,357951.3232
0.280814427,0.119820662,-1.254165498,361694.9483
0.27300475,0.119615827,-1.278144207,365262.2444
0.265264219,0.119339827,-1.300284493,368430.3957
0.25759519,0.118992756,-1.320667477,371032.7032
0.25,0.118575649,-1.339695916,373199.7915
0.242480963,0.11808947,-1.357811362,375228.2031
0.235040368,0.117534939,-1.375121143,377084.1746
0.227680482,0.116912633,-1.39156759,378671.5058
0.220403548,0.116223281,-1.407159104,379966.7955
0.213211782,0.115467468,-1.421875734,380968.6454
0.206107374,0.11464573,-1.435663461,381755.1719
0.199092488,0.113758764,-1.448452037,382324.0812
0.192169262,0.112807433,-1.460202525,382523.5449
0.185339804,0.111792745,-1.471008404,382383.2656
0.178606195,0.11071589,-1.480957158,382009.7171
0.171970486,0.10957793,-1.490009219,381265.0192
0.165434697,0.108379674,-1.498069464,380066.5468
0.15900082,0.107122094,-1.505041399,378507.4106
0.152670815,0.105806282,-1.510856231,376624.9951
0.146446609,0.104433374,-1.515500276,374329.2961
0.1403301,0.103004706,-1.519028821,371580.994
0.134323149,0.101521662,-1.521479108,368421.6753
0.128427587,0.099985432,-1.522774746,364815.8807
0.12264521,0.098397301,-1.522845152,360727.2241
0.116977778,0.09675873,-1.521677603,356180.4892
0.111427019,0.095070944,-1.519170394,351065.6895
0.105994623,0.093335283,-1.515292916,345366.5551
0.100682245,0.09155332,-1.510043951,339141.9552
0.095491503,0.089726391,-1.503264967,332283.251
0.090423978,0.087855867,-1.494889326,324763.4231
0.085481214,0.085943429,-1.484941302,316600.5688
0.080664716,0.083990515,-1.473242209,307747.1636
0.075975952,0.08199846,-1.459621413,298088.9151
0.07141635,0.079969033,-1.444141274,287612.2619
0.066987298,0.077903792,-1.426592014,276308.7838
0.062690146,0.075804102,-1.406786389,264142.8214
0.058526204,0.073671893,-1.384880424,251047.5653
0.054496738,0.071508725,-1.360615343,236966.2887
0.050602977,0.069315713,-1.333457156,221812.2151
0.046846106,0.067094547,-1.303442507,205594.2979
0.043227271,0.064846998,-1.270350481,188252.8327
0.039747573,0.062574367,-1.233710403,169698.3003
0.036408073,0.060278701,-1.193796675,150020.7501
0.033209787,0.057961995,-1.150487749,129168.2582
0.03015369,0.055625108,-1.102870577,106988.1992
0.027240712,0.053269596,-1.05078118,83566.93151
0.024471742,0.050897446,-0.994203957,59016.79767
0.021847622,0.048509822,-0.93228751,33311.69721
0.019369152,0.046108549,-0.865122425,6675.819126
0.017037087,0.043696163,-0.792933236,-20647.43251
0.014852137,0.04127392,-0.714955437,-48575.51994
0.012814968,0.038843519,-0.630945966,-76694.61928
0.0109262,0.036407854,-0.541212052,-104404.7147
0.009186408,0.033969124,-0.445969372,-131147.6236
0.007596123,0.031530028,-0.34512936,-156329.8632
0.00615583,0.029094802,-0.239648514,-179661.8223
0.004865966,0.026668804,-0.130526716,-201523.3203
0.003726924,0.024258989,-0.019053646,-221821.7588
0.002739052,0.021875679,0.092795205,-237953.8768
0.001902651,0.019536985,0.203197407,-248746.8537
0.001217975,0.017274154,0.309749341,-254456.6087
0.000685233,0.015143097,0.40870223,-254490.7965
0.000304586,0.013258051,0.493960419,-250135.1259
7.62E-05,0.011856179,0.555345661,-244164.7409
0,0.011312496,0.578610497,-241079.0874
0.985147863,0.009328207,0.33568453,31847.99891
0.982962913,0.010216739,0.333101332,33594.74678
0.980630848,0.011162079,0.330256909,35544.33744
0.978152378,0.012163394,0.327152899,37669.70162
0.975528258,0.01321978,0.323758317,39925.86004
0.972759288,0.014330418,0.320046819,42358.51841
0.96984631,0.015494355,0.31604098,45091.00258
0.966790213,0.016710652,0.311710213,47869.43925
0.963591927,0.017978324,0.306964708,50583.48564
0.960252427,0.019296226,0.301832779,53394.0235
0.956772729,0.020663201,0.296248062,56215.2419
0.953153894,0.022078065,0.290190943,58952.72907
0.949397023,0.023539708,0.283613852,61800.36967
0.945503262,0.025047028,0.27650532,64588.31344
0.941473796,0.026598848,0.268823412,67365.11627
0.937309854,0.028193813,0.26053883,70221.01333
0.933012702,0.029830549,0.25165765,73389.78303
0.92858365,0.031507728,0.242193067,76599.20354
0.924024048,0.033224102,0.232136217,79966.70995
0.919335284,0.034978459,0.221493126,83390.08004
0.914518786,0.036769509,0.210282829,86863.5351
0.909576022,0.038595828,0.198501389,90459.05142
0.904508497,0.040455948,0.186198163,94084.77235
0.899317755,0.042348458,0.173370636,97733.40604
0.894005377,0.04427194,0.160050683,101573.5197
0.888572981,0.046225033,0.146281473,105314.4381
0.883022222,0.048206334,0.13204778,108789.4044
0.87735479,0.050214506,0.117333756,112408.6422
0.871572413,0.05224822,0.102225346,116012.7409
0.865676851,0.054306065,0.086689535,119632.6871
0.8596699,0.056386417,0.070827952,123440.9899
0.853553391,0.058487702,0.054650757,126772.7323
0.847329185,0.0606084,0.038084705,130177.1962
0.84099918,0.062747224,0.021287853,133778.9691
0.834565303,0.064902961,0.004231197,137158.4063
0.828029514,0.06707418,-0.013109383,140590.7151
0.821393805,0.06925935,-0.030690101,144238.343
0.814660196,0.071456891,-0.048453743,147862.2516
0.807830738,0.073665295,-0.066353128,151012.0368
0.800907512,0.07588321,-0.084510289,154139.0079
0.793892626,0.078109242,-0.102813565,157508.7922
0.786788218,0.080341978,-0.121264582,160794.7182
0.779596452,0.082579773,-0.139914923,164138.5021
0.772319518,0.084821005,-0.158619955,167436.2779
0.764959632,0.087064159,-0.177476051,170618.4614
0.757519037,0.08930802,-0.196485501,173906.2832
0.75,0.091551366,-0.215615546,177285.5057
0.74240481,0.09379274,-0.234892653,180621.0843
0.734735781,0.096030489,-0.254312651,183775.5313
0.72699525,0.098262911,-0.27390841,186931.3465
0.719185573,0.100488445,-0.293617899,190216.2994
0.711309131,0.1027057,-0.313431308,193528.1127
0.703368322,0.104913343,-0.333402298,196844.5891
0.695365564,0.107109968,-0.353528575,200156.2549
0.687303297,0.109294082,-0.37382759,203348.9719
0.679183975,0.111464175,-0.394364108,206499.5794
0.671010072,0.113618741,-0.415126929,209749.3999
0.662784077,0.115756233,-0.435998397,213180.4751
0.654508497,0.117875097,-0.457026787,216587.6133
0.646185852,0.119973755,-0.478298958,219882.8608
0.637818678,0.122050648,-0.499803007,223219.2543
0.629409523,0.124104234,-0.521498479,226686.8506
0.620960948,0.12613297,-0.543398687,230174.2401
0.612475527,0.128135415,-0.565478932,233693.7524
0.603955845,0.130110125,-0.587829367,237113.1645
0.595404498,0.132055547,-0.61048443,240497.2128
0.586824089,0.133970036,-0.633394466,244038.022
0.578217233,0.135851931,-0.656517657,247726.1771
0.56958655,0.137699645,-0.679882623,251357.4209
0.560934672,0.139511762,-0.703550663,255194.2047
0.552264232,0.141286923,-0.727490563,259084.692
0.543577871,0.143023598,-0.751711387,262709.0721
0.534878237,0.144720073,-0.776282574,266197.1438
0.526167978,0.146374652,-0.801172892,270130.3365
0.517449748,0.147985753,-0.826283357,274275.6774
0.508726203,0.149551982,-0.85164447,278358.452
0.5,0.151072038,-0.877333183,282350.723
0.491273797,0.152544509,-0.903364536,286343.8043
0.482550252,0.153967719,-0.929737041,290381.5493
0.473832022,0.155340035,-0.956408516,294540.0489
0.465121763,0.15665993,-0.983362671,298772.9084
0.456422129,0.157925978,-1.010621412,303004.052
0.447735768,0.159136842,-1.038196853,307312.7567
0.439065328,0.160291191,-1.066056808,311632.4687
0.43041345,0.16138761,-1.094218025,315988.7505
0.421782767,0.162424711,-1.122712845,320451.5822
0.413175911,0.163401207,-1.151530381,324968.2463
0.404595502,0.164315715,-1.180652251,329356.3606
0.396044155,0.165166944,-1.210077317,333629.5083
0.387524473,0.165953668,-1.239800173,337962.7953
0.379039052,0.166674687,-1.269807837,342468.1037
0.370590477,0.167328864,-1.300112776,346965.3383
0.362181322,0.167915047,-1.330700627,351370.4638
0.353814148,0.168432002,-1.361486202,355758.2788
0.345491503,0.168878551,-1.392399099,360212.8127
0.337215923,0.169253873,-1.423620964,364645.7055
0.328989928,0.169557697,-1.455814694,369102.2893
0.320816025,0.169790241,-1.489574108,373768.0511
0.312696703,0.169950427,-1.524879467,378727.8269
0.304634436,0.170034048,-1.560885064,383758.2661
0.296631678,0.170036103,-1.59652063,388706.4513
0.288690869,0.169952691,-1.630988749,393455.0108
0.280814427,0.169781434,-1.663783365,397805.3788
0.27300475,0.169520987,-1.694582835,401556.0648
0.265264219,0.169170266,-1.723293957,404877.6946
0.25759519,0.168729346,-1.749862551,407797.4049
0.25,0.16819901,-1.774503643,410297.7579
0.242480963,0.167580082,-1.797658755,412404.7418
0.235040368,0.166873087,-1.819553847,414078.1493
0.227680482,0.166078345,-1.839960888,415247.4489
0.220403548,0.165196295,-1.858709577,415875.3402
0.213211782,0.164227496,-1.875721982,416011.9116
0.206107374,0.163172597,-1.890884275,415721.1582
0.199092488,0.162032446,-1.904138916,414893.9202
0.192169262,0.160807903,-1.915581715,413387.9971
0.185339804,0.159499825,-1.92522117,411294.5148
0.178606195,0.158109206,-1.93295766,408704.5202
0.171970486,0.156637117,-1.938730845,405501.5821
0.165434697,0.155084426,-1.942516447,401564.1987
0.15900082,0.153452041,-1.943936443,396881.0108
0.152670815,0.151741086,-1.942760777,391471.8452
0.146446609,0.149952776,-1.939074115,385237.8448
0.1403301,0.14808849,-1.933062734,378201.3193
0.134323149,0.146149753,-1.924747917,370567.2083
0.128427587,0.144137852,-1.913932908,362238.8257
0.12264521,0.142053842,-1.900354432,352888.955
0.116977778,0.139899028,-1.883915017,342655.0795
0.111427019,0.137674886,-1.864505731,331616.8352
0.105994623,0.13538301,-1.842163573,319721.3865
0.100682245,0.133025284,-1.817079261,306972.6819
0.095491503,0.130603483,-1.789246389,293373.3824
0.090423978,0.128118913,-1.758396729,278890.9796
0.085481214,0.125572998,-1.724337509,263536.8415
0.080664716,0.122967408,-1.686962305,247280.476
0.075975952,0.120303841,-1.646222681,230161.2772
0.07141635,0.117584222,-1.602280107,212243.551
0.066987298,0.114810724,-1.555252536,193540.5538
0.062690146,0.111985001,-1.504955043,174029.0403
0.058526204,0.109108612,-1.451227911,153763.9475
0.054496738,0.106183472,-1.394064089,132827.0436
0.050602977,0.103211459,-1.333397562,111255.5955
0.046846106,0.100194466,-1.26922867,89143.76553
0.043227271,0.097134712,-1.201747123,66617.39922
0.039747573,0.0940344,-1.131010804,43771.74072
0.036408073,0.090895418,-1.056960137,20694.42109
0.033209787,0.087720002,-0.979731156,-2460.194166
0.03015369,0.084510476,-0.899432817,-25531.84568
0.027240712,0.081268891,-0.816032361,-48372.32974
0.024471742,0.077997528,-0.72980173,-70778.13668
0.021847622,0.074699011,-0.641094788,-92528.16081
0.019369152,0.071376133,-0.550038759,-113364.6916
0.017037087,0.068031961,-0.456972376,-133073.9991
0.014852137,0.064670051,-0.362356756,-151409.2154
0.012814968,0.061294402,-0.266713883,-168126.3324
0.0109262,0.057909558,-0.170531682,-182975.4813
0.009186408,0.054520818,-0.074299452,-195745.6783
0.007596123,0.051135629,0.021179029,-206211.5083
0.00615583,0.047763842,0.114996741,-214332.7971
0.004865966,0.044418034,0.206403256,-220222.2793
0.003726924,0.041116229,0.294364086,-223899.7801
0.002739052,0.037885832,0.377591524,-224956.1535
0.001902651,0.03476732,0.45501981,-223451.5814
0.001217975,0.031824257,0.525153473,-219689.3795
0.000685233,0.029163515,0.585806454,-214365.189
0.000304586,0.026955837,0.633861416,-208484.8186
7.62E-05,0.025446551,0.665443647,-203736.0309
0,0.024901653,0.676582353,-202074.989
0.985147863,0.003974449,0.131867349,147101.8328
0.982962913,0.004396996,0.124998784,149040.0421
0.980630848,0.0048462,0.11778821,150969.7914
0.978152378,0.005321657,0.110355516,152803.5701
0.975528258,0.005823024,0.102595727,154831.4519
0.972759288,0.006349937,0.094643789,156700.4678
0.96984631,0.006901835,0.08639979,158474.5066
0.966790213,0.007478065,0.077921745,160606.1918
0.963591927,0.008077968,0.069347774,162520.6885
0.960252427,0.008700993,0.060625925,164607.2921
0.956772729,0.009346554,0.051699635,166456.988
0.953153894,0.010014066,0.042611423,168446.42
0.949397023,0.010702838,0.033515676,170568.6487
0.945503262,0.011412136,0.02419055,172533.3469
0.941473796,0.012141226,0.014957637,174720.6745
0.937309854,0.012889499,0.00561325,176515.7722
0.933012702,0.013656391,-0.003808964,178516.4074
0.92858365,0.01444126,-0.01334956,180499.2681
0.924024048,0.015243359,-0.022910049,182785.6555
0.919335284,0.016061865,-0.032463802,184825.0837
0.914518786,0.01689598,-0.042010637,186722.1254
0.909576022,0.01774494,-0.051598208,188762.6294
0.904508497,0.018608017,-0.061238083,190951.0686
0.899317755,0.019484409,-0.070872156,193085.9026
0.894005377,0.020373272,-0.08040494,194842.8203
0.888572981,0.02127369,-0.090025036,196856.9134
0.883022222,0.022184821,-0.099573075,199107.9864
0.87735479,0.023105948,-0.109061635,200909.451
0.871572413,0.024036373,-0.118602273,202944.8728
0.865676851,0.024975392,-0.128063078,205016.82
0.8596699,0.025922191,-0.137505484,206851.7708
0.853553391,0.02687592,-0.14701291,208854.9524
0.847329185,0.027835745,-0.156457668,210987.6513
0.84099918,0.028800767,-0.165833811,212752.3248
0.834565303,0.029770098,-0.175216729,214347.0344
0.828029514,0.030742888,-0.184583841,216436.3633
0.821393805,0.031718375,-0.193872266,218685.7173
0.814660196,0.032695821,-0.203117441,220484.966
0.807830738,0.03367449,-0.212348661,222119.6947
0.800907512,0.034653517,-0.221615119,223750.6171
0.793892626,0.035632079,-0.230887105,225669.3284
0.786788218,0.036609327,-0.24007288,227553.1724
0.779596452,0.03758449,-0.24923722,229205.5181
0.772319518,0.038556793,-0.258397286,230957.8516
0.764959632,0.039525446,-0.267540221,232713.3791
0.757519037,0.04048958,-0.276663439,234421.3576
0.75,0.041448319,-0.285809164,236168.2206
0.74240481,0.042400839,-0.294879917,237783.6186
0.734735781,0.043346447,-0.30387203,239125.3035
0.72699525,0.044284484,-0.312901074,240619.8789
0.719185573,0.045214272,-0.321948725,242342.2667
0.711309131,0.046135015,-0.331019832,244098.2958
0.703368322,0.047045885,-0.340049206,245965.6431
0.695365564,0.047946104,-0.348970511,247488.5778
0.687303297,0.048834954,-0.357930501,248621.4343
0.679183975,0.049711752,-0.367010256,249938.1658
0.671010072,0.050575764,-0.376091304,251669.5495
0.662784077,0.051426192,-0.385062223,253377.4365
0.654508497,0.052262208,-0.393976894,254837.6546
0.646185852,0.05308306,-0.40291995,256325.3264
0.637818678,0.053888178,-0.411861301,257782.4675
0.629409523,0.054677021,-0.420797818,258944.665
0.620960948,0.055449021,-0.42975797,260253.3367
0.612475527,0.056203445,-0.438739075,261694.2719
0.603955845,0.056939529,-0.447722923,263138.5479
0.595404498,0.05765658,-0.456710842,264787.5416
0.586824089,0.058353997,-0.465695636,266640.9329
0.578217233,0.059031248,-0.474660057,268224.4425
0.56958655,0.059687774,-0.483643134,269397.7957
0.560934672,0.060322876,-0.492691097,270604.0211
0.552264232,0.060935849,-0.501724066,272066.0146
0.543577871,0.061526047,-0.510725311,273594.1361
0.534878237,0.0620929,-0.519733582,275106.1258
0.526167978,0.062635909,-0.528729359,276722.877
0.517449748,0.063154599,-0.537672708,278349.7569
0.508726203,0.063648449,-0.546661169,279784.4742
0.5,0.064117001,-0.555729215,281176.6267
0.491273797,0.06455977,-0.564809,282677.9681
0.482550252,0.064976221,-0.573870177,284265.3445
0.473832022,0.065365811,-0.582947601,285879.1292
0.465121763,0.065728045,-0.592033077,287530.6572
0.456422129,0.06606253,-0.601092533,289122.9469
0.447735768,0.066368906,-0.610140418,290619.6627
0.439065328,0.06664683,-0.619184073,292019.8549
0.43041345,0.066895942,-0.62824287,293418.3186
0.421782767,0.067115881,-0.637339067,294932.6468
0.413175911,0.067306318,-0.646436151,296510.876
0.404595502,0.06746689,-0.655511064,298083.2929
0.396044155,0.067597255,-0.664580934,299649.3113
0.387524473,0.067697123,-0.673671203,301160.9188
0.379039052,0.06776626,-0.682782871,302606.512
0.370590477,0.067804487,-0.69190238,304056.2365
0.362181322,0.067811643,-0.701036552,305543.9335
0.353814148,0.067787519,-0.710194902,307130.6821
0.345491503,0.067731903,-0.719338275,308767.0733
0.337215923,0.067644648,-0.728468255,310281.2747
0.328989928,0.067525637,-0.737564431,311588.0735
0.320816025,0.067374799,-0.746589015,312833.5321
0.312696703,0.067192121,-0.755587743,314233.4866
0.304634436,0.066977578,-0.76462545,315771.9208
0.296631678,0.066731212,-0.773693965,317274.2282
0.288690869,0.066453109,-0.782748687,318579.952
0.280814427,0.066143346,-0.791804841,319849.6638
0.27300475,0.065802038,-0.800894957,321256.4338
0.265264219,0.065429345,-0.81001338,322651.0733
0.25759519,0.065025382,-0.819162905,323883.4489
0.25,0.064590239,-0.82836431,325127.4222
0.242480963,0.064124097,-0.837567666,326434.4184
0.235040368,0.063627114,-0.846756595,327741.4623
0.227680482,0.063099493,-0.85593889,328996.1733
0.220403548,0.062541532,-0.8651096,330174.4104
0.213211782,0.061953599,-0.874273377,331303.8015
0.206107374,0.06133616,-0.883473002,332409.0858
0.199092488,0.060689746,-0.892748312,333476.6469
0.192169262,0.060014732,-0.902100038,334491.7794
0.185339804,0.059311437,-0.911539669,335526.8725
0.178606195,0.058580288,-0.921065141,336586.856
0.171970486,0.057821693,-0.930630819,337526.8997
0.165434697,0.057036086,-0.940240544,338364.2703
0.15900082,0.056224022,-0.949914537,339210.9099
0.152670815,0.055386071,-0.959647234,340012.7786
0.146446609,0.05452284,-0.969495086,340789.4267
0.1403301,0.053635068,-0.979497996,341549.1871
0.134323149,0.052723408,-0.989644373,342103.4382
0.128427587,0.051788479,-1.000025501,342586.6014
0.12264521,0.050831059,-1.010699668,343125.9596
0.116977778,0.049851711,-1.021594063,343562.5471
0.111427019,0.048850864,-1.032657241,343873.0148
0.105994623,0.04782919,-1.043895336,344117.1231
0.100682245,0.046787417,-1.055295543,344230.2709
0.095491503,0.045726365,-1.066967952,344219.4522
0.090423978,0.044647075,-1.07912589,344119.5518
0.085481214,0.043550242,-1.091709383,343854.8075
0.080664716,0.042436287,-1.104572533,343412.6563
0.075975952,0.041305988,-1.117751086,342736.558
0.07141635,0.040160149,-1.131229513,341876.3737
0.066987298,0.038999622,-1.145110951,340794.1515
0.062690146,0.037825639,-1.159816244,339471.5254
0.058526204,0.036638932,-1.175230944,337841.7038
0.054496738,0.035439757,-1.191030865,335827.1675
0.050602977,0.034228982,-1.207410089,333384.6226
0.046846106,0.033007314,-1.224224774,330415.2588
0.043227271,0.031775302,-1.241305729,326838.2386
0.039747573,0.030534267,-1.259290674,322647.6722
0.036408073,0.029284932,-1.277926872,317649.6168
0.033209787,0.028027433,-1.296560886,311578.4418
0.03015369,0.026763006,-1.315843842,304430.0366
0.027240712,0.025492338,-1.335274725,295908.3484
0.024471742,0.024215488,-1.353802086,285582.5017
0.021847622,0.022934034,-1.372587846,273432.1593
0.019369152,0.021648731,-1.390704261,258906.4353
0.017037087,0.020359199,-1.405809405,241242.5128
0.014852137,0.019067264,-1.419791504,220359.0801
0.012814968,0.017773613,-1.430592195,195464.1412
0.0109262,0.016477036,-1.433056282,165712.497
0.009186408,0.015179604,-1.43008067,131170.128
0.007596123,0.01388223,-1.415869023,89817.29932
0.00615583,0.012583195,-1.383346366,38901.13115
0.004865966,0.011285321,-1.332289475,-21614.39704
0.003726924,0.009990382,-1.260738659,-88031.30518
0.002739052,0.00869596,-1.155609246,-153721.438
0.001902651,0.007404207,-1.009373775,-215773.6936
0.001217975,0.006121186,-0.817253437,-271552.0958
0.000685233,0.004854309,-0.599193327,-315671.1844
0.000304586,0.003591421,-0.354005419,-328579.4599
7.62E-05,0.002406017,-0.111026428,-314168.363
0,0.001698734,0.02937194,-301096.8983
0.985147863,0.006828555,0.260127796,80073.87395
0.982962913,0.007508554,0.253967866,83021.08089
0.980630848,0.008231836,0.247448142,85930.08066
0.978152378,0.008997652,0.240512885,88808.0275
0.975528258,0.009805308,0.233183727,91720.29708
0.972759288,0.010654007,0.225450189,94524.76984
0.96984631,0.011542898,0.217317734,97169.75239
0.966790213,0.012471122,0.208730174,99750.02469
0.963591927,0.013437767,0.199733675,102582.8784
0.960252427,0.014441959,0.19037528,105277.0575
0.956772729,0.015482791,0.180575213,107963.4738
0.953153894,0.016559376,0.170458679,110814.4811
0.949397023,0.017670767,0.15989878,113541.2351
0.945503262,0.018816053,0.149035799,116463.4052
0.941473796,0.019994188,0.137830679,119354.6042
0.937309854,0.021203993,0.126383646,122415.7297
0.933012702,0.022444269,0.114604601,125063.1501
0.92858365,0.023713829,0.102580148,128083.9534
0.924024048,0.025011662,0.090309618,131244.4246
0.919335284,0.026336784,0.077827919,134208.0295
0.914518786,0.027688142,0.065159735,137217.8449
0.909576022,0.029064488,0.052243667,140191.3972
0.904508497,0.030464576,0.039207003,143221.2896
0.899317755,0.031887172,0.025998588,146222.4156
0.894005377,0.033331205,0.01267196,149248.0851
0.888572981,0.034795616,-0.000769118,152306.0605
0.883022222,0.036279264,-0.014305642,155300.9254
0.87735479,0.037780821,-0.027988365,157993.5252
0.871572413,0.039298929,-0.041737886,160987.9379
0.865676851,0.0408323,-0.055495226,164139.9462
0.8596699,0.042379774,-0.069306079,167065.5034
0.853553391,0.043940198,-0.08322848,170061.428
0.847329185,0.045512423,-0.0971046,172785.9511
0.84099918,0.047095205,-0.111056146,175398.4758
0.834565303,0.048687343,-0.125075221,178420.3515
0.828029514,0.050287621,-0.13905556,181180.3365
0.821393805,0.051894805,-0.153082479,183790.1341
0.814660196,0.053507702,-0.167163368,186609.24
0.807830738,0.055125053,-0.18123709,189439.6023
0.800907512,0.056745619,-0.195314063,192153.4586
0.793892626,0.058368136,-0.209396827,194620.5539
0.786788218,0.059991379,-0.223546757,197094.0548
0.779596452,0.061614215,-0.237711669,199851.2689
0.772319518,0.06323552,-0.251870734,202694.4608
0.764959632,0.064854124,-0.266024859,205393.1751
0.757519037,0.066468807,-0.280197671,207925.0222
0.75,0.068078359,-0.294443339,210357.8821
0.74240481,0.06968154,-0.308729015,212949.6288
0.734735781,0.071277128,-0.322982655,215511.5194
0.72699525,0.072863885,-0.337279237,217782.8113
0.719185573,0.074440634,-0.351677977,220221.6442
0.711309131,0.076006237,-0.366051111,222934.6793
0.703368322,0.077559554,-0.3804274,225593.7278
0.695365564,0.079099482,-0.39486529,228193.4547
0.687303297,0.080624923,-0.409339226,230833.4063
0.679183975,0.082134777,-0.423848668,233475.1711
0.671010072,0.08362791,-0.438409298,235948.4411
0.662784077,0.085103144,-0.45302854,238180.501
0.654508497,0.086559289,-0.467765918,240579.8439
0.646185852,0.087995133,-0.482573248,243359.7917
0.637818678,0.089409487,-0.497384897,246061.5797
0.629409523,0.090801137,-0.512224082,248589.644
0.620960948,0.09216898,-0.52712132,251165.0809
0.612475527,0.093512005,-0.542048318,253729.1024
0.603955845,0.094829245,-0.557008621,256151.4156
0.595404498,0.096119731,-0.572097123,258691.7011
0.586824089,0.097382317,-0.587299939,261252.9484
0.578217233,0.09861588,-0.602546392,263754.1756
0.56958655,0.099819292,-0.617874138,266466.9598
0.560934672,0.100991412,-0.633292619,269390.0474
0.552264232,0.102131118,-0.648731083,272144.1776
0.543577871,0.103237355,-0.664184553,274630.2052
0.534878237,0.104309186,-0.679696823,276988.402
0.526167978,0.105345773,-0.695282622,279416.2815
0.517449748,0.10634618,-0.710986566,282087.6633
0.508726203,0.10730931,-0.72681156,284965.9322
0.5,0.108234001,-0.742659564,287798.255
0.491273797,0.109119206,-0.758483563,290501.1491
0.482550252,0.10996408,-0.774343273,293129.6756
0.473832022,0.110767899,-0.790288842,295697.2425
0.465121763,0.111529876,-0.806336409,298292.7439
0.456422129,0.112249066,-0.82247252,301050.6999
0.447735768,0.112924486,-0.838629536,303784.472
0.439065328,0.113555205,-0.854816328,306381.3947
0.43041345,0.114140368,-0.87102965,308969.5068
0.421782767,0.114679178,-0.887224799,311634.861
0.413175911,0.115170906,-0.903372402,314275.842
0.404595502,0.115614926,-0.919521253,316903.146
0.396044155,0.116010698,-0.935706669,319490.8298
0.387524473,0.116357655,-0.951898643,321997.128
0.379039052,0.116655049,-0.968053536,324529.4813
0.370590477,0.116901989,-0.984167138,327225.6212
0.362181322,0.117097736,-1.000250183,329847.9628
0.353814148,0.117241781,-1.016308479,332345.5837
0.345491503,0.117333799,-1.032304629,334851.3002
0.337215923,0.117373481,-1.048199976,337338.0658
0.328989928,0.11736041,-1.064004533,339628.2587
0.320816025,0.117294071,-1.079745701,341823.0385
0.312696703,0.117174067,-1.095363024,344005.0889
0.304634436,0.117000078,-1.110853855,346129.4576
0.296631678,0.116771889,-1.126156507,348209.366
0.288690869,0.116489362,-1.141183523,350295.2283
0.280814427,0.116152323,-1.156003646,352311.076
0.27300475,0.115760561,-1.170711501,354221.2846
0.265264219,0.115313997,-1.185208347,356006.2356
0.25759519,0.114812545,-1.199459361,357673.796
0.25,0.114256155,-1.213474838,359247.5471
0.242480963,0.113644883,-1.227201282,360685.6414
0.235040368,0.112978814,-1.240578894,361904.1861
0.227680482,0.112258019,-1.253599368,362995.0282
0.220403548,0.111482717,-1.266241899,363983.5943
0.213211782,0.110653201,-1.278490129,364849.522
0.206107374,0.109769849,-1.290375052,365598.3654
0.199092488,0.108833168,-1.301934576,366200.7248
0.192169262,0.107843545,-1.313134678,366560.5084
0.185339804,0.106801122,-1.323844988,366601.7837
0.178606195,0.105706206,-1.333898791,366328.0088
0.171970486,0.104559293,-1.343225458,365829.3275
0.165434697,0.103361026,-1.351893387,365128.4098
0.15900082,0.102112288,-1.360036266,364213.0061
0.152670815,0.100813822,-1.367624623,363000.1442
0.146446609,0.099466128,-1.374516618,361433.6174
0.1403301,0.098069875,-1.380631309,359453.334
0.134323149,0.096625819,-1.385918877,357137.516
0.128427587,0.095134656,-1.390301822,354545.3139
0.12264521,0.093597327,-1.393741143,351476.4537
0.116977778,0.092014839,-1.396217069,347892.1435
0.111427019,0.090388002,-1.397665335,343902.2523
0.105994623,0.088717873,-1.39806036,339415.0131
0.100682245,0.087005575,-1.397339665,334375.4494
0.095491503,0.08525188,-1.395333694,328742.3699
0.090423978,0.083457795,-1.391997033,322513.0869
0.085481214,0.081624495,-1.38722065,315618.4449
0.080664716,0.079752857,-1.380795209,307991.5984
0.075975952,0.077844037,-1.372702551,299645.1283
0.07141635,0.07589937,-1.362867876,290486.0089
0.066987298,0.073919739,-1.350949837,280426.7267
0.062690146,0.071906258,-1.336870952,269453.9843
0.058526204,0.069860377,-1.32057884,257487.5382
0.054496738,0.067782995,-1.301609193,244413.8744
0.050602977,0.065675318,-1.279936937,230255.5146
0.046846106,0.063538941,-1.255550316,214978.5615
0.043227271,0.061374638,-1.227774612,198366.8735
0.039747573,0.059183387,-1.19634884,180423.2556
0.036408073,0.056966799,-1.161240724,161153.2718
0.033209787,0.054725687,-1.121736488,140423.4257
0.03015369,0.052461142,-1.077567286,118261.1543
0.027240712,0.050174945,-1.028850247,94744.67595
0.024471742,0.047867896,-0.974784728,69789.56419
0.021847622,0.045540873,-0.91485452,43494.42734
0.019369152,0.043195659,-0.849318593,16104.10308
0.017037087,0.040833134,-0.777402796,-12283.71702
0.014852137,0.038454152,-0.698727213,-41362.12991
0.012814968,0.036060584,-0.613607495,-70588.86615
0.0109262,0.033653676,-0.521493484,-99435.8731
0.009186408,0.03123444,-0.423049329,-127369.2932
0.007596123,0.028804913,-0.318518586,-153947.4198
0.00615583,0.02636719,-0.208660711,-179291.5889
0.004865966,0.023923324,-0.09438819,-203288.2621
0.003726924,0.02147598,0.022653746,-223228.9447
0.002739052,0.019030754,0.141032103,-237509.2263
0.001902651,0.016596391,0.259137003,-245963.1315
0.001217975,0.014185625,0.374820489,-247515.0708
0.000685233,0.011829654,0.484349973,-241751.3277
0.000304586,0.009608155,0.582761446,-226980.5987
7.62E-05,0.007745114,0.659323372,-210202.5035
0,0.006912997,0.69172276,-201932.6024
0.985147863,0.009735885,0.325433521,25369.38661
0.982962913,0.010677512,0.323217068,26848.8566
0.980630848,0.011679071,0.32070625,28614.35163
0.978152378,0.012739555,0.317716061,30554.44444
0.975528258,0.013857801,0.314283586,32683.87069
0.972759288,0.015032723,0.310473171,34966.59688
0.96984631,0.016263295,0.306322533,37387.46003
0.966790213,0.017548534,0.301935845,40096.66327
0.963591927,0.018887364,0.297199623,42814.17805
0.960252427,0.02027843,0.292159397,45801.22014
0.956772729,0.021720418,0.28669623,48730.98162
0.953153894,0.023211856,0.280756339,51765.02173
0.949397023,0.024751441,0.274266388,54669.67478
0.945503262,0.026337737,0.267138463,57588.68517
0.941473796,0.027969365,0.259384659,60663.04051
0.937309854,0.029645033,0.250967794,63827.28085
0.933012702,0.031363375,0.241864805,67086.50529
0.92858365,0.033122962,0.232051592,70642.31221
0.924024048,0.034922093,0.22160931,74509.22331
0.919335284,0.036759099,0.21046142,78349.59893
0.914518786,0.038632309,0.198589551,82185.98772
0.909576022,0.040540386,0.186088911,86184.52643
0.904508497,0.042481869,0.172994804,89979.96289
0.899317755,0.044455278,0.159286433,93893.12542
0.894005377,0.046458889,0.144990684,97694.97878
0.888572981,0.048490987,0.130104554,101483.3927
0.883022222,0.050549911,0.114682536,105270.5434
0.87735479,0.052634115,0.098744452,108962.4655
0.871572413,0.054742053,0.082312537,112665.5575
0.865676851,0.056872148,0.065407788,116551.8588
0.8596699,0.059022775,0.048122728,120506.4801
0.853553391,0.061192313,0.030462509,124090.0192
0.847329185,0.06337909,0.01243282,127636.195
0.84099918,0.065581439,-0.00594997,131482.4496
0.834565303,0.067797625,-0.024547775,135321.1378
0.828029514,0.070026043,-0.043399282,138860.0884
0.821393805,0.072265122,-0.062545651,142562.7279
0.814660196,0.074513291,-0.081815691,146372.5063
0.807830738,0.076768965,-0.101262477,150121.8328
0.800907512,0.079030485,-0.12087099,153842.7471
0.793892626,0.081296258,-0.140628881,157353.4429
0.786788218,0.083564647,-0.160557987,160937.6898
0.779596452,0.085834034,-0.180605278,164770.8521
0.772319518,0.088102838,-0.200748664,168639.9639
0.764959632,0.090369452,-0.221010233,172366.7624
0.757519037,0.09263221,-0.241369816,176011.377
0.75,0.09488945,-0.261786444,179761.5054
0.74240481,0.097139608,-0.282285071,183513.3387
0.734735781,0.099381193,-0.302868971,187101.8742
0.72699525,0.101612731,-0.323635602,190711.3146
0.719185573,0.103832677,-0.344525772,194471.8797
0.711309131,0.106039357,-0.365440096,198133.4755
0.703368322,0.108231078,-0.386459975,201652.0622
0.695365564,0.110406246,-0.407621481,205244.8494
0.687303297,0.112563317,-0.428878756,208967.7474
0.679183975,0.114700758,-0.450259224,212734.0635
0.671010072,0.11681708,-0.471756697,216518.8752
0.662784077,0.118910797,-0.493338783,220208.1484
0.654508497,0.120980439,-0.515095326,223877.5472
0.646185852,0.123024464,-0.537041505,227554.5309
0.637818678,0.125041161,-0.559120579,231203.9617
0.629409523,0.12702883,-0.581304602,234879.3953
0.620960948,0.12898594,-0.603618213,238653.4363
0.612475527,0.130911046,-0.626093234,242410.864
0.603955845,0.132802819,-0.648774625,246100.8839
0.595404498,0.134659819,-0.671625092,249775.3165
0.586824089,0.136480422,-0.694629189,253544.424
0.578217233,0.138262947,-0.717809516,257491.8622
0.56958655,0.140005821,-0.741152042,261503.5732
0.560934672,0.141707634,-0.764612832,265194.4548
0.552264232,0.14336704,-0.78828197,268845.21
0.543577871,0.144982631,-0.812213849,272882.3219
0.534878237,0.146552907,-0.836329441,277072.3407
0.526167978,0.148076331,-0.860525916,280720.6744
0.517449748,0.149551415,-0.884918658,284368.8361
0.508726203,0.150976749,-0.909542629,288496.1609
0.5,0.152350996,-0.934318331,292866.6669
0.491273797,0.153672815,-0.95919438,297015.0848
0.482550252,0.154940782,-0.984259284,301115.5216
0.473832022,0.156153499,-1.009469506,305234.8506
0.465121763,0.15730966,-1.034790767,309330.9532
0.456422129,0.158408054,-1.060247014,313376.1601
0.447735768,0.159447551,-1.085880506,317436.7027
0.439065328,0.160427044,-1.111698404,321628.3112
0.43041345,0.161345169,-1.137678823,325852.8327
0.421782767,0.162200511,-1.163756854,329954.012
0.413175911,0.162991809,-1.189841981,333927.1895
0.404595502,0.163717953,-1.215890795,337948.9925
0.396044155,0.164377996,-1.241945103,342076.0284
0.387524473,0.164971028,-1.268050008,346239.9996
0.379039052,0.165496058,-1.294150309,350332.9802
0.370590477,0.165951996,-1.320071572,354311.7355
0.362181322,0.166337901,-1.345867128,358258.021
0.353814148,0.166652893,-1.371647887,362162.9166
0.345491503,0.166896163,-1.397413288,365908.6413
0.337215923,0.167067016,-1.423031029,369445.0792
0.328989928,0.167164713,-1.448483006,372966.1926
0.320816025,0.167188498,-1.473695622,376577.4192
0.312696703,0.167137696,-1.498568139,380115.0827
0.304634436,0.167011765,-1.523078866,383291.0004
0.296631678,0.166810227,-1.547259223,386240.4428
0.288690869,0.166532748,-1.571123983,389138.4238
0.280814427,0.166178882,-1.594480653,391918.3975
0.27300475,0.165748015,-1.617018658,394361.8904
0.265264219,0.165239696,-1.638747643,396514.4995
0.25759519,0.164653693,-1.659830704,398505.9071
0.25,0.163990028,-1.680261503,400299.6409
0.242480963,0.163248884,-1.699940712,401740.9437
0.235040368,0.162430356,-1.718873861,402780.3474
0.227680482,0.161534209,-1.7369089,403516.6862
0.220403548,0.160560308,-1.753849239,403953.1927
0.213211782,0.159508726,-1.76954183,403990.5356
0.206107374,0.158379706,-1.783897014,403547.6993
0.199092488,0.157173649,-1.796884573,402645.8754
0.192169262,0.155891078,-1.808565031,401305.9484
0.185339804,0.154532334,-1.818898181,399538.5163
0.178606195,0.1530979,-1.827734648,397289.2497
0.171970486,0.151588374,-1.834900026,394433.8501
0.165434697,0.150004181,-1.840254527,390877.5847
0.15900082,0.148345822,-1.843662637,386648.6386
0.152670815,0.146614022,-1.844917181,381696.3058
0.146446609,0.144809595,-1.843923349,376045.078
0.1403301,0.142933582,-1.840805627,369807.128
0.134323149,0.140987097,-1.835594617,362888.7282
0.128427587,0.138970958,-1.828005421,355009.6921
0.12264521,0.136885853,-1.817841397,346260.7012
0.116977778,0.134732792,-1.804971753,336783.0771
0.111427019,0.132512862,-1.789233812,326487.8785
0.105994623,0.130227333,-1.770648127,315313.1016
0.100682245,0.127877676,-1.749271213,303232.9553
0.095491503,0.125465146,-1.724976161,290240.2491
0.090423978,0.122990858,-1.697601599,276336.255
0.085481214,0.120456178,-1.667074051,261505.5946
0.080664716,0.117862445,-1.633244592,245755.1154
0.075975952,0.115210864,-1.595966073,229075.6969
0.07141635,0.112502952,-1.555230198,211458.4922
0.066987298,0.109740226,-1.510949749,192963.383
0.062690146,0.106924053,-1.463023597,173635.4526
0.058526204,0.104056143,-1.411506028,153500.4146
0.054496738,0.101138169,-1.356355778,132614.4131
0.050602977,0.098171565,-1.297497696,111028.6566
0.046846106,0.095158095,-1.235070256,88848.41492
0.043227271,0.092099425,-1.169025678,66155.42882
0.039747573,0.088996813,-1.09918812,43018.83774
0.036408073,0.085851762,-1.025581485,19597.21349
0.033209787,0.082665956,-0.948284669,-3934.811538
0.03015369,0.079441067,-0.867382097,-27398.48512
0.027240712,0.076178957,-0.783112424,-50583.34734
0.024471742,0.072881641,-0.695795264,-73282.25826
0.021847622,0.069550842,-0.605776237,-95288.88619
0.019369152,0.066188352,-0.51310664,-116346.9007
0.017037087,0.062796168,-0.418164117,-136156.1255
0.014852137,0.059376287,-0.321439273,-154501.6059
0.012814968,0.055930662,-0.223246223,-171100.6783
0.0109262,0.05246154,-0.12415349,-185630.1145
0.009186408,0.04897252,-0.025022827,-197851.0901
0.007596123,0.045467568,0.073436137,-207540.5006
0.00615583,0.041951158,0.170556775,-214418.5938
0.004865966,0.038430234,0.265341715,-218406.4342
0.003726924,0.034913688,0.356938312,-219530.1586
0.002739052,0.031413608,0.444617999,-217499.8157
0.001902651,0.027953385,0.527184856,-212880.3808
0.001217975,0.024574296,0.603099891,-206489.6022
0.000685233,0.021352743,0.67080624,-198789.0713
0.000304586,0.018453567,0.727604229,-190507.9874
7.62E-05,0.016241579,0.768074108,-183275.1761
0,0.015359525,0.783489265,-180301.4388
0.985147863,0.004764951,0.111576532,131916.5727
0.982962913,0.005296513,0.102903521,134238.4042
0.980630848,0.005860324,0.093887117,136786.6554
0.978152378,0.006455631,0.084394395,139465.3965
0.975528258,0.007081785,0.074569585,141881.0264
0.972759288,0.007738043,0.064239559,144689.9388
0.96984631,0.008423478,0.053640441,147546.7661
0.966790213,0.009137082,0.042628335,150491.2536
0.963591927,0.009877822,0.031325715,153449.305
0.960252427,0.010644664,0.019764982,156532.5537
0.956772729,0.011436557,0.00797124,159492.5638
0.953153894,0.012252398,-0.004125583,162777.2458
0.949397023,0.013091013,-0.016385061,166056.6416
0.945503262,0.01395118,-0.028738387,169264.1086
0.941473796,0.014831652,-0.04123604,172149.8485
0.937309854,0.015731242,-0.053847723,175299.5058
0.933012702,0.016648687,-0.066593624,178698.5409
0.92858365,0.017582771,-0.079334323,181915.9289
0.924024048,0.018532305,-0.092089319,185179.9726
0.919335284,0.019496106,-0.104898243,188141.4757
0.914518786,0.020472889,-0.117770615,191188.0292
0.909576022,0.021461198,-0.130610185,194113.0809
0.904508497,0.022459496,-0.143441453,197188.775
0.899317755,0.023466318,-0.15615456,200189.6515
0.894005377,0.024480324,-0.168800275,202948.0195
0.888572981,0.025500279,-0.181346931,205825.6733
0.883022222,0.02652483,-0.19376034,208654.0866
0.87735479,0.02755255,-0.206144838,211696.2984
0.871572413,0.028581998,-0.218353293,214442.75
0.865676851,0.02961174,-0.230415429,216980.0416
0.8596699,0.030640437,-0.242328267,219381.8101
0.853553391,0.031666786,-0.254095529,221989.0156
0.847329185,0.032689446,-0.265711794,224759.4824
0.84099918,0.033706953,-0.277134,227358.4082
0.834565303,0.034717827,-0.288313255,229896.3746
0.828029514,0.035720636,-0.29933124,232147.0939
0.821393805,0.036713974,-0.310092524,234434.8817
0.814660196,0.037696481,-0.320499439,236703.3559
0.807830738,0.038666807,-0.330686018,239069.7374
0.800907512,0.039623704,-0.340594707,241533.655
0.793892626,0.040565922,-0.350150401,243590.4935
0.786788218,0.041492199,-0.359453069,245432.7304
0.779596452,0.042401124,-0.368419945,247607.721
0.772319518,0.043291287,-0.376929255,249746.2261
0.764959632,0.04416137,-0.384976494,251526.3971
0.757519037,0.045010321,-0.39259247,253256.4536
0.75,0.045837232,-0.39976933,255156.7378
0.74240481,0.046640879,-0.406374589,256933.1179
0.734735781,0.047419285,-0.412224728,258344.0078
0.72699525,0.048170205,-0.417010628,259656.6834
0.719185573,0.04889239,-0.420523375,260932.4773
0.711309131,0.049587902,-0.422890491,261760.2552
0.703368322,0.050259783,-0.424483162,261929.7079
0.695365564,0.050911495,-0.425727746,261915.5364
0.687303297,0.051547483,-0.427119205,262140.285
0.679183975,0.05217289,-0.429250876,262646.9657
0.671010072,0.052791329,-0.432415383,263128.1009
0.662784077,0.053402445,-0.436497892,263565.1988
0.654508497,0.05400389,-0.44112228,264146.6697
0.646185852,0.05459405,-0.445960003,264826.6433
0.637818678,0.055172222,-0.450976451,265534.7319
0.629409523,0.055738222,-0.456241903,266433.5765
0.620960948,0.056291777,-0.461635824,267422.6641
0.612475527,0.056832498,-0.467187968,268272.0984
0.603955845,0.05735997,-0.473032328,269020.8359
0.595404498,0.057873709,-0.479130816,269963.5407
0.586824089,0.058373078,-0.485364673,271192.1654
0.578217233,0.058857336,-0.491687556,272364.6383
0.56958655,0.059325813,-0.498088675,273207.0344
0.560934672,0.059778039,-0.504629792,274155.6742
0.552264232,0.060213609,-0.51131372,275389.0934
0.543577871,0.060632118,-0.518097344,276596.9097
0.534878237,0.061033097,-0.524982362,277620.4381
0.526167978,0.061416054,-0.531990615,278636.0684
0.517449748,0.061780519,-0.539101814,279784.4362
0.508726203,0.06212599,-0.546313292,281046.0802
0.5,0.062451988,-0.553632229,282307.5055
0.491273797,0.06275805,-0.561059332,283518.5554
0.482550252,0.063043728,-0.568591466,284673.2753
0.473832022,0.063308608,-0.576231068,285863.6481
0.465121763,0.063552295,-0.583978099,287242.7903
0.456422129,0.063774327,-0.591804693,288662.0758
0.447735768,0.063974264,-0.5996897,289840.9101
0.439065328,0.064151678,-0.607672302,290888.3563
0.43041345,0.06430614,-0.61575409,292133.3784
0.421782767,0.064437221,-0.623875485,293645.6452
0.413175911,0.064544526,-0.632025819,295095.054
0.404595502,0.064627763,-0.640273275,296230.5567
0.396044155,0.064686671,-0.648673197,297380.1625
0.387524473,0.064721006,-0.657193006,298760.14
0.379039052,0.064730474,-0.665786543,300254.4496
0.370590477,0.064714762,-0.674459668,301695.7049
0.362181322,0.064673606,-0.6832288,303065.4962
0.353814148,0.064606701,-0.692080849,304380.5077
0.345491503,0.064513759,-0.701015175,305707.1255
0.337215923,0.064394548,-0.709966431,307022.1207
0.328989928,0.064248894,-0.718939977,308382.7522
0.320816025,0.064076684,-0.728020871,309819.4997
0.312696703,0.063877826,-0.737229539,311163.2193
0.304634436,0.063652175,-0.746531875,312399.73
0.296631678,0.063399559,-0.755925367,313785.3637
0.288690869,0.063119894,-0.765404297,315330.802
0.280814427,0.062813151,-0.774970492,316874.0601
0.27300475,0.062479372,-0.784620943,318245.2869
0.265264219,0.062118614,-0.794387618,319459.3375
0.25759519,0.061730844,-0.804305568,320724.9066
0.25,0.061315972,-0.81433228,322160.2227
0.242480963,0.060874005,-0.824439369,323646.5403
0.235040368,0.060405021,-0.834624889,325003.5623
0.227680482,0.059909183,-0.844919267,326259.333
0.220403548,0.059386725,-0.855345369,327585.5458
0.213211782,0.058837818,-0.865866022,328928.6507
0.206107374,0.058262668,-0.876535843,330233.6188
0.199092488,0.057661549,-0.887414732,331597.6714
0.192169262,0.057034654,-0.898434872,332912.8977
0.185339804,0.056382173,-0.909591837,334115.2851
0.178606195,0.055704396,-0.920942899,335356.1474
0.171970486,0.055001622,-0.932454225,336598.376
0.165434697,0.054274194,-0.944132513,337758.5479
0.15900082,0.053522551,-0.956034526,338895.8529
0.152670815,0.052747082,-0.968174614,340037.471
0.146446609,0.051948181,-0.980573147,341153.9636
0.1403301,0.051126371,-0.993261923,342249.19
0.134323149,0.050282084,-1.006234365,343273.0074
0.128427587,0.049415749,-1.019538188,344199.4206
0.12264521,0.048527943,-1.033258332,345168.6734
0.116977778,0.047619078,-1.047336055,346109.7841
0.111427019,0.046689529,-1.061747135,346915.3967
0.105994623,0.045739892,-1.076542417,347602.8654
0.100682245,0.044770717,-1.091733995,348227.1544
0.095491503,0.043782628,-1.107426758,348779.4305
0.090423978,0.042776462,-1.12380584,349285.2465
0.085481214,0.04175269,-1.140788382,349681.011
0.080664716,0.040711658,-1.158305046,349857.6477
0.075975952,0.039654063,-1.176462039,349889.9595
0.07141635,0.03858047,-1.195216049,349766.6375
0.066987298,0.037491504,-1.214646684,349388.3149
0.062690146,0.036388167,-1.235104583,348812.7488
0.058526204,0.035270994,-1.256466812,347998.4141
0.054496738,0.034140351,-1.278647077,346828.7348
0.050602977,0.032997189,-1.30199507,345260.4663
0.046846106,0.03184194,-1.326282189,343197.8411
0.043227271,0.030674984,-1.351410236,340580.8674
0.039747573,0.02949743,-1.377965244,337364.6625
0.036408073,0.028309641,-1.405496954,333327.9879
0.033209787,0.027111817,-1.43369124,328263.5023
0.03015369,0.025905207,-1.46335309,322121.1734
0.027240712,0.024690118,-1.49368191,314545.5803
0.024471742,0.023466673,-1.523997321,305149.5051
0.021847622,0.022236469,-1.555694249,293862.7442
0.019369152,0.020999616,-1.58706871,279959.4736
0.017037087,0.019755806,-1.616204058,262706.7051
0.014852137,0.018506956,-1.645113636,241995.7134
0.012814968,0.017253056,-1.670103986,216713.8474
0.0109262,0.015993511,-1.687600938,186182.0117
0.009186408,0.014730988,-1.701384409,150439.2294
0.007596123,0.013465256,-1.702748756,107071.8382
0.00615583,0.012194669,-1.683997429,52873.98226
0.004865966,0.010922378,-1.646422137,-12403.49729
0.003726924,0.009648622,-1.581923454,-85854.30677
0.002739052,0.00837076,-1.47708377,-160112.2691
0.001902651,0.007091736,-1.326454911,-230197.55
0.001217975,0.005819755,-1.121727966,-293671.064
0.000685233,0.004540752,-0.881006922,-345272.8133
0.000304586,0.003250365,-0.601231521,-362388.7696
7.62E-05,0.002123855,-0.34012191,-343475.006
0,0.001108547,-0.115194191,-322993.1595
0.985147863,0.007682021,0.249628125,70178.58978
0.982962913,0.008475356,0.243480777,73168.36827
0.980630848,0.009317799,0.236739323,76436.1535
0.978152378,0.010208188,0.22939531,79745.98259
0.975528258,0.011145273,0.221370338,83124.25863
0.972759288,0.012127838,0.212769055,86736.4204
0.96984631,0.013154657,0.203527242,90229.5834
0.966790213,0.014224546,0.193671009,93760.72822
0.963591927,0.015336208,0.183197024,97285.29171
0.960252427,0.016488315,0.172096279,100649.8838
0.956772729,0.017679449,0.160365778,103984.9397
0.953153894,0.018908102,0.148023883,107485.8631
0.949397023,0.020172662,0.135123783,110961.9005
0.945503262,0.021471496,0.121661804,114593.208
0.941473796,0.022802933,0.107731145,118151.1077
0.937309854,0.024165429,0.09329879,121439.9552
0.933012702,0.025557449,0.078340326,124979.3191
0.92858365,0.026977341,0.062998183,128770.2725
0.924024048,0.028423383,0.047267272,132514.2884
0.919335284,0.029893742,0.031189563,136139.6668
0.914518786,0.031386756,0.014805662,139919.8844
0.909576022,0.032900677,-0.001846906,143890.8375
0.904508497,0.034433912,-0.018704963,147714.5008
0.899317755,0.035984618,-0.035758131,151448.3069
0.894005377,0.037550848,-0.053023324,155387.0668
0.888572981,0.039130582,-0.070291079,159417.1363
0.883022222,0.040722009,-0.087566839,163192.0178
0.87735479,0.042323583,-0.104939757,166990.6405
0.871572413,0.043933864,-0.122362522,170845.8891
0.865676851,0.045551081,-0.139763096,174720.7308
0.8596699,0.047173138,-0.157127883,178376.6495
0.853553391,0.048797887,-0.17440283,181996.0706
0.847329185,0.050423411,-0.191554342,185869.9081
0.84099918,0.052048193,-0.208534598,189615.5322
0.834565303,0.053670801,-0.225372968,193137.9927
0.828029514,0.055289581,-0.242073886,196587.1758
0.821393805,0.056902584,-0.258660906,200129.3316
0.814660196,0.058507836,-0.27497578,203691.2131
0.807830738,0.060103489,-0.291030554,207000.2326
0.800907512,0.061687908,-0.306853309,210349.8309
0.793892626,0.063259492,-0.322311805,213768.0406
0.786788218,0.064816641,-0.337467854,217314.3316
0.779596452,0.066357587,-0.35224408,220660.4841
0.772319518,0.06788057,-0.366577218,223687.5109
0.764959632,0.069384043,-0.380495903,226651.4308
0.757519037,0.070866841,-0.393976956,229551.9391
0.75,0.072327909,-0.407070834,232543.357
0.74240481,0.073765585,-0.419664978,235489.8813
0.734735781,0.075176573,-0.431331718,238199.324
0.72699525,0.076557273,-0.441462735,240756.6336
0.719185573,0.077906089,-0.449892602,242888.1493
0.711309131,0.079228033,-0.457313465,244474.3004
0.703368322,0.080529764,-0.464641059,245663.1484
0.695365564,0.081816964,-0.47245762,246675.9941
0.687303297,0.083091774,-0.480930331,247905.7167
0.679183975,0.084355226,-0.490203603,249523.5273
0.671010072,0.085607752,-0.500320024,251422.6255
0.662784077,0.086848035,-0.510998173,253224.7132
0.654508497,0.088073818,-0.521948027,254653.151
0.646185852,0.089283219,-0.533199317,256257.3139
0.637818678,0.090475364,-0.544683557,258347.3912
0.629409523,0.091649735,-0.556378571,260408.6854
0.620960948,0.092805652,-0.568339007,262200.751
0.612475527,0.093942013,-0.580556683,264103.1513
0.603955845,0.095057474,-0.592967109,266396.6038
0.595404498,0.096150841,-0.605535657,268700.2591
0.586824089,0.097221214,-0.618231597,270549.4645
0.578217233,0.098267868,-0.631096166,272370.0116
0.56958655,0.09929001,-0.644207043,274608.3208
0.560934672,0.100286679,-0.657559565,277147.9822
0.552264232,0.101256831,-0.671074725,279523.8525
0.543577871,0.102199437,-0.68473185,281571.6252
0.534878237,0.103113394,-0.698614917,283722.8882
0.526167978,0.103997557,-0.712621168,286035.6641
0.517449748,0.104850898,-0.726701303,288288.0359
0.508726203,0.105672578,-0.740928841,290453.4644
0.5,0.106461908,-0.755375868,292737.5561
0.491273797,0.107218171,-0.770016688,295107.2239
0.482550252,0.10794028,-0.784844438,297538.5157
0.473832022,0.108626991,-0.799805203,299961.5091
0.465121763,0.109277202,-0.814836464,302309.3034
0.456422129,0.10989009,-0.829945965,304604.1063
0.447735768,0.110465042,-0.845220098,306948.0314
0.439065328,0.11100143,-0.86070665,309375.7179
0.43041345,0.111498374,-0.876347762,311762.8101
0.421782767,0.111954875,-0.892090224,314058.6786
0.413175911,0.112370006,-0.907937252,316430.562
0.404595502,0.112742922,-0.923857062,319018.8224
0.396044155,0.113072854,-0.939835674,321541.918
0.387524473,0.113359086,-0.955865289,323947.8795
0.379039052,0.113600917,-0.971931151,326325.3064
0.370590477,0.113797668,-0.988061668,328666.9246
0.362181322,0.113948719,-1.004364353,331009.3083
0.353814148,0.114053407,-1.020770716,333422.5302
0.345491503,0.114111088,-1.037178571,335740.601
0.337215923,0.114121187,-1.053586389,338011.5998
0.328989928,0.114083192,-1.070042555,340475.3943
0.320816025,0.113996652,-1.08651165,342918.2462
0.312696703,0.113861224,-1.10299948,345120.4829
0.304634436,0.11367642,-1.119510621,347217.6886
0.296631678,0.113441738,-1.135922751,349289.4033
0.288690869,0.113156765,-1.152150344,351294.7623
0.280814427,0.112821152,-1.168317682,353322.0796
0.27300475,0.112434625,-1.184470381,355395.226
0.265264219,0.11199703,-1.200510229,357359.6788
0.25759519,0.111508179,-1.216413772,359093.957
0.25,0.110967901,-1.23219718,360688.8087
0.242480963,0.11037613,-1.247835097,362309.8797
0.235040368,0.109732849,-1.263293851,363929.4863
0.227680482,0.109038044,-1.278565688,365381.623
0.220403548,0.108291863,-1.293651976,366661.7659
0.213211782,0.107494337,-1.308510717,367784.1003
0.206107374,0.106645476,-1.323084309,368754.4215
0.199092488,0.105745428,-1.337320598,369594.7472
0.192169262,0.104794441,-1.351198887,370281.8761
0.185339804,0.103792856,-1.364747568,370737.3543
0.178606195,0.102741178,-1.377975562,370950.0172
0.171970486,0.101639817,-1.390802458,370947.1959
0.165434697,0.100489002,-1.403178354,370729.6985
0.15900082,0.09928919,-1.41508129,370207.5082
0.152670815,0.098040831,-1.426402896,369394.7429
0.146446609,0.096744387,-1.437075542,368347.7942
0.1403301,0.095400534,-1.447132163,366995.1997
0.134323149,0.094009949,-1.456544975,365260.3372
0.128427587,0.092573268,-1.465258978,363149.2745
0.12264521,0.091091374,-1.473285777,360621.9107
0.116977778,0.089565027,-1.480551015,357633.628
0.111427019,0.087994714,-1.486882785,354179.924
0.105994623,0.086381223,-1.492171744,350215.7087
0.100682245,0.084725429,-1.496313629,345734.4354
0.095491503,0.083028149,-1.499237739,340672.1303
0.090423978,0.081290574,-1.501037416,334960.9029
0.085481214,0.079513791,-1.501607609,328605.1794
0.080664716,0.077698446,-1.500664955,321499.0654
0.075975952,0.075845597,-1.498188293,313620.0668
0.07141635,0.073956295,-1.493992063,304884.4612
0.066987298,0.072031264,-1.487744719,295174.6417
0.062690146,0.070071703,-1.479472593,284488.5204
0.058526204,0.068078768,-1.468964822,272749.5334
0.054496738,0.066053144,-1.455716231,259842.298
0.050602977,0.06399599,-1.439708918,245714.8198
0.046846106,0.061908632,-1.420689545,230281.9066
0.043227271,0.059791671,-1.398037933,213433.1795
0.039747573,0.05764642,-1.371739821,195143.407
0.036408073,0.055474223,-1.341518642,175338.2188
0.033209787,0.053275626,-1.306490783,153883.3616
0.03015369,0.051051821,-1.266574931,130817.5292
0.027240712,0.048804265,-1.221507473,106151.9951
0.024471742,0.046533421,-1.170266192,79784.00581
0.021847622,0.044240495,-1.112765524,51897.86593
0.019369152,0.041927066,-1.048972418,22656.811
0.017037087,0.039593399,-0.977659666,-7888.02319
0.014852137,0.037240462,-0.898693736,-39333.43985
0.012814968,0.034869816,-0.812179727,-71186.50466
0.0109262,0.032482078,-0.717428382,-102917.1249
0.009186408,0.030078353,-0.614615421,-133655.6852
0.007596123,0.027660313,-0.504936442,-162668.0701
0.00615583,0.025229129,-0.388369662,-189618.6379
0.004865966,0.022785691,-0.265512303,-214824.8261
0.003726924,0.020331603,-0.138219196,-237361.9896
0.002739052,0.017871053,-0.009059573,-254896.5461
0.001902651,0.015408574,0.120783378,-266876.8441
0.001217975,0.012950833,0.249816155,-272135.367
0.000685233,0.010519134,0.373616049,-269763.0673
0.000304586,0.008163332,0.488333944,-261105.5752
7.62E-05,0.006052833,0.584658792,-243198.0389
0,0.004947948,0.631911753,-232068.3569
0.985147863,0.010687047,0.302256602,14119.9559
0.982962913,0.011749144,0.300089121,15575.72056
0.980630848,0.012876838,0.29783639,17312.65921
0.978152378,0.014068811,0.29543389,34353.53417
0.975528258,0.015323772,0.292428341,55227.64875
0.972759288,0.016640182,0.289081456,24130.30574
0.96984631,0.018016354,0.285370105,26893.47826
0.966790213,0.019450477,0.28107156,29160.92045
0.963591927,0.020940764,0.276158138,31464.56254
0.960252427,0.022485541,0.270777679,33820.38489
0.956772729,0.024083067,0.264832973,36633.74767
0.953153894,0.025731466,0.258445416,39386.58272
0.949397023,0.027428696,0.251424992,42779.43327
0.945503262,0.029172703,0.243707277,46619.35037
0.941473796,0.030961445,0.235202322,50642.17981
0.937309854,0.032792904,0.225813324,54808.49202
0.933012702,0.034665156,0.21547832,59070.75314
0.92858365,0.036576019,0.204182824,63313.84645
0.924024048,0.038523322,0.191926992,67867.57115
0.919335284,0.040504826,0.178775572,72675.61238
0.914518786,0.042518391,0.16470382,77577.27957
0.909576022,0.044561837,0.149682892,82711.01031
0.904508497,0.046633026,0.133684319,87705.02481
0.899317755,0.048729729,0.116761744,92585.27803
0.894005377,0.050849572,0.099094416,97692.56696
0.888572981,0.052990219,0.08077956,102769.0027
0.883022222,0.055149454,0.061793891,107669.5739
0.87735479,0.057325188,0.042170176,112611.8747
0.871572413,0.059515329,0.021984452,117732.3378
0.865676851,0.061717754,0.001323087,122944.6548
0.8596699,0.063930148,-0.019710828,127895.8365
0.853553391,0.066150249,-0.041069225,132738.8779
0.847329185,0.068375769,-0.06270503,137600.7999
0.84099918,0.070604475,-0.084558236,142662.256
0.834565303,0.072834115,-0.106442394,147826.3921
0.828029514,0.075062549,-0.128363465,152650.2536
0.821393805,0.07728778,-0.150329784,157296.9362
0.814660196,0.079507817,-0.172220782,162041.469
0.807830738,0.081720669,-0.194031476,166869.5678
0.800907512,0.083924256,-0.215694977,171475.8906
0.793892626,0.086116545,-0.237192363,175974.8704
0.786788218,0.088295366,-0.258458262,180621.3331
0.779596452,0.090458446,-0.279347207,185163.7141
0.772319518,0.092603449,-0.299866124,189636.0699
0.764959632,0.094728561,-0.319926609,193983.9811
0.757519037,0.096832768,-0.339540397,198146.7494
0.75,0.09891514,-0.358835091,202286.9888
0.74240481,0.100973485,-0.3776244,206173.259
0.734735781,0.103002711,-0.395378939,209939.1579
0.72699525,0.104997302,-0.411128852,213608.226
0.719185573,0.106955841,-0.424725336,216522.8424
0.711309131,0.108888037,-0.437582103,218804.7701
0.703368322,0.110806867,-0.451219668,220926.9175
0.695365564,0.112720975,-0.466325717,222885.3322
0.687303297,0.114629796,-0.482808698,224917.7004
0.679183975,0.116527906,-0.500228723,227551.88
0.671010072,0.118411312,-0.518153113,230702.9928
0.662784077,0.120277349,-0.536332202,233681.8374
0.654508497,0.122124052,-0.554736603,236421.6872
0.646185852,0.123949558,-0.573375579,239220.0456
0.637818678,0.125752508,-0.59227217,242223.4208
0.629409523,0.12753181,-0.611449073,245454.2797
0.620960948,0.129286213,-0.630887716,248694.1945
0.612475527,0.13101416,-0.65055468,251618.5642
0.603955845,0.132713914,-0.670499926,254590.7868
0.595404498,0.134383877,-0.690680283,257801.4136
0.586824089,0.136022697,-0.711096277,260998.4642
0.578217233,0.137629203,-0.731814559,264160.4015
0.56958655,0.139202178,-0.752861689,267598.2849
0.560934672,0.140740118,-0.77414771,271116.3146
0.552264232,0.1422414,-0.795637799,274566.5219
0.543577871,0.143704445,-0.81737099,277974.059
0.534878237,0.145127799,-0.839381189,281330.1974
0.526167978,0.146510115,-0.861655083,284603.9088
0.517449748,0.147850065,-0.884196316,288098.9917
0.508726203,0.14914626,-0.907053451,291847.4275
0.5,0.150397326,-0.930199663,295652.1294
0.491273797,0.151601892,-0.953579292,299382.7062
0.482550252,0.152758513,-0.977218636,303133.1549
0.473832022,0.153865703,-1.00109799,306822.3282
0.465121763,0.154922021,-1.025176438,310426.7587
0.456422129,0.155926105,-1.04946166,314102.0468
0.447735768,0.156876656,-1.074000978,318026.8167
0.439065328,0.157772408,-1.098748167,321998.2986
0.43041345,0.158612099,-1.123706014,325855.153
0.421782767,0.159394495,-1.148890333,329607.9789
0.413175911,0.160118387,-1.174279895,333398.7802
0.404595502,0.160782526,-1.199817193,337347.6462
0.396044155,0.161385611,-1.225431019,341302.0437
0.387524473,0.161926431,-1.251101909,345143.6771
0.379039052,0.162403903,-1.276827334,348938.5491
0.370590477,0.162817016,-1.302553071,352802.0062
0.362181322,0.163164895,-1.328338102,356587.424
0.353814148,0.163446487,-1.354257919,360285.5629
0.345491503,0.16366064,-1.380271928,363968.5791
0.337215923,0.163806357,-1.40619876,367552.1587
0.328989928,0.163882736,-1.431988173,371052.1902
0.320816025,0.163889032,-1.457635442,374489.7217
0.312696703,0.163824595,-1.483126252,377844.9589
0.304634436,0.163688751,-1.508431843,381106.897
0.296631678,0.163480741,-1.533530409,384365.7027
0.288690869,0.163199935,-1.558355888,387404.9022
0.280814427,0.162845747,-1.582702067,390077.5611
0.27300475,0.162417616,-1.606387135,392541.2613
0.265264219,0.161915141,-1.629586539,394981.495
0.25759519,0.161337898,-1.652377735,397234.0097
0.25,0.16068552,-1.674588368,399186.7577
0.242480963,0.15995774,-1.69601781,400861.9422
0.235040368,0.159154379,-1.716649864,402241.1937
0.227680482,0.15827532,-1.736424864,403228.2408
0.220403548,0.15732062,-1.755298653,403847.2689
0.213211782,0.156290327,-1.773198151,404167.9811
0.206107374,0.155184428,-1.790009836,404170.5798
0.199092488,0.154003013,-1.805604496,403725.7203
0.192169262,0.152746315,-1.819805006,402778.035
0.185339804,0.151414468,-1.832565694,401349.651
0.178606195,0.150007783,-1.843850126,399415.2255
0.171970486,0.148526745,-1.853509144,396841.7978
0.165434697,0.146971862,-1.861380771,393548.2535
0.15900082,0.14534386,-1.867514106,389721.2396
0.152670815,0.143643441,-1.871877475,385307.4657
0.146446609,0.141870994,-1.874127129,380077.633
0.1403301,0.140026986,-1.873925293,374088.0513
0.134323149,0.138112164,-1.871198861,367446.2469
0.128427587,0.136127465,-1.866025754,359961.8066
0.12264521,0.134074092,-1.85844458,351608.5029
0.116977778,0.131953288,-1.848407772,342442.6604
0.111427019,0.129765807,-1.835695101,332410.6951
0.105994623,0.127512494,-1.820088352,321454.8023
0.100682245,0.125194375,-1.801362922,309522.9204
0.095491503,0.122812493,-1.779381858,296656.2408
0.090423978,0.120368075,-1.754125326,282861.0723
0.085481214,0.117862525,-1.725522955,268030.4488
0.080664716,0.11529711,-1.693464337,252188.5391
0.075975952,0.112673177,-1.657949907,235436.7898
0.07141635,0.109992302,-1.618943938,217763.0971
0.066987298,0.107255707,-1.576238551,199113.6998
0.062690146,0.104464634,-1.529737414,179506.2517
0.058526204,0.101620632,-1.479411358,159040.6567
0.054496738,0.098725016,-1.425097651,137737.965
0.050602977,0.095779169,-1.366790868,115653.9488
0.046846106,0.092784768,-1.304570757,92924.77554
0.043227271,0.089743203,-1.238309883,69601.93217
0.039747573,0.086655833,-1.167977986,45799.16797
0.036408073,0.083524312,-1.093733279,21702.24612
0.033209787,0.080350165,-1.015599124,-2549.109258
0.03015369,0.077134896,-0.933640679,-26776.8442
0.027240712,0.073880241,-0.848057845,-50756.86119
0.024471742,0.070587714,-0.75900538,-74290.23209
0.021847622,0.067258611,-0.667020553,-97147.33866
0.019369152,0.06389435,-0.571954347,-119038.9692
0.017037087,0.060496702,-0.474248664,-139644.5166
0.014852137,0.057067526,-0.374522359,-158688.8073
0.012814968,0.053608544,-0.27323901,-175892.6664
0.0109262,0.050121866,-0.171093656,-190984.1821
0.009186408,0.046609539,-0.068685362,-203728.1172
0.007596123,0.043073187,0.033538126,-213772.1041
0.00615583,0.039515969,0.134632338,-220812.7836
0.004865966,0.035942646,0.233547618,-224804.0107
0.003726924,0.032358013,0.329565476,-225707.2603
0.002739052,0.028770343,0.42168744,-223414.4628
0.001902651,0.025194336,0.508840227,-218608.3102
0.001217975,0.021653067,0.589959634,-211917.6897
0.000685233,0.018196265,0.663744113,-203547.6545
0.000304586,0.014950961,0.727662557,-193901.9781
7.62E-05,0.012268959,0.776345864,-184457.2329
0,0.011086385,0.796600839,-179957.5859
0.985147863,0.00450332,0.130649037,140000.3511
0.982962913,0.005002431,0.123637571,141840.3696
0.980630848,0.005533286,0.116370738,143747.4546
0.978152378,0.006095467,0.108834531,145489.6757
0.975528258,0.006688651,0.100955118,147252.3219
0.972759288,0.007312457,0.092809987,149144.8024
0.96984631,0.007966241,0.084406347,150950.2473
0.966790213,0.008649295,0.075759449,152634.4985
0.963591927,0.009360889,0.066857302,154442.7655
0.960252427,0.010100383,0.057788277,156256.8598
0.956772729,0.010867133,0.048513052,158301.1621
0.953153894,0.011660522,0.039091311,160136.218
0.949397023,0.012479893,0.029509222,162103.8321
0.945503262,0.013324587,0.019779054,164002.4173
0.941473796,0.014193948,0.009873863,166046.8071
0.937309854,0.015087173,-5.79E-05,168214.0974
0.933012702,0.016003464,-0.010195188,170189.0158
0.92858365,0.016941991,-0.020349421,172614.3221
0.924024048,0.017901973,-0.03059321,174544.5406
0.919335284,0.018882623,-0.040892749,176541.4783
0.914518786,0.019883142,-0.051266698,178769.3541
0.909576022,0.020902702,-0.061709324,181001.6276
0.904508497,0.021940494,-0.072128875,183069.1849
0.899317755,0.022995672,-0.082618302,185264.0322
0.894005377,0.024067413,-0.093106755,187405.135
0.888572981,0.025154861,-0.10368574,189384.3934
0.883022222,0.026257171,-0.114257163,191744.6185
0.87735479,0.027373413,-0.124816963,193971.4618
0.871572413,0.02850269,-0.135397152,195943.3117
0.865676851,0.029644081,-0.145989858,198001.9491
0.8596699,0.030796758,-0.156583148,200142.9555
0.853553391,0.031959894,-0.167193385,202160.0602
0.847329185,0.033132599,-0.177772719,204039.1456
0.84099918,0.034313908,-0.188395743,206148.2037
0.834565303,0.035502803,-0.199005382,208010.0727
0.828029514,0.036698367,-0.209640981,210006.8624
0.821393805,0.037899766,-0.220223566,212310.896
0.814660196,0.039106212,-0.230783494,214334.2815
0.807830738,0.040316877,-0.241337903,216023.7866
0.800907512,0.041530856,-0.251964907,217633.5693
0.793892626,0.042747209,-0.262610532,219578.7193
0.786788218,0.043965015,-0.273201626,221614.3407
0.779596452,0.045183296,-0.283804472,223358.9735
0.772319518,0.046401093,-0.2944278,225237.7016
0.764959632,0.047617517,-0.304951656,227060.9014
0.757519037,0.048831888,-0.315559207,228752.1486
0.75,0.050043523,-0.32626132,230794.615
0.74240481,0.051251657,-0.336967816,232958.2421
0.734735781,0.052455194,-0.347702225,234808.4503
0.72699525,0.053653041,-0.35840417,236442.1987
0.719185573,0.054844217,-0.36908615,238161.5153
0.711309131,0.05602802,-0.379760051,239963.5069
0.703368322,0.057203798,-0.390515826,241777.942
0.695365564,0.058370837,-0.40133551,243463.8819
0.687303297,0.059528269,-0.412228851,245346.3453
0.679183975,0.060675242,-0.423133075,247384.1754
0.671010072,0.061810884,-0.434062223,249244.395
0.662784077,0.062934286,-0.445055843,250997.5795
0.654508497,0.064044541,-0.456047391,252784.8906
0.646185852,0.065140845,-0.467024711,254586.352
0.637818678,0.066222536,-0.478086547,256473.0905
0.629409523,0.067289002,-0.489225945,258397.3666
0.620960948,0.068339542,-0.500453164,260155.9705
0.612475527,0.069373266,-0.511757816,261853.9843
0.603955845,0.070389237,-0.523103159,263755.2349
0.595404498,0.071386682,-0.534473259,265725.8309
0.586824089,0.072365012,-0.545925443,267527.8052
0.578217233,0.073323712,-0.557504181,269237.6867
0.56958655,0.074262169,-0.569166014,271097.7198
0.560934672,0.075179522,-0.5809214,273201.1518
0.552264232,0.076074902,-0.592754588,275264.0939
0.543577871,0.076947565,-0.604659049,277105.7304
0.534878237,0.077796913,-0.616672323,278921.9184
0.526167978,0.078622419,-0.628791088,280797.3976
0.517449748,0.079423532,-0.640984075,282522.7313
0.508726203,0.080199615,-0.653356422,284329.7231
0.5,0.080950034,-0.665891778,286428.2353
0.491273797,0.081674181,-0.678541834,288458.736
0.482550252,0.082371467,-0.691343146,290256.9296
0.473832022,0.08304132,-0.704337635,292125.8787
0.465121763,0.083683201,-0.717484919,294259.7451
0.456422129,0.084296579,-0.730790936,296388.3977
0.447735768,0.084880973,-0.744294657,298308.6811
0.439065328,0.085435924,-0.758021317,300086.0425
0.43041345,0.085961004,-0.7719959,301922.9511
0.421782767,0.086455822,-0.786263511,303964.6724
0.413175911,0.086919979,-0.800864321,306161.9653
0.404595502,0.087353007,-0.815785595,308243.9084
0.396044155,0.087754433,-0.831032809,310164.5022
0.387524473,0.088123918,-0.84668147,312119.3482
0.379039052,0.088461298,-0.862841311,314266.6241
0.370590477,0.088766501,-0.879613502,316507.2379
0.362181322,0.089039248,-0.897069936,318640.4222
0.353814148,0.08927858,-0.915172957,320795.369
0.345491503,0.089483267,-0.933706995,323035.9732
0.337215923,0.08965344,-0.952883338,325346.2597
0.328989928,0.089791218,-0.974086244,327981.6301
0.320816025,0.089900029,-0.999136105,331277.4223
0.312696703,0.089979729,-1.028448553,335286.0791
0.304634436,0.090019871,-1.060379315,340042.0705
0.296631678,0.090007728,-1.092449147,345103.1213
0.288690869,0.089932825,-1.122819415,349918.2448
0.280814427,0.089789636,-1.150550064,354225.5043
0.27300475,0.089574623,-1.175054828,357875.5377
0.265264219,0.089285337,-1.195979986,360866.1595
0.25759519,0.088922604,-1.21367565,363412.9244
0.25,0.088489169,-1.229172949,365516.4456
0.242480963,0.087987524,-1.24325178,367157.6945
0.235040368,0.087419211,-1.255998933,368627.6559
0.227680482,0.086785343,-1.267327254,369950.7675
0.220403548,0.086087116,-1.277169639,370902.2851
0.213211782,0.085326078,-1.285624691,371474.2407
0.206107374,0.084504005,-1.292888267,371814.965
0.199092488,0.083622782,-1.299064957,371904.1186
0.192169262,0.082684163,-1.304164386,371654.1424
0.185339804,0.081689715,-1.308159303,371088.6882
0.178606195,0.080641112,-1.311033243,370263.6552
0.171970486,0.079540168,-1.312840929,369244.6338
0.165434697,0.078388821,-1.313640575,367961.2969
0.15900082,0.077189133,-1.313510724,366334.6322
0.152670815,0.075943161,-1.312543516,364535.8631
0.146446609,0.074652824,-1.310755424,362496.8402
0.1403301,0.073320126,-1.308213114,360232.8432
0.134323149,0.071947137,-1.304941145,357774.9249
0.128427587,0.070535793,-1.300898589,355027.8754
0.12264521,0.069088122,-1.296139456,352004.4097
0.116977778,0.067606248,-1.290714211,348743.3868
0.111427019,0.066092187,-1.284574744,345238.6171
0.105994623,0.064548037,-1.277787941,341485.7255
0.100682245,0.062976025,-1.270453851,337510.2485
0.095491503,0.061378238,-1.262501139,333247.6454
0.090423978,0.059756781,-1.253980498,328670.4652
0.085481214,0.058113963,-1.245043899,323833.1702
0.080664716,0.056451865,-1.235619622,318742.2528
0.075975952,0.054772495,-1.225684478,313360.049
0.07141635,0.053078157,-1.215414154,307629.2357
0.066987298,0.051370878,-1.204708718,301528.9249
0.062690146,0.049652495,-1.193423673,295079.5301
0.058526204,0.047925249,-1.181722868,288222.4947
0.054496738,0.046191238,-1.169546382,280907.7817
0.050602977,0.044452345,-1.156730011,273105.2982
0.046846106,0.042710953,-1.143656993,264822.6503
0.043227271,0.040969184,-1.13029021,255969.3553
0.039747573,0.039228493,-1.116077852,246403.0296
0.036408073,0.037491006,-1.101304486,236117.3374
0.033209787,0.035758854,-1.085975673,225040.1222
0.03015369,0.034033365,-1.069303641,212926.9573
0.027240712,0.032316748,-1.05170964,199796.6085
0.024471742,0.030611369,-1.033464189,185546.155
0.021847622,0.0289181,-1.013117945,169737.97
0.019369152,0.02723897,-0.990717521,152370.7932
0.017037087,0.025576617,-0.967107674,133304.8649
0.014852137,0.023931592,-0.939587871,111889.4525
0.012814968,0.022305866,-0.908407041,88183.21582
0.0109262,0.020702862,-0.874244758,62205.37136
0.009186408,0.019122801,-0.834372445,33200.91095
0.007596123,0.017567569,-0.785609847,861.0452923
0.00615583,0.016042255,-0.732027143,-35725.95476
0.004865966,0.014547851,-0.667233419,-77637.91393
0.003726924,0.013087141,-0.587944159,-122354.0107
0.002739052,0.011669616,-0.502120524,-161649.1457
0.001902651,0.010303358,-0.400158741,-197133.205
0.001217975,0.009000375,-0.281221764,-228104.7558
0.000685233,0.007791834,-0.148300205,-253332.8246
0.000304586,0.00674057,-0.019289525,-269958.2456
7.62E-05,0.005968011,0.078538935,-273640.5454
0,0.005669108,0.117409782,-275161.0115
0.985147863,0.007401646,0.258367752,73613.51292
0.982962913,0.008161888,0.253753402,75754.81942
0.980630848,0.008970611,0.248699323,77975.39209
0.978152378,0.009827063,0.243186984,80324.76745
0.975528258,0.01073048,0.237169628,82842.98263
0.972759288,0.011680157,0.230729407,85355.45263
0.96984631,0.012675255,0.223715307,88023.62421
0.966790213,0.013715014,0.216258251,90751.60637
0.963591927,0.014798565,0.208255404,93528.2731
0.960252427,0.015924803,0.19977225,96424.67099
0.956772729,0.017092643,0.190819345,99182.1521
0.953153894,0.018300954,0.181350971,101991.863
0.949397023,0.019548681,0.171441338,104935.3399
0.945503262,0.020834822,0.161064132,107848.0353
0.941473796,0.022158293,0.15027249,110819.2116
0.937309854,0.02351808,0.13907375,113503.7188
0.933012702,0.024913099,0.12740582,116358.3164
0.92858365,0.02634223,0.115390146,119179.5252
0.924024048,0.02780424,0.102975013,121981.4118
0.919335284,0.029297845,0.090207105,124984.4584
0.914518786,0.030821825,0.077168003,127723.6776
0.909576022,0.032375025,0.063779987,130656.9263
0.904508497,0.033956269,0.050106197,133683.2119
0.899317755,0.035564313,0.036196474,136478.449
0.894005377,0.037197766,0.022006518,139282.0884
0.888572981,0.038855212,0.007615634,142416.7304
0.883022222,0.040535391,-0.006907082,145348.35
0.87735479,0.042237176,-0.021625824,148120.1197
0.871572413,0.043959435,-0.036547884,151208.5912
0.865676851,0.04570092,-0.051607936,154303.6446
0.8596699,0.047460146,-0.066732671,157089.2195
0.853553391,0.049235681,-0.082044963,159931.4416
0.847329185,0.051026145,-0.097430223,162960.2099
0.84099918,0.052830422,-0.112898717,166108.7196
0.834565303,0.054647367,-0.128432139,169409.95
0.828029514,0.056475719,-0.144022601,172121.1866
0.821393805,0.058314051,-0.159731896,174674.6544
0.814660196,0.060160922,-0.175502207,177723.0898
0.807830738,0.062014983,-0.191321681,180970.9453
0.800907512,0.063874958,-0.20719702,184182.3497
0.793892626,0.06573956,-0.223030418,186997.5301
0.786788218,0.067607568,-0.238941904,189567.5093
0.779596452,0.069477774,-0.254972548,192290.5305
0.772319518,0.071348982,-0.27102401,195221.4455
0.764959632,0.073219861,-0.287165787,198350.8218
0.757519037,0.075088913,-0.303360852,201350.3282
0.75,0.076954678,-0.319564475,204058.9813
0.74240481,0.07881588,-0.335840274,206822.3939
0.734735781,0.080671443,-0.35216821,209739.9767
0.72699525,0.08252031,-0.368543544,212554.9345
0.719185573,0.084361256,-0.385015227,215221.3152
0.711309131,0.086192822,-0.401615806,218035.4631
0.703368322,0.088013556,-0.418243857,220957.3628
0.695365564,0.089822164,-0.434931003,223827.5142
0.687303297,0.091617475,-0.451711359,226756.7749
0.679183975,0.093398345,-0.468539167,229571.6936
0.671010072,0.095163597,-0.485467578,232132.1431
0.662784077,0.096911998,-0.50255676,234813.8118
0.654508497,0.098642323,-0.519752698,237880.9136
0.646185852,0.100353356,-0.537023491,240943.4745
0.637818678,0.102043811,-0.554421241,243766.9212
0.629409523,0.103712454,-0.57195068,246588.0419
0.620960948,0.105358049,-0.589610443,249466.5796
0.612475527,0.106979349,-0.607397119,252236.4908
0.603955845,0.108575131,-0.625316942,254944.9021
0.595404498,0.110144193,-0.643377073,257899.1989
0.586824089,0.111685355,-0.661556728,261156.2985
0.578217233,0.113197503,-0.679830377,264247.4927
0.56958655,0.114679488,-0.698278047,267066.6994
0.560934672,0.116130155,-0.716910826,269679.0646
0.552264232,0.117548381,-0.73571697,272423.2202
0.543577871,0.118933027,-0.754710085,275654.0045
0.534878237,0.120282886,-0.773877498,279128.3472
0.526167978,0.12159679,-0.793174297,282102.5764
0.517449748,0.122873678,-0.812630905,284828.204
0.508726203,0.124112614,-0.832289976,287731.5888
0.5,0.125312717,-0.852192227,290845.4165
0.491273797,0.126472982,-0.872364957,294008.0259
0.482550252,0.127592153,-0.892751555,297214.8181
0.473832022,0.128669054,-0.913317928,300398.7618
0.465121763,0.129702605,-0.93408068,303609.8544
0.456422129,0.130691873,-0.955059306,306891.1117
0.447735768,0.131636046,-0.976259,310112.8275
0.439065328,0.132534274,-0.997724856,313148.7089
0.43041345,0.133385661,-1.019487891,316229.8443
0.421782767,0.13418936,-1.041545571,319451.4943
0.413175911,0.134944544,-1.063926889,322781.5921
0.404595502,0.135650362,-1.086691128,326183.1529
0.396044155,0.136305985,-1.109811346,329439.9462
0.387524473,0.136910721,-1.133311114,332549.3823
0.379039052,0.137463989,-1.157310451,335713.6942
0.370590477,0.137965291,-1.181951725,339067.7711
0.362181322,0.138413949,-1.207267143,342544.1268
0.353814148,0.138808628,-1.233080628,346038.8602
0.345491503,0.139147798,-1.259131538,349316.7716
0.337215923,0.139431272,-1.285791741,352516.9089
0.328989928,0.139660678,-1.314520072,356113.4091
0.320816025,0.139838403,-1.347113857,360491.8134
0.312696703,0.139964125,-1.383873202,365628.5594
0.304634436,0.140028647,-1.422985335,371186.8506
0.296631678,0.140020709,-1.461956362,376744.6991
0.288690869,0.139931679,-1.498968845,382073.3224
0.280814427,0.139756723,-1.533084651,386984.5952
0.27300475,0.139493381,-1.563693469,391125.1493
0.265264219,0.139139336,-1.590477716,394455.2326
0.25759519,0.138695094,-1.613603667,397184.1393
0.25,0.138162631,-1.633824454,399404.7736
0.242480963,0.137544048,-1.651995676,401134.8576
0.235040368,0.136840997,-1.668447498,402361.0363
0.227680482,0.136054632,-1.683017594,403074.529
0.220403548,0.135186166,-1.695731363,403490.0723
0.213211782,0.13423694,-1.706532718,403446.8822
0.206107374,0.133208333,-1.715458414,402916.1888
0.199092488,0.132101812,-1.722575672,401948.8199
0.192169262,0.130918997,-1.727907158,400448.3569
0.185339804,0.129661572,-1.731523699,398414.8791
0.178606195,0.128331287,-1.733476425,395942.9675
0.171970486,0.126930043,-1.733661914,392923.5305
0.165434697,0.125459607,-1.732120266,389459.0234
0.15900082,0.123921653,-1.728967373,385509.4758
0.152670815,0.122318029,-1.724183444,381060.793
0.146446609,0.120650578,-1.717709078,376202.2161
0.1403301,0.118921085,-1.70946292,370804.9304
0.134323149,0.11713149,-1.699484491,364826.0846
0.128427587,0.115283857,-1.687798608,358297.4251
0.12264521,0.113380275,-1.674399711,351274.0417
0.116977778,0.111422959,-1.659464465,343798.8059
0.111427019,0.109414265,-1.643116664,335838.3995
0.105994623,0.107356103,-1.625171751,327269.299
0.100682245,0.105250278,-1.605462955,318083.7734
0.095491503,0.103098885,-1.583964985,308384.0541
0.090423978,0.100904115,-1.560577043,298106.1006
0.085481214,0.098668232,-1.535364304,287249.2747
0.080664716,0.09639383,-1.508605913,275810.2784
0.075975952,0.094083363,-1.480281778,263787.0809
0.07141635,0.091738744,-1.450110137,251123.6779
0.066987298,0.089362209,-1.418087447,237823.1705
0.062690146,0.086956183,-1.384221041,223882.9923
0.058526204,0.084522746,-1.348232378,209273.3664
0.054496738,0.08206421,-1.310145662,193959.0564
0.050602977,0.079583324,-1.27012862,177986.8636
0.046846106,0.077082274,-1.227886334,161301.4261
0.043227271,0.074563253,-1.183210851,143875.6066
0.039747573,0.072029134,-1.136406631,125788.7421
0.036408073,0.069482315,-1.087182623,106964.2551
0.033209787,0.066924792,-1.035051304,87375.92464
0.03015369,0.064359397,-0.980232077,67130.629
0.027240712,0.061789049,-0.922669293,46250.56119
0.024471742,0.059215949,-0.861793486,24720.81218
0.021847622,0.056643228,-0.797704596,2712.260157
0.019369152,0.054074665,-0.730773188,-19637.29496
0.017037087,0.051513132,-0.660445494,-42318.18085
0.014852137,0.0489623,-0.586528471,-65079.04874
0.012814968,0.046427298,-0.509767826,-87643.51154
0.0109262,0.04391267,-0.430129096,-109876.8081
0.009186408,0.041423531,-0.347055537,-131339.1932
0.007596123,0.03896752,-0.26132778,-151328.332
0.00615583,0.036554325,-0.173681955,-169476.5347
0.004865966,0.034195744,-0.084779055,-186065.1743
0.003726924,0.031908607,0.004220959,-201354.5208
0.002739052,0.029716971,0.091233601,-215451.9297
0.001902651,0.027654196,0.174432492,-228056.4075
0.001217975,0.025768063,0.251143192,-237626.6437
0.000685233,0.024127219,0.31795591,-242579.0987
0.000304586,0.022825352,0.371090025,-244709.8356
7.62E-05,0.021974979,0.40574981,-245496.8709
0,0.02167743,0.417846614,-246139.0466
0.985147863,0.010375239,0.299831524,25904.82319
0.982962913,0.011402875,0.298940798,32755.67478
0.980630848,0.012496272,0.298549542,14319.33362
0.978152378,0.013654345,0.296979907,16401.26564
0.975528258,0.014875835,0.29491338,18211.29667
0.972759288,0.01615954,0.292607135,20182.92035
0.96984631,0.017504296,0.290056674,22234.69337
0.966790213,0.018908933,0.28719428,24262.96338
0.963591927,0.020372239,0.284014768,26322.82039
0.960252427,0.021892908,0.280488211,28466.21706
0.956772729,0.023469554,0.276588357,30682.41553
0.953153894,0.025100807,0.27227753,33021.23757
0.949397023,0.026785229,0.267498925,35502.74433
0.945503262,0.02852141,0.262247921,38253.92632
0.941473796,0.030307876,0.256469198,41153.31197
0.937309854,0.0321431,0.25013076,44180.43285
0.933012702,0.034025615,0.243197637,47413.05887
0.92858365,0.035953841,0.235635617,50835.97846
0.924024048,0.037926152,0.227425208,54420.81412
0.919335284,0.039940837,0.218529748,58045.17473
0.914518786,0.04199626,0.208930563,61823.89984
0.909576022,0.04409071,0.19860894,65685.52123
0.904508497,0.04622255,0.187553944,69785.92626
0.899317755,0.048390114,0.175784759,73956.20366
0.894005377,0.050591821,0.163237987,78093.22437
0.888572981,0.052826055,0.149962533,82373.90333
0.883022222,0.055091139,0.135957838,86759.53177
0.87735479,0.057385339,0.121223134,91256.36378
0.871572413,0.05970693,0.105661095,95675.57422
0.865676851,0.062054114,0.089449305,99821.62004
0.8596699,0.064425121,0.072684483,103669.5411
0.853553391,0.066818161,0.055367763,107490.0332
0.847329185,0.069231526,0.037480464,111368.0694
0.84099918,0.071663593,0.019057328,115443.0965
0.834565303,0.074112716,0.000182742,119638.4303
0.828029514,0.076577222,-0.019086824,123574.9632
0.821393805,0.079055333,-0.038773651,127137.8447
0.814660196,0.081545395,-0.058897135,130934.1688
0.807830738,0.084045558,-0.079308891,135024.0598
0.800907512,0.086553966,-0.099986488,138952.8263
0.793892626,0.089068804,-0.120918646,142703.4213
0.786788218,0.091588383,-0.142113963,146567.8108
0.779596452,0.094111204,-0.163530846,150410.2882
0.772319518,0.096635706,-0.185132033,154138.8625
0.764959632,0.099160164,-0.206961696,158064.3764
0.757519037,0.101682737,-0.228946744,162001.6841
0.75,0.104201647,-0.251061266,165671.7637
0.74240481,0.10671517,-0.273377049,169432.5509
0.734735781,0.109221685,-0.295861459,173486.4374
0.72699525,0.111719548,-0.318448623,177438.7024
0.719185573,0.114207047,-0.341148987,181078.9653
0.711309131,0.116682502,-0.364057017,184793.309
0.703368322,0.119144216,-0.387110452,188832.0332
0.695365564,0.121590512,-0.410298364,192818.7781
0.687303297,0.12401978,-0.433634962,196513.8017
0.679183975,0.126430391,-0.457149404,200188.4684
0.671010072,0.128820678,-0.480893542,204169.0406
0.662784077,0.131189004,-0.504826237,208288.7201
0.654508497,0.133533725,-0.528865929,212164.3924
0.646185852,0.135853082,-0.553145214,215991.4374
0.637818678,0.138145331,-0.577638575,220017.293
0.629409523,0.140408781,-0.602281379,223984.305
0.620960948,0.142641812,-0.627108343,227926.774
0.612475527,0.144842937,-0.65219232,232138.4523
0.603955845,0.147010696,-0.67754819,236575.2265
0.595404498,0.14914338,-0.703142487,240846.0814
0.586824089,0.15123917,-0.728918353,244871.7576
0.578217233,0.153296303,-0.754907765,248944.7406
0.56958655,0.155313218,-0.781152979,253120.8725
0.560934672,0.157288543,-0.807686211,257254.639
0.552264232,0.159220905,-0.834562784,261518.9782
0.543577871,0.161108693,-0.861734685,266065.1563
0.534878237,0.162950153,-0.889150768,270681.3743
0.526167978,0.164743558,-0.916807742,275212.7101
0.517449748,0.166487307,-0.944724832,279679.1017
0.508726203,0.16817995,-0.972905152,284001.0423
0.5,0.169820112,-1.001414619,288377.8562
0.491273797,0.171406399,-1.030239753,292959.4805
0.482550252,0.172937442,-1.059372219,297667.3796
0.473832022,0.174411919,-1.088881587,302318.1564
0.465121763,0.175828366,-1.118749191,306985.3553
0.456422129,0.177185157,-1.148896245,311748.6478
0.447735768,0.178480708,-1.179276399,316592.426
0.439065328,0.179713669,-1.209908394,321389.6504
0.43041345,0.180882966,-1.240841191,325985.9455
0.421782767,0.181987662,-1.272170247,330572.9552
0.413175911,0.183026566,-1.303948742,335365.8533
0.404595502,0.183998239,-1.336134911,340305.1318
0.396044155,0.184901285,-1.368620738,345079.6091
0.387524473,0.18573457,-1.401395697,349807.7645
0.379039052,0.186497237,-1.434563598,354603.2085
0.370590477,0.187188546,-1.468263435,359435.9699
0.362181322,0.18780755,-1.50253297,364246.3828
0.353814148,0.188352646,-1.537154374,369082.2986
0.345491503,0.188822146,-1.57179179,373790.765
0.337215923,0.189215394,-1.606803554,378319.6712
0.328989928,0.189533474,-1.643634115,383027.007
0.320816025,0.189778409,-1.683908648,388476.6196
0.312696703,0.189948531,-1.727664595,394642.5712
0.304634436,0.190037188,-1.773197681,401068.8994
0.296631678,0.190034994,-1.818011593,407289.3848
0.288690869,0.189934659,-1.860320901,413111.083
0.280814427,0.189733157,-1.899354688,418300.6158
0.27300475,0.18942884,-1.934709629,422701.1013
0.265264219,0.189020549,-1.966131514,426286.9286
0.25759519,0.188508437,-1.993684283,429104.4497
0.25,0.187894114,-2.017876054,431174.0154
0.242480963,0.187179412,-2.039435847,432609.059
0.235040368,0.186365784,-2.058750824,433501.4568
0.227680482,0.185454281,-2.075656993,433804.4119
0.220403548,0.184445886,-2.089841128,433383.0543
0.213211782,0.183341721,-2.1013623,432221.2286
0.206107374,0.18214314,-2.110302012,430328.5042
0.199092488,0.180851685,-2.11677586,427857.9812
0.192169262,0.179469,-2.120882128,424947.7084
0.185339804,0.177996719,-2.122447359,421337.373
0.178606195,0.17643626,-2.121316874,416799.844
0.171970486,0.174789184,-2.11755934,411404.9427
0.165434697,0.173057182,-2.111159102,405266.7092
0.15900082,0.171241976,-2.102061799,398464.0281
0.152670815,0.169345379,-2.090375933,391016.5835
0.146446609,0.167369353,-2.076175091,382768.0826
0.1403301,0.165315749,-2.059416973,373809.8151
0.134323149,0.163186229,-2.039970771,364129.6667
0.128427587,0.160982624,-2.017776044,353634.491
0.12264521,0.158706933,-1.992830746,342378.428
0.116977778,0.15636122,-1.965158969,330403.371
0.111427019,0.153947726,-1.934895702,317700.2937
0.105994623,0.151468827,-1.902202162,304363.6196
0.100682245,0.148926719,-1.86700813,290334.3766
0.095491503,0.146323416,-1.829228962,275566.3541
0.090423978,0.143661215,-1.788958844,260191.6051
0.085481214,0.140942462,-1.746157232,244183.3183
0.080664716,0.13816929,-1.700717404,227493.2468
0.075975952,0.135344082,-1.652688692,210170.4845
0.07141635,0.132469433,-1.602189571,192275.5422
0.066987298,0.129547776,-1.549158616,173856.9454
0.062690146,0.126581608,-1.493565595,154951.8011
0.058526204,0.123573784,-1.435596804,135606.9651
0.054496738,0.120527116,-1.375289878,115864.51
0.050602977,0.117444209,-1.312529093,95746.85518
0.046846106,0.114328067,-1.247495561,75381.05884
0.043227271,0.111181899,-1.180313814,54827.42919
0.039747573,0.108008638,-1.110876975,34122.00399
0.036408073,0.104811394,-1.039210089,13362.30636
0.033209787,0.101593825,-0.965515625,-7315.458458
0.03015369,0.098359657,-0.889851305,-27817.44773
0.027240712,0.0951127,-0.812241595,-48024.46123
0.024471742,0.091857437,-0.733006909,-67779.96999
0.021847622,0.08859894,-0.652538255,-86931.30375
0.019369152,0.085342515,-0.57081051,-105359.3431
0.017037087,0.082094242,-0.488155696,-122902.0796
0.014852137,0.078861452,-0.404991001,-139373.656
0.012814968,0.075652476,-0.321759088,-154629.7584
0.0109262,0.072476987,-0.238827658,-168545.2308
0.009186408,0.069346847,-0.156691869,-180925.3392
0.007596123,0.066276766,-0.076027697,-191659.5304
0.00615583,0.063285293,0.002403423,-200679.0745
0.004865966,0.060395712,0.077732416,-207928.1569
0.003726924,0.057637489,0.149052589,-213386.6564
0.002739052,0.055048254,0.215292584,-217097.2265
0.001902651,0.052675861,0.275166454,-219260.8439
0.001217975,0.050579404,0.327243685,-220227.7864
0.000685233,0.048828632,0.370065034,-220422.9207
0.000304586,0.047499871,0.402145782,-220273.6467
7.62E-05,0.046666044,0.42208213,-220151.0772
0,0.046381345,0.428852547,-220336.8286
0.985147863,0.005194865,0.117787658,124762.9567
0.982962913,0.005790507,0.109931529,127657.1372
0.980630848,0.006423757,0.101648577,130380.0269
0.978152378,0.007093946,0.092866648,133132.2523
0.975528258,0.007800305,0.083684458,136164.7591
0.972759288,0.008542089,0.074094955,138767.6785
0.96984631,0.009318473,0.064132045,141573.5869
0.966790213,0.010128614,0.053825,144325.4579
0.963591927,0.010971625,0.043157579,147014.3586
0.960252427,0.011846567,0.032252122,149442.2024
0.956772729,0.012752442,0.021000702,152112.9843
0.953153894,0.01368828,0.009567586,154527.402
0.949397023,0.014653133,-0.002155357,156952.1626
0.945503262,0.015646116,-0.014047382,159506.4009
0.941473796,0.016666216,-0.026214514,161920.9203
0.937309854,0.017712329,-0.03853745,164178.9757
0.933012702,0.018783279,-0.051005735,166649.0007
0.92858365,0.019877942,-0.063647691,169002.3943
0.924024048,0.020995238,-0.076304071,171431.7065
0.919335284,0.022134192,-0.089192617,173725.714
0.914518786,0.02329369,-0.102194121,176077.3026
0.909576022,0.024472485,-0.115265231,178620.6166
0.904508497,0.025669309,-0.128370304,181317.4912
0.899317755,0.02688292,-0.141571511,183805.4668
0.894005377,0.02811208,-0.154737347,185829.5049
0.888572981,0.029355622,-0.168031714,188414.5553
0.883022222,0.030612319,-0.181283836,191134.3147
0.87735479,0.031880942,-0.194568312,193721.2381
0.871572413,0.03316023,-0.20784995,196373.274
0.865676851,0.034448954,-0.221119321,198817.6449
0.8596699,0.035745878,-0.234388373,201207.0022
0.853553391,0.037049739,-0.24760064,203633.5026
0.847329185,0.03835931,-0.260867767,206218.6561
0.84099918,0.039673329,-0.274141195,208942.5885
0.834565303,0.040990527,-0.287321915,211520.7931
0.828029514,0.042309684,-0.300462896,214182.9848
0.821393805,0.043629618,-0.313563658,216737.4946
0.814660196,0.04494916,-0.326636757,219146.9708
0.807830738,0.04626712,-0.339693832,221719.0355
0.800907512,0.047582175,-0.352718343,224226.3315
0.793892626,0.04889302,-0.365703149,226536.3295
0.786788218,0.050198371,-0.378634576,228987.5318
0.779596452,0.051497038,-0.391522442,231605.3147
0.772319518,0.052787838,-0.404343118,234214.2028
0.764959632,0.054069608,-0.417062908,236620.1859
0.757519037,0.055341207,-0.429768045,238980.6267
0.75,0.056601493,-0.44244771,241513.2473
0.74240481,0.057849367,-0.454996316,243890.0349
0.734735781,0.059083767,-0.467460928,245981.1984
0.72699525,0.060303648,-0.479963869,248070.1412
0.719185573,0.061507906,-0.492489488,250465.5612
0.711309131,0.062695336,-0.504906729,253046.5963
0.703368322,0.063864721,-0.517191152,255287.3675
0.695365564,0.065014939,-0.529398829,257335.6696
0.687303297,0.066145076,-0.541534545,259671.4767
0.679183975,0.067254225,-0.553604268,262076.2548
0.671010072,0.068341459,-0.565629042,264260.3697
0.662784077,0.069405785,-0.577611629,266360.1397
0.654508497,0.070446174,-0.589528198,268557.8036
0.646185852,0.071461642,-0.601382873,270720.5984
0.637818678,0.072451229,-0.613134904,272758.9227
0.629409523,0.073413976,-0.624751045,274806.4806
0.620960948,0.074349028,-0.636316309,276857.155
0.612475527,0.075255663,-0.647822324,278820.5659
0.603955845,0.076133229,-0.659223835,280865.4765
0.595404498,0.076980971,-0.670625298,283117.7191
0.586824089,0.077798003,-0.68196977,285255.2353
0.578217233,0.078583385,-0.693177912,287189.7489
0.56958655,0.079336285,-0.704289127,289295.1573
0.560934672,0.080056058,-0.715309756,291619.2005
0.552264232,0.080742137,-0.726204304,293621.288
0.543577871,0.08139393,-0.736991434,295266.4397
0.534878237,0.0820108,-0.747713218,296970.0089
0.526167978,0.082592108,-0.758390229,298974.5636
0.517449748,0.083137252,-0.768987725,301040.5645
0.508726203,0.083645705,-0.77945708,302827.8804
0.5,0.084117002,-0.789836215,304510.451
0.491273797,0.084550681,-0.800117035,306243.9236
0.482550252,0.084946269,-0.810270991,308037.9056
0.473832022,0.085303313,-0.820290412,309853.7366
0.465121763,0.085621405,-0.830189674,311619.5969
0.456422129,0.085900214,-0.839974918,313263.6706
0.447735768,0.086139455,-0.849630872,314955.1425
0.439065328,0.086338852,-0.859190358,316800.976
0.43041345,0.08649808,-0.868652134,318557.7502
0.421782767,0.086616787,-0.877981065,320085.8342
0.413175911,0.086694724,-0.887159731,321564.5148
0.404595502,0.086731849,-0.896205171,323044.8853
0.396044155,0.08672825,-0.90515572,324404.6518
0.387524473,0.086683997,-0.914076164,325822.3732
0.379039052,0.086598907,-0.922918985,327351.3205
0.370590477,0.08647266,-0.931575117,328845.5292
0.362181322,0.08630508,-0.93996995,330218.5198
0.353814148,0.086096279,-0.948078839,331495.6308
0.345491503,0.08584659,-0.956040984,332678.3916
0.337215923,0.085556365,-0.96398416,333837.8064
0.328989928,0.085225757,-0.971881247,335095.8118
0.320816025,0.084854827,-0.979634309,336285.3878
0.312696703,0.0844437,-0.987215468,337186.6849
0.304634436,0.083992564,-0.994670921,338095.5058
0.296631678,0.083501659,-1.001998492,339353.5402
0.288690869,0.082971288,-1.009098622,340423.1301
0.280814427,0.082401888,-1.016005503,341223.9774
0.27300475,0.081793999,-1.022822247,342077.9421
0.265264219,0.081148218,-1.029555063,342890.2907
0.25759519,0.080465033,-1.036157865,343459.4448
0.25,0.079744836,-1.042631713,344006.6005
0.242480963,0.078988113,-1.048974743,344712.5116
0.235040368,0.078195381,-1.055151121,345404.8557
0.227680482,0.0773672,-1.061141804,345842.6243
0.220403548,0.076504211,-1.066953758,346109.6964
0.213211782,0.075607167,-1.072625175,346467.0565
0.206107374,0.074676878,-1.078202965,346825.8424
0.199092488,0.073714265,-1.083731638,346985.0411
0.192169262,0.072720091,-1.089207522,347050.6549
0.185339804,0.071694949,-1.094589189,347158.8425
0.178606195,0.070639504,-1.099808013,347161.8644
0.171970486,0.069554612,-1.104826179,346974.913
0.165434697,0.0684413,-1.109744654,346740.0613
0.15900082,0.067300761,-1.114707741,346499.6434
0.152670815,0.066134009,-1.119727425,346224.8359
0.146446609,0.064941785,-1.12471005,345827.0748
0.1403301,0.063724929,-1.129618706,345179.2288
0.134323149,0.062484396,-1.134475877,344426.6899
0.128427587,0.061221169,-1.139273693,343689.5645
0.12264521,0.059936409,-1.144071463,342838.002
0.116977778,0.058631281,-1.148924108,341764.1791
0.111427019,0.057306736,-1.153802652,340591.9279
0.105994623,0.055963882,-1.158756619,339308.4582
0.100682245,0.0546039,-1.163796269,337839.9315
0.095491503,0.053227758,-1.16888671,336207.5538
0.090423978,0.051836631,-1.174091713,334388.8093
0.085481214,0.05043177,-1.179503688,332450.732
0.080664716,0.049014172,-1.185007968,330269.5243
0.075975952,0.047585021,-1.190732633,327830.7052
0.07141635,0.046145626,-1.196786759,325109.7838
0.066987298,0.044696834,-1.203004425,322150.68
0.062690146,0.043239693,-1.209379365,318854.46
0.058526204,0.041775538,-1.216049178,315157.5997
0.054496738,0.040305255,-1.222817502,311068.9264
0.050602977,0.038830035,-1.229834527,306484.674
0.046846106,0.037351395,-1.237435157,301446.0316
0.043227271,0.035869978,-1.245106713,295751.3427
0.039747573,0.034386734,-1.252836896,289278.5291
0.036408073,0.03290317,-1.261012097,282074.3616
0.033209787,0.031419885,-1.268942585,273861.4028
0.03015369,0.029937899,-1.276610176,264493.0017
0.027240712,0.028458978,-1.284799438,253967.5081
0.024471742,0.026983475,-1.29221247,241813.1042
0.021847622,0.02551212,-1.298406651,227774.9952
0.019369152,0.024046931,-1.304603717,211816.4069
0.017037087,0.0225879,-1.308412096,193133.594
0.014852137,0.021135554,-1.308710902,171366.4545
0.012814968,0.019692369,-1.307078455,146435.6377
0.0109262,0.018258239,-1.299666572,117447.3649
0.009186408,0.016833543,-1.284668189,84157.37024
0.007596123,0.015421789,-1.264068843,46217.03565
0.00615583,0.014022724,-1.230762118,842.31854
0.004865966,0.012636076,-1.179044999,-52979.54194
0.003726924,0.011266876,-1.11154554,-111965.9008
0.002739052,0.009916613,-1.025757334,-168458.7415
0.001902651,0.008586144,-0.904339849,-222171.0787
0.001217975,0.007285403,-0.751627406,-268039.9933
0.000685233,0.006032909,-0.567108824,-308853.0628
0.000304586,0.004867666,-0.38031913,-328521.1584
7.62E-05,0.003883066,-0.206202878,-325991.6285
0,0.003461967,-0.12772355,-322069.1706
0.985147863,0.008152939,0.244463375,58378.52591
0.982962913,0.009014617,0.239956776,60621.48107
0.980630848,0.009930533,0.23491246,63020.52092
0.978152378,0.010899806,0.229295265,65493.40701
0.975528258,0.011921575,0.223120921,68219.61197
0.972759288,0.012994828,0.216397021,70973.79502
0.96984631,0.014118282,0.209087971,73703.13344
0.966790213,0.015290519,0.201155635,76540.86814
0.963591927,0.016510277,0.192690675,79563.40226
0.960252427,0.017776492,0.183606751,82329.87182
0.956772729,0.019088082,0.173894185,85184.93058
0.953153894,0.020443844,0.163542129,88136.65575
0.949397023,0.021842227,0.152571238,91242.62874
0.945503262,0.023281684,0.140994265,94193.47626
0.941473796,0.024760646,0.128766401,97365.16847
0.937309854,0.026277701,0.116015201,100706.1391
0.933012702,0.027831357,0.102661693,103938.591
0.92858365,0.029420191,0.088764632,107321.6614
0.924024048,0.031042719,0.074315592,110652.1273
0.919335284,0.032697513,0.059359237,114307.6217
0.914518786,0.03438303,0.043912782,117921.1733
0.909576022,0.036097602,0.028037799,121708.4096
0.904508497,0.037839594,0.011749236,125665.1466
0.899317755,0.039607297,-0.004904796,129429.2953
0.894005377,0.041399041,-0.021910643,133143.2081
0.888572981,0.043213108,-0.0392133,137120.1855
0.883022222,0.045047869,-0.056726473,141022.4256
0.87735479,0.046901785,-0.074498841,144866.6622
0.871572413,0.048773275,-0.092522308,148702.0383
0.865676851,0.05066071,-0.110752014,152750.7023
0.8596699,0.052562308,-0.129076266,156668.8571
0.853553391,0.054476323,-0.147570168,160348.8313
0.847329185,0.056401063,-0.166185043,164347.268
0.84099918,0.058334884,-0.184832028,168071.5634
0.834565303,0.060276165,-0.203616206,171854.9736
0.828029514,0.062223278,-0.222450547,175870.1562
0.821393805,0.064174618,-0.241275416,179637.5867
0.814660196,0.066128594,-0.260136037,183021.7577
0.807830738,0.068083572,-0.279107648,186423.8577
0.800907512,0.07003787,-0.298122164,190167.7992
0.793892626,0.071989828,-0.317065656,193870.1106
0.786788218,0.07393783,-0.336003872,197369.6001
0.779596452,0.075880327,-0.355002461,201033.2027
0.772319518,0.077815778,-0.373991411,204648.0089
0.764959632,0.079742617,-0.392956321,207848.6446
0.757519037,0.081659232,-0.41192187,211028.6471
0.75,0.08356401,-0.430874606,214545.6854
0.74240481,0.085455423,-0.449823137,218183.2993
0.734735781,0.087332012,-0.468734853,221579.7108
0.72699525,0.089192326,-0.487623063,224683.5192
0.719185573,0.091034863,-0.506567356,227945.8075
0.711309131,0.092858078,-0.525488639,231547.9775
0.703368322,0.094660458,-0.544295812,234870.2502
0.695365564,0.096440545,-0.56310693,237782.6173
0.687303297,0.098196965,-0.581970361,240952.4659
0.679183975,0.099928356,-0.600806788,244508.5129
0.671010072,0.101633385,-0.619580002,247968.2285
0.662784077,0.103310695,-0.638349108,251121.9194
0.654508497,0.104958977,-0.657136286,254220.2331
0.646185852,0.106576865,-0.67592493,257533.7316
0.637818678,0.1081629,-0.694674392,260999.1451
0.629409523,0.10971569,-0.713325016,264311.7208
0.620960948,0.111233954,-0.731951958,267362.4195
0.612475527,0.112716586,-0.750642585,270553.5885
0.603955845,0.114162602,-0.769306053,273823.8505
0.595404498,0.115570869,-0.787912866,276937.0057
0.586824089,0.116940122,-0.806549429,280072.0438
0.578217233,0.118269117,-0.82523885,283515.412
0.56958655,0.119556622,-0.843886216,286911.4321
0.560934672,0.120801444,-0.862465662,290246.5754
0.552264232,0.122002437,-0.880915892,293591.0453
0.543577871,0.123158547,-0.899260781,296793.5097
0.534878237,0.124268844,-0.917615564,299794.8452
0.526167978,0.125332499,-0.936022984,302929.7855
0.517449748,0.126348629,-0.954396814,306250.0927
0.508726203,0.127316157,-0.972706751,309501.6296
0.5,0.128233995,-0.990916318,312597.954
0.491273797,0.129101197,-1.009004412,315655.2939
0.482550252,0.129917008,-1.027024339,318718.8902
0.473832022,0.1306808,-1.045026741,321706.7256
0.465121763,0.131391899,-1.063010715,324631.6732
0.456422129,0.132049452,-1.080926119,327590.4209
0.447735768,0.132652508,-1.098697975,330613.9473
0.439065328,0.13320023,-1.116268319,333624.6028
0.43041345,0.133692057,-1.133647356,336632.368
0.421782767,0.134127564,-1.150893855,339560.5288
0.413175911,0.134506341,-1.167985215,342337.1546
0.404595502,0.134827875,-1.184877426,344939.3488
0.396044155,0.135091546,-1.201642946,347420.3845
0.387524473,0.135296815,-1.218395219,350006.1465
0.379039052,0.1354432,-1.234998406,352690.3166
0.370590477,0.13553028,-1.251303245,355234.8386
0.362181322,0.135557718,-1.267301348,357539.6128
0.353814148,0.135525293,-1.283063194,359820.3808
0.345491503,0.135432908,-1.298623201,362120.6886
0.337215923,0.135280576,-1.314007452,364425.5401
0.328989928,0.135068131,-1.329142582,366539.8607
0.320816025,0.134795263,-1.343889553,368342.3446
0.312696703,0.134461745,-1.358173988,370015.3315
0.304634436,0.134067487,-1.372056011,371715.796
0.296631678,0.133612629,-1.385638211,373317.5977
0.288690869,0.133097448,-1.398915235,374763.7288
0.280814427,0.132522162,-1.41182897,376104.477
0.27300475,0.131886895,-1.424350851,377361.6718
0.265264219,0.131191813,-1.436465037,378439.3722
0.25759519,0.1304372,-1.448132639,379168.7369
0.25,0.129623318,-1.459343946,379757.452
0.242480963,0.128750547,-1.470063117,380342.325
0.235040368,0.127819358,-1.480248098,380798.3625
0.227680482,0.126830239,-1.489900394,380975.4762
0.220403548,0.125783747,-1.499049398,380872.7543
0.213211782,0.124680525,-1.507671053,380545.5525
0.206107374,0.123521107,-1.515659371,380121.6256
0.199092488,0.12230602,-1.522949196,379477.9562
0.192169262,0.121035969,-1.529499754,378370.1267
0.185339804,0.119711712,-1.535314528,376912.4555
0.178606195,0.118334122,-1.540443175,375364.5735
0.171970486,0.116904204,-1.544872415,373565.6072
0.165434697,0.115422847,-1.54854953,371385.9515
0.15900082,0.113890856,-1.551444195,369011.1458
0.152670815,0.112309227,-1.553471805,366182.837
0.146446609,0.110678981,-1.554612961,362850.4595
0.1403301,0.109001131,-1.554850606,359296.6406
0.134323149,0.107276909,-1.554185722,355347.9422
0.128427587,0.105507479,-1.552608085,351046.8993
0.12264521,0.103693821,-1.549972156,346337.4745
0.116977778,0.101837148,-1.546266663,341100.248
0.111427019,0.099938748,-1.541430919,335376.8302
0.105994623,0.097999734,-1.535351742,329182.0618
0.100682245,0.096021496,-1.528072723,322461.3315
0.095491503,0.094005489,-1.519551008,315132.3264
0.090423978,0.091952841,-1.509586995,307202.8044
0.085481214,0.089864996,-1.498206749,298690.9425
0.080664716,0.087743489,-1.485381912,289550.8709
0.075975952,0.085589501,-1.470833514,279679.183
0.07141635,0.083404468,-1.454517766,269065.1441
0.066987298,0.081190074,-1.436444998,257713.19
0.062690146,0.078947649,-1.416316778,245514.2324
0.058526204,0.076678738,-1.394184658,232473.1377
0.054496738,0.074385241,-1.370161211,218582.9308
0.050602977,0.072068238,-1.343684233,203694.8331
0.046846106,0.069728841,-1.314368977,187752.4124
0.043227271,0.067368842,-1.282256002,170798.7681
0.039747573,0.064989607,-1.246901918,152729.7193
0.036408073,0.06259273,-1.208130521,133564.0767
0.033209787,0.060180527,-1.166387615,113376.0883
0.03015369,0.057754321,-1.121004632,92008.84306
0.027240712,0.05531507,-1.071181533,69417.80037
0.024471742,0.052864779,-1.017098393,45784.54709
0.021847622,0.050405139,-0.9583184,21136.00201
0.019369152,0.047937633,-0.894204167,-4429.95435
0.017037087,0.045464978,-0.825428838,-30616.64213
0.014852137,0.042989405,-0.751644044,-57329.04123
0.012814968,0.040512217,-0.671970174,-84353.29803
0.0109262,0.0380361,-0.58655463,-111125.7742
0.009186408,0.03556443,-0.495834497,-137023.1063
0.007596123,0.03310051,-0.39957243,-161305.4995
0.00615583,0.030649378,-0.298625636,-183621.4394
0.004865966,0.028218227,-0.194042359,-204118.0121
0.003726924,0.025816138,-0.087083509,-223281.3262
0.002739052,0.023456429,0.020962921,-240898.8126
0.001902651,0.021160681,0.12765939,-254366.6857
0.001217975,0.018967001,0.229864295,-261464.9264
0.000685233,0.016941554,0.323842604,-263671.0772
0.000304586,0.01520353,0.403633495,-261774.4886
7.62E-05,0.013962172,0.459741114,-258271.5258
0,0.013498,0.480415576,-257006.9717
0.985147863,0.011219911,0.272380371,2563.915349
0.982962913,0.012356369,0.271380293,4282.156257
0.980630848,0.013564314,0.270101436,5941.622368
0.978152378,0.014842439,0.268495936,7494.960888
0.975528258,0.016189354,0.266583133,8932.530372
0.972759288,0.017603683,0.264377073,10323.36158
0.96984631,0.019083997,0.261892031,11796.42574
0.966790213,0.020628853,0.259154569,13390.56783
0.963591927,0.02223665,0.25617171,15125.34823
0.960252427,0.023905654,0.252927295,17014.34758
0.956772729,0.025634162,0.249376886,19043.31558
0.953153894,0.027420312,0.245425867,21181.4789
0.949397023,0.029262342,0.240976379,23522.41361
0.945503262,0.031158304,0.23594252,26070.29189
0.941473796,0.03310647,0.230235985,28900.76691
0.937309854,0.035105047,0.223837013,32032.87864
0.933012702,0.037152262,0.216705558,35419.83735
0.92858365,0.039246055,0.208847712,39102.09003
0.924024048,0.041384261,0.200228385,42979.69083
0.919335284,0.043564703,0.190846301,47196.17238
0.914518786,0.04578533,0.180655316,51559.42673
0.909576022,0.048044227,0.169580849,55984.564
0.904508497,0.050339446,0.157592463,60379.57552
0.899317755,0.052668905,0.144631287,64951.89228
0.894005377,0.055030483,0.130707667,69688.57666
0.888572981,0.057421988,0.115795154,74356.35986
0.883022222,0.059841406,0.099893229,78974.22868
0.87735479,0.062286716,0.083025159,83747.69735
0.871572413,0.064755828,0.065232739,88807.51235
0.865676851,0.067246631,0.04648314,93939.22749
0.8596699,0.069756873,0.026773202,99008.43082
0.853553391,0.072284394,0.006280839,103805.2228
0.847329185,0.074827137,-0.014818989,108465.5124
0.84099918,0.077383127,-0.036527319,113331.611
0.834565303,0.079950342,-0.058811191,118154.257
0.828029514,0.082526711,-0.081641108,123022.0441
0.821393805,0.085110139,-0.104920873,128143.3176
0.814660196,0.087698488,-0.128575043,133069.2631
0.807830738,0.090289689,-0.152593471,137756.8263
0.800907512,0.092881724,-0.176920582,142605.0439
0.793892626,0.095472598,-0.20150094,147615.3403
0.786788218,0.098060313,-0.226269201,152385.166
0.779596452,0.10064292,-0.251254203,156923.2596
0.772319518,0.103218537,-0.276445479,161726.6832
0.764959632,0.105785202,-0.301691078,166473.8573
0.757519037,0.108341005,-0.32705548,170893.9669
0.75,0.110884021,-0.352550003,175415.6064
0.74240481,0.113412253,-0.378137977,180167.13
0.734735781,0.115923619,-0.403793445,184883.7195
0.72699525,0.118416108,-0.429461925,189346.2045
0.719185573,0.12088799,-0.455180769,193669.3939
0.711309131,0.123337717,-0.481003972,198077.3241
0.703368322,0.125763645,-0.50689423,202575.8574
0.695365564,0.128163919,-0.532869182,207189.8815
0.687303297,0.130536481,-0.558873078,211845.7707
0.679183975,0.132879313,-0.584837277,216338.7771
0.671010072,0.135190686,-0.610825705,220623.5127
0.662784077,0.137469061,-0.636931336,224940.9316
0.654508497,0.139712935,-0.663153311,229483.8252
0.646185852,0.141920631,-0.689425,234114.0801
0.637818678,0.144090287,-0.715722995,238673.7535
0.629409523,0.146220164,-0.742079158,243446.8546
0.620960948,0.148308575,-0.768450716,248163.0875
0.612475527,0.150354012,-0.794852731,252518.8412
0.603955845,0.152355026,-0.821361475,256767.0517
0.595404498,0.154310063,-0.848000874,261339.5144
0.586824089,0.156217458,-0.874681347,266109.4121
0.578217233,0.158075581,-0.901339504,270721.7539
0.56958655,0.159882931,-0.928039924,275143.8814
0.560934672,0.161638121,-0.954833754,279635.2554
0.552264232,0.16333982,-0.981703671,284380.3014
0.543577871,0.164986696,-1.008614655,289165.0176
0.534878237,0.166577361,-1.035534298,293585.6297
0.526167978,0.168110459,-1.062536388,298009.938
0.517449748,0.169584657,-1.089639117,302798.2018
0.508726203,0.170998618,-1.116752801,307649.1441
0.5,0.172350999,-1.143833656,312019.0351
0.491273797,0.173640518,-1.170946298,316408.092
0.482550252,0.174865922,-1.198059938,321134.899
0.473832022,0.176025999,-1.225090379,325949.1011
0.465121763,0.177119624,-1.252046441,330490.7084
0.456422129,0.178145807,-1.2789955,334868.9997
0.447735768,0.179103705,-1.305968119,339253.2286
0.439065328,0.179992449,-1.332926276,343657.0801
0.43041345,0.180810989,-1.359789316,347966.4933
0.421782767,0.181558155,-1.386501479,352179.4239
0.413175911,0.182232878,-1.412993985,356456.2445
0.404595502,0.182834323,-1.439266153,360820.6654
0.396044155,0.183361879,-1.465346261,365067.0815
0.387524473,0.183815022,-1.49114104,369054.0544
0.379039052,0.18419301,-1.51673108,373042.0179
0.370590477,0.184495004,-1.542153823,377056.9916
0.362181322,0.184720219,-1.567291777,380778.4863
0.353814148,0.184868037,-1.591995949,384082.0154
0.345491503,0.184938117,-1.616350135,387435.5843
0.337215923,0.184930258,-1.640396535,390968.6028
0.328989928,0.184844162,-1.664051445,394357.9529
0.320816025,0.184679291,-1.687195963,397336.5526
0.312696703,0.184435119,-1.709744819,399990.4684
0.304634436,0.184111305,-1.731614773,402472.9663
0.296631678,0.183707724,-1.752696329,404837.9766
0.288690869,0.183224423,-1.772928688,407020.9872
0.280814427,0.182661535,-1.792473656,408931.0867
0.27300475,0.182018972,-1.811363298,410469.9673
0.265264219,0.181296637,-1.829458786,411642.1987
0.25759519,0.180494563,-1.846585847,412534.858
0.25,0.179612868,-1.862676946,413176.4951
0.242480963,0.17865177,-1.877679992,413506.2513
0.235040368,0.177611659,-1.891527301,413510.1925
0.227680482,0.176492918,-1.904129113,413101.119
0.220403548,0.175295913,-1.915440801,412166.7383
0.213211782,0.174021195,-1.925524176,410825.4833
0.206107374,0.1726693,-1.934306083,409127.7362
0.199092488,0.171240708,-1.941604078,406935.4796
0.192169262,0.169736025,-1.947296949,404166.5941
0.185339804,0.168155973,-1.951337913,400869.0295
0.178606195,0.166501238,-1.953622759,397035.8222
0.171970486,0.164772649,-1.954024906,392594.1159
0.165434697,0.162971165,-1.952483007,387534.6707
0.15900082,0.161097675,-1.948978322,381811.4689
0.152670815,0.159153206,-1.943507263,375436.3146
0.146446609,0.157138903,-1.936011736,368467.279
0.1403301,0.155055775,-1.926345034,360844.632
0.134323149,0.152904864,-1.914382683,352461.1102
0.128427587,0.150687379,-1.900065769,343381.2094
0.12264521,0.1484046,-1.883292123,333565.1453
0.116977778,0.146057837,-1.864088419,323025.2077
0.111427019,0.143648675,-1.842515304,311780.1479
0.105994623,0.141178531,-1.818444278,299699.8826
0.100682245,0.138648588,-1.791694109,286788.5468
0.095491503,0.13606024,-1.762176109,273134.1191
0.090423978,0.133415068,-1.729788889,258696.4413
0.085481214,0.130714638,-1.694502289,243491.555
0.080664716,0.127960773,-1.656447458,227533.2592
0.075975952,0.125155379,-1.615628329,210806.6453
0.07141635,0.122299952,-1.571865655,193346.0727
0.066987298,0.119396152,-1.525098971,175183.1609
0.062690146,0.116445854,-1.475334122,156335.7774
0.058526204,0.113450768,-1.422434677,136839.2623
0.054496738,0.110412678,-1.366357926,116733.97
0.050602977,0.107333733,-1.307219128,96098.237
0.046846106,0.104215883,-1.244963225,75001.07933
0.043227271,0.101061079,-1.179568809,53519.65477
0.039747573,0.097871687,-1.111222074,31781.88661
0.036408073,0.094649877,-1.039924508,9863.934246
0.033209787,0.091397604,-0.965552948,-12132.37666
0.03015369,0.088117265,-0.888206338,-34030.95921
0.027240712,0.084811499,-0.808024932,-55668.46118
0.024471742,0.081483011,-0.725275513,-76857.15171
0.021847622,0.078134959,-0.640347256,-97408.89568
0.019369152,0.074770792,-0.553393684,-117157.6565
0.017037087,0.071393786,-0.464610713,-135880.79
0.014852137,0.068007648,-0.37422032,-153381.7269
0.012814968,0.064616997,-0.282635196,-169395.0344
0.0109262,0.061227899,-0.190487952,-183650.5794
0.009186408,0.05784775,-0.098463176,-195968.6653
0.007596123,0.054485714,-0.007213167,-206216.8477
0.00615583,0.051153884,0.082449219,-214197.0362
0.004865966,0.047868193,0.169698881,-219777.0074
0.003726924,0.044650055,0.253715293,-222997.8696
0.002739052,0.041530941,0.333328262,-224043.6404
0.001902651,0.038558598,0.406991969,-223290.2106
0.001217975,0.035803224,0.473047968,-221192.964
0.000685233,0.033368769,0.529429609,-218313.6304
0.000304586,0.031405219,0.573405239,-215328.6139
7.62E-05,0.030103245,0.601724982,-212985.6276
0,0.029643285,0.611557039,-212284.5607
0.985147863,0.006803437,0.082776917,91099.24674
0.982962913,0.007618328,0.073180386,94202.42136
0.980630848,0.00848241,0.06269144,97518.56316
0.978152378,0.009394254,0.051478919,101055.1334
0.975528258,0.010352257,0.039337424,104626.9557
0.972759288,0.011354817,0.02641847,108607.8568
0.96984631,0.012400265,0.0127007,112531.2032
0.966790213,0.01348698,-0.001817239,116506.9614
0.963591927,0.014613193,-0.017071839,120727.1264
0.960252427,0.015777056,-0.0330707,124995.079
0.956772729,0.01697668,-0.04969207,129325.7498
0.953153894,0.01821015,-0.066959266,133582.5953
0.949397023,0.019475559,-0.084795604,137820.0189
0.945503262,0.020770968,-0.103239952,142129.614
0.941473796,0.02209433,-0.122131735,146886.1094
0.937309854,0.023443375,-0.141430629,151201.351
0.933012702,0.02481572,-0.161116787,155508.1063
0.92858365,0.026209101,-0.181133782,159907.2285
0.924024048,0.027621431,-0.2013823,164519.6806
0.919335284,0.029050632,-0.221830686,168753.1329
0.914518786,0.0304945,-0.242522349,173096.9742
0.909576022,0.031950605,-0.263328339,177767.7867
0.904508497,0.033416522,-0.284191121,182380.4501
0.899317755,0.034889814,-0.30505136,186856.1453
0.894005377,0.0363681,-0.325918604,191330.8656
0.888572981,0.037848998,-0.346673408,195875.8801
0.883022222,0.039330078,-0.367305149,200295.5514
0.87735479,0.040808938,-0.387809362,204527.3797
0.871572413,0.042283155,-0.408126339,209088.411
0.865676851,0.043750337,-0.428150911,213468.4754
0.8596699,0.04520811,-0.447923751,217685.8956
0.853553391,0.046654108,-0.467393565,222015.0028
0.847329185,0.048085985,-0.486552389,226741.1159
0.84099918,0.049501354,-0.505282661,231414.4812
0.834565303,0.05089783,-0.523529838,235651.3635
0.828029514,0.052273037,-0.541346274,239684.637
0.821393805,0.053624577,-0.558656955,243810.9542
0.814660196,0.05495007,-0.575322329,248031.3846
0.807830738,0.056247241,-0.591338251,252032.265
0.800907512,0.057513977,-0.606683105,255860.2294
0.793892626,0.058748199,-0.621355598,259785.1555
0.786788218,0.059947784,-0.635234978,263718.1684
0.779596452,0.061110449,-0.648164008,267267.8319
0.772319518,0.062233872,-0.660067389,270677.2826
0.764959632,0.063316008,-0.670939041,274308.7511
0.757519037,0.064355216,-0.680657891,277625.6711
0.75,0.065350049,-0.689307318,280776.1091
0.74240481,0.066298394,-0.696567395,283884.2154
0.734735781,0.067196883,-0.701902663,286325.9831
0.72699525,0.068041413,-0.704557272,288358.0324
0.719185573,0.068830681,-0.703948259,290065.3813
0.711309131,0.069568677,-0.700586076,290717.7103
0.703368322,0.070261615,-0.695391998,290420.7097
0.695365564,0.070916535,-0.689250369,289915.2156
0.687303297,0.071542766,-0.683515554,289187.671
0.679183975,0.072150952,-0.67958062,288279.4961
0.671010072,0.072749565,-0.678260584,288056.7975
0.662784077,0.073337466,-0.679180958,288521.7869
0.654508497,0.073910725,-0.681180114,289098.0583
0.646185852,0.074466176,-0.683551788,289756.5148
0.637818678,0.075003101,-0.686202904,290471.3599
0.629409523,0.075521971,-0.689296322,291134.3347
0.620960948,0.076022813,-0.692912076,291742.8561
0.612475527,0.07650503,-0.69695164,292296.1734
0.603955845,0.076967672,-0.70130833,292871.4854
0.595404498,0.077409917,-0.705906189,293716.5921
0.586824089,0.077831316,-0.710732154,294756.5393
0.578217233,0.078231606,-0.71577515,295663.5418
0.56958655,0.078610435,-0.721047269,296518.2125
0.560934672,0.078967229,-0.726554747,297645.2874
0.552264232,0.079301286,-0.732229694,298782.1135
0.543577871,0.079611988,-0.738032054,299437.9898
0.534878237,0.079898846,-0.744021923,300095.8724
0.526167978,0.080161455,-0.750152522,301220.9998
0.517449748,0.080399411,-0.756351744,302679.6768
0.508726203,0.080612271,-0.762629842,304029.7226
0.5,0.080799578,-0.769010951,305051.3719
0.491273797,0.08096091,-0.775466401,305863.7125
0.482550252,0.081095904,-0.782012089,306801.4495
0.473832022,0.081204247,-0.788704478,307862.2242
0.465121763,0.081285618,-0.795543991,308873.7385
0.456422129,0.081339652,-0.802478468,309895.976
0.447735768,0.081365962,-0.809508714,311125.16
0.439065328,0.081364203,-0.816596681,312439.1968
0.43041345,0.081334059,-0.823716488,313588.2549
0.421782767,0.081275265,-0.830896073,314571.7065
0.413175911,0.081187578,-0.838167592,315602.5875
0.404595502,0.081070747,-0.845484971,316760.462
0.396044155,0.08092452,-0.852753969,317865.5337
0.387524473,0.080748715,-0.860050022,318912.2611
0.379039052,0.080543196,-0.867461343,320041.9191
0.370590477,0.080307879,-0.874941851,321315.5074
0.362181322,0.080042713,-0.882426459,322581.8782
0.353814148,0.07974762,-0.889966767,323648.2923
0.345491503,0.07942249,-0.897596305,324588.8872
0.337215923,0.079067267,-0.905284833,325514.9499
0.328989928,0.078681915,-0.913027608,326491.8363
0.320816025,0.078266415,-0.920815172,327642.3199
0.312696703,0.077820797,-0.928622723,328895.3973
0.304634436,0.07734513,-0.936450799,329999.6634
0.296631678,0.076839499,-0.944324875,330938.1879
0.288690869,0.076304056,-0.952246484,331838.7004
0.280814427,0.075738941,-0.960248141,332886.2986
0.27300475,0.075144302,-0.968274696,333974.1191
0.265264219,0.074520356,-0.976328045,334932.4809
0.25759519,0.073867308,-0.984456037,335828.6708
0.25,0.073185377,-0.992644096,336737.2562
0.242480963,0.072474847,-1.000864675,337588.2086
0.235040368,0.071735996,-1.009143438,338412.9884
0.227680482,0.070969121,-1.017470128,339277.3002
0.220403548,0.070174594,-1.025826294,340118.0051
0.213211782,0.069352851,-1.034240622,340852.3855
0.206107374,0.068504356,-1.042765311,341552.1425
0.199092488,0.067629699,-1.051447239,342280.451
0.192169262,0.066729307,-1.060263993,343003.5668
0.185339804,0.065803499,-1.069165786,343652.525
0.178606195,0.064852701,-1.078137078,344202.723
0.171970486,0.063877442,-1.087178757,344680.7
0.165434697,0.062878344,-1.096336392,345167.5893
0.15900082,0.061856164,-1.105663232,345622.1986
0.152670815,0.060811596,-1.115164918,345920.4545
0.146446609,0.059745268,-1.124910191,346218.2404
0.1403301,0.058657939,-1.134980278,346615.8657
0.134323149,0.057550239,-1.145319361,346908.9362
0.128427587,0.056422648,-1.155853108,346942.1506
0.12264521,0.055275779,-1.166622172,346922.2543
0.116977778,0.05411037,-1.177614276,346912.9876
0.111427019,0.052927219,-1.188869177,346781.0265
0.105994623,0.051727307,-1.200574479,346544.7099
0.100682245,0.050511511,-1.212779953,346226.648
0.095491503,0.049280361,-1.225394848,345754.3073
0.090423978,0.048034653,-1.238467491,345123.1024
0.085481214,0.04677517,-1.25201907,344365.4955
0.080664716,0.045502559,-1.265969698,343381.7083
0.075975952,0.044217744,-1.280475568,342242.7088
0.07141635,0.042921712,-1.295588574,340884.4518
0.066987298,0.041615205,-1.311294383,339217.4791
0.062690146,0.040299348,-1.327970358,337337.437
0.058526204,0.038975128,-1.345694423,335179.1207
0.054496738,0.037642827,-1.364084024,332576.377
0.050602977,0.036303241,-1.383277157,329518.2669
0.046846106,0.034957296,-1.403338366,325975.1646
0.043227271,0.033605537,-1.423956927,321771.3861
0.039747573,0.032249167,-1.445763726,316898.8362
0.036408073,0.030889362,-1.469014993,311293.7764
0.033209787,0.029526226,-1.492809649,304626.9589
0.03015369,0.028160744,-1.517699202,296813.8839
0.027240712,0.026794081,-1.543909767,287690.3617
0.024471742,0.025426096,-1.569885708,276717.6519
0.021847622,0.024057919,-1.596453986,263785.8614
0.019369152,0.022690897,-1.623921402,248568.3763
0.017037087,0.021324469,-1.649226589,230152.9845
0.014852137,0.019959776,-1.673015537,208286.9816
0.012814968,0.018598632,-1.695562553,182497.4613
0.0109262,0.01724003,-1.711703212,151597.9029
0.009186408,0.015885554,-1.721084804,115665.4614
0.007596123,0.014537675,-1.726289529,73721.15319
0.00615583,0.013194366,-1.712009125,22267.52958
0.004865966,0.011856764,-1.679457286,-39741.04394
0.003726924,0.010528779,-1.625543498,-109757.2515
0.002739052,0.009208603,-1.540606825,-180029.3618
0.001902651,0.007897818,-1.412292571,-247219.9215
0.001217975,0.006604606,-1.240160252,-306205.886
0.000685233,0.005342952,-1.025253437,-357915.0983
0.000304586,0.004135979,-0.788574775,-382736.2244
7.62E-05,0.002969743,-0.532661301,-376472.6884
0,0.002552998,-0.437625047,-366033.3014
0.985147863,0.009918043,0.186793309,19781.31002
0.982962913,0.011009895,0.182325293,23862.05706
0.980630848,0.012168004,0.177204098,27490.68673
0.978152378,0.013390428,0.171458463,30950.72642
0.975528258,0.014675181,0.164995926,34384.52397
0.972759288,0.016020203,0.157725304,37930.95765
0.96984631,0.017423402,0.14954982,41573.43194
0.966790213,0.018882624,0.140411313,45453.59168
0.963591927,0.020395719,0.130291239,49640.40713
0.960252427,0.021960452,0.119220846,54104.48164
0.956772729,0.023574652,0.107109803,58652.70603
0.953153894,0.025235877,0.093967485,63626.55647
0.949397023,0.026941584,0.079829955,68662.46611
0.945503262,0.028689169,0.064647262,74029.4392
0.941473796,0.030476061,0.048457434,79454.84685
0.937309854,0.032299656,0.031247267,84660.51071
0.933012702,0.034157408,0.013046453,90029.24087
0.92858365,0.036046561,-0.006084863,95312.24978
0.924024048,0.03796434,-0.026208045,100539.4582
0.919335284,0.039907902,-0.047162183,106104.3503
0.914518786,0.041874538,-0.068834244,111657.0394
0.909576022,0.043861589,-0.091222047,117231.5325
0.904508497,0.045866362,-0.114229166,122848.2109
0.899317755,0.047885885,-0.137773503,128313.48
0.894005377,0.049917134,-0.161762977,134015.5151
0.888572981,0.051957062,-0.186027121,139576.8143
0.883022222,0.054002951,-0.210585703,145093.0963
0.87735479,0.056052272,-0.235313337,150858.3191
0.871572413,0.058102478,-0.260181329,156593.3926
0.865676851,0.060150649,-0.285074,162284.484
0.8596699,0.062193679,-0.309916388,168029.7667
0.853553391,0.064228501,-0.334621354,173692.5492
0.847329185,0.066252413,-0.359139865,179188.8083
0.84099918,0.068262951,-0.383416204,184755.1394
0.834565303,0.070257663,-0.407411242,190307.5099
0.828029514,0.072233849,-0.431106225,195982.3101
0.821393805,0.07418863,-0.454287094,201604.4306
0.814660196,0.076119184,-0.476986476,206891.2741
0.807830738,0.078022949,-0.499139571,212113.4425
0.800907512,0.079897644,-0.52071153,217501.028
0.793892626,0.081740979,-0.541669171,222795.3946
0.786788218,0.083550444,-0.561837245,227556.6406
0.779596452,0.085323201,-0.58120098,232591.0086
0.772319518,0.087056475,-0.599526017,238011.3562
0.764959632,0.088748116,-0.616631344,242681.4128
0.757519037,0.090396881,-0.632740423,246777.3472
0.75,0.09200167,-0.647985504,251190.4568
0.74240481,0.093559652,-0.662025579,255990.4868
0.734735781,0.095065323,-0.673657224,260085.3812
0.72699525,0.096512247,-0.681550825,263029.6354
0.719185573,0.097900098,-0.685738787,265345.7527
0.711309131,0.099238577,-0.687689259,266748.1455
0.703368322,0.100541557,-0.689391987,267307.8924
0.695365564,0.101819744,-0.69212844,267993.5667
0.687303297,0.103078553,-0.69628192,269072.8139
0.679183975,0.104320808,-0.702084205,269946.8466
0.671010072,0.105548896,-0.709643099,270772.6115
0.662784077,0.106760728,-0.718524029,272148.5528
0.654508497,0.107952918,-0.728078957,273949.5801
0.646185852,0.109122669,-0.737895394,275790.1001
0.637818678,0.110268787,-0.747964291,277585.2334
0.629409523,0.111391038,-0.758417255,279348.0494
0.620960948,0.112488903,-0.769276753,281048.132
0.612475527,0.113561361,-0.780515377,282938.8534
0.603955845,0.114607165,-0.792000505,284998.8188
0.595404498,0.115625121,-0.803681392,286954.2982
0.586824089,0.116614214,-0.815599577,288811.6092
0.578217233,0.117573549,-0.827795873,290884.3177
0.56958655,0.11850224,-0.840223556,293258.046
0.560934672,0.119399382,-0.852771939,295460.8611
0.552264232,0.120264094,-0.865492258,297404.9555
0.543577871,0.121095461,-0.878453483,299276.6537
0.534878237,0.121892436,-0.891641624,301322.1803
0.526167978,0.122653869,-0.904977604,303680.9786
0.517449748,0.123378669,-0.918387283,306196.2995
0.508726203,0.124066007,-0.931821037,308328.7016
0.5,0.12471522,-0.945393265,310290.6797
0.491273797,0.125325653,-0.959180142,312468.9729
0.482550252,0.125896519,-0.973128335,314825.9177
0.473832022,0.126426877,-0.987187359,317111.5829
0.465121763,0.126915881,-1.00132877,319247.4331
0.456422129,0.127362677,-1.015568594,321408.5893
0.447735768,0.127766421,-1.029892352,323663.6349
0.439065328,0.128126321,-1.044257429,325918.8178
0.43041345,0.128441637,-1.05866259,328222.6649
0.421782767,0.128711715,-1.073032955,330541.5612
0.413175911,0.128935947,-1.087386435,332741.9966
0.404595502,0.129113708,-1.101827961,334824.8859
0.396044155,0.129244356,-1.116412661,336970.5943
0.387524473,0.129327293,-1.131042486,339246.2871
0.379039052,0.12936198,-1.145638483,341443.2237
0.370590477,0.129347911,-1.160199382,343396.1594
0.362181322,0.129284633,-1.174776731,345342.7427
0.353814148,0.129171705,-1.189376666,347550.131
0.345491503,0.129008607,-1.203894553,349589.868
0.337215923,0.128794928,-1.218317777,351405.9561
0.328989928,0.128530298,-1.232606283,353255.252
0.320816025,0.128214366,-1.246735112,355167.0563
0.312696703,0.127846853,-1.26074629,356928.8404
0.304634436,0.127427564,-1.274689858,358528.1256
0.296631678,0.126956254,-1.288538079,360042.024
0.288690869,0.126432786,-1.302248675,361633.0883
0.280814427,0.125857075,-1.315734898,363141.3893
0.27300475,0.125229031,-1.328982087,364399.2727
0.265264219,0.124548613,-1.342069186,365608.1726
0.25759519,0.123815867,-1.354960226,366904.2826
0.25,0.123030809,-1.367550792,367950.9626
0.242480963,0.122193572,-1.379864112,368815.3811
0.235040368,0.121304331,-1.391894933,369612.6414
0.227680482,0.120363255,-1.403595268,370189.5355
0.220403548,0.119370599,-1.41496338,370491.7596
0.213211782,0.118326714,-1.425988531,370726.7698
0.206107374,0.117231926,-1.436573701,370812.7469
0.199092488,0.11608666,-1.446752212,370692.6226
0.192169262,0.114891437,-1.456562736,370368.4335
0.185339804,0.113646589,-1.465891272,369819.5665
0.178606195,0.112352487,-1.474648753,369032.0356
0.171970486,0.111009678,-1.482798176,367918.6119
0.165434697,0.109618776,-1.4903256,366502.6351
0.15900082,0.108180527,-1.497291041,364928.651
0.152670815,0.106695791,-1.503694404,363124.7773
0.146446609,0.105165213,-1.509379345,360879.4587
0.1403301,0.10358938,-1.514284135,358168.8547
0.134323149,0.101969161,-1.518397255,355210.0025
0.128427587,0.100305394,-1.521606245,351982.1969
0.12264521,0.09859905,-1.523944838,348223.0294
0.116977778,0.096851335,-1.525509513,343988.7886
0.111427019,0.09506313,-1.526154142,339400.3718
0.105994623,0.093235195,-1.525692659,334284.3001
0.100682245,0.091368619,-1.524143001,328577.1221
0.095491503,0.089464382,-1.521348214,322308.0065
0.090423978,0.087523423,-1.517188426,315476.9993
0.085481214,0.085547034,-1.511688632,307967.8282
0.080664716,0.083536384,-1.504672896,299762.5101
0.075975952,0.081492464,-1.496007437,290849.4276
0.07141635,0.079416739,-1.485795337,281172.4601
0.066987298,0.077310385,-1.473778975,270645.5999
0.062690146,0.075174252,-1.459639755,259229.6567
0.058526204,0.073009744,-1.443397396,246851.0389
0.054496738,0.070818104,-1.42478561,233454.2686
0.050602977,0.06860018,-1.403355547,218953.2865
0.046846106,0.066357538,-1.37918019,203350.578
0.043227271,0.064091537,-1.35199486,186560.4711
0.039747573,0.061803107,-1.321222519,168494.7001
0.036408073,0.059493894,-1.287046904,149196.7541
0.033209787,0.057165396,-1.249177668,128595.8125
0.03015369,0.054818273,-1.206696645,106565.8116
0.027240712,0.052454034,-1.159643148,83222.07065
0.024471742,0.050074258,-1.107779797,58578.43459
0.021847622,0.047679634,-1.050098719,32607.52343
0.019369152,0.045271737,-0.986619585,5558.822302
0.017037087,0.042852514,-0.917440204,-22371.18892
0.014852137,0.040422862,-0.841505469,-51047.43381
0.012814968,0.037984592,-0.759110045,-80002.73489
0.0109262,0.035540113,-0.670336935,-108702.4119
0.009186408,0.033090738,-0.574757551,-136505.5865
0.007596123,0.030638476,-0.472437613,-162620.0844
0.00615583,0.028186645,-0.36437504,-186828.9513
0.004865966,0.025739353,-0.251268275,-209626.3977
0.003726924,0.023302043,-0.134545524,-231374.526
0.002739052,0.020883171,-0.015953132,-250329.8933
0.001902651,0.018497946,0.102013089,-262603.1758
0.001217975,0.016171529,0.217411774,-268918.8827
0.000685233,0.013950912,0.326836775,-268706.8943
0.000304586,0.011944359,0.423157006,-262971.193
7.62E-05,0.010399412,0.494723032,-255614.1605
0,0.00977697,0.52283082,-252460.0179
0.985147863,0.013220602,0.218840968,-7915.712077
0.982962913,0.014603656,0.218138394,-25501.98924
0.980630848,0.016070284,0.218340822,-19529.38155
0.978152378,0.017618022,0.218476625,-14286.06577
0.975528258,0.019244372,0.219532825,-9825.913507
0.972759288,0.020946871,0.219039674,-6747.450672
0.96984631,0.022723064,0.218177837,-4400.298577
0.966790213,0.024570379,0.216545286,973.7965168
0.963591927,0.026485955,0.214204041,2358.547391
0.960252427,0.028466782,0.211572638,4260.708801
0.956772729,0.030509949,0.208521788,6310.027486
0.953153894,0.032612455,0.204910678,8433.539916
0.949397023,0.034771473,0.200608121,10714.5161
0.945503262,0.036984033,0.195569414,13237.04092
0.941473796,0.039246899,0.189748527,16064.55318
0.937309854,0.041556874,0.18309741,19232.88921
0.933012702,0.04391064,0.175488788,22764.89043
0.92858365,0.046304968,0.166791294,26651.60925
0.924024048,0.048736674,0.156835426,30865.36453
0.919335284,0.051202453,0.145467709,35495.78583
0.914518786,0.053698969,0.132588619,40619.1521
0.909576022,0.056222799,0.118085091,46108.65971
0.904508497,0.058770571,0.101887511,52028.17627
0.899317755,0.061338948,0.083970668,58355.45224
0.894005377,0.06392462,0.064351628,64998.85747
0.888572981,0.066524329,0.043019132,71908.90309
0.883022222,0.069134913,0.020064286,79150.03657
0.87735479,0.071753232,-0.004405921,86677.24933
0.871572413,0.074376134,-0.030375119,94515.79164
0.865676851,0.077000233,-0.057794137,102267.3844
0.8596699,0.079622088,-0.086353738,109832.0889
0.853553391,0.082238423,-0.115647188,117223.2466
0.847329185,0.08484625,-0.145445841,124092.124
0.84099918,0.087442668,-0.175742367,130860.1136
0.834565303,0.090024806,-0.206391607,137912.5374
0.828029514,0.092589564,-0.237129824,145064.0915
0.821393805,0.095133799,-0.267803024,152086.6104
0.814660196,0.097654485,-0.298253987,158847.8597
0.807830738,0.100148789,-0.32838809,165468.1805
0.800907512,0.102614006,-0.358075795,172173.6466
0.793892626,0.105047438,-0.387178721,178804.4128
0.786788218,0.107446208,-0.415556689,185323.8895
0.779596452,0.109807299,-0.443035759,191899.0782
0.772319518,0.112127978,-0.469389135,198390.6682
0.764959632,0.114406398,-0.494555018,204576.2302
0.757519037,0.116641743,-0.518768277,210471.2139
0.75,0.118832887,-0.542132994,216260.6858
0.74240481,0.120975629,-0.564086839,222057.5185
0.734735781,0.123061219,-0.58301011,227497.5196
0.72699525,0.125080636,-0.597071355,231945.809
0.719185573,0.127035828,-0.606503215,234903.5518
0.711309131,0.128945831,-0.61426889,236568.789
0.703368322,0.130835839,-0.623752908,237906.3449
0.695365564,0.1327216,-0.636421044,239638.8467
0.687303297,0.134603428,-0.65177557,241795.3527
0.679183975,0.136473096,-0.66879495,244199.2794
0.671010072,0.138324367,-0.68680753,246808.5119
0.662784077,0.140153686,-0.705332416,249604.5834
0.654508497,0.141958203,-0.724134146,252711.3679
0.646185852,0.143735543,-0.743137342,256122.1865
0.637818678,0.14548415,-0.762306754,259534.21
0.629409523,0.147203077,-0.781673398,262704.8738
0.620960948,0.14889124,-0.801393646,265905.0129
0.612475527,0.150547119,-0.821455255,269280.4948
0.603955845,0.152169085,-0.841712308,272589.806
0.595404498,0.153755579,-0.862142884,275850.2673
0.586824089,0.155305224,-0.882833878,279282.2196
0.578217233,0.156816853,-0.903783842,282725.6671
0.56958655,0.158289296,-0.925019779,286092.3952
0.560934672,0.159721109,-0.946544286,289465.2774
0.552264232,0.161110733,-0.968299094,292881.4347
0.543577871,0.162456673,-0.990221707,296365.1348
0.534878237,0.163757558,-1.012339049,300090.8286
0.526167978,0.16501217,-1.034676711,303747.2745
0.517449748,0.166219299,-1.057279771,307383.0249
0.508726203,0.16737761,-1.080127556,311229.0271
0.5,0.168485641,-1.103101206,315138.7558
0.491273797,0.16954199,-1.12618336,318762.4394
0.482550252,0.170545419,-1.149436347,322363.5028
0.473832022,0.171494885,-1.172897222,326156.7536
0.465121763,0.172389407,-1.196560089,329914.8801
0.456422129,0.173227782,-1.22046011,333523.8777
0.447735768,0.174008579,-1.244531939,337180.0538
0.439065328,0.17473039,-1.268642288,340961.0088
0.43041345,0.175392027,-1.292710527,344717.1043
0.421782767,0.175992593,-1.316821511,348359.4385
0.413175911,0.176531308,-1.341069714,352025.4501
0.404595502,0.177007224,-1.365378992,355728.1439
0.396044155,0.177419228,-1.389631755,359382.0004
0.387524473,0.177766228,-1.413895001,363043.9465
0.379039052,0.178047214,-1.438217142,366757.662
0.370590477,0.178261292,-1.462522486,370327.6865
0.362181322,0.178407675,-1.48672778,373631.3868
0.353814148,0.17848562,-1.510850068,376894.2075
0.345491503,0.178494287,-1.53482138,380137.9373
0.337215923,0.178432924,-1.558564304,383249.1466
0.328989928,0.178300872,-1.58204255,386236.1105
0.320816025,0.178097532,-1.605264818,389231.123
0.312696703,0.177822442,-1.628228423,392060.3937
0.304634436,0.177475165,-1.650791715,394693.5153
0.296631678,0.177055171,-1.672821636,397145.7578
0.288690869,0.176561901,-1.694307947,399345.5676
0.280814427,0.175994969,-1.715315955,401210.385
0.27300475,0.17535406,-1.735792589,402914.7181
0.265264219,0.17463903,-1.755669528,404544.5207
0.25759519,0.173849813,-1.774873009,405953.9401
0.25,0.172986267,-1.793302779,406961.3703
0.242480963,0.172048222,-1.810906869,407713.9806
0.235040368,0.171035686,-1.827599772,408142.1553
0.227680482,0.169948697,-1.843286593,408130.9258
0.220403548,0.168787337,-1.857909317,407720.977
0.213211782,0.167551852,-1.871423451,407028.7131
0.206107374,0.166242479,-1.883688126,405990.1202
0.199092488,0.164859492,-1.894657641,404535.0876
0.192169262,0.163403298,-1.904307068,402526.4551
0.185339804,0.161874313,-1.912475149,399875.1866
0.178606195,0.160272895,-1.918923392,396653.7452
0.171970486,0.158599572,-1.923609964,392921.9218
0.165434697,0.156855006,-1.926519119,388629.5121
0.15900082,0.155039875,-1.927510197,383662.1332
0.152670815,0.153155064,-1.926506029,378032.6985
0.146446609,0.151201495,-1.923493121,371814.3185
0.1403301,0.14917994,-1.918397232,364964.1852
0.134323149,0.147091286,-1.911113401,357354.416
0.128427587,0.144936604,-1.901522957,348916.9612
0.12264521,0.142716733,-1.889441631,339680.9539
0.116977778,0.140432676,-1.874792232,329679.0735
0.111427019,0.138085643,-1.857499483,318892.9558
0.105994623,0.135676772,-1.837453363,307285.3488
0.100682245,0.133207377,-1.814662439,294823.6438
0.095491503,0.130678905,-1.789125194,281487.2063
0.090423978,0.128092546,-1.760641176,267289.0545
0.085481214,0.125449462,-1.729028449,252243.0879
0.080664716,0.122751092,-1.694231284,236327.9044
0.075975952,0.119998883,-1.656145304,219537.5844
0.07141635,0.117194362,-1.61477962,201925.2535
0.066987298,0.114339321,-1.570245971,183547.753
0.062690146,0.111435318,-1.522390105,164363.2955
0.058526204,0.108483739,-1.471080582,144382.4609
0.054496738,0.105486347,-1.416390528,123739.7125
0.050602977,0.102444738,-1.358173966,102447.765
0.046846106,0.099360366,-1.296306467,80549.37451
0.043227271,0.096235055,-1.230888574,58200.07585
0.039747573,0.093070648,-1.161908403,35480.342
0.036408073,0.08986891,-1.089393857,12515.04307
0.033209787,0.086631978,-1.013603444,-10520.95903
0.03015369,0.083361888,-0.934564632,-33512.70252
0.027240712,0.080060363,-0.852201617,-56290.65646
0.024471742,0.076729399,-0.766766937,-78651.4271
0.021847622,0.073371233,-0.678653464,-100383.942
0.019369152,0.069988139,-0.587837792,-121260.4703
0.017037087,0.066582655,-0.494696794,-141010.3468
0.014852137,0.063157724,-0.399679606,-159371.2897
0.012814968,0.059716754,-0.303268985,-176096.2257
0.0109262,0.056263514,-0.205965884,-190957.3012
0.009186408,0.052802544,-0.108362984,-203738.371
0.007596123,0.0493401,-0.011248157,-214223.7569
0.00615583,0.045883759,0.08464696,-222306.9387
0.004865966,0.042443372,0.178631012,-228019.2431
0.003726924,0.039034613,0.269528841,-231334.5302
0.002739052,0.035680343,0.356248651,-232339.8113
0.001902651,0.032414879,0.437646923,-230553.2547
0.001217975,0.029297356,0.512066204,-225793.5358
0.000685233,0.026430966,0.57722844,-219133.6463
0.000304586,0.023994079,0.629996477,-211763.8891
7.62E-05,0.022277599,0.665644108,-205712.9584
0,0.021643264,0.678484151,-203491.6818
0.985147863,0.005382805,0.123646178,122140.3327
0.982962913,0.006007171,0.116514622,124618.0449
0.980630848,0.006671504,0.108999001,127047.9331
0.978152378,0.007375182,0.10108083,129280.4228
0.975528258,0.008117433,0.092760121,131502.3639
0.972759288,0.008897506,0.08412958,133755.9362
0.96984631,0.009714691,0.075123729,135756.1073
0.966790213,0.01056827,0.065812706,137811.8163
0.963591927,0.011457465,0.056141733,139971.6267
0.960252427,0.012381524,0.046193924,142114.5292
0.956772729,0.013339616,0.035950071,143955.8084
0.953153894,0.014330944,0.025401061,145949.2085
0.949397023,0.015354611,0.014591594,148175.6888
0.945503262,0.016409695,0.003530636,150100.7593
0.941473796,0.017495262,-0.007751731,152468.6564
0.937309854,0.018610268,-0.019179551,154534.3191
0.933012702,0.019753651,-0.030867743,156577.0409
0.92858365,0.020924393,-0.04267444,158965.1972
0.924024048,0.022121635,-0.054681552,161192.7673
0.919335284,0.023344557,-0.06680943,163382.6734
0.914518786,0.024592161,-0.07909565,165631.6086
0.909576022,0.025863182,-0.091566614,168151.3716
0.904508497,0.02715627,-0.104093233,170961.536
0.899317755,0.028470227,-0.11659307,173360.697
0.894005377,0.029804178,-0.129234838,175343.3707
0.888572981,0.031157263,-0.142044181,177937.4129
0.883022222,0.032528467,-0.154833791,180731.273
0.87735479,0.033916521,-0.167680211,183418.3564
0.871572413,0.035320088,-0.180534121,185610.184
0.865676851,0.036737952,-0.193511513,187950.6429
0.8596699,0.038169079,-0.206482281,190740.7463
0.853553391,0.039612506,-0.219396362,193137.1329
0.847329185,0.041067144,-0.232419095,195293.7441
0.84099918,0.042531776,-0.245536051,197893.3489
0.834565303,0.044005182,-0.258647244,200892.5692
0.828029514,0.045486142,-0.271705815,203514.6856
0.821393805,0.046973496,-0.284814116,205675.2276
0.814660196,0.048466106,-0.297938425,207900.0487
0.807830738,0.049962818,-0.311089494,210299.2212
0.800907512,0.051462555,-0.324237444,212752.9446
0.793892626,0.052964218,-0.337379228,215292.3951
0.786788218,0.054466675,-0.350563066,217707.1919
0.779596452,0.055968711,-0.363709425,219801.7159
0.772319518,0.057469101,-0.376888737,222194.4958
0.764959632,0.058966755,-0.390080054,224759.6037
0.757519037,0.060460712,-0.403271784,227017.3748
0.75,0.061950025,-0.416514099,229199.4789
0.74240481,0.063433645,-0.429785362,231476.5562
0.734735781,0.064910347,-0.443076291,233801.0595
0.72699525,0.066378888,-0.456397105,236109.5525
0.719185573,0.06783814,-0.469737965,238511.4405
0.711309131,0.069287125,-0.483040428,240954.2248
0.703368322,0.070724893,-0.496352665,243076.4347
0.695365564,0.072150449,-0.509750715,245075.4705
0.687303297,0.073562746,-0.523204743,247290.0765
0.679183975,0.074960753,-0.53671689,249631.011
0.671010072,0.076343444,-0.550227166,251996.2644
0.662784077,0.077709812,-0.563766654,254526.5356
0.654508497,0.079058872,-0.577301753,256935.5354
0.646185852,0.080389689,-0.590846305,259003.534
0.637818678,0.081701401,-0.604535107,261207.6719
0.629409523,0.082993171,-0.618350841,263787.4177
0.620960948,0.0842641,-0.632096123,266053.3917
0.612475527,0.085513164,-0.645892324,268130.0174
0.603955845,0.086739325,-0.659852937,270458.3341
0.595404498,0.087941722,-0.673847631,272734.3591
0.586824089,0.089119619,-0.687857055,274952.923
0.578217233,0.09027234,-0.701961157,277411.246
0.56958655,0.091399152,-0.716168981,279959.0018
0.560934672,0.092499153,-0.730502787,282255.1361
0.552264232,0.093571481,-0.744962292,284482.3895
0.543577871,0.094615325,-0.759458567,286577.9471
0.534878237,0.095629963,-0.774038164,288665.9766
0.526167978,0.09661473,-0.788762709,290947.0969
0.517449748,0.097568975,-0.803621618,293345.4483
0.508726203,0.098492076,-0.818650522,295673.5666
0.5,0.099383446,-0.833842349,298105.5092
0.491273797,0.100242463,-0.84922087,300626.9257
0.482550252,0.101068433,-0.864784475,303068.3721
0.473832022,0.101860668,-0.8805012,305344.514
0.465121763,0.10261859,-0.896373771,307520.8273
0.456422129,0.10334176,-0.9124818,309689.2423
0.447735768,0.10402982,-0.928907854,311986.6108
0.439065328,0.10468236,-0.94566027,314412.6854
0.43041345,0.105298902,-0.962723872,316904.7626
0.421782767,0.105878966,-0.980134457,319419.213
0.413175911,0.106422129,-0.997972945,321861.8539
0.404595502,0.10692803,-1.016274792,324051.4044
0.396044155,0.107396331,-1.035068849,326243.0024
0.387524473,0.107826814,-1.05443957,328691.4769
0.379039052,0.108219387,-1.074566066,331321.957
0.370590477,0.108574013,-1.095665682,333906.933
0.362181322,0.108890397,-1.117826504,336423.1841
0.353814148,0.109167367,-1.140848387,338929.4994
0.345491503,0.109403342,-1.164434179,341396.7518
0.337215923,0.109598812,-1.189107765,343991.7014
0.328989928,0.109757202,-1.217165707,347140.8642
0.320816025,0.109883524,-1.251613284,351393.8148
0.312696703,0.10997779,-1.293257104,357100.2679
0.304634436,0.110024633,-1.339352544,363837.299
0.296631678,0.110005504,-1.385677317,370760.1813
0.288690869,0.109905429,-1.42909911,377238.9649
0.280814427,0.109716441,-1.46804798,382920.0805
0.27300475,0.109433915,-1.501515733,387610.1286
0.265264219,0.109054232,-1.528761084,391232.0415
0.25759519,0.108578369,-1.550254932,393895.2005
0.25,0.108010147,-1.567696517,395936.5038
0.242480963,0.107353244,-1.582406144,397449.9834
0.235040368,0.106610153,-1.594585498,398389.0177
0.227680482,0.105782684,-1.604068272,398678.0004
0.220403548,0.104872595,-1.610910063,398424.6192
0.213211782,0.103882044,-1.615387417,397750.2446
0.206107374,0.102813544,-1.617626815,396599.1699
0.199092488,0.101669723,-1.617633285,394950.0023
0.192169262,0.100453189,-1.615568717,392799.0821
0.185339804,0.099166434,-1.61157713,390089.0667
0.178606195,0.097812005,-1.605766603,387040.7063
0.171970486,0.096392511,-1.598218652,383675.4967
0.165434697,0.094910563,-1.588950496,379839.4362
0.15900082,0.093368811,-1.578086452,375742.3154
0.152670815,0.091770003,-1.565685478,371303.1294
0.146446609,0.090116929,-1.551795607,366348.6774
0.1403301,0.088412449,-1.536581798,361058.0738
0.134323149,0.086659507,-1.520166393,355554.0441
0.128427587,0.084860953,-1.50258158,349830.3077
0.12264521,0.083019562,-1.483825531,343728.5699
0.116977778,0.081138252,-1.46401504,337243.6475
0.111427019,0.079219926,-1.443207267,330533.3956
0.105994623,0.077267468,-1.421404308,323605.2246
0.100682245,0.075283897,-1.398731264,316395.8565
0.095491503,0.073272235,-1.375271311,308946.5247
0.090423978,0.071235325,-1.350985755,301212.6091
0.085481214,0.069176152,-1.326005635,293196.3655
0.080664716,0.067097762,-1.300422106,284948.3251
0.075975952,0.06500293,-1.274107372,276448.7235
0.07141635,0.062894544,-1.24709829,267634.9875
0.066987298,0.060775667,-1.219554377,258589.4602
0.062690146,0.05864912,-1.19134185,249222.6701
0.058526204,0.056517799,-1.162528297,239538.792
0.054496738,0.054384891,-1.133393521,229579.9667
0.050602977,0.052253078,-1.103730128,219240.4741
0.046846106,0.050124908,-1.073330216,208484.0418
0.043227271,0.048003427,-1.042490695,197318.0682
0.039747573,0.045891297,-1.011033045,185704.7159
0.036408073,0.043790888,-0.978554426,173520.3286
0.033209787,0.041705276,-0.945457292,160776.5798
0.03015369,0.039637262,-0.911720177,147429.1711
0.027240712,0.037588955,-0.876508408,133285.4996
0.024471742,0.035563435,-0.840456402,118411.0277
0.021847622,0.033563725,-0.803579954,102673.7091
0.019369152,0.031591362,-0.764560659,85753.6765
0.017037087,0.029649189,-0.723431083,67747.86859
0.014852137,0.0277408,-0.681120369,48584.56691
0.012814968,0.025867654,-0.635250927,27857.15797
0.0109262,0.024032876,-0.585691105,5756.030559
0.009186408,0.022241515,-0.534825129,-17590.97119
0.007596123,0.020495369,-0.478355508,-43152.88374
0.00615583,0.018797912,-0.415513338,-71616.65054
0.004865966,0.017157119,-0.349211436,-102527.6099
0.003726924,0.015578891,-0.276668666,-134958.8754
0.002739052,0.014070737,-0.195639601,-165880.2388
0.001902651,0.012650065,-0.111753542,-188675.0544
0.001217975,0.011342298,-0.025624614,-206943.3497
0.000685233,0.010180829,0.062340331,-221400.4314
0.000304586,0.009227125,0.143733673,-231066.4349
7.62E-05,0.008578025,0.204533553,-235967.4897
0,0.008343983,0.227657117,-238684.0778
0.985147863,0.00835974,0.232415974,43096.94025
0.982962913,0.009251708,0.22950969,46307.15382
0.980630848,0.010200671,0.225994733,49480.11523
0.978152378,0.011205621,0.221924493,52878.73587
0.975528258,0.012265454,0.217235389,56368.65831
0.972759288,0.013379099,0.212005723,59946.49259
0.96984631,0.014545682,0.206127358,63505.92113
0.966790213,0.015764306,0.199706563,66919.80975
0.963591927,0.017033928,0.192703333,70249.18716
0.960252427,0.018353197,0.185200163,73457.17644
0.956772729,0.019720715,0.17704971,76575.26269
0.953153894,0.021135179,0.168358584,79742.01978
0.949397023,0.022595578,0.159065408,82982.72106
0.945503262,0.024100857,0.149211339,86218.28351
0.941473796,0.025649697,0.138737017,89496.6238
0.937309854,0.027240491,0.127704639,92694.19536
0.933012702,0.028871597,0.116118676,95966.78323
0.92858365,0.030541533,0.103982649,99429.91239
0.924024048,0.032249094,0.091370523,102739.1144
0.919335284,0.033993078,0.078201663,106032.9684
0.914518786,0.035772043,0.064534366,109361.4593
0.909576022,0.03758437,0.050427707,112556.657
0.904508497,0.039428375,0.035827817,115840.9745
0.899317755,0.041302582,0.020812255,119211.5659
0.894005377,0.043205502,0.00541713,122677.3089
0.888572981,0.045135708,-0.010341478,126131.3133
0.883022222,0.047091661,-0.026438594,129346.8374
0.87735479,0.049071732,-0.042905903,132667.1441
0.871572413,0.051074286,-0.059629758,136212.4135
0.865676851,0.053097834,-0.076618239,139836.5868
0.8596699,0.055140922,-0.093803979,143205.64
0.853553391,0.05720209,-0.11128096,146525.2321
0.847329185,0.05927972,-0.128944486,150121.0782
0.84099918,0.061372057,-0.146754042,153681.0788
0.834565303,0.063477388,-0.16470454,156980.0501
0.828029514,0.065594184,-0.182782549,160039.8452
0.821393805,0.067721027,-0.201038991,163289.2691
0.814660196,0.069856507,-0.219423885,166839.7916
0.807830738,0.071998983,-0.23790552,170410.5934
0.800907512,0.074146728,-0.25646143,173847.3823
0.793892626,0.076298023,-0.275066793,177245.5093
0.786788218,0.078451413,-0.293739191,180605.9256
0.779596452,0.080605554,-0.312483174,183906.1619
0.772319518,0.082759109,-0.331365024,187040.0967
0.764959632,0.08491053,-0.350386833,190236.0369
0.757519037,0.087058165,-0.369468197,193765.864
0.75,0.089200392,-0.388563802,197342.8809
0.74240481,0.091335629,-0.40770424,200640.4804
0.734735781,0.093462347,-0.426943142,203868.325
0.72699525,0.095579043,-0.446270157,207212.5476
0.719185573,0.097684316,-0.465647667,210516.5173
0.711309131,0.099776882,-0.485099931,213782.29
0.703368322,0.101855406,-0.504661004,217170.8114
0.695365564,0.103918375,-0.52432573,220637.7607
0.687303297,0.105964148,-0.544096589,224079.7444
0.679183975,0.107991175,-0.563888888,227310.4752
0.671010072,0.109998081,-0.583781153,230468.5856
0.662784077,0.111983624,-0.603815422,233812.0201
0.654508497,0.113946547,-0.623954577,237239.8104
0.646185852,0.115885451,-0.644212129,240644.8895
0.637818678,0.117798819,-0.664578301,244003.3052
0.629409523,0.119685167,-0.684993278,247224.2651
0.620960948,0.121543191,-0.705547284,250449.3209
0.612475527,0.123371684,-0.726304883,253889.5555
0.603955845,0.125169489,-0.747244439,257519.4455
0.595404498,0.126935266,-0.768288156,261168.8589
0.586824089,0.128667601,-0.789404275,264690.6919
0.578217233,0.130365138,-0.810643263,268041.9311
0.56958655,0.132026583,-0.832059697,271273.8897
0.560934672,0.133650836,-0.853646564,274524.2218
0.552264232,0.135236778,-0.875432423,278136.7567
0.543577871,0.136783242,-0.897396241,281978.8137
0.534878237,0.13828905,-0.919516746,285642.2233
0.526167978,0.139753039,-0.941836249,289067.6476
0.517449748,0.141174085,-0.964366742,292510.3467
0.508726203,0.142551106,-0.987086275,295964.0138
0.5,0.14388306,-1.010049003,299496.8207
0.491273797,0.145168871,-1.033289596,303206.6926
0.482550252,0.14640741,-1.056749435,306997.5195
0.473832022,0.147597575,-1.080384598,310625.7947
0.465121763,0.148738377,-1.104228508,314117.4125
0.456422129,0.149828933,-1.128346135,317698.994
0.447735768,0.150868399,-1.15277229,321440.5874
0.439065328,0.151855946,-1.177509888,325160.577
0.43041345,0.152790813,-1.202596146,328797.5188
0.421782767,0.153672299,-1.228093676,332483.5461
0.413175911,0.154499568,-1.254068733,336237.8896
0.404595502,0.155271641,-1.280499316,339918.8761
0.396044155,0.155987588,-1.307291302,343419.0219
0.387524473,0.156646792,-1.334511344,346896.7018
0.379039052,0.157249042,-1.362464551,350663.6066
0.370590477,0.157794298,-1.391412992,354569.8559
0.362181322,0.158281935,-1.421382315,358273.1734
0.353814148,0.158710239,-1.452095626,361835.8539
0.345491503,0.159077235,-1.48313884,365623.1295
0.337215923,0.159383016,-1.515041902,369483.1971
0.328989928,0.159630377,-1.550313547,373562.8467
0.320816025,0.159823569,-1.591869483,378536.7184
0.312696703,0.159962099,-1.64029729,384918.7061
0.304634436,0.160032651,-1.692668769,392229.2591
0.296631678,0.160019343,-1.744778272,399640.9944
0.288690869,0.159909738,-1.793560953,406508.2046
0.280814427,0.159697397,-1.837576062,412547.1963
0.27300475,0.159379504,-1.876142416,417671.7739
0.265264219,0.158953208,-1.908583292,421706.7131
0.25759519,0.15841886,-1.934901052,424498.8438
0.25,0.157779136,-1.956372018,426331.87
0.242480963,0.157037155,-1.974383014,427487.0617
0.235040368,0.156195432,-1.989423475,427987.5214
0.227680482,0.155255844,-2.001331884,427794.5227
0.220403548,0.15422006,-2.010140048,426985.2741
0.213211782,0.153089899,-2.016042272,425519.4011
0.206107374,0.151867461,-2.019074078,423267.1315
0.199092488,0.150554976,-2.019198015,420300.0075
0.192169262,0.149154797,-2.016606848,416755.62
0.185339804,0.147669271,-2.011443702,412532.5297
0.178606195,0.146100682,-2.003715269,407589.5821
0.171970486,0.144451423,-1.993543898,402139.5822
0.165434697,0.142723971,-1.981055859,396172.7933
0.15900082,0.140920656,-1.966230786,389496.5759
0.152670815,0.139043864,-1.94911065,382196.764
0.146446609,0.13709614,-1.929798898,374449.6554
0.1403301,0.135080024,-1.90832815,366196.2527
0.134323149,0.132998148,-1.884745807,357239.2445
0.128427587,0.130853252,-1.8592256,347749.2425
0.12264521,0.12864815,-1.831876439,337946.1828
0.116977778,0.126385492,-1.802685687,327639.74
0.111427019,0.124068041,-1.771718757,316778.554
0.105994623,0.121698711,-1.739117798,305471.5365
0.100682245,0.119280211,-1.70487861,293721.5975
0.095491503,0.116815188,-1.668917053,281514.4496
0.090423978,0.114306532,-1.631296354,268840.6024
0.085481214,0.111757193,-1.592053926,255723.5019
0.080664716,0.109170035,-1.551184432,242193.365
0.075975952,0.106548173,-1.508854452,228306.8221
0.07141635,0.103894874,-1.465240341,214014.8211
0.066987298,0.101212957,-1.420165599,199297.143
0.062690146,0.098505285,-1.3735156,184154.9217
0.058526204,0.09577513,-1.32549056,168648.6275
0.054496738,0.093025572,-1.276020329,152764.8767
0.050602977,0.09025955,-1.224905429,136481.2287
0.046846106,0.0874805,-1.172385354,119868.6416
0.043227271,0.084691947,-1.118570624,102936.337
0.039747573,0.08189682,-1.063095239,85611.66072
0.036408073,0.079098431,-1.005916739,67965.00721
0.033209787,0.076300721,-0.947351577,50074.01996
0.03015369,0.073507172,-0.887147372,31903.65902
0.027240712,0.070721348,-0.825054052,13500.88917
0.024471742,0.0679478,-0.761519291,-5000.632994
0.021847622,0.065191103,-0.696661565,-23589.95432
0.019369152,0.062455198,-0.629892847,-42265.21271
0.017037087,0.059745205,-0.561337039,-60838.26525
0.014852137,0.057067497,-0.491697411,-79161.73284
0.012814968,0.054428052,-0.420572676,-97188.89441
0.0109262,0.05183395,-0.347901916,-114701.9683
0.009186408,0.049294698,-0.274468192,-131412.3087
0.007596123,0.046821579,-0.201004257,-147093.3233
0.00615583,0.044427119,-0.127314759,-161408.4045
0.004865966,0.042127891,-0.054325167,-173965.3428
0.003726924,0.039945775,0.016687957,-184685.2561
0.002739052,0.037908051,0.084319168,-194358.9031
0.001902651,0.036048422,0.147218607,-203202.2284
0.001217975,0.03440968,0.203507556,-210869.6843
0.000685233,0.033043618,0.250939781,-217038.4775
0.000304586,0.032007881,0.287133327,-221536.3358
7.62E-05,0.031358223,0.309897999,-224379.9614
0,0.031136434,0.317678684,-225742.1878
0.985147863,0.011455231,0.233228391,-21557.5792
0.982962913,0.012624904,0.233710472,-20840.35016
0.980630848,0.01386864,0.235092366,-33762.64723
0.978152378,0.015185426,0.235563605,-54150.70244
0.975528258,0.01657429,0.237586425,-40533.2437
0.972759288,0.018033846,0.239260789,-25798.80324
0.96984631,0.019562422,0.241805592,-14293.21843
0.966790213,0.021158219,0.242300009,-4038.834821
0.963591927,0.022819851,0.241129778,8546.932028
0.960252427,0.024546027,0.238409684,17896.4294
0.956772729,0.026335596,0.236368547,15419.17592
0.953153894,0.028186734,0.233677003,11428.45351
0.949397023,0.030097479,0.230375796,13554.45225
0.945503262,0.032065646,0.226705917,15918.91064
0.941473796,0.034089635,0.222622673,18484.01813
0.937309854,0.036168004,0.218094443,21279.06584
0.933012702,0.038299215,0.213061766,24237.34291
0.92858365,0.040481325,0.20746428,27333.22435
0.924024048,0.042712162,0.201235639,30570.73435
0.919335284,0.04498955,0.19432816,34036.74593
0.914518786,0.047311677,0.186703688,37676.74147
0.909576022,0.049676858,0.178290926,41398.92659
0.904508497,0.052083344,0.169058685,45303.996
0.899317755,0.054528996,0.15897156,49356.67874
0.894005377,0.057011685,0.148009678,53515.38865
0.888572981,0.059529181,0.136148873,57753.97708
0.883022222,0.062079617,0.123337824,62144.98043
0.87735479,0.064661166,0.109596045,66786.07263
0.871572413,0.067271942,0.094919315,71424.18953
0.865676851,0.069909882,0.079269495,76104.41485
0.8596699,0.072572809,0.062691285,81004.28329
0.853553391,0.075258622,0.045236401,85962.19845
0.847329185,0.077965396,0.026934088,90828.22524
0.84099918,0.080691209,0.007748294,95860.7737
0.834565303,0.083434148,-0.012361148,101189.7597
0.828029514,0.086192135,-0.033256338,106159.9815
0.821393805,0.088963063,-0.054771026,110687.0319
0.814660196,0.091744924,-0.07680153,115244.1021
0.807830738,0.094535842,-0.099380424,119875.6721
0.800907512,0.097333989,-0.122457054,124468.0754
0.793892626,0.100137485,-0.146018076,128917.9674
0.786788218,0.102944147,-0.170021765,133329.3896
0.779596452,0.105751799,-0.194395769,137721.7479
0.772319518,0.10855833,-0.219122971,142291.5594
0.764959632,0.111361987,-0.244111512,147029.2854
0.757519037,0.114161054,-0.269329375,151581.7182
0.75,0.116953739,-0.294799599,155888.178
0.74240481,0.119738068,-0.320540607,160103.0239
0.734735781,0.122512056,-0.346520716,164479.9024
0.72699525,0.125273761,-0.372679456,169013.514
0.719185573,0.128021263,-0.3989971,173580.3431
0.711309131,0.130752667,-0.425492667,178136.0693
0.703368322,0.133466115,-0.452152853,182592.3656
0.695365564,0.136159769,-0.478961036,186899.1393
0.687303297,0.138831791,-0.505974125,191276.1218
0.679183975,0.141480383,-0.53320761,195890.625
0.671010072,0.144103742,-0.560531943,200388.1111
0.662784077,0.146700095,-0.587995682,204619.4386
0.654508497,0.14926768,-0.615696832,209006.9225
0.646185852,0.151804713,-0.643635026,213713.7834
0.637818678,0.154309423,-0.671766723,218414.5223
0.629409523,0.156780056,-0.700094475,222967.1118
0.620960948,0.159214785,-0.728622217,227580.9861
0.612475527,0.161611808,-0.757364553,232095.973
0.603955845,0.163969421,-0.786298855,236635.1292
0.595404498,0.166285976,-0.815438431,241420.7804
0.586824089,0.168559903,-0.84483873,246331.9665
0.578217233,0.170789682,-0.874525682,251038.585
0.56958655,0.172973504,-0.904517008,255769.6251
0.560934672,0.175109567,-0.934732658,260550.043
0.552264232,0.177196171,-0.965144237,265352.7048
0.543577871,0.179231741,-0.995817551,270279.6302
0.534878237,0.181214844,-1.026800876,275380.3198
0.526167978,0.183144068,-1.058071557,280378.9203
0.517449748,0.185017879,-1.089637383,285298.7386
0.508726203,0.186834699,-1.121495401,290301.9625
0.5,0.188593015,-1.153622523,295404.8066
0.491273797,0.190291399,-1.186062507,300533.39
0.482550252,0.191928517,-1.218860131,305763.4788
0.473832022,0.193503051,-1.252011888,311059.8049
0.465121763,0.19501363,-1.285489126,316317.9081
0.456422129,0.196458838,-1.319288576,321591.377
0.447735768,0.197837358,-1.353410737,326923.3663
0.439065328,0.19914793,-1.387855531,332198.1324
0.43041345,0.200389353,-1.422653438,337379.4484
0.421782767,0.2015605,-1.457871725,342658.1405
0.413175911,0.202660212,-1.493535488,348031.1222
0.404595502,0.203687343,-1.529617567,353428.2788
0.396044155,0.204640819,-1.5660762,358776.2388
0.387524473,0.205519699,-1.602933496,364021.2689
0.379039052,0.206323256,-1.640372923,369165.15
0.370590477,0.207050878,-1.678602226,374345.9309
0.362181322,0.207701569,-1.717602332,379586.752
0.353814148,0.208273759,-1.757055252,384754.7258
0.345491503,0.208765824,-1.796663364,389850.5386
0.337215923,0.209177613,-1.83717145,394997.0729
0.328989928,0.209510908,-1.880661731,400483.6968
0.320816025,0.209767967,-1.929399114,406669.7577
0.312696703,0.209947742,-1.983665686,413744.5382
0.304634436,0.210040289,-2.040831444,421531.4834
0.296631678,0.210033362,-2.097207787,429402.6045
0.288690869,0.209917717,-2.149932515,436675.9259
0.280814427,0.209688984,-2.197848062,443012.1957
0.27300475,0.209345234,-2.240297591,448144.8106
0.265264219,0.208884747,-2.276716593,452023.5475
0.25759519,0.208307453,-2.307021864,454797.9107
0.25,0.20761563,-2.331893659,456631.3088
0.242480963,0.206811943,-2.352443396,457497.3005
0.235040368,0.205898966,-2.369459906,457510.5973
0.227680482,0.204878658,-2.383043773,456727.1066
0.220403548,0.203752595,-2.393197998,455172.3024
0.213211782,0.202522469,-2.400176331,452857.2586
0.206107374,0.201190087,-2.403617075,449536.3173
0.199092488,0.199757355,-2.403245283,445298.8377
0.192169262,0.198226283,-2.39940608,440412.5226
0.185339804,0.196598984,-2.392396531,434805.4262
0.178606195,0.194877625,-2.382035201,428149.0731
0.171970486,0.193064395,-2.368350202,420579.1334
0.165434697,0.191161616,-2.351549955,412346.054
0.15900082,0.189171673,-2.331752004,403359.1694
0.152670815,0.1870969,-2.309002198,393548.2602
0.146446609,0.184939655,-2.283388107,383017.1214
0.1403301,0.182702432,-2.255065209,371854.814
0.134323149,0.180387752,-2.22413461,360038.312
0.128427587,0.177998015,-2.190544753,347530.9088
0.12264521,0.175535701,-2.154330092,334345.3425
0.116977778,0.173003492,-2.1156416,320534.8128
0.111427019,0.170404047,-2.074506918,306172.9853
0.105994623,0.167740103,-2.030982276,291273.6321
0.100682245,0.165014562,-1.985295417,275825.7847
0.095491503,0.162230426,-1.937592653,259862.8311
0.090423978,0.159390511,-1.887817116,243473.2867
0.085481214,0.156497634,-1.835973041,226652.5268
0.080664716,0.15355491,-1.782215727,209397.6546
0.075975952,0.15056544,-1.726600309,191810.2125
0.07141635,0.14753225,-1.669068237,173881.3279
0.066987298,0.144458573,-1.60969553,155637.4139
0.062690146,0.141347946,-1.548645911,137159.6954
0.058526204,0.138203821,-1.485979254,118491.9148
0.054496738,0.135029739,-1.421658757,99695.58209
0.050602977,0.13182959,-1.355876114,80786.36391
0.046846106,0.128607524,-1.288909671,61852.79627
0.043227271,0.125367416,-1.220634673,42933.91836
0.039747573,0.12211338,-1.150989462,24057.63355
0.036408073,0.118850109,-1.08027245,5346.958342
0.033209787,0.115582518,-1.008590074,-13144.18462
0.03015369,0.112315545,-0.935866796,-31362.28607
0.027240712,0.109054749,-0.862323781,-49206.39568
0.024471742,0.105806503,-0.788325433,-66554.16654
0.021847622,0.102577626,-0.713939862,-83340.52288
0.019369152,0.099375425,-0.639301196,-99486.03349
0.017037087,0.096208425,-0.564690902,-114859.1742
0.014852137,0.093086508,-0.490588336,-129341.5265
0.012814968,0.090020679,-0.417312063,-142860.7639
0.0109262,0.087023445,-0.345156959,-155356.8223
0.009186408,0.084109562,-0.274592871,-166729.4499
0.007596123,0.081296445,-0.20625739,-176893.4782
0.00615583,0.078604318,-0.140757405,-185823.8924
0.004865966,0.076056548,-0.078689371,-193507.7844
0.003726924,0.073680422,-0.020831942,-199974.5186
0.002739052,0.071507248,0.032020918,-205242.8588
0.001902651,0.069572182,0.078980875,-209398.982
0.001217975,0.067913236,0.119108452,-212573.1699
0.000685233,0.066569348,0.151469979,-214927.1553
0.000304586,0.065577412,0.175271456,-216597.999
7.62E-05,0.06496834,0.189847026,-217696.8401
0,0.064762871,0.194756843,-218301.5473
0.985147863,0.006431797,0.104410694,99313.29531
0.982962913,0.007202161,0.09671362,101615.2839
0.980630848,0.008020954,0.088458589,103926.5439
0.978152378,0.008887196,0.079644518,106213.0604
0.975528258,0.009799843,0.070219162,108616.0867
0.972759288,0.010757805,0.060267516,111217.4085
0.96984631,0.011760051,0.049703737,113807.2213
0.966790213,0.012805553,0.038562776,116660.3906
0.963591927,0.01389316,0.026924687,119621.2996
0.960252427,0.01502158,0.014669614,122555.1166
0.956772729,0.016189375,0.001983082,125613.1144
0.953153894,0.01739521,-0.011215199,128869.1997
0.949397023,0.01863787,-0.024841442,132193.286
0.945503262,0.019916144,-0.038933595,135651.9903
0.941473796,0.021228633,-0.053399523,139060.5465
0.937309854,0.022573862,-0.06827251,142297.0547
0.933012702,0.023950223,-0.08350377,145932.7138
0.92858365,0.025356181,-0.098982512,149505.94
0.924024048,0.026790279,-0.11479552,152886.183
0.919335284,0.028251075,-0.130880481,156244.6214
0.914518786,0.029737053,-0.147254886,159925.8733
0.909576022,0.031246594,-0.163761967,163647.4744
0.904508497,0.032777997,-0.180495984,166827.2025
0.899317755,0.034329648,-0.197401256,170249.5571
0.894005377,0.035899888,-0.214449159,173527.7151
0.888572981,0.037487101,-0.23162079,177069.6449
0.883022222,0.039089649,-0.248868927,180556.9838
0.87735479,0.040705963,-0.266225787,183847.405
0.871572413,0.042334421,-0.283666916,187228.6633
0.865676851,0.043973368,-0.301155465,190728.0941
0.8596699,0.045620979,-0.318663865,193766.5931
0.853553391,0.047275449,-0.336281447,196846.1326
0.847329185,0.048935038,-0.353869994,200138.7952
0.84099918,0.050598149,-0.371397304,203263.7045
0.834565303,0.052263207,-0.388983146,206522.6057
0.828029514,0.05392857,-0.406502027,209907.1539
0.821393805,0.055592585,-0.424000417,213166.4459
0.814660196,0.057253571,-0.441526765,216490.6079
0.807830738,0.058909837,-0.458992974,219589.2586
0.800907512,0.060559668,-0.476362794,222385.9185
0.793892626,0.062201319,-0.493678766,225420.197
0.786788218,0.06383324,-0.510948866,228721.8964
0.779596452,0.065453947,-0.52812562,232014.6586
0.772319518,0.067062077,-0.545252702,235275.7426
0.764959632,0.068656091,-0.56228104,238332.8329
0.757519037,0.070234361,-0.579284902,241350.7842
0.75,0.071795263,-0.596242525,244592.2861
0.74240481,0.073337239,-0.612998851,247755.0006
0.734735781,0.074858871,-0.629659668,250965.1445
0.72699525,0.076358728,-0.646243104,254100.2288
0.719185573,0.077835395,-0.662715454,256821.1791
0.711309131,0.079287454,-0.67915064,259691.5111
0.703368322,0.080713467,-0.695464847,263144.1954
0.695365564,0.082112068,-0.711517573,266427.0773
0.687303297,0.083481953,-0.727411741,269067.5757
0.679183975,0.084821842,-0.74327454,271814.5363
0.671010072,0.086130498,-0.759008646,275079.3462
0.662784077,0.087406678,-0.774553411,278274.7812
0.654508497,0.088649186,-0.789938223,281223.7895
0.646185852,0.089856887,-0.805177489,284003.2714
0.637818678,0.091028738,-0.82023623,286707.1684
0.629409523,0.09216375,-0.835135733,289605.2761
0.620960948,0.093260873,-0.849902248,292670.9108
0.612475527,0.094318969,-0.864506377,295546.77
0.603955845,0.095336918,-0.878925579,298225.1493
0.595404498,0.096313698,-0.893145222,300935.048
0.586824089,0.097248418,-0.907081298,303469.1671
0.578217233,0.098140272,-0.920816787,305962.146
0.56958655,0.098988468,-0.934385827,308517.026
0.560934672,0.099792223,-0.947740612,311001.6257
0.552264232,0.100550803,-0.960892942,313443.4813
0.543577871,0.101263516,-0.973880239,316124.7065
0.534878237,0.10192969,-0.986633676,318709.63
0.526167978,0.102548707,-0.999140951,320975.5809
0.517449748,0.103119981,-1.011417002,323044.9105
0.508726203,0.10364293,-1.023439503,325138.8417
0.5,0.104117001,-1.035169037,327323.4972
0.491273797,0.104541712,-1.046619838,329532.4582
0.482550252,0.104916648,-1.057812294,331698.2706
0.473832022,0.105241469,-1.068680656,333773.5136
0.465121763,0.105515889,-1.079220004,335657.0939
0.456422129,0.105739661,-1.08954422,337391.597
0.447735768,0.105912601,-1.099732821,339250.5152
0.439065328,0.106034548,-1.109689704,341135.0731
0.43041345,0.106105254,-1.119340689,342868.9316
0.421782767,0.106124471,-1.128648747,344460.3615
0.413175911,0.106092059,-1.137624314,345998.3023
0.404595502,0.106008052,-1.146293322,347446.4409
0.396044155,0.105872652,-1.154633155,348700.1814
0.387524473,0.105686089,-1.162673722,349931.1747
0.379039052,0.105448483,-1.170378267,351251.3141
0.370590477,0.10515993,-1.177712172,352432.5729
0.362181322,0.104820604,-1.184744032,353424.249
0.353814148,0.104430773,-1.191538172,354513.5227
0.345491503,0.103990795,-1.197984454,355522.7169
0.337215923,0.103501104,-1.204155016,356321.8726
0.328989928,0.102962054,-1.210056746,357040.7806
0.320816025,0.102373975,-1.215601646,357658.4268
0.312696703,0.101737269,-1.220766941,358137.9655
0.304634436,0.101052479,-1.225604545,358614.3684
0.296631678,0.100320295,-1.230124465,359106.3933
0.288690869,0.099541482,-1.234363806,359444.1988
0.280814427,0.098716748,-1.238298549,359554.5889
0.27300475,0.097846722,-1.241898447,359573.9306
0.265264219,0.096932108,-1.245169661,359673.2818
0.25759519,0.095973674,-1.248098223,359743.2975
0.25,0.094972247,-1.250674498,359527.6985
0.242480963,0.093928737,-1.252940149,359092.6232
0.235040368,0.092844087,-1.254905628,358676.8423
0.227680482,0.091719261,-1.256540934,358163.1883
0.220403548,0.090555288,-1.257902192,357562.2723
0.213211782,0.089353236,-1.258987917,356871.8724
0.206107374,0.088114128,-1.259783841,356021.9211
0.199092488,0.086839055,-1.260314663,355102.4657
0.192169262,0.085529164,-1.260554184,354065.0152
0.185339804,0.084185626,-1.260518505,352892.3046
0.178606195,0.082809674,-1.260243273,351614.2609
0.171970486,0.081402597,-1.259773954,350263.9498
0.165434697,0.079965554,-1.259087718,348815.2212
0.15900082,0.078499741,-1.258125052,347182.069
0.152670815,0.077006472,-1.256893068,345417.9653
0.146446609,0.075487078,-1.255401163,343558.8462
0.1403301,0.073942994,-1.253736349,341560.9887
0.134323149,0.072375743,-1.251949925,339413.8703
0.128427587,0.070786669,-1.25000969,337085.9085
0.12264521,0.069177146,-1.247944394,334677.5153
0.116977778,0.067548691,-1.245769767,332157.3216
0.111427019,0.065902653,-1.243464106,329443.5518
0.105994623,0.064240417,-1.241011062,326492.6322
0.100682245,0.062563544,-1.238498096,323398.5523
0.095491503,0.060873488,-1.235889882,320158.1646
0.090423978,0.059171688,-1.233207938,316707.4031
0.085481214,0.057459815,-1.230595567,312994.485
0.080664716,0.055739271,-1.227989865,309088.6344
0.075975952,0.054011292,-1.225266577,304927.4817
0.07141635,0.052277455,-1.22251862,300440.156
0.066987298,0.050539229,-1.219677863,295622.8673
0.062690146,0.048798026,-1.216737192,290482.6187
0.058526204,0.047055654,-1.213994448,285033.3304
0.054496738,0.045313606,-1.21137107,279143.7943
0.050602977,0.043572984,-1.208597215,272765.2125
0.046846106,0.041835455,-1.205941975,265895.2186
0.043227271,0.040102473,-1.203329656,258422.7066
0.039747573,0.038375037,-1.200309994,250227.4287
0.036408073,0.03665488,-1.197333651,241308.0499
0.033209787,0.034943551,-1.19436569,231551.9105
0.03015369,0.033241817,-1.190560777,220672.0678
0.027240712,0.031551415,-1.186474463,208707.3531
0.024471742,0.029874053,-1.182193625,195464.173
0.021847622,0.028210151,-1.176185301,180517.2777
0.019369152,0.026561513,-1.169148517,163866.5059
0.017037087,0.02493012,-1.161298949,145245.5973
0.014852137,0.023315815,-1.149883373,123908.1222
0.012814968,0.021720381,-1.135171611,99856.44057
0.0109262,0.020146427,-1.117850728,72937.60039
0.009186408,0.018593605,-1.093482757,42299.9976
0.007596123,0.017064229,-1.062019237,8046.398033
0.00615583,0.015562591,-1.024330852,-31164.83126
0.004865966,0.014088166,-0.97366019,-77522.90261
0.003726924,0.012643946,-0.905872131,-128913.3449
0.002739052,0.011238325,-0.828168843,-178084.3726
0.001902651,0.009876184,-0.731654271,-220153.5865
0.001217975,0.008568831,-0.608560018,-258654.4039
0.000685233,0.007345937,-0.470593671,-288005.4521
0.000304586,0.006265754,-0.324263628,-311527.9036
7.62E-05,0.005450532,-0.206358953,-319967.5077
0,0.00512765,-0.158109961,-321834.0113
0.985147863,0.009512983,0.204124321,32271.68852
0.982962913,0.010558976,0.200864375,33839.3259
0.980630848,0.011670474,0.197111296,35575.142
0.978152378,0.012846275,0.192829352,37340.12687
0.975528258,0.014085187,0.188042514,39341.14486
0.972759288,0.015385824,0.182751635,41513.1753
0.96984631,0.016746632,0.176967914,43945.03067
0.966790213,0.01816601,0.170621385,46595.87391
0.963591927,0.01964234,0.163702284,49475.71993
0.960252427,0.021174086,0.156161936,52553.81948
0.956772729,0.022759679,0.147936063,55908.04319
0.953153894,0.024397334,0.138980872,59357.40273
0.949397023,0.026085218,0.129207624,62980.8728
0.945503262,0.027821427,0.118652952,66889.86399
0.941473796,0.029604177,0.107257144,70883.42806
0.937309854,0.031431702,0.094980909,74992.13285
0.933012702,0.03330226,0.081812459,79338.99502
0.92858365,0.0352138,0.067687924,83710.63915
0.924024048,0.037164214,0.052768939,88049.47264
0.919335284,0.039151324,0.037076801,92444.83105
0.914518786,0.041173102,0.020530359,96819.66215
0.909576022,0.043227579,0.003241157,101236.3095
0.904508497,0.04531278,-0.01482569,105636.4505
0.899317755,0.047426658,-0.033629993,110252.9811
0.894005377,0.049567144,-0.053067261,114878.6429
0.888572981,0.05173216,-0.073137784,119418.453
0.883022222,0.053919521,-0.093801437,124098.2094
0.87735479,0.056127115,-0.114926873,128621.9682
0.871572413,0.058352787,-0.136557767,133012.6345
0.865676851,0.060594408,-0.158584682,137667.6962
0.8596699,0.062849859,-0.180939853,142156.8861
0.853553391,0.065117056,-0.20361912,146521.7875
0.847329185,0.067393875,-0.226581488,151005.7492
0.84099918,0.069678293,-0.249756311,155513.3502
0.834565303,0.071968224,-0.273090866,159837.6882
0.828029514,0.07426155,-0.296630071,164016.0036
0.821393805,0.076556138,-0.320338249,168439.5035
0.814660196,0.078849956,-0.344093892,172993.3757
0.807830738,0.081140901,-0.367879407,177387.1892
0.800907512,0.083427028,-0.391744643,181667.8475
0.793892626,0.085706345,-0.415679939,185929.1959
0.786788218,0.087976822,-0.439596169,190207.349
0.779596452,0.090236489,-0.463560152,194437.245
0.772319518,0.092483338,-0.487514709,198578.7944
0.764959632,0.094715455,-0.511449939,202876.3521
0.757519037,0.096930906,-0.535384504,207371.3404
0.75,0.099127806,-0.559258175,211798.2207
0.74240481,0.101304256,-0.583028843,215899.66
0.734735781,0.103458372,-0.606715186,219878.6077
0.72699525,0.105588356,-0.630430799,224080.2131
0.719185573,0.107692473,-0.654084277,228458.8982
0.711309131,0.109769098,-0.677630973,232698.3239
0.703368322,0.111816609,-0.701184239,236890.1849
0.695365564,0.113833241,-0.724693162,241180.2091
0.687303297,0.115817142,-0.748099155,245457.499
0.679183975,0.117766531,-0.771390492,249691.1775
0.671010072,0.119679817,-0.794528269,253924.5535
0.662784077,0.121555595,-0.817582263,258065.47
0.654508497,0.123392509,-0.840646157,262280.429
0.646185852,0.125189042,-0.8636299,266576.6665
0.637818678,0.126943596,-0.886452539,270740.4665
0.629409523,0.128654647,-0.909165319,274736.8002
0.620960948,0.130320747,-0.931827609,278875.1374
0.612475527,0.131940541,-0.954374644,283321.8013
0.603955845,0.133512762,-0.976693419,287634.2212
0.595404498,0.135036093,-0.998835,291383.2989
0.586824089,0.136509287,-1.02093862,295184.0868
0.578217233,0.137931102,-1.042952536,299384.9697
0.56958655,0.139300351,-1.064760081,303527.3425
0.560934672,0.140615921,-1.086373257,307256.6378
0.552264232,0.141876711,-1.107877601,311149.406
0.543577871,0.143081664,-1.129209333,315272.6886
0.534878237,0.144229743,-1.15032502,319201.1122
0.526167978,0.145319962,-1.171228591,322910.3254
0.517449748,0.146351365,-1.191919675,326657.6619
0.508726203,0.147323004,-1.21238199,330318.563
0.5,0.148234003,-1.23265744,333772.1656
0.491273797,0.149083551,-1.25272867,337219.2063
0.482550252,0.149870987,-1.27253295,340789.7752
0.473832022,0.15059577,-1.292054447,344327.8036
0.465121763,0.151257312,-1.311351159,347606.0725
0.456422129,0.151854873,-1.330390939,350750.8685
0.447735768,0.152387628,-1.349116609,354050.5077
0.439065328,0.152854899,-1.367396132,357370.1597
0.43041345,0.153256249,-1.385172292,360386.1529
0.421782767,0.153591413,-1.402644807,363252.7725
0.413175911,0.153860209,-1.41991192,366037.678
0.404595502,0.154062317,-1.43691226,368677.8819
0.396044155,0.154197363,-1.453563767,371294.1258
0.387524473,0.154265032,-1.469824019,374004.4184
0.379039052,0.154265095,-1.48563703,376453.3881
0.370590477,0.154197396,-1.501001477,378583.5456
0.362181322,0.154061876,-1.515911345,380550.4909
0.353814148,0.153858509,-1.530376299,382530.3807
0.345491503,0.153587302,-1.544342554,384537.1194
0.337215923,0.153248337,-1.55761735,386347.0035
0.328989928,0.152841732,-1.570267208,387792.1349
0.320816025,0.152367641,-1.582481948,389073.2284
0.312696703,0.151826284,-1.594255088,390281.8853
0.304634436,0.151217949,-1.605433033,391304.1887
0.296631678,0.150542971,-1.615998625,392183.8486
0.288690869,0.149801752,-1.62598179,392964.2362
0.280814427,0.148994778,-1.635349797,393430.9647
0.27300475,0.148122467,-1.644049682,393574.9162
0.265264219,0.147185246,-1.652071757,393591.4042
0.25759519,0.146183676,-1.65940031,393544.2603
0.25,0.145118437,-1.665970461,393289.8606
0.242480963,0.143990317,-1.671831499,392754.4929
0.235040368,0.142800241,-1.676987894,391883.003
0.227680482,0.141548988,-1.681399784,390662.1468
0.220403548,0.140237279,-1.685044151,389238.6244
0.213211782,0.138865943,-1.687868644,387643.2685
0.206107374,0.137435884,-1.689835982,385739.0624
0.199092488,0.135948041,-1.690978602,383543.2921
0.192169262,0.134403478,-1.69121963,381043.1304
0.185339804,0.132803318,-1.690516016,378121.484
0.178606195,0.131148648,-1.688913237,374921.5549
0.171970486,0.12944061,-1.686408527,371530.3718
0.165434697,0.127680501,-1.682970963,367877.2393
0.15900082,0.125869527,-1.678542214,363823.5118
0.152670815,0.124008993,-1.673113197,359269.1611
0.146446609,0.122100344,-1.666718262,354301.8895
0.1403301,0.120144914,-1.659339881,349123.4927
0.134323149,0.118144047,-1.650911121,343639.0466
0.128427587,0.116099283,-1.641418177,337627.2082
0.12264521,0.114012063,-1.630828139,331145.9494
0.116977778,0.111883742,-1.619064696,324286.7866
0.111427019,0.109715939,-1.606122423,316976.2587
0.105994623,0.107510273,-1.591931002,309165.1182
0.100682245,0.105268282,-1.576458771,300914.8443
0.095491503,0.102991787,-1.559834406,292182.7415
0.090423978,0.100682546,-1.541989728,282887.2659
0.085481214,0.098341937,-1.522681171,273021.1339
0.080664716,0.0959716,-1.501861383,262588.7616
0.075975952,0.093573396,-1.479491535,251571.0384
0.07141635,0.091148996,-1.45542075,239930.4867
0.066987298,0.088700388,-1.429784375,227693.7639
0.062690146,0.08622977,-1.402769346,214815.8011
0.058526204,0.083738582,-1.373922578,201222.6526
0.054496738,0.081228353,-1.3429775,186860.0757
0.050602977,0.078701125,-1.309983304,171758.915
0.046846106,0.076158666,-1.27463432,155866.1402
0.043227271,0.073602904,-1.23684626,139194.4947
0.039747573,0.071036406,-1.197040929,121782.6727
0.036408073,0.068460985,-1.154783208,103527.2347
0.033209787,0.065878036,-1.109382857,84345.80318
0.03015369,0.063289838,-1.060982589,64370.14734
0.027240712,0.060698637,-1.009418601,43604.55525
0.024471742,0.058106366,-0.954061838,22055.48348
0.021847622,0.055516032,-0.89541289,-88.94698276
0.019369152,0.052930712,-0.833532487,-22783.38861
0.017037087,0.050352268,-0.767467898,-46045.70289
0.014852137,0.047783757,-0.697201043,-69571.15848
0.012814968,0.045229308,-0.623039254,-93076.16708
0.0109262,0.042692499,-0.544612533,-116352.3602
0.009186408,0.040178328,-0.462097689,-138866.4952
0.007596123,0.03769404,-0.376306274,-160059.7584
0.00615583,0.03524754,-0.287314429,-179574.8425
0.004865966,0.032849143,-0.195887298,-197675.4563
0.003726924,0.030514172,-0.103213816,-214554.279
0.002739052,0.028264604,-0.011186963,-230068.2465
0.001902651,0.026131917,0.078201679,-243385.9048
0.001217975,0.024163389,0.162101232,-253433.226
0.000685233,0.022430193,0.236655683,-259153.12
0.000304586,0.021035831,0.296686227,-260864.2521
7.62E-05,0.020112438,0.336376904,-260777.1509
0,0.019786339,0.350365901,-261067.8629
0.985147863,0.012764556,0.180797644,-16996.02014
0.982962913,0.014100225,0.181350251,-16191.75851
0.980630848,0.01551928,0.182465779,-14995.92121
0.978152378,0.017020005,0.184009771,-13449.63607
0.975528258,0.01860064,0.185841126,-11581.52241
0.972759288,0.020259415,0.187671232,-9678.026779
0.96984631,0.021994437,0.189422467,-11715.63459
0.966790213,0.023803795,0.19003528,-18429.78051
0.963591927,0.025685481,0.191058312,-12372.16898
0.960252427,0.02763736,0.192278653,-8055.788586
0.956772729,0.029657261,0.192866368,-5064.782655
0.953153894,0.031743005,0.193299239,143.0489756
0.949397023,0.033892469,0.193416194,655.9744238
0.945503262,0.036103327,0.192379416,5133.983983
0.941473796,0.038373129,0.190578139,8923.068096
0.937309854,0.040699258,0.188136905,6155.170612
0.933012702,0.043079135,0.184863443,9174.884735
0.92858365,0.045510423,0.181003682,12129.52138
0.924024048,0.047990788,0.176519102,15152.70673
0.919335284,0.050517756,0.171308419,18247.93025
0.914518786,0.053088809,0.165305808,21469.88867
0.909576022,0.055701264,0.158430249,24864.88314
0.904508497,0.058352528,0.150597331,28481.94082
0.899317755,0.06103998,0.141711073,32416.39769
0.894005377,0.063761098,0.131696027,36668.04808
0.888572981,0.066513258,0.120416757,41114.39302
0.883022222,0.069293995,0.107793428,45904.54661
0.87735479,0.072100861,0.093757316,50955.19734
0.871572413,0.074931206,0.078265505,56210.2737
0.865676851,0.077782327,0.0613093,61635.02208
0.8596699,0.080651497,0.042864434,67227.03512
0.853553391,0.083536049,0.022959164,73093.17454
0.847329185,0.086433639,0.001657832,79163.70721
0.84099918,0.089341903,-0.021010591,85278.2875
0.834565303,0.092258366,-0.044960395,91493.6587
0.828029514,0.095180348,-0.070049977,97901.81311
0.821393805,0.098105201,-0.096266395,104520.0342
0.814660196,0.101030407,-0.123643071,111220.9992
0.807830738,0.103953649,-0.151972568,117574.6592
0.800907512,0.106872661,-0.180918117,123477.2735
0.793892626,0.109785096,-0.210315827,129148.9074
0.786788218,0.112688516,-0.240192511,134752.6743
0.779596452,0.11558045,-0.270520727,140534.9119
0.772319518,0.11845852,-0.301128631,146452.1997
0.764959632,0.121320474,-0.331939161,152178.0097
0.757519037,0.124164097,-0.362976572,157798.3273
0.75,0.126987197,-0.394168426,163573.4816
0.74240481,0.129787554,-0.425443765,169395.0728
0.734735781,0.132562996,-0.456789095,175087.5002
0.72699525,0.135311383,-0.488131791,180668.1521
0.719185573,0.138030502,-0.519466436,186149.9876
0.711309131,0.140718182,-0.550851127,191605.3657
0.703368322,0.143372349,-0.582196867,197212.9514
0.695365564,0.145991124,-0.613494203,202896.6589
0.687303297,0.148572651,-0.644753701,208555.7129
0.679183975,0.15111506,-0.675965973,214130.5276
0.671010072,0.153616377,-0.707144981,219631.8704
0.662784077,0.156074581,-0.738290175,225217.8537
0.654508497,0.158487776,-0.769332538,230950.2004
0.646185852,0.160854067,-0.80027586,236347.0079
0.637818678,0.163171732,-0.83120132,241571.6053
0.629409523,0.165439048,-0.862081409,247038.704
0.620960948,0.167654351,-0.892859351,252734.1003
0.612475527,0.169816079,-0.923556216,258375.6216
0.603955845,0.171922662,-0.95420615,263959.2656
0.595404498,0.173972456,-0.984744068,269281.35
0.586824089,0.175963783,-1.015178285,274406.4817
0.578217233,0.177895022,-1.045561788,279635.607
0.56958655,0.179764699,-1.075872378,285140.9817
0.560934672,0.181571511,-1.106002421,290743.9701
0.552264232,0.183314198,-1.136018955,296320.2395
0.543577871,0.184991483,-1.165990358,301785.2296
0.534878237,0.186602019,-1.195844967,307021.1287
0.526167978,0.188144451,-1.225476805,312034.816
0.517449748,0.189617552,-1.254987485,317201.0473
0.508726203,0.191020118,-1.284348787,322583.7662
0.5,0.192350997,-1.313500855,327900.0453
0.491273797,0.193609106,-1.342445776,332978.9009
0.482550252,0.194793408,-1.371229533,338077.1478
0.473832022,0.195902897,-1.399795688,343114.8148
0.465121763,0.19693665,-1.428088166,347909.5734
0.456422129,0.197893819,-1.456077214,352536.6307
0.447735768,0.198773604,-1.483746525,357290.8852
0.439065328,0.199575268,-1.511093298,361949.5986
0.43041345,0.200298054,-1.538114788,366396.9182
0.421782767,0.200941216,-1.564783554,370743.6671
0.413175911,0.201504072,-1.591011754,375118.5537
0.404595502,0.201986039,-1.6166523,379354.8372
0.396044155,0.202386627,-1.64183552,383494.2579
0.387524473,0.202705446,-1.666710605,387569.3331
0.379039052,0.202942108,-1.691220166,391448.2327
0.370590477,0.203096051,-1.7151515,395007.6375
0.362181322,0.20316678,-1.738419163,398231.1981
0.353814148,0.203153968,-1.760981324,401288.9899
0.345491503,0.203057484,-1.782812789,404340.0392
0.337215923,0.202877369,-1.803971865,407207.3472
0.328989928,0.202613729,-1.824482164,409736.5096
0.320816025,0.202266511,-1.84423372,411962.4098
0.312696703,0.201835564,-1.863027706,413958.4899
0.304634436,0.201320855,-1.880740749,415671.913
0.296631678,0.200722475,-1.897504537,417216.5777
0.288690869,0.200040607,-1.913363752,418449.9545
0.280814427,0.199275551,-1.928239063,419188.8239
0.27300475,0.198427665,-1.942030294,419498.6243
0.265264219,0.197497197,-1.954671043,419566.4524
0.25759519,0.196484547,-1.966063135,419405.6004
0.25,0.195390207,-1.976123057,418905.0569
0.242480963,0.194214725,-1.984848981,417953.1921
0.235040368,0.192958771,-1.99230355,416534.4603
0.227680482,0.191623155,-1.998455034,414741.9969
0.220403548,0.19020851,-2.003203031,412549.226
0.213211782,0.188715443,-2.006454334,409845.6758
0.206107374,0.18714469,-2.008059905,406542.5355
0.199092488,0.185497116,-2.007837712,402661.3103
0.192169262,0.183773687,-2.005815615,398318.8302
0.185339804,0.181975488,-2.002069998,393487.4801
0.178606195,0.180103667,-1.996583178,388204.8401
0.171970486,0.178159307,-1.989292809,382370.8677
0.165434697,0.176143586,-1.980163075,375836.3036
0.15900082,0.174057814,-1.969171785,368691.7674
0.152670815,0.171903092,-1.956239953,361079.3845
0.146446609,0.169680557,-1.941206995,352824.4398
0.1403301,0.16739154,-1.92399535,343936.3444
0.134323149,0.165037527,-1.904569262,334392.6874
0.128427587,0.162620068,-1.883019638,324208.2312
0.12264521,0.160140985,-1.859477462,313466.5274
0.116977778,0.157601913,-1.833887536,302100.7307
0.111427019,0.155004194,-1.806067184,290067.2885
0.105994623,0.152349355,-1.775896608,277403.1667
0.100682245,0.149639081,-1.743298254,264053.3586
0.095491503,0.146875156,-1.708254448,250099.8404
0.090423978,0.144059562,-1.670896924,235565.271
0.085481214,0.141194462,-1.631348258,220390.762
0.080664716,0.138281712,-1.589478613,204652.6102
0.075975952,0.135323108,-1.545145706,188349.6889
0.07141635,0.132320771,-1.49841026,171486.8663
0.066987298,0.129276796,-1.449231493,154077.4498
0.062690146,0.126193226,-1.397519898,136141.9394
0.058526204,0.12307245,-1.343405326,117769.9675
0.054496738,0.119916903,-1.286944319,99015.73318
0.050602977,0.116728812,-1.227980351,79892.3661
0.046846106,0.113510682,-1.166618145,60471.29565
0.043227271,0.110265305,-1.102999441,40840.43785
0.039747573,0.106995156,-1.036982025,21037.70152
0.036408073,0.103702894,-0.968544044,1153.95808
0.033209787,0.10039169,-0.897882376,-18670.7934
0.03015369,0.097064789,-0.824978898,-38343.25157
0.027240712,0.093725648,-0.749961862,-57713.84682
0.024471742,0.090378409,-0.67327572,-76641.23526
0.021847622,0.087027513,-0.595013145,-95011.59327
0.019369152,0.083677589,-0.515281564,-112667.5399
0.017037087,0.080334091,-0.434406259,-129414.8064
0.014852137,0.077003538,-0.352789221,-145128.5548
0.012814968,0.07369322,-0.270737874,-159638.1698
0.0109262,0.070411863,-0.188630062,-172784.8789
0.009186408,0.067170324,-0.107010986,-184367.8982
0.007596123,0.063982405,-0.026519213,-194300.0837
0.00615583,0.06086569,0.051998039,-202541.1636
0.004865966,0.057842566,0.127726052,-209053.4857
0.003726924,0.054942084,0.199716506,-213891.0608
0.002739052,0.05220253,0.26680095,-217162.9877
0.001902651,0.049673705,0.327738189,-219008.7128
0.001217975,0.04741941,0.381110006,-219588.9035
0.000685233,0.04551857,0.425327086,-219239.2676
0.000304586,0.044062029,0.45865659,-218489.2708
7.62E-05,0.043140814,0.479453953,-217878.8486
0,0.042824866,0.486532884,-217863.0485
0.985147863,0.008882815,0.049217207,43987.28605
0.982962913,0.009984696,0.041634773,46824.2515
0.980630848,0.011152434,0.033111953,49912.48736
0.978152378,0.012383868,0.023603819,53237.15635
0.975528258,0.013676671,0.012992703,56684.94055
0.972759288,0.015028479,0.001265566,60525.8993
0.96984631,0.01643697,-0.011704271,64379.51676
0.966790213,0.017899761,-0.026027955,68417.37957
0.963591927,0.019414349,-0.041652807,72869.34166
0.960252427,0.020978288,-0.058627687,77404.98444
0.956772729,0.022588968,-0.077039333,82183.60974
0.953153894,0.024243585,-0.096855271,87249.50498
0.949397023,0.025939035,-0.118021493,92612.22483
0.945503262,0.027672087,-0.140526079,98176.65544
0.941473796,0.029439756,-0.164288579,104046.9005
0.937309854,0.031239228,-0.189250275,110022.6057
0.933012702,0.033067729,-0.215364678,116229.8947
0.92858365,0.034922103,-0.242534378,122532.6567
0.924024048,0.036798932,-0.270706467,128914.121
0.919335284,0.038694666,-0.299664443,135618.9326
0.914518786,0.040606011,-0.329251848,142410.1951
0.909576022,0.042529823,-0.359494672,149028.3246
0.904508497,0.044462925,-0.390201307,155850.1151
0.899317755,0.046402008,-0.421309106,162700.5603
0.894005377,0.048343504,-0.452660445,169805.0763
0.888572981,0.050283862,-0.484155929,176869.5336
0.883022222,0.052219642,-0.51569264,183892.5132
0.87735479,0.05414749,-0.547143796,190902.9333
0.871572413,0.056064038,-0.578450465,197831.0056
0.865676851,0.057965943,-0.609484023,204530.7232
0.8596699,0.059849843,-0.640275514,211371.1952
0.853553391,0.061712399,-0.670659092,218364.8816
0.847329185,0.063550227,-0.700570965,225566.3428
0.84099918,0.065359922,-0.729796173,232648.7107
0.834565303,0.067138123,-0.758359353,239179.8786
0.828029514,0.068881504,-0.786188244,245926.7986
0.821393805,0.070586878,-0.813034295,252621.146
0.814660196,0.07225109,-0.83896252,259017.4087
0.807830738,0.073871018,-0.863854423,265461.7764
0.800907512,0.07544361,-0.88751083,271816.5202
0.793892626,0.07696588,-0.909873438,277843.52
0.786788218,0.078434722,-0.930850735,283615.7636
0.779596452,0.079846965,-0.950158346,289322.7331
0.772319518,0.081199406,-0.967553792,294805.72
0.764959632,0.082489366,-0.982895432,300191.2693
0.757519037,0.083714836,-0.996139893,305474.2639
0.75,0.084874059,-1.007303301,310119.7762
0.74240481,0.085964066,-1.016229013,314329.7786
0.734735781,0.086979853,-1.021733037,318286.0606
0.72699525,0.08791583,-1.021564583,321049.7663
0.719185573,0.088769941,-1.015195174,322210.4704
0.711309131,0.089549166,-1.004402736,322402.2876
0.703368322,0.090262629,-0.990450308,321863.7727
0.695365564,0.090920831,-0.974663822,320236.5578
0.687303297,0.091537684,-0.959465694,317906.7079
0.679183975,0.092129591,-0.947847144,316047.9586
0.671010072,0.092707858,-0.941077162,315357.8038
0.662784077,0.093272661,-0.937989917,315449.4479
0.654508497,0.093817601,-0.936638728,315507.2248
0.646185852,0.094338438,-0.936004641,315319.021
0.637818678,0.0948344,-0.935986078,315420.807
0.629409523,0.095306173,-0.93665388,315917.7433
0.620960948,0.095754187,-0.938065354,316451.5356
0.612475527,0.096177837,-0.940195403,317029.7881
0.603955845,0.096576072,-0.942868198,317674.5742
0.595404498,0.096948021,-0.945886608,318207.7236
0.586824089,0.09729306,-0.949203963,318651.9613
0.578217233,0.097610763,-0.952825124,319189.8635
0.56958655,0.097900694,-0.956751082,320046.0669
0.560934672,0.098162311,-0.960940117,321076.1435
0.552264232,0.098395058,-0.965362562,321952.7488
0.543577871,0.098598415,-0.969992713,322725.1028
0.534878237,0.098771891,-0.97475959,323760.1833
0.526167978,0.098915043,-0.979619589,324758.0602
0.517449748,0.099027463,-0.98466564,325653.6333
0.508726203,0.099108756,-0.989901653,326523.0181
0.5,0.099158573,-0.995269406,327391.8784
0.491273797,0.099176579,-1.000754686,328265.7569
0.482550252,0.099162378,-1.006348266,329187.6293
0.473832022,0.099115588,-1.011975626,330041.5574
0.465121763,0.099035865,-1.017662683,330913.5174
0.456422129,0.098922973,-1.023405558,331869.7464
0.447735768,0.098776785,-1.029156568,332838.051
0.439065328,0.098597175,-1.034940081,333786.6466
0.43041345,0.098383921,-1.040820983,334808.3324
0.421782767,0.098136732,-1.046710691,335664.0029
0.413175911,0.097855367,-1.052604935,336365.9462
0.404595502,0.097539738,-1.058542081,337130.7088
0.396044155,0.097189885,-1.064508565,337995.7441
0.387524473,0.096805868,-1.070502023,338819.4985
0.379039052,0.096387674,-1.076555404,339735.6593
0.370590477,0.095935217,-1.082625244,340713.741
0.362181322,0.095448471,-1.08868393,341577.142
0.353814148,0.094927442,-1.094756102,342270.2289
0.345491503,0.094372141,-1.100841849,342899.9464
0.337215923,0.093782666,-1.106871416,343522.8474
0.328989928,0.093159197,-1.112835403,344181.4013
0.320816025,0.092502018,-1.118822413,345053.4702
0.312696703,0.091811479,-1.124813395,345837.6397
0.304634436,0.09108782,-1.130809575,346336.2598
0.296631678,0.090331182,-1.136844303,346863.126
0.288690869,0.089541771,-1.142831578,347531.9978
0.280814427,0.088719897,-1.148695254,347918.6514
0.27300475,0.087865977,-1.154581381,348270.8218
0.265264219,0.086980513,-1.16049132,348684.1433
0.25759519,0.086063969,-1.166394286,349070.6333
0.25,0.085116814,-1.172312044,349509.4545
0.242480963,0.084139567,-1.178247431,349876.7958
0.235040368,0.083132716,-1.184212599,350079.4525
0.227680482,0.082096714,-1.190201543,350234.6483
0.220403548,0.081032073,-1.196165646,350330.8998
0.213211782,0.079939365,-1.202136747,350473.3425
0.206107374,0.078819222,-1.208106816,350686.9001
0.199092488,0.077672353,-1.214052128,350723.2808
0.192169262,0.07649952,-1.220020026,350554.0942
0.185339804,0.075301476,-1.226076641,350369.5717
0.178606195,0.07407906,-1.232279269,350254.8608
0.171970486,0.072833118,-1.238609386,350047.9851
0.165434697,0.071564235,-1.245034234,349743.1887
0.15900082,0.070273114,-1.251494343,349357.4635
0.152670815,0.068960561,-1.257989175,348861.885
0.146446609,0.067627492,-1.264595983,348335.2746
0.1403301,0.066274945,-1.27139452,347700.2146
0.134323149,0.064903984,-1.278465467,347044.2836
0.128427587,0.063515377,-1.285735728,346255.0382
0.12264521,0.06210997,-1.293215863,345291.2492
0.116977778,0.060688746,-1.300947683,344248.7429
0.111427019,0.059252566,-1.308897004,343115.6958
0.105994623,0.057802439,-1.317138543,341895.2083
0.100682245,0.056339468,-1.325728886,340489.8221
0.095491503,0.054864558,-1.334633801,338906.9976
0.090423978,0.053378702,-1.343908412,337148.4104
0.085481214,0.051883089,-1.353659228,335209.3455
0.080664716,0.050378677,-1.363860483,333091.7535
0.075975952,0.04886657,-1.374638899,330794.7443
0.07141635,0.047348051,-1.386232839,328260.5549
0.066987298,0.045823835,-1.398433166,325412.6927
0.062690146,0.044294717,-1.411175909,322236.4725
0.058526204,0.042761876,-1.424637835,318705.9149
0.054496738,0.041226146,-1.438629418,314703.3832
0.050602977,0.039688577,-1.453291104,310261.3757
0.046846106,0.038150655,-1.469105424,305312.8551
0.043227271,0.036613126,-1.485715777,299740.016
0.039747573,0.03507686,-1.503096158,293443.8868
0.036408073,0.033543372,-1.521944473,286416.3122
0.033209787,0.032013205,-1.541575923,278356.4901
0.03015369,0.03048702,-1.561686158,269071.1276
0.027240712,0.028966435,-1.583306553,258565.0044
0.024471742,0.027451898,-1.605321693,246377.9396
0.021847622,0.025943974,-1.627037846,232195.2176
0.019369152,0.02444465,-1.650184528,215978.3916
0.017037087,0.022954183,-1.672759676,196946.4736
0.014852137,0.021472801,-1.692727429,174540.0369
0.012814968,0.020002956,-1.712904144,148697.8857
0.0109262,0.018544702,-1.729373097,118199.0409
0.009186408,0.017097815,-1.737372735,82580.67855
0.007596123,0.015665559,-1.742120593,41852.52541
0.00615583,0.014248427,-1.734136603,-6378.590428
0.004865966,0.012846109,-1.706627481,-64566.21401
0.003726924,0.011463748,-1.662931081,-130778.793
0.002739052,0.010104024,-1.596688906,-199183.6628
0.001902651,0.008767587,-1.49477865,-261723.7543
0.001217975,0.007464265,-1.352789537,-318409.4237
0.000685233,0.006215186,-1.174370434,-364069.6842
0.000304586,0.005068906,-0.9734139,-400166.6078
7.62E-05,0.004119414,-0.786814464,-408026.4246
0,0.003747521,-0.708416606,-404980.2498
0.985147863,0.012241728,0.103217902,-11165.55854
0.982962913,0.01363868,0.104079605,-7469.13571
0.980630848,0.015118692,0.104220927,-3612.287683
0.978152378,0.016679352,0.102759552,-898.0113699
0.975528258,0.018318178,0.100624582,1472.922333
0.972759288,0.020032172,0.09767389,4024.171282
0.96984631,0.021818255,0.094138972,6649.459578
0.966790213,0.023673174,0.089663466,9446.252714
0.963591927,0.025593828,0.08407822,12491.06849
0.960252427,0.027577213,0.077435362,15822.40782
0.956772729,0.02962014,0.069789948,19430.87634
0.953153894,0.031719219,0.061055488,23259.94944
0.949397023,0.033870906,0.051003087,27358.8992
0.945503262,0.03607165,0.039394981,31674.19995
0.941473796,0.038317915,0.025992548,36343.25063
0.937309854,0.040606082,0.010670101,41504.45157
0.933012702,0.042932473,-0.006659239,47228.15459
0.92858365,0.0452932,-0.026035583,53374.14243
0.924024048,0.047684267,-0.04750464,60040.70125
0.919335284,0.050101745,-0.070990895,67238.46486
0.914518786,0.052541938,-0.096492423,74585.07633
0.909576022,0.055001217,-0.123944822,82275.65927
0.904508497,0.057475877,-0.153433195,90357.85582
0.899317755,0.05996193,-0.184793629,98681.16538
0.894005377,0.062455397,-0.217577297,106551.6268
0.888572981,0.06495239,-0.2515047,114110.5629
0.883022222,0.067449056,-0.286382949,121709.0415
0.87735479,0.069941631,-0.322107758,129472.2826
0.871572413,0.072426302,-0.358426883,137342.7988
0.865676851,0.074899278,-0.395170579,145085.345
0.8596699,0.077356715,-0.432120868,153045.0116
0.853553391,0.079794904,-0.469051741,161167.7317
0.847329185,0.082210149,-0.505833564,169240.0223
0.84099918,0.084598915,-0.542292726,177246.2163
0.834565303,0.086957616,-0.578399684,185431.1953
0.828029514,0.089282644,-0.613863293,193573.9413
0.821393805,0.091570447,-0.64850183,201463.9583
0.814660196,0.093817498,-0.682234579,209199.3105
0.807830738,0.096020658,-0.715049591,216804.5849
0.800907512,0.098176852,-0.746831503,224736.7619
0.793892626,0.10028302,-0.77735165,232805.523
0.786788218,0.102335726,-0.806448972,240392.2497
0.779596452,0.10433133,-0.833864766,247516.2478
0.772319518,0.106266369,-0.859318466,254808.7256
0.764959632,0.108138619,-0.882720207,262152.2122
0.757519037,0.109946796,-0.904251191,268753.0266
0.75,0.11168984,-0.924144738,274788.1235
0.74240481,0.113363133,-0.941426792,281003.0774
0.734735781,0.114959165,-0.954192389,287057.0922
0.72699525,0.116468845,-0.960392231,291599.7512
0.719185573,0.117893693,-0.959668417,293885.0611
0.711309131,0.119248561,-0.954852031,294663.8616
0.703368322,0.120552888,-0.949867682,295070.3677
0.695365564,0.121822848,-0.946583147,295448.491
0.687303297,0.123065876,-0.945645328,295778.0036
0.679183975,0.124287306,-0.947758353,295950.2695
0.671010072,0.125490796,-0.952903504,296462.6388
0.662784077,0.126674395,-0.960219971,298002.6953
0.654508497,0.127833286,-0.968659761,300108.5097
0.646185852,0.128963907,-0.977578691,301813.6639
0.637818678,0.130064793,-0.986851075,303205.8096
0.629409523,0.131135742,-0.996624655,304811.3617
0.620960948,0.13217642,-1.006950435,306665.141
0.612475527,0.133185894,-1.017740874,308561.9667
0.603955845,0.134162982,-1.028921239,310439.9007
0.595404498,0.13510655,-1.040456314,312413.4797
0.586824089,0.136015515,-1.052278996,314488.3895
0.578217233,0.136888862,-1.064356925,316426.7339
0.56958655,0.137725605,-1.076701835,318617.1217
0.560934672,0.138524768,-1.089223572,320961.8211
0.552264232,0.139285418,-1.101872576,323044.2211
0.543577871,0.140006684,-1.114758447,324975.5234
0.534878237,0.140687716,-1.12788206,327111.7913
0.526167978,0.141327697,-1.141106006,329212.5155
0.517449748,0.141925853,-1.154451567,331381.2859
0.508726203,0.142481345,-1.167980233,333842.5479
0.5,0.142993227,-1.181586276,336280.0206
0.491273797,0.14346062,-1.195193144,338317.5863
0.482550252,0.143882776,-1.208857885,340189.6572
0.473832022,0.144259064,-1.222651492,342280.5765
0.465121763,0.144588884,-1.236526454,344618.3084
0.456422129,0.144871558,-1.250350196,346841.7081
0.447735768,0.14510628,-1.264189211,348800.6695
0.439065328,0.145292267,-1.278111444,350724.7729
0.43041345,0.145428901,-1.292059019,352801.0155
0.421782767,0.145515737,-1.305958921,354951.8752
0.413175911,0.145552402,-1.319888299,357023.9593
0.404595502,0.14553845,-1.333847084,359060.5901
0.396044155,0.145473306,-1.34778232,361071.095
0.387524473,0.145356409,-1.36162744,362955.9451
0.379039052,0.145187308,-1.375358135,364691.0162
0.370590477,0.144965611,-1.389001068,366485.6923
0.362181322,0.144691018,-1.40243041,368245.4812
0.353814148,0.144363286,-1.415639552,369799.1953
0.345491503,0.143982178,-1.428765438,371247.1563
0.337215923,0.143547485,-1.441880284,372779.3735
0.328989928,0.143059085,-1.45484243,374187.5433
0.320816025,0.142516779,-1.467606431,375347.1777
0.312696703,0.141920437,-1.48016373,376475.0007
0.304634436,0.141269993,-1.49250866,377772.5194
0.296631678,0.140565405,-1.504614943,379034.2449
0.288690869,0.139806689,-1.516437863,379880.9627
0.280814427,0.13899397,-1.527984169,380584.9789
0.27300475,0.138127405,-1.539264128,381389.5262
0.265264219,0.137207238,-1.550280492,382043.2476
0.25759519,0.136233751,-1.561042595,382420.8125
0.25,0.135207138,-1.571503976,382690.7086
0.242480963,0.134127508,-1.581529674,382817.2681
0.235040368,0.132995085,-1.591041034,382675.6276
0.227680482,0.131810288,-1.600052011,382316.09
0.220403548,0.130573683,-1.608617533,381808.8357
0.213211782,0.12928597,-1.616766717,381128.7452
0.206107374,0.127947705,-1.624489692,380247.6351
0.199092488,0.1265593,-1.631729323,379188.0103
0.192169262,0.1251213,-1.63839099,377910.7722
0.185339804,0.12363438,-1.644417513,376297.7961
0.178606195,0.122099279,-1.649849347,374349.9646
0.171970486,0.120516919,-1.654761429,372170.3757
0.165434697,0.118888136,-1.659114632,369796.0878
0.15900082,0.117213524,-1.662761502,367214.6447
0.152670815,0.11549382,-1.665567095,364167.5116
0.146446609,0.113729952,-1.667497178,360654.6151
0.1403301,0.111922943,-1.668608373,356842.8508
0.134323149,0.110074046,-1.668994765,352722.3376
0.128427587,0.108184499,-1.668662104,348267.2037
0.12264521,0.106255174,-1.667465746,343365.8157
0.116977778,0.104287034,-1.665325253,338019.2867
0.111427019,0.102281236,-1.6621672,332201.728
0.105994623,0.100238828,-1.657848492,325873.4579
0.100682245,0.098161021,-1.652366335,319030.8618
0.095491503,0.096049255,-1.645762737,311666.1271
0.090423978,0.093904723,-1.637869792,303716.0778
0.085481214,0.091728722,-1.628676271,295090.4227
0.080664716,0.089522821,-1.618283623,285886.1342
0.075975952,0.087288197,-1.60640813,276029.6347
0.07141635,0.08502596,-1.592856618,265408.6306
0.066987298,0.082737695,-1.577664217,254006.7768
0.062690146,0.080424609,-1.560540276,241762.5543
0.058526204,0.078087937,-1.541260035,228652.0203
0.054496738,0.075729412,-1.519912082,214645.0444
0.050602977,0.073350463,-1.496209013,199694.0389
0.046846106,0.070952362,-1.469809409,183701.4215
0.043227271,0.068537054,-1.441025707,166711.3175
0.039747573,0.066106023,-1.409457575,148658.2246
0.036408073,0.063660264,-1.374368989,129392.8241
0.033209787,0.061201591,-1.335947573,108995.636
0.03015369,0.058731662,-1.293830423,87430.74836
0.027240712,0.056251594,-1.247238381,64649.65492
0.024471742,0.053763491,-1.196425149,40795.70873
0.021847622,0.051269374,-1.141265488,15888.67099
0.019369152,0.048770272,-1.080594406,-10084.72621
0.017037087,0.046268318,-1.014427339,-36829.41709
0.014852137,0.04376612,-0.942985462,-64134.81441
0.012814968,0.041265437,-0.865241402,-91811.73919
0.0109262,0.03876925,-0.781432402,-119364.5171
0.009186408,0.036281604,-0.692236388,-146271.8393
0.007596123,0.033805839,-0.597122082,-171885.3011
0.00615583,0.031346748,-0.496015657,-195181.2442
0.004865966,0.028911783,-0.390376265,-216065.3683
0.003726924,0.026511306,-0.281186101,-235011.0419
0.002739052,0.024160415,-0.170319482,-252396.8797
0.001902651,0.021882787,-0.059764719,-267670.6666
0.001217975,0.019718637,0.046793614,-279314.9288
0.000685233,0.017736758,0.144550126,-284802.7263
0.000304586,0.016056376,0.227402474,-285441.4269
7.62E-05,0.014874058,0.285566135,-283921.1734
0,0.014437187,0.30697284,-283496.9832
0.985147863,0.015902291,0.196624162,8639.472307
0.982962913,0.017617025,0.184795109,7189.655888
0.980630848,0.019432793,0.172136824,5812.531073
0.978152378,0.021346258,0.158934501,4618.602848
0.975528258,0.023353929,0.145467701,3683.802204
0.972759288,0.025452466,0.132047472,3074.748234
0.96984631,0.02763852,0.118944025,2849.639606
0.966790213,0.029908287,0.106393884,2963.682041
0.963591927,0.032257896,0.094501885,3129.864319
0.960252427,0.034683209,0.083315763,3554.457865
0.956772729,0.037180105,0.072820021,4403.50615
0.953153894,0.039744495,0.062927666,5650.455418
0.949397023,0.042372072,0.053418548,7286.956664
0.945503262,0.04505864,0.044062552,9306.537495
0.941473796,0.047799992,0.034567756,11668.06875
0.937309854,0.050591822,0.024693313,14406.51413
0.933012702,0.053429769,0.014211754,17562.91519
0.92858365,0.056309278,0.002894263,21107.51758
0.924024048,0.05922591,-0.009488076,25082.74358
0.919335284,0.062175178,-0.023152226,29501.03073
0.914518786,0.065152635,-0.038304489,34321.77675
0.909576022,0.068153793,-0.055116015,39594.13822
0.904508497,0.071174298,-0.07371381,45335.66832
0.899317755,0.074209671,-0.094249295,51471.32629
0.894005377,0.077255543,-0.116761746,57977.01816
0.888572981,0.080307635,-0.141294229,64804.19081
0.883022222,0.08336174,-0.167764287,72174.13067
0.87735479,0.086413658,-0.196083271,79803.74683
0.871572413,0.089459156,-0.226240526,87640.5017
0.865676851,0.092493893,-0.258124037,95945.84293
0.8596699,0.095513662,-0.291418241,104526.9191
0.853553391,0.098514437,-0.325763707,113014.1197
0.847329185,0.101492435,-0.360871272,121196.7305
0.84099918,0.10444384,-0.396464585,129351.9949
0.834565303,0.107364901,-0.432371407,137634.6845
0.828029514,0.11025172,-0.46837227,146033.1743
0.821393805,0.113100511,-0.504224434,154376.6643
0.814660196,0.11590769,-0.539804546,162817.7385
0.807830738,0.118669846,-0.574797922,171380.0566
0.800907512,0.121383746,-0.609024043,179778.0793
0.793892626,0.124045995,-0.642369405,188087.469
0.786788218,0.126652926,-0.674538432,196476.7198
0.779596452,0.129200752,-0.705145824,204766.7058
0.772319518,0.131686446,-0.73392822,212669.4361
0.764959632,0.134108463,-0.761008998,220301.9578
0.757519037,0.136466564,-0.786740997,227971.165
0.75,0.138759091,-0.811052921,235615.6408
0.74240481,0.140979222,-0.832613371,242921.7272
0.734735781,0.143115285,-0.848555974,249470.9322
0.72699525,0.145155703,-0.856414081,254506.7515
0.719185573,0.147107978,-0.857171961,257235.8986
0.711309131,0.148999183,-0.855775414,258155.4499
0.703368322,0.150863767,-0.857538532,258394.1503
0.695365564,0.15272339,-0.864677627,258987.304
0.687303297,0.154578474,-0.876221109,260565.6884
0.679183975,0.15641949,-0.890452444,263071.5353
0.671010072,0.158238712,-0.906277757,265888.9792
0.662784077,0.160031624,-0.922954758,268655.9824
0.654508497,0.161794534,-0.940020582,271409.9761
0.646185852,0.163524351,-0.957310684,274379.9886
0.637818678,0.165219385,-0.974857169,277688.4917
0.629409523,0.16687896,-0.992703124,281139.287
0.620960948,0.168502249,-1.010922423,284463.024
0.612475527,0.170087851,-1.029530029,287618.8771
0.603955845,0.171634061,-1.048477815,290799.7766
0.595404498,0.173139248,-1.067703148,294162.1618
0.586824089,0.174601979,-1.087176784,297544.7265
0.578217233,0.176020924,-1.106915002,300869.1106
0.56958655,0.177394802,-1.12689138,304292.6416
0.560934672,0.178722347,-1.147070669,307951.4075
0.552264232,0.180002295,-1.167470228,311688.1969
0.543577871,0.181233385,-1.188117095,315198.1407
0.534878237,0.182414356,-1.208969638,318498.5458
0.526167978,0.183543938,-1.229980915,321815.8228
0.517449748,0.184620874,-1.251157965,325341.7016
0.508726203,0.185643957,-1.272545327,329066.9885
0.5,0.186611981,-1.294100439,332803.8128
0.491273797,0.187523807,-1.315784378,336406.3077
0.482550252,0.188378313,-1.337606897,339884.8505
0.473832022,0.189174314,-1.359581223,343372.9475
0.465121763,0.189910728,-1.381606581,346948.1661
0.456422129,0.19058649,-1.403630636,350569.9528
0.447735768,0.191200562,-1.425671284,354081.448
0.439065328,0.191751988,-1.447746366,357337.816
0.43041345,0.192239816,-1.46984046,360575.4256
0.421782767,0.192663076,-1.491857933,363986.0035
0.413175911,0.193020807,-1.51374274,367503.1561
0.404595502,0.193312134,-1.535575748,370878.2296
0.396044155,0.193536313,-1.557399076,374094.5461
0.387524473,0.193692709,-1.579164889,377227.7267
0.379039052,0.193780691,-1.600824431,380331.4769
0.370590477,0.193799545,-1.622376971,383388.5429
0.362181322,0.193748491,-1.643739064,386329.1321
0.353814148,0.193626836,-1.664826764,389062.1147
0.345491503,0.193433977,-1.685603561,391617.1352
0.337215923,0.193169387,-1.706060761,394126.7674
0.328989928,0.19283263,-1.726120585,396535.9476
0.320816025,0.192423295,-1.745601804,398704.6
0.312696703,0.191941004,-1.764482889,400562.4321
0.304634436,0.191385446,-1.782920206,402181.3341
0.296631678,0.190756389,-1.80096099,403726.7998
0.288690869,0.19005361,-1.818467824,405286.5146
0.280814427,0.189277018,-1.835290305,406579.9057
0.27300475,0.188426547,-1.851362925,407337.5119
0.265264219,0.187502048,-1.866687218,407724.2411
0.25759519,0.186503525,-1.881221486,407935.5624
0.25,0.185431072,-1.894859969,407950.2374
0.242480963,0.184284785,-1.907538776,407707.2912
0.235040368,0.183064862,-1.919223609,407149.2936
0.227680482,0.181771657,-1.929832296,406159.7801
0.220403548,0.180405345,-1.939323719,404764.708
0.213211782,0.178966181,-1.947585651,402908.8337
0.206107374,0.177454565,-1.954463807,400536.4981
0.199092488,0.175870987,-1.959850038,397679.2981
0.192169262,0.174216049,-1.96375427,394397.8567
0.185339804,0.172490539,-1.966260665,390668.9863
0.178606195,0.170695079,-1.967227903,386445.7646
0.171970486,0.168830262,-1.966421286,381645.8225
0.165434697,0.166896849,-1.963779621,376199.8822
0.15900082,0.164895664,-1.959301717,370114.6103
0.152670815,0.162827551,-1.952915683,363468.3725
0.146446609,0.160693564,-1.94460173,356297.6966
0.1403301,0.158494791,-1.934238099,348475.809
0.134323149,0.156232156,-1.921680974,339887.6419
0.128427587,0.15390682,-1.906963948,330625.4136
0.12264521,0.151520015,-1.890017693,320732.397
0.116977778,0.149072831,-1.870688332,310115.1391
0.111427019,0.146566554,-1.848935116,298795.2675
0.105994623,0.144002618,-1.824708755,286771.6566
0.100682245,0.141382351,-1.797922701,273967.3825
0.095491503,0.138707195,-1.76860622,260454.0413
0.090423978,0.135978787,-1.736737508,246248.4093
0.085481214,0.133198545,-1.702157088,231266.472
0.080664716,0.13036782,-1.664760525,215564.1054
0.075975952,0.127488296,-1.624484622,199172.6104
0.07141635,0.124561649,-1.581256664,182091.8723
0.066987298,0.121589563,-1.53507728,164360.8647
0.062690146,0.118574072,-1.486062654,146001.3506
0.058526204,0.11551707,-1.434173052,127050.3586
0.054496738,0.112420215,-1.379237132,107547.2603
0.050602977,0.109285506,-1.321331051,87566.48947
0.046846106,0.106115017,-1.26046842,67166.50478
0.043227271,0.102910505,-1.19647117,46395.51404
0.039747573,0.099674115,-1.12942501,25379.40063
0.036408073,0.096408207,-1.059411819,4224.029249
0.033209787,0.093115001,-0.986433181,-16957.50688
0.03015369,0.089797016,-0.910577263,-38019.18957
0.027240712,0.086457147,-0.832082954,-58799.07011
0.024471742,0.083098101,-0.75111797,-79179.9241
0.021847622,0.079722815,-0.667780665,-98968.09954
0.019369152,0.076334839,-0.582341187,-117947.0846
0.017037087,0.072937937,-0.495057934,-135950.4656
0.014852137,0.069536367,-0.406233691,-152759.0342
0.012814968,0.066135216,-0.316252861,-168177.684
0.0109262,0.062740845,-0.225679266,-181925.7461
0.009186408,0.059361064,-0.135098915,-193846.6206
0.007596123,0.056005562,-0.045118824,-203778.4581
0.00615583,0.052687151,0.043457078,-211613.778
0.004865966,0.049423353,0.12970496,-217352.9794
0.003726924,0.04623766,0.212640012,-221196.1006
0.002739052,0.043162973,0.291253293,-223416.0903
0.001902651,0.040248347,0.36393357,-223991.8343
0.001217975,0.037565153,0.428878793,-223168.8513
0.000685233,0.035215556,0.483970433,-221298.0816
0.000304586,0.033339792,0.526711349,-218910.6312
7.62E-05,0.032108248,0.55411488,-216993.5223
0,0.031676022,0.563604483,-216473.1777
