x,y,cp,dun
0.985147863,0.003632655,0.13663471,143660.4517
0.982962913,0.004006751,0.130532793,145731.1349
0.980630848,0.00440513,0.124160522,147835.1816
0.978152378,0.004827411,0.117559343,149480.0211
0.975528258,0.005273071,0.11077229,151206.319
0.972759288,0.00574156,0.103722363,152768.2822
0.96984631,0.006232411,0.096528173,154481.4591
0.966790213,0.006745171,0.089174613,155815.7232
0.963591927,0.007279392,0.081558077,157092.4022
0.960252427,0.007834739,0.073740744,158647.1326
0.956772729,0.008410933,0.065812142,159824.0265
0.953153894,0.009007603,0.057499046,161453.2299
0.949397023,0.009624154,0.04912236,163214.2046
0.945503262,0.010259841,0.040622578,164441.744
0.941473796,0.010913984,0.031865004,166010.9184
0.937309854,0.011586105,0.023058022,167647.181
0.933012702,0.012275814,0.014087372,169262.6229
0.92858365,0.012982673,0.005002013,171117.3796
0.924024048,0.013706161,-0.004200593,173077.3849
0.919335284,0.014445708,-0.013472283,174707.2442
0.914518786,0.015200704,-0.022957388,176293.226
0.909576022,0.015970428,-0.032497046,178220.36
0.904508497,0.016754093,-0.04209194,180309.4659
0.899317755,0.017551011,-0.051706087,181935.5201
0.894005377,0.0183607,-0.061439396,183803.5522
0.888572981,0.019182803,-0.071181197,185684.0505
0.883022222,0.020016851,-0.081060251,187655.2665
0.87735479,0.020862132,-0.09100853,189487.5304
0.871572413,0.021717868,-0.101010369,191477.327
0.865676851,0.022583314,-0.110982248,193168.5478
0.8596699,0.023457828,-0.1210364,194854.785
0.853553391,0.024340821,-0.131141427,196883.7912
0.847329185,0.02523168,-0.141296117,198847.1394
0.84099918,0.026129795,-0.151492469,200748.7946
0.834565303,0.027034557,-0.161668433,202399.7124
0.828029514,0.027945321,-0.171942112,204120.3503
0.821393805,0.028861388,-0.182267127,206090.5132
0.814660196,0.029782057,-0.192536853,207847.3319
0.807830738,0.030706645,-0.20286809,209382.7726
0.800907512,0.031634582,-0.213244133,211031.6849
0.793892626,0.032565331,-0.223714375,212994.8866
0.786788218,0.033498305,-0.234202256,214683.6826
0.779596452,0.034432822,-0.244755772,216124.3922
0.772319518,0.035368177,-0.255364376,217847.9264
0.764959632,0.036303685,-0.266021779,219631.4412
0.757519037,0.037238668,-0.276791093,221521.0503
0.75,0.038172472,-0.287533446,223353.7434
0.74240481,0.039104443,-0.298319425,224821.8834
0.734735781,0.040033934,-0.309208657,226262.7935
0.72699525,0.040960314,-0.320152681,227908.2296
0.719185573,0.04188296,-0.331163679,229720.3808
0.711309131,0.042801323,-0.34221353,231443.0506
0.703368322,0.043714874,-0.35339262,233124.7029
0.695365564,0.044623021,-0.36472952,235055.2451
0.687303297,0.045525019,-0.376069028,236837.3522
0.679183975,0.046420071,-0.387485918,238268.8998
0.671010072,0.047307466,-0.399056302,239708.3175
0.662784077,0.048186621,-0.410693054,241301.0525
0.654508497,0.049057016,-0.422413585,242943.6318
0.646185852,0.049918102,-0.434298238,244779.4894
0.637818678,0.050769259,-0.446276988,246811.1011
0.629409523,0.051609849,-0.458326829,248531.0143
0.620960948,0.052439244,-0.470541515,250018.276
0.612475527,0.053256745,-0.48293166,251752.9027
0.603955845,0.054061653,-0.495405298,253665.3748
0.595404498,0.054853329,-0.507973349,255412.8735
0.586824089,0.055631205,-0.520728622,257025.5069
0.578217233,0.056394771,-0.533655897,258795.561
0.56958655,0.057143512,-0.546703885,260759.235
0.560934672,0.057876862,-0.559893763,262546.4178
0.552264232,0.058594293,-0.573317323,264087.1629
0.543577871,0.059295192,-0.58699332,265703.6858
0.534878237,0.059978825,-0.600848071,267647.9587
0.526167978,0.060644425,-0.614828029,269773.7361
0.517449748,0.061291321,-0.628967667,271738.3699
0.508726203,0.061919101,-0.643300435,273436.7153
0.5,0.062527453,-0.657879857,275085.337
0.491273797,0.063115945,-0.672731044,276925.5207
0.482550252,0.063683942,-0.687847282,279008.6605
0.473832022,0.064230727,-0.703210508,281155.1508
0.465121763,0.064755683,-0.718798865,283108.9766
0.456422129,0.065258366,-0.734627465,284933.6901
0.447735768,0.065738408,-0.750767464,286882.3909
0.439065328,0.066195375,-0.767253332,289010.2234
0.43041345,0.066628711,-0.78406606,291151.4066
0.421782767,0.06703782,-0.80119411,293217.806
0.413175911,0.067422197,-0.818673331,295371.9104
0.404595502,0.067781466,-0.836551961,297682.9525
0.396044155,0.068115312,-0.854828665,299834.5671
0.387524473,0.068423426,-0.873548577,301795.5288
0.379039052,0.068705485,-0.89282184,303937.4285
0.370590477,0.068961166,-0.912721947,306403.927
0.362181322,0.069190078,-0.933221717,308818.2984
0.353814148,0.069391478,-0.954296375,311178.1622
0.345491503,0.069564493,-0.975880926,313703.8367
0.337215923,0.069708969,-0.998106751,316288.5028
0.328989928,0.069825862,-1.021664891,318865.8984
0.320816025,0.069916829,-1.047471923,321801.5882
0.312696703,0.069981792,-1.075709741,325398.9757
0.304634436,0.070015171,-1.105584906,329405.384
0.296631678,0.070010203,-1.135962613,333491.8946
0.288690869,0.069961371,-1.165939355,337435.8371
0.280814427,0.069865661,-1.195051371,341258.3021
0.27300475,0.06972117,-1.223052568,344937.6572
0.265264219,0.069526603,-1.249775971,348244.514
0.25759519,0.069282348,-1.275357183,351139.8887
0.25,0.068989616,-1.300300956,353959.4661
0.242480963,0.068649525,-1.324984421,356817.2325
0.235040368,0.06826278,-1.349421599,359579.4379
0.227680482,0.067829987,-1.373595339,362128.972
0.220403548,0.067351865,-1.397549713,364529.552
0.213211782,0.066829223,-1.421382285,366901.0764
0.206107374,0.06626297,-1.445174272,369166.7702
0.199092488,0.065654069,-1.468983041,371285.5658
0.192169262,0.06500333,-1.492853954,373400.993
0.185339804,0.06431149,-1.516765366,375438.1901
0.178606195,0.06357945,-1.540691966,377211.1244
0.171970486,0.062808251,-1.564708838,378908.8641
0.165434697,0.061999085,-1.588930636,380639.7529
0.15900082,0.061153218,-1.613464149,382150.7566
0.152670815,0.060271717,-1.638374236,383498.5186
0.146446609,0.059355473,-1.663665074,384831.5472
0.1403301,0.058405549,-1.689320394,386034.0655
0.134323149,0.057423067,-1.715393859,387189.2448
0.128427587,0.056409221,-1.741982854,388168.9085
0.12264521,0.055365366,-1.769274172,389004.366
0.116977778,0.054292722,-1.797311986,389754.3491
0.111427019,0.053192377,-1.826102924,390340.4225
0.105994623,0.052065622,-1.855804556,390841.7201
0.100682245,0.050913711,-1.88646221,391195.7494
0.095491503,0.049737871,-1.918170761,391319.4082
0.090423978,0.048539535,-1.951227932,391347.4592
0.085481214,0.04732006,-1.98575573,391216.5651
0.080664716,0.046080521,-2.021779556,390836.7927
0.075975952,0.044822326,-2.059615422,390287.2921
0.07141635,0.043546765,-2.099414162,389477.1178
0.066987298,0.042254832,-2.141127268,388430.6227
0.062690146,0.04094785,-2.185078764,387066.2973
0.058526204,0.039627224,-2.231534262,385306.5673
0.054496738,0.038294015,-2.280556824,383157.9891
0.050602977,0.036949757,-2.332963767,380607.0896
0.046846106,0.035595931,-2.389235741,377623.5878
0.043227271,0.034233132,-2.448873441,373948.1453
0.039747573,0.032862564,-2.512456092,369490.5163
0.036408073,0.031485721,-2.580641379,364217.5122
0.033209787,0.030103433,-2.653117998,357844.4559
0.03015369,0.028717328,-2.731894427,350320.4191
0.027240712,0.027329177,-2.818539699,341508.3701
0.024471742,0.02593885,-2.910834394,330601.8107
0.021847622,0.024547264,-3.009772963,317236.4701
0.019369152,0.023156115,-3.116935708,301100.719
0.017037087,0.021765654,-3.229693776,281039.3609
0.014852137,0.020377597,-3.352144466,256467.9415
0.012814968,0.018994434,-3.489692027,226677.93
0.0109262,0.017615014,-3.631505857,189056.5635
0.009186408,0.016239891,-3.776300852,142092.2495
0.007596123,0.014872003,-3.933502422,85817.19213
0.00615583,0.013510423,-4.063843657,16673.8104
0.004865966,0.012156816,-4.190004186,-70995.43161
0.003726924,0.010816281,-4.279174217,-172775.4537
0.002739052,0.009487844,-4.225768269,-282712.6618
0.001902651,0.008172415,-4.078311909,-392329.8383
0.001217975,0.006877431,-3.857141538,-493758.0205
0.000685233,0.005612931,-3.565744213,-581586.349
0.000304586,0.004434273,-3.227282085,-641365.2127
7.62E-05,0.003355601,-2.851663255,-652645.9542
0,0.00293498,-2.696632438,-643805.9292
0.985147863,0.006461777,0.250542624,73438.39047
0.982962913,0.007091788,0.246874819,75275.65753
0.980630848,0.007762156,0.242907788,77069.67206
0.978152378,0.008472231,0.23861864,78988.09442
0.975528258,0.009221346,0.233984594,80870.08193
0.972759288,0.010008852,0.228920334,82867.88879
0.96984631,0.010834175,0.223485356,85272.13363
0.966790213,0.011696733,0.217655627,87619.7364
0.963591927,0.012595923,0.211370187,90003.14501
0.960252427,0.01353093,0.204650119,92521.96463
0.956772729,0.014500854,0.197488397,95143.1923
0.953153894,0.015504786,0.189877225,98039.44555
0.949397023,0.016541863,0.181911648,101008.3462
0.945503262,0.017611205,0.173497622,103747.8109
0.941473796,0.018711953,0.164660844,106758.4821
0.937309854,0.019843287,0.15544905,109718.1952
0.933012702,0.021004428,0.14582862,112571.7283
0.92858365,0.022194488,0.135840207,115504.1991
0.924024048,0.023412531,0.125446655,118325.7869
0.919335284,0.024657516,0.114714654,121404.326
0.914518786,0.025928438,0.103621522,124403.4728
0.909576022,0.027224276,0.092260496,127228.9196
0.904508497,0.02854403,0.080493654,130058.1096
0.899317755,0.029886726,0.0684476,133171.131
0.894005377,0.031251467,0.056126158,135989.4349
0.888572981,0.032637398,0.043483139,138846.7605
0.883022222,0.034043591,0.030542227,141921.6116
0.87735479,0.035468864,0.017397799,144899.4322
0.871572413,0.036912038,0.003989996,147822.8923
0.865676851,0.038371995,-0.009631692,150681.2786
0.8596699,0.0398478,-0.023467825,153570.677
0.853553391,0.041338544,-0.03746557,156639.218
0.847329185,0.042843295,-0.051625832,159376.4455
0.84099918,0.044360893,-0.066008588,162012.8016
0.834565303,0.045890222,-0.0805448,165004.7113
0.828029514,0.047430155,-0.095228111,168056.3081
0.821393805,0.048979682,-0.110035112,170968.1251
0.814660196,0.050537829,-0.124960083,173618.9616
0.807830738,0.052103584,-0.140025693,176212.6868
0.800907512,0.053675933,-0.155212951,178936.5311
0.793892626,0.05525387,-0.170578287,181808.5733
0.786788218,0.056836337,-0.186043925,184807.7821
0.779596452,0.058422221,-0.201566735,187431.3002
0.772319518,0.060010377,-0.217235599,189883.6944
0.764959632,0.061599722,-0.233030194,192641.074
0.757519037,0.063189253,-0.24888679,195198.3827
0.75,0.064777954,-0.264898383,197592.1876
0.74240481,0.066364795,-0.281046798,200320.759
0.734735781,0.067948726,-0.297266813,203086.5639
0.72699525,0.069528659,-0.313660158,205656.3188
0.719185573,0.071103523,-0.330245767,208384.8456
0.711309131,0.072672247,-0.346885165,211039.0089
0.703368322,0.074233759,-0.363638329,213551.8036
0.695365564,0.075786983,-0.380585823,216295.7131
0.687303297,0.077330827,-0.397658304,219009.3412
0.679183975,0.078864203,-0.414849301,221379.4698
0.671010072,0.080386081,-0.432242166,223921.712
0.662784077,0.081895496,-0.449825479,226766.1336
0.654508497,0.08339153,-0.46756877,229416.4442
0.646185852,0.084873147,-0.48550282,231795.2182
0.637818678,0.086339059,-0.503663293,234216.6172
0.629409523,0.08778794,-0.522025853,236837.1307
0.620960948,0.089218637,-0.540556209,239651.3438
0.612475527,0.090630194,-0.559270929,242532.9972
0.603955845,0.092021738,-0.578221627,245283.3467
0.595404498,0.093392292,-0.597430804,247976.4495
0.586824089,0.094740685,-0.616860031,250791.0367
0.578217233,0.096065692,-0.636514649,253714.5206
0.56958655,0.097366186,-0.656412463,256567.3272
0.560934672,0.098641141,-0.67656967,259255.1046
0.552264232,0.099889556,-0.697009269,261925.8297
0.543577871,0.101110418,-0.717741351,264797.4451
0.534878237,0.102302595,-0.738786663,267826.6014
0.526167978,0.103464976,-0.760108694,271000.6906
0.517449748,0.104596484,-0.781685547,274159.1137
0.508726203,0.105696062,-0.803563879,277086.2515
0.5,0.1067627,-0.825804757,279920.4696
0.491273797,0.107795402,-0.848390672,283018.1748
0.482550252,0.108793148,-0.87130454,286278.004
0.473832022,0.10975495,-0.894566731,289468.8066
0.465121763,0.110679816,-0.918218813,292661.7992
0.456422129,0.1115667,-0.9422727,296094.3477
0.447735768,0.112414585,-0.966675976,299456.7543
0.439065328,0.113222489,-0.991451668,302609.4292
0.43041345,0.113989465,-1.016659217,305790.1916
0.421782767,0.114714609,-1.042324576,309227.708
0.413175911,0.115397029,-1.06844208,312825.8612
0.404595502,0.116035814,-1.095052301,316522.438
0.396044155,0.116630065,-1.122124799,320060.0826
0.387524473,0.117178988,-1.149650287,323342.2694
0.379039052,0.117681905,-1.177734567,326651.0592
0.370590477,0.118138197,-1.206536266,330344.3713
0.362181322,0.118547158,-1.236042086,334194.2313
0.353814148,0.118907726,-1.266174296,337915.5674
0.345491503,0.119218728,-1.29681945,341523.8088
0.337215923,0.119479551,-1.32814616,345178.7818
0.328989928,0.119690647,-1.360894254,349013.5733
0.320816025,0.11985299,-1.396036081,353319.6963
0.312696703,0.119965769,-1.433648765,358133.9465
0.304634436,0.120024392,-1.472865369,363058.0423
0.296631678,0.120022624,-1.512519839,367849.5253
0.288690869,0.119955629,-1.551735446,372651.6745
0.280814427,0.119820662,-1.589999602,377459.6054
0.27300475,0.119615827,-1.626905723,382112.8507
0.265264219,0.119339827,-1.662216778,386377.1494
0.25759519,0.118992756,-1.696007414,390071.8537
0.25,0.118575649,-1.728692584,393333.3049
0.242480963,0.11808947,-1.760752343,396468.9589
0.235040368,0.117534939,-1.792336289,399435.0976
0.227680482,0.116912633,-1.823396289,402151.2568
0.220403548,0.116223281,-1.85395125,404590.1248
0.213211782,0.115467468,-1.883980703,406737.2547
0.206107374,0.11464573,-1.91341964,408678.5655
0.199092488,0.113758764,-1.942190998,410407.0868
0.192169262,0.112807433,-1.970264517,411754.9753
0.185339804,0.111792745,-1.997762986,412785.0772
0.178606195,0.11071589,-2.024810581,413608.3197
0.171970486,0.10957793,-2.051380564,414111.9654
0.165434697,0.108379674,-2.077393109,414200.7768
0.15900082,0.107122094,-2.102731271,413863.0824
0.152670815,0.105806282,-2.127259647,413113.4558
0.146446609,0.104433374,-2.150961953,411933.4415
0.1403301,0.103004706,-2.173957378,410310.7528
0.134323149,0.101521662,-2.196281453,408253.351
0.128427587,0.099985432,-2.217810598,405703.3509
0.12264521,0.098397301,-2.238528535,402627.4027
0.116977778,0.09675873,-2.258488501,399045.8742
0.111427019,0.095070944,-2.277505485,394831.3058
0.105994623,0.093335283,-2.295511775,389967.2467
0.100682245,0.09155332,-2.312550394,384500.8991
0.095491503,0.089726391,-2.328423918,378310.7452
0.090423978,0.087855867,-2.343047503,371341.6232
0.085481214,0.085943429,-2.356461863,363593.1107
0.080664716,0.083990515,-2.368427135,355022.8126
0.075975952,0.08199846,-2.378714384,345473.2719
0.07141635,0.079969033,-2.3874073,334923.635
0.066987298,0.077903792,-2.39422777,323344.4878
0.062690146,0.075804102,-2.398897922,310663.1326
0.058526204,0.073671893,-2.401713502,296796.9876
0.054496738,0.071508725,-2.402197139,281648.5322
0.050602977,0.069315713,-2.399496495,265076.2677
0.046846106,0.067094547,-2.393766233,247066.5081
0.043227271,0.064846998,-2.384565375,227516.1724
0.039747573,0.062574367,-2.37115636,206285.9358
0.036408073,0.060278701,-2.353956968,183450.7237
0.033209787,0.057961995,-2.332732922,158906.5202
0.03015369,0.055625108,-2.30588763,132419.7794
0.027240712,0.053269596,-2.273090232,104043.7189
0.024471742,0.050897446,-2.234153544,73868.98525
0.021847622,0.048509822,-2.187526384,41805.92622
0.019369152,0.046108549,-2.133077586,8068.682479
0.017037087,0.043696163,-2.071113224,-27097.67949
0.014852137,0.04127392,-1.999875184,-63643.30587
0.012814968,0.038843519,-1.918556365,-101139.0431
0.0109262,0.036407854,-1.827667766,-139020.1655
0.009186408,0.033969124,-1.72624927,-176814.303
0.007596123,0.031530028,-1.613571796,-213661.9206
0.00615583,0.029094802,-1.490441332,-248466.5242
0.004865966,0.026668804,-1.358012983,-280080.4451
0.003726924,0.024258989,-1.216526816,-307266.8383
0.002739052,0.021875679,-1.067308424,-329663.0675
0.001902651,0.019536985,-0.913879782,-347550.9512
0.001217975,0.017274154,-0.760631858,-360971.7527
0.000685233,0.015143097,-0.612089298,-370424.5003
0.000304586,0.013258051,-0.478743402,-375362.5086
7.62E-05,0.011856179,-0.379487337,-376800.7424
0,0.011312496,-0.341038657,-377550.9437
0.985147863,0.009328207,0.275835721,10035.43336
0.982962913,0.010216739,0.274598912,10953.28944
0.980630848,0.011162079,0.273235161,11978.02638
0.978152378,0.012163394,0.271745844,13106.74649
0.975528258,0.01321978,0.270125414,14322.07105
0.972759288,0.014330418,0.26836665,15626.28504
0.96984631,0.015494355,0.266473472,17063.48244
0.966790213,0.016710652,0.264429378,18532.86476
0.963591927,0.017978324,0.262164207,19950.46732
0.960252427,0.019296226,0.25946761,21541.05352
0.956772729,0.020663201,0.256631143,23441.1437
0.953153894,0.022078065,0.253441716,25450.18289
0.949397023,0.023539708,0.249810185,27608.48025
0.945503262,0.025047028,0.245780871,29954.40869
0.941473796,0.026598848,0.241400691,32500.64919
0.937309854,0.028193813,0.236681993,35225.24363
0.933012702,0.029830549,0.231642035,38231.75579
0.92858365,0.031507728,0.226243928,41322.21138
0.924024048,0.033224102,0.220441464,44547.55202
0.919335284,0.034978459,0.214156911,47809.51974
0.914518786,0.036769509,0.207341855,51107.92218
0.909576022,0.038595828,0.199949258,54492.61483
0.904508497,0.040455948,0.191951524,57957.26761
0.899317755,0.042348458,0.183302901,61486.27129
0.894005377,0.04427194,0.174010212,65282.33547
0.888572981,0.046225033,0.164068203,69183.34955
0.883022222,0.048206334,0.153442342,73013.85204
0.87735479,0.050214506,0.142119193,77111.44847
0.871572413,0.05224822,0.130130492,81335.3493
0.865676851,0.054306065,0.117439897,85631.76179
0.8596699,0.056386417,0.104111448,90236.90732
0.853553391,0.058487702,0.09012227,94560.50449
0.847329185,0.0606084,0.075428328,99001.27899
0.84099918,0.062747224,0.060091217,103764.5639
0.834565303,0.064902961,0.044041444,108371.0265
0.828029514,0.06707418,0.027354443,112790.6145
0.821393805,0.06925935,0.01015414,117104.5952
0.814660196,0.071456891,-0.007531256,121331.254
0.807830738,0.073665295,-0.025681523,125170.8622
0.800907512,0.07588321,-0.044389899,128968.314
0.793892626,0.078109242,-0.063551697,132955.1675
0.786788218,0.080341978,-0.083142244,136859.8862
0.779596452,0.082579773,-0.103175445,140814.6788
0.772319518,0.084821005,-0.123523223,144713.3329
0.764959632,0.087064159,-0.144253244,148496.2971
0.757519037,0.08930802,-0.165338988,152369.9056
0.75,0.091551366,-0.186728538,156313.055
0.74240481,0.09379274,-0.208437614,160197.2472
0.734735781,0.096030489,-0.230442399,163909.6738
0.72699525,0.098262911,-0.252763183,167633.6703
0.719185573,0.100488445,-0.275357124,171488.2161
0.711309131,0.1027057,-0.29818099,175361.4469
0.703368322,0.104913343,-0.321245718,179221.3135
0.695365564,0.107109968,-0.344586401,183076.506
0.687303297,0.109294082,-0.368232556,186836.6547
0.679183975,0.111464175,-0.392168313,190559.1237
0.671010072,0.113618741,-0.416415517,194383.7896
0.662784077,0.115756233,-0.440920448,198378.8274
0.654508497,0.117875097,-0.465670915,202338.9452
0.646185852,0.119973755,-0.49073434,206199.0465
0.637818678,0.122050648,-0.51613564,210121.7289
0.629409523,0.124104234,-0.541838474,214178.0047
0.620960948,0.12613297,-0.567837523,218236.7576
0.612475527,0.128135415,-0.594124777,222313.256
0.603955845,0.130110125,-0.620785611,226316.4131
0.595404498,0.132055547,-0.647852916,230291.9903
0.586824089,0.133970036,-0.675287139,234394.3798
0.578217233,0.135851931,-0.703054789,238627.3743
0.56958655,0.137699645,-0.731184811,242823.0832
0.560934672,0.139511762,-0.75974698,247220.8813
0.552264232,0.141286923,-0.788716218,251658.5853
0.543577871,0.143023598,-0.818104285,255843.0816
0.534878237,0.144720073,-0.847985692,259915.7431
0.526167978,0.146374652,-0.878340976,264408.1872
0.517449748,0.147985753,-0.909082945,269105.3678
0.508726203,0.149551982,-0.940246689,273747.5928
0.5,0.151072038,-0.971912414,278294.7456
0.491273797,0.152544509,-1.004102937,282831.2036
0.482550252,0.153967719,-1.036826617,287438.2202
0.473832022,0.155340035,-1.070053872,292171.6065
0.465121763,0.15665993,-1.103779507,296976.1608
0.456422129,0.157925978,-1.138034246,301795.1241
0.447735768,0.159136842,-1.172839587,306708.536
0.439065328,0.160291191,-1.208175342,311630.9114
0.43041345,0.16138761,-1.244068803,316598.7536
0.421782767,0.162424711,-1.280565617,321695.1061
0.413175911,0.163401207,-1.317673348,326852.0093
0.404595502,0.164315715,-1.35538718,331891.0252
0.396044155,0.165166944,-1.393715635,336848.2995
0.387524473,0.165953668,-1.432667288,341897.8297
0.379039052,0.166674687,-1.472249622,347130.3817
0.370590477,0.167328864,-1.512493306,352393.5694
0.362181322,0.167915047,-1.553400119,357604.8463
0.353814148,0.168432002,-1.594913439,362831.3876
0.345491503,0.168878551,-1.636996592,368163.741
0.337215923,0.169253873,-1.679852286,373528.2046
0.328989928,0.169557697,-1.724206355,378944.9119
0.320816025,0.169790241,-1.770744582,384604.9198
0.312696703,0.169950427,-1.819507462,390636.7912
0.304634436,0.170034048,-1.869621732,396844.136
0.296631678,0.170036103,-1.919951172,403039.0011
0.288690869,0.169952691,-1.969621363,409071.5248
0.280814427,0.169781434,-2.018054389,414748.2164
0.27300475,0.169520987,-2.064867713,419882.9148
0.265264219,0.169170266,-2.109919859,424587.248
0.25759519,0.168729346,-2.153184963,428866.3717
0.25,0.16819901,-2.194886873,432720.4541
0.242480963,0.167580082,-2.235434373,436199.6188
0.235040368,0.166873087,-2.275063878,439272.2184
0.227680482,0.166078345,-2.313584354,441867.9691
0.220403548,0.165196295,-2.35078354,443927.4604
0.213211782,0.164227496,-2.386540865,445481.7824
0.206107374,0.163172597,-2.420780235,446592.6065
0.199092488,0.162032446,-2.453465623,447139.4681
0.192169262,0.160807903,-2.484526245,446991.0012
0.185339804,0.159499825,-2.51391768,446243.3497
0.178606195,0.158109206,-2.541570075,444952.6855
0.171970486,0.156637117,-2.567298136,442979.2528
0.165434697,0.155084426,-2.590856837,440272.23
0.15900082,0.153452041,-2.612195861,436828.7983
0.152670815,0.151741086,-2.631107601,432515.7623
0.146446609,0.149952776,-2.647336611,427154.1744
0.1403301,0.14808849,-2.660849974,420834.7258
0.134323149,0.146149753,-2.671738463,413821.4003
0.128427587,0.144137852,-2.679855377,405967.9747
0.12264521,0.142053842,-2.684961473,396920.6622
0.116977778,0.139899028,-2.686551147,386805.4715
0.111427019,0.137674886,-2.684291829,375691.6296
0.105994623,0.13538301,-2.678418594,363512.0744
0.100682245,0.133025284,-2.669259187,350251.3317
0.095491503,0.130603483,-2.656665944,335911.3593
0.090423978,0.128118913,-2.640208405,320460.7972
0.085481214,0.125572998,-2.619583075,303872.6874
0.080664716,0.122967408,-2.59461313,286103.6357
0.075975952,0.120303841,-2.565204512,267208.7798
0.07141635,0.117584222,-2.531572781,247245.8625
0.066987298,0.114810724,-2.493876165,226226.8893
0.062690146,0.111985001,-2.451816629,204121.9921
0.058526204,0.109108612,-2.405116898,180974.2954
0.054496738,0.106183472,-2.353727479,156869.8621
0.050602977,0.103211459,-2.297515204,131849.7184
0.046846106,0.100194466,-2.236428873,106007.0089
0.043227271,0.097134712,-2.170706279,79478.57519
0.039747573,0.0940344,-2.100345997,52367.66773
0.036408073,0.090895418,-2.025152107,24762.271
0.033209787,0.087720002,-1.94527405,-3165.339094
0.03015369,0.084510476,-1.860797801,-31238.41079
0.027240712,0.081268891,-1.771573062,-59298.95578
0.024471742,0.077997528,-1.677627072,-87108.71522
0.021847622,0.074699011,-1.579119646,-114403.1801
0.019369152,0.071376133,-1.476257415,-140907.325
0.017037087,0.068031961,-1.369561829,-166387.7461
0.014852137,0.064670051,-1.259329184,-190539.4799
0.012814968,0.061294402,-1.145911121,-213052.102
0.0109262,0.057909558,-1.029787216,-233648.2223
0.009186408,0.054520818,-0.911371179,-252063.3012
0.007596123,0.051135629,-0.791633654,-267985.0117
0.00615583,0.047763842,-0.671650156,-281218.3818
0.004865966,0.044418034,-0.552192566,-291594.8871
0.003726924,0.041116229,-0.434588462,-299063.556
0.002739052,0.037885832,-0.320587179,-303735.5181
0.001902651,0.03476732,-0.211895568,-305648.6248
0.001217975,0.031824257,-0.110798906,-304787.3661
0.000685233,0.029163515,-0.021164864,-301949.8258
0.000304586,0.026955837,0.051487034,-298233.2063
7.62E-05,0.025446551,0.100154122,-295137.8071
0,0.024901653,0.117527908,-294201.7061
0.985147863,0.003974449,0.128028361,128157.0011
0.982962913,0.004396996,0.122051035,130421.1455
0.980630848,0.0048462,0.115643753,132827.3428
0.978152378,0.005321657,0.108921326,135273.4422
0.975528258,0.005823024,0.101786608,137969.7349
0.972759288,0.006349937,0.094366995,140559.446
0.96984631,0.006901835,0.086568921,143062.4782
0.966790213,0.007478065,0.078443679,145904.236
0.963591927,0.008077968,0.07011207,148518.9118
0.960252427,0.008700993,0.061524368,151246.2001
0.956772729,0.009346554,0.05263652,153715.2803
0.953153894,0.010014066,0.043480624,156252.9637
0.949397023,0.010702838,0.034203469,158865.711
0.945503262,0.011412136,0.024604455,161277.1728
0.941473796,0.012141226,0.014979452,163838.2449
0.937309854,0.012889499,0.005143761,165941.4611
0.933012702,0.013656391,-0.004864764,168178.2317
0.92858365,0.01444126,-0.015073606,170357.4417
0.924024048,0.015243359,-0.025406695,172778.5659
0.919335284,0.016061865,-0.035833363,174932.7349
0.914518786,0.01689598,-0.046361535,176892.0867
0.909576022,0.01774494,-0.057028309,178942.575
0.904508497,0.018608017,-0.067841246,181123.4132
0.899317755,0.019484409,-0.07874245,183246.9212
0.894005377,0.020373272,-0.089643625,184970.9444
0.888572981,0.02127369,-0.100718123,186918.6424
0.883022222,0.022184821,-0.111806979,189104.2644
0.87735479,0.023105948,-0.122921909,190851.8304
0.871572413,0.024036373,-0.134159944,192818.9699
0.865676851,0.024975392,-0.145393493,194821.7851
0.8596699,0.025922191,-0.156678248,196588.7554
0.853553391,0.02687592,-0.168085604,198527.9945
0.847329185,0.027835745,-0.179493657,200604.4882
0.84099918,0.028800767,-0.190896511,202326.3286
0.834565303,0.029770098,-0.202362025,203888.918
0.828029514,0.030742888,-0.21386865,205945.5825
0.821393805,0.031718375,-0.225353199,208179.489
0.814660196,0.032695821,-0.236846745,209981.6525
0.807830738,0.03367449,-0.248374229,211628.3373
0.800907512,0.034653517,-0.259979636,213288.4792
0.793892626,0.035632079,-0.271636725,215252.4302
0.786788218,0.036609327,-0.283255898,217206.4191
0.779596452,0.03758449,-0.294900338,218947.8633
0.772319518,0.038556793,-0.306587884,220805.1057
0.764959632,0.039525446,-0.318308767,222691.654
0.757519037,0.04048958,-0.330064838,224557.8782
0.75,0.041448319,-0.341892258,226491.6566
0.74240481,0.042400839,-0.3536911,228323.5484
0.734735781,0.043346447,-0.365452203,229905.616
0.72699525,0.044284484,-0.377288055,231658.1472
0.719185573,0.045214272,-0.389186522,233664.6314
0.711309131,0.046135015,-0.40115682,235732.755
0.703368322,0.047045885,-0.413144912,237935.4927
0.695365564,0.047946104,-0.425088852,239823.3461
0.687303297,0.048834954,-0.437124126,241343.6456
0.679183975,0.049711752,-0.449320512,243062.277
0.671010072,0.050575764,-0.461566878,245209.8635
0.662784077,0.051426192,-0.473767835,247351.0116
0.654508497,0.052262208,-0.48598015,249258.0295
0.646185852,0.05308306,-0.498282295,251199.4892
0.637818678,0.053888178,-0.510643875,253117.9113
0.629409523,0.054677021,-0.523059991,254745.8289
0.620960948,0.055449021,-0.535564424,256515.4463
0.612475527,0.056203445,-0.548158421,258414.4894
0.603955845,0.056939529,-0.560824224,260313.0618
0.595404498,0.05765658,-0.573565306,262408.6582
0.586824089,0.058353997,-0.586377453,264700.9729
0.578217233,0.059031248,-0.59924519,266717.0942
0.56958655,0.059687774,-0.61221025,268314.1248
0.560934672,0.060322876,-0.625318427,269933.8384
0.552264232,0.060935849,-0.638492236,271800.1489
0.543577871,0.061526047,-0.651719899,273725.3982
0.534878237,0.0620929,-0.665043186,275628.6295
0.526167978,0.062635909,-0.678443801,277630.9617
0.517449748,0.063154599,-0.691884695,279638.1542
0.508726203,0.063648449,-0.705466068,281450.4281
0.5,0.064117001,-0.71922358,283222.4981
0.491273797,0.06455977,-0.733094754,285106.1081
0.482550252,0.064976221,-0.747054159,287075.1296
0.473832022,0.065365811,-0.761136795,289071.3742
0.465121763,0.065728045,-0.7753349,291112.5254
0.456422129,0.06606253,-0.789622133,293102.552
0.447735768,0.066368906,-0.804016507,295004.6386
0.439065328,0.06664683,-0.818529281,296817.0861
0.43041345,0.066895942,-0.833184435,298635.3732
0.421782767,0.067115881,-0.848008911,300578.4599
0.413175911,0.067306318,-0.862971655,302594.1948
0.404595502,0.06746689,-0.878050162,304614.1898
0.396044155,0.067597255,-0.89326552,306637.895
0.387524473,0.067697123,-0.908653385,308616.426
0.379039052,0.06776626,-0.924221648,310538.6669
0.370590477,0.067804487,-0.93995849,312475.8087
0.362181322,0.067811643,-0.955877144,314461.2716
0.353814148,0.067787519,-0.971993651,316558.2411
0.345491503,0.067731903,-0.988275691,318716.7579
0.337215923,0.067644648,-1.004729869,320764.5063
0.328989928,0.067525637,-1.02134684,322616.6637
0.320816025,0.067374799,-1.038096578,324419.8978
0.312696703,0.067192121,-1.055021487,326390.7562
0.304634436,0.066977578,-1.072199341,328513.5324
0.296631678,0.066731212,-1.089641261,330613.8703
0.288690869,0.066453109,-1.107307942,332529.2669
0.280814427,0.066143346,-1.125224181,334424.226
0.27300475,0.065802038,-1.143435143,336473.5416
0.265264219,0.065429345,-1.161947087,338523.7762
0.25759519,0.065025382,-1.180776995,340425.8398
0.25,0.064590239,-1.199957635,342359.7716
0.242480963,0.064124097,-1.219450707,344373.6298
0.235040368,0.063627114,-1.239251775,346405.8964
0.227680482,0.063099493,-1.259382108,348418.8234
0.220403548,0.062541532,-1.279869585,350392.8985
0.213211782,0.061953599,-1.300755928,352331.0501
0.206107374,0.06133616,-1.322094645,354237.9745
0.199092488,0.060689746,-1.34392689,356112.4956
0.192169262,0.060014732,-1.366275726,357961.7294
0.185339804,0.059311437,-1.389191312,359865.318
0.178606195,0.058580288,-1.412703279,361821.2588
0.171970486,0.057821693,-1.436790174,363677.9402
0.165434697,0.057036086,-1.461486707,365457.9173
0.15900082,0.056224022,-1.48684934,367275.5544
0.152670815,0.055386071,-1.512914207,369072.5882
0.146446609,0.05452284,-1.539786076,370876.7318
0.1403301,0.053635068,-1.567556437,372697.7502
0.134323149,0.052723408,-1.596270261,374338.9783
0.128427587,0.051788479,-1.626086703,375952.2884
0.12264521,0.050831059,-1.657137026,377663.1708
0.116977778,0.049851711,-1.689405156,379305.5257
0.111427019,0.048850864,-1.722897478,380863.002
0.105994623,0.04782919,-1.757698292,382397.1445
0.100682245,0.046787417,-1.793886822,383841.0575
0.095491503,0.045726365,-1.831704208,385209.6589
0.090423978,0.044647075,-1.871526679,386541.8123
0.085481214,0.043550242,-1.913406177,387764.9024
0.080664716,0.042436287,-1.957298768,388873.4377
0.075975952,0.041305988,-2.003399883,389801.1044
0.07141635,0.040160149,-2.05186682,390612.4318
0.066987298,0.038999622,-2.103057539,391272.8951
0.062690146,0.037825639,-2.157764985,391774.9285
0.058526204,0.036638932,-2.216110508,392064.9355
0.054496738,0.035439757,-2.277976799,392060.3346
0.050602977,0.034228982,-2.343938921,391713.5002
0.046846106,0.033007314,-2.414163186,390931.0471
0.043227271,0.031775302,-2.488913102,389625.6159
0.039747573,0.030534267,-2.569678908,387803.1472
0.036408073,0.029284932,-2.65670102,385284.7286
0.033209787,0.028027433,-2.749758748,381740.8094
0.03015369,0.026763006,-2.850786159,377163.7913
0.027240712,0.025492338,-2.95997379,371235.6152
0.024471742,0.024215488,-3.07697451,363346.8088
0.021847622,0.022934034,-3.205933944,353404.1078
0.019369152,0.021648731,-3.347133597,340612.7037
0.017037087,0.020359199,-3.498898606,324678.924
0.014852137,0.019067264,-3.628921226,302061.9664
0.012814968,0.017773613,-3.770560019,276293.8106
0.0109262,0.016477036,-3.839237513,230694.2164
0.009186408,0.015179604,-4.379785899,171070.8729
0.007596123,0.01388223,-5.014425929,130390.1051
0.00615583,0.012583195,-5.142874672,65819.71198
0.004865966,0.011285321,-5.098639264,-37201.05884
0.003726924,0.009990382,-5.00032787,-155333.6266
0.002739052,0.00869596,-4.831142257,-280982.7675
0.001902651,0.007404207,-4.60639111,-405452.9228
0.001217975,0.006121186,-4.31550522,-520125.1264
0.000685233,0.004854309,-3.946800406,-618567.5941
0.000304586,0.003591421,-3.486607917,-675103.8668
7.62E-05,0.002406017,-3.006945841,-669956.5629
0,0.001698734,-2.717383434,-658778.3286
0.985147863,0.006828555,0.241664826,66878.18533
0.982962913,0.007508554,0.237772004,69004.73395
0.980630848,0.008231836,0.233508253,71250.94114
0.978152378,0.008997652,0.228837774,73599.1444
0.975528258,0.009805308,0.223802044,76129.26917
0.972759288,0.010654007,0.218403495,78694.53375
0.96984631,0.011542898,0.212642784,81185.93493
0.966790213,0.012471122,0.206462688,83668.84401
0.963591927,0.013437767,0.199876576,86392.30157
0.960252427,0.014441959,0.192897509,88988.15338
0.956772729,0.015482791,0.185433841,91569.36899
0.953153894,0.016559376,0.177561452,94232.02067
0.949397023,0.017670767,0.169143623,96798.94873
0.945503262,0.018816053,0.160276677,99597.71374
0.941473796,0.019994188,0.150901985,102341.8775
0.937309854,0.021203993,0.141096384,105203.3335
0.933012702,0.022444269,0.130767032,107772.6543
0.92858365,0.023713829,0.119984381,110698.6745
0.924024048,0.025011662,0.108750698,113799.2952
0.919335284,0.026336784,0.097097787,116784.0433
0.914518786,0.027688142,0.085045386,119812.798
0.909576022,0.029064488,0.072534052,122842.1972
0.904508497,0.030464576,0.059680407,125988.5876
0.899317755,0.031887172,0.046431531,129147.6628
0.894005377,0.033331205,0.032845957,132394.9242
0.888572981,0.034795616,0.018930626,135677.0036
0.883022222,0.036279264,0.004715346,138926.9658
0.87735479,0.037780821,-0.00983869,141941.4896
0.871572413,0.039298929,-0.024656914,145267.482
0.865676851,0.0408323,-0.039675049,148758.8771
0.8596699,0.042379774,-0.05492056,152050.7583
0.853553391,0.043940198,-0.070435231,155440.8501
0.847329185,0.045512423,-0.086065271,158570.34
0.84099918,0.047095205,-0.101918041,161590.5984
0.834565303,0.048687343,-0.117978326,165035.7731
0.828029514,0.050287621,-0.134132676,168233.6174
0.821393805,0.051894805,-0.150447854,171284.8404
0.814660196,0.053507702,-0.166912363,174558.1328
0.807830738,0.055125053,-0.183461501,177834.2475
0.800907512,0.056745619,-0.200110068,180994.4826
0.793892626,0.058368136,-0.216857543,183910.7724
0.786788218,0.059991379,-0.233756604,186845.1155
0.779596452,0.061614215,-0.25075416,190086.068
0.772319518,0.06323552,-0.26781751,193388.5013
0.764959632,0.064854124,-0.284943503,196538.6055
0.757519037,0.066468807,-0.302172924,199530.9161
0.75,0.068078359,-0.319545047,202420.4441
0.74240481,0.06968154,-0.337016641,205470.6317
0.734735781,0.071277128,-0.354526198,208482.0008
0.72699525,0.072863885,-0.372143789,211211.4116
0.719185573,0.074440634,-0.389924872,214118.9335
0.711309131,0.076006237,-0.407747018,217273.3289
0.703368322,0.077559554,-0.425641402,220372.6583
0.695365564,0.079099482,-0.443663178,223427.9636
0.687303297,0.080624923,-0.46178661,226501.7085
0.679183975,0.082134777,-0.480015176,229554.3066
0.671010072,0.08362791,-0.498367271,232443.9049
0.662784077,0.085103144,-0.516850212,235085.7647
0.654508497,0.086559289,-0.535524311,237879.8591
0.646185852,0.087995133,-0.554346976,241053.1118
0.637818678,0.089409487,-0.573255606,244146.3634
0.629409523,0.090801137,-0.592276252,247058.4507
0.620960948,0.09216898,-0.611443037,250013.4525
0.612475527,0.093512005,-0.630730129,252958.0112
0.603955845,0.094829245,-0.650143083,255758.8129
0.595404498,0.096119731,-0.6697804,258667.3069
0.586824089,0.097382317,-0.689630894,261586.1849
0.578217233,0.09861588,-0.709627879,264437.8785
0.56958655,0.099819292,-0.729812993,267509.9676
0.560934672,0.100991412,-0.750198313,270806.9699
0.552264232,0.102131118,-0.770716668,273938.8616
0.543577871,0.103237355,-0.791369561,276801.2967
0.534878237,0.104309186,-0.812204662,279536.3272
0.526167978,0.105345773,-0.833239305,282345.339
0.517449748,0.10634618,-0.854522094,285413.8988
0.508726203,0.10730931,-0.876060913,288710.89
0.5,0.108234001,-0.897762512,291973.1238
0.491273797,0.109119206,-0.919585413,295113.3706
0.482550252,0.10996408,-0.941594951,298192.2849
0.473832022,0.110767899,-0.96384641,301220.5816
0.465121763,0.111529876,-0.986359693,304294.7771
0.456422129,0.112249066,-1.009127389,307567.0036
0.447735768,0.112924486,-1.032095398,310831.9726
0.439065328,0.113555205,-1.055275445,313960.1973
0.43041345,0.114140368,-1.078661169,317096.639
0.421782767,0.114679178,-1.102211808,320340.3876
0.413175911,0.115170906,-1.125910985,323576.5478
0.404595502,0.115614926,-1.149815625,326818.9187
0.396044155,0.116010698,-1.173968473,330036.0234
0.387524473,0.116357655,-1.19835114,333187.6025
0.379039052,0.116655049,-1.222925654,336387.7829
0.370590477,0.116901989,-1.247684485,339773.4224
0.362181322,0.117097736,-1.2726436,343098.8228
0.353814148,0.117241781,-1.29782395,346319.6477
0.345491503,0.117333799,-1.323197308,349565.8007
0.337215923,0.117373481,-1.348732608,352805.0616
0.328989928,0.11736041,-1.374450661,355868.3029
0.320816025,0.117294071,-1.400385548,358866.8645
0.312696703,0.117174067,-1.426486123,361861.2793
0.304634436,0.117000078,-1.452757478,364808.4689
0.296631678,0.116771889,-1.479158935,367737.8346
0.288690869,0.116489362,-1.505614892,370695.4852
0.280814427,0.116152323,-1.532173956,373586.7488
0.27300475,0.115760561,-1.558942938,376395.2997
0.265264219,0.115313997,-1.585862522,379103.8067
0.25759519,0.114812545,-1.612905939,381718.1624
0.25,0.114256155,-1.640082504,384262.811
0.242480963,0.113644883,-1.667351508,386694.7569
0.235040368,0.112978814,-1.694661133,388923.0604
0.227680482,0.112258019,-1.722015585,391029.4191
0.220403548,0.111482717,-1.749403798,393059.857
0.213211782,0.110653201,-1.776821315,394999.943
0.206107374,0.109769849,-1.80432457,396837.9902
0.199092488,0.108833168,-1.83198317,398540.0262
0.192169262,0.107843545,-1.859772719,400038.4385
0.185339804,0.106801122,-1.887561005,401286.9168
0.178606195,0.105706206,-1.915218807,402261.8988
0.171970486,0.104559293,-1.942696664,402966.3762
0.165434697,0.103361026,-1.970039268,403433.5677
0.15900082,0.102112288,-1.997386115,403692.8467
0.152670815,0.100813822,-2.024738276,403680.9899
0.146446609,0.099466128,-2.051977709,403321.3365
0.1403301,0.098069875,-2.079035849,402533.2526
0.134323149,0.096625819,-2.105857125,401403.8979
0.128427587,0.095134656,-2.132374416,399979.0195
0.12264521,0.093597327,-2.158591186,398048.9583
0.116977778,0.092014839,-2.184483208,395585.5893
0.111427019,0.090388002,-2.209955453,392673.9636
0.105994623,0.088717873,-2.235039525,389209.8468
0.100682245,0.087005575,-2.259729714,385127.6654
0.095491503,0.08525188,-2.283815634,380385.2083
0.090423978,0.083457795,-2.307224752,374953.6118
0.085481214,0.081624495,-2.329833662,368727.2385
0.080664716,0.079752857,-2.351379017,361649.0244
0.075975952,0.077844037,-2.371860695,353700.7602
0.07141635,0.07589937,-2.391200048,344752.4213
0.066987298,0.073919739,-2.408905633,334688.2067
0.062690146,0.071906258,-2.424867286,323449.1448
0.058526204,0.069860377,-2.43902794,310928.8605
0.054496738,0.067782995,-2.450666372,296972.3335
0.050602977,0.065675318,-2.459722846,281543.4002
0.046846106,0.063538941,-2.46620787,264575.171
0.043227271,0.061374638,-2.468986649,245768.0733
0.039747573,0.059183387,-2.467485132,225061.845
0.036408073,0.056966799,-2.461664303,202431.0349
0.033209787,0.054725687,-2.450239717,177647.2529
0.03015369,0.052461142,-2.432635651,150674.1838
0.027240712,0.050174945,-2.408963724,121564.8172
0.024471742,0.047867896,-2.377529418,90141.45733
0.021847622,0.045540873,-2.337271175,56446.56291
0.019369152,0.043195659,-2.288383345,20726.64183
0.017037087,0.040833134,-2.229171113,-16968.58317
0.014852137,0.038454152,-2.158437652,-56328.42484
0.012814968,0.036060584,-2.076541863,-96799.64246
0.0109262,0.033653676,-1.98243042,-137950.1721
0.009186408,0.03123444,-1.874988886,-179049.3434
0.007596123,0.028804913,-1.754681059,-219041.29
0.00615583,0.02636719,-1.621778057,-256782.4376
0.004865966,0.023923324,-1.476725298,-290861.7192
0.003726924,0.02147598,-1.319545971,-319901.1264
0.002739052,0.019030754,-1.152955582,-343534.2933
0.001902651,0.016596391,-0.980213281,-361673.3243
0.001217975,0.014185625,-0.802376084,-374998.6351
0.000685233,0.011829654,-0.62565647,-382942.5876
0.000304586,0.009608155,-0.459696988,-385027.8015
7.62E-05,0.007745114,-0.320986602,-382709.6668
0,0.006912997,-0.259804532,-380745.2404
0.985147863,0.009735885,0.263203633,4930.318023
0.982962913,0.010677512,0.262053612,5735.382584
0.980630848,0.011679071,0.260785539,6650.478627
0.978152378,0.012739555,0.259381357,7677.789501
0.975528258,0.013857801,0.257828346,8818.161497
0.972759288,0.015032723,0.256109763,10059.34758
0.96984631,0.016263295,0.254204881,11400.39765
0.966790213,0.017548534,0.252111729,12869.57846
0.963591927,0.018887364,0.249807976,14448.57695
0.960252427,0.02027843,0.247314332,16199.09041
0.956772729,0.021720418,0.244609735,18044.14287
0.953153894,0.023211856,0.241690515,20033.93191
0.949397023,0.024751441,0.238497464,22044.18045
0.945503262,0.026337737,0.234896018,24067.25971
0.941473796,0.027969365,0.230786417,26436.52553
0.937309854,0.029645033,0.226405175,29076.30373
0.933012702,0.031363375,0.221446469,31889.54251
0.92858365,0.033122962,0.215876507,34972.46933
0.924024048,0.034922093,0.209772858,38383.09735
0.919335284,0.036759099,0.203144368,41902.94026
0.914518786,0.038632309,0.19598235,45581.60924
0.909576022,0.040540386,0.188272511,49542.71491
0.904508497,0.042481869,0.179975971,53598.12294
0.899317755,0.044455278,0.171039023,57833.85181
0.894005377,0.046458889,0.161402475,62090.09237
0.888572981,0.048490987,0.151007153,66385.10481
0.883022222,0.050549911,0.139838592,70797.01754
0.87735479,0.052634115,0.127861088,75234.89089
0.871572413,0.054742053,0.115066486,79777.21008
0.865676851,0.056872148,0.101451324,84545.78956
0.8596699,0.059022775,0.08706069,89515.13317
0.853553391,0.061192313,0.071877567,94279.82668
0.847329185,0.06337909,0.055905398,99020.61896
0.84099918,0.065581439,0.039160813,104143.919
0.834565303,0.067797625,0.021665673,109448.1514
0.828029514,0.070026043,0.003389814,114421.4464
0.821393805,0.072265122,-0.015540082,119150.4475
0.814660196,0.074513291,-0.034925704,123636.5213
0.807830738,0.076768965,-0.054841191,127987.0645
0.800907512,0.079030485,-0.075273785,132293.446
0.793892626,0.081296258,-0.096193517,136382.0646
0.786788218,0.083564647,-0.117599623,140524.4144
0.779596452,0.085834034,-0.139413773,144882.0024
0.772319518,0.088102838,-0.161579676,149241.3872
0.764959632,0.090369452,-0.184106599,153453.8239
0.757519037,0.09263221,-0.206965081,157576.8128
0.75,0.09488945,-0.230081366,161766.963
0.74240481,0.097139608,-0.253463047,165960.6167
0.734735781,0.099381193,-0.277109844,169996.4673
0.72699525,0.101612731,-0.301051235,174055.5037
0.719185573,0.103832677,-0.325235441,178261.5725
0.711309131,0.106039357,-0.349601156,182361.5482
0.703368322,0.108231078,-0.374178935,186325.0147
0.695365564,0.110406246,-0.398994416,190377.5247
0.687303297,0.112563317,-0.424023774,194571.832
0.679183975,0.114700758,-0.44926874,198814.9516
0.671010072,0.11681708,-0.474740681,203072.9448
0.662784077,0.118910797,-0.50040311,207241.5164
0.654508497,0.120980439,-0.526316875,211397.66
0.646185852,0.123024464,-0.552512046,215591.8934
0.637818678,0.125041161,-0.578936664,219767.5269
0.629409523,0.12702883,-0.605560951,223953.8473
0.620960948,0.12898594,-0.632419788,228243.1503
0.612475527,0.130911046,-0.659537803,232525.3238
0.603955845,0.132802819,-0.686965446,236737.2739
0.595404498,0.134659819,-0.714669412,240943.0069
0.586824089,0.136480422,-0.742640111,245247.7032
0.578217233,0.138262947,-0.77090623,249722.1179
0.56958655,0.140005821,-0.799457623,254266.2909
0.560934672,0.141707634,-0.828260583,258507.2148
0.552264232,0.14336704,-0.857406729,262706.5087
0.543577871,0.144982631,-0.886951838,267286.9976
0.534878237,0.146552907,-0.916825812,272036.664
0.526167978,0.148076331,-0.94693852,276269.3864
0.517449748,0.149551415,-0.977407899,280483.0621
0.508726203,0.150976749,-1.008273342,285162.2094
0.5,0.152350996,-1.039464287,290098.8917
0.491273797,0.153672815,-1.070938717,294837.1525
0.482550252,0.154940782,-1.102791019,299535.0493
0.473832022,0.156153499,-1.134987236,304254.765
0.465121763,0.15730966,-1.167501588,308969.3185
0.456422129,0.158408054,-1.200364985,313664.5759
0.447735768,0.159447551,-1.233628214,318396.6785
0.439065328,0.160427044,-1.267311414,323257.4923
0.43041345,0.161345169,-1.30140301,328152.1693
0.421782767,0.162200511,-1.335844718,332945.649
0.413175911,0.162991809,-1.370551969,337644.2827
0.404595502,0.163717953,-1.405491294,342405.7002
0.396044155,0.164377996,-1.440716055,347287.5292
0.387524473,0.164971028,-1.4762801,352229.6451
0.379039052,0.165496058,-1.51213908,357131.2327
0.370590477,0.165951996,-1.548138485,361960.7932
0.362181322,0.166337901,-1.58433269,366793.5163
0.353814148,0.166652893,-1.620833689,371598.9287
0.345491503,0.166896163,-1.657655346,376255.7674
0.337215923,0.167067016,-1.694688886,380744.7387
0.328989928,0.167164713,-1.731921478,385230.2219
0.320816025,0.167188498,-1.769284462,389819.3093
0.312696703,0.167137696,-1.806686325,394372.2156
0.304634436,0.167011765,-1.844116068,398600.1778
0.296631678,0.166810227,-1.881618912,402631.9593
0.288690869,0.166532748,-1.919216413,406647.2915
0.280814427,0.166178882,-1.956735408,410568.6492
0.27300475,0.165748015,-1.993876686,414161.774
0.265264219,0.165239696,-2.030593391,417507.1616
0.25759519,0.164653693,-2.067036294,420723.4706
0.25,0.163990028,-2.103250596,423744.7176
0.242480963,0.163248884,-2.139181518,426412.9742
0.235040368,0.162430356,-2.174807966,428707.4444
0.227680482,0.161534209,-2.209955533,430724.13
0.220403548,0.160560308,-2.244390735,432451.2147
0.213211782,0.159508726,-2.277940998,433782.4654
0.206107374,0.158379706,-2.310549786,434633.2155
0.199092488,0.157173649,-2.342227773,435013.6446
0.192169262,0.155891078,-2.372910862,434955.1382
0.185339804,0.154532334,-2.402481136,434438.4307
0.178606195,0.1530979,-2.430838358,433409.6096
0.171970486,0.151588374,-2.457809832,431800.1422
0.165434697,0.150004181,-2.483080685,429520.8613
0.15900082,0.148345822,-2.506444653,426449.3669
0.152670815,0.146614022,-2.527777185,422493.482
0.146446609,0.144809595,-2.546931806,417716.7163
0.1403301,0.142933582,-2.563902742,412256.6247
0.134323149,0.140987097,-2.578643895,406011.7196
0.128427587,0.138970958,-2.590777903,398677.4598
0.12264521,0.136885853,-2.599994379,390307.5097
0.116977778,0.134732792,-2.606300596,381051.2999
0.111427019,0.132512862,-2.60919363,370774.6532
0.105994623,0.130227333,-2.608415077,359388.8703
0.100682245,0.127877676,-2.604232246,346897.0496
0.095491503,0.125465146,-2.596570364,333280.1389
0.090423978,0.122990858,-2.585038043,318495.403
0.085481214,0.120456178,-2.569477943,302518.038
0.080664716,0.117862445,-2.549641956,285340.2292
0.075975952,0.115210864,-2.52528495,266938.4813
0.07141635,0.112502952,-2.496355337,247306.9174
0.066987298,0.109740226,-2.462679735,226499.2223
0.062690146,0.106924053,-2.42408405,204551.708
0.058526204,0.104056143,-2.380628831,181487.2104
0.054496738,0.101138169,-2.332202812,157364.5198
0.050602977,0.098171565,-2.278649554,132235.2356
0.046846106,0.095158095,-2.220129769,106205.6688
0.043227271,0.092099425,-2.156510086,79355.57622
0.039747573,0.088996813,-2.087424316,51753.03871
0.036408073,0.085851762,-2.01279537,23572.00691
0.033209787,0.082665956,-1.932677255,-4992.872972
0.03015369,0.079441067,-1.847087905,-33743.59864
0.027240712,0.076178957,-1.756267058,-62446.71337
0.024471742,0.072881641,-1.66043774,-90858.17068
0.021847622,0.069550842,-1.559587131,-118734.6655
0.019369152,0.066188352,-1.453840881,-145801.0622
0.017037087,0.062796168,-1.343866043,-171735.3792
0.014852137,0.059376287,-1.229757945,-196244.5308
0.012814968,0.055930662,-1.111663649,-218987.7912
0.0109262,0.05246154,-0.99005855,-239587.4733
0.009186408,0.04897252,-0.866037972,-257741.6102
0.007596123,0.045467568,-0.740325707,-273181.9266
0.00615583,0.041951158,-0.613587067,-285639.3575
0.004865966,0.038430234,-0.487078955,-294969.3117
0.003726924,0.034913688,-0.361805782,-301130.8488
0.002739052,0.031413608,-0.238447264,-304088.9358
0.001902651,0.027953385,-0.119050435,-303589.681
0.001217975,0.024574296,-0.005665681,-299867.7322
0.000685233,0.021352743,0.099103326,-293557.0531
0.000304586,0.018453567,0.190205209,-285837.9592
7.62E-05,0.016241579,0.257293129,-278812.2047
0,0.015359525,0.283401754,-275967.1366
0.985147863,0.004764951,0.104387813,110558.3729
0.982962913,0.005296513,0.097397592,112807.6223
0.980630848,0.005860324,0.090038647,115325.0762
0.978152378,0.006455631,0.082188855,118009.7869
0.975528258,0.007081785,0.073968881,120500.0789
0.972759288,0.007738043,0.065209856,123344.7573
0.96984631,0.008423478,0.056106261,126272.5026
0.966790213,0.009137082,0.046509445,129292.9438
0.963591927,0.009877822,0.036506251,132348.1944
0.960252427,0.010644664,0.026110672,135547.1155
0.956772729,0.011436557,0.015327488,138638.2976
0.953153894,0.012252398,0.004087987,142056.4673
0.949397023,0.013091013,-0.007487188,145520.0601
0.945503262,0.01395118,-0.019346536,148922.2073
0.941473796,0.014831652,-0.031531601,152044.2267
0.937309854,0.015731242,-0.044013855,155415.6934
0.933012702,0.016648687,-0.05679782,159057.4987
0.92858365,0.017582771,-0.069762429,162552.4772
0.924024048,0.018532305,-0.082922103,166085.0544
0.919335284,0.019496106,-0.096305784,169341.0384
0.914518786,0.020472889,-0.109915884,172687.916
0.909576022,0.021461198,-0.123663247,175935.3825
0.904508497,0.022459496,-0.137565155,179335.5623
0.899317755,0.023466318,-0.151515074,182680.4963
0.894005377,0.024480324,-0.165547829,185802.4977
0.888572981,0.025500279,-0.179623801,189035.6944
0.883022222,0.02652483,-0.193702329,192225.257
0.87735479,0.02755255,-0.207865594,195619.5301
0.871572413,0.028581998,-0.221971213,198742.5037
0.865676851,0.02961174,-0.236042164,201656.6939
0.8596699,0.030640437,-0.250065034,204442.0091
0.853553391,0.031666786,-0.264033105,207417.5707
0.847329185,0.032689446,-0.277932172,210553.8826
0.84099918,0.033706953,-0.291716492,213523.1028
0.834565303,0.034717827,-0.305338418,216427.4008
0.828029514,0.035720636,-0.31886418,219055.2305
0.821393805,0.036713974,-0.332200887,221711.6888
0.814660196,0.037696481,-0.345259831,224346.6339
0.807830738,0.038666807,-0.358155877,227069.0193
0.800907512,0.039623704,-0.370824979,229884.4227
0.793892626,0.040565922,-0.383189946,232301.7588
0.786788218,0.041492199,-0.395334827,234497.0257
0.779596452,0.042401124,-0.407180609,237005.5394
0.772319518,0.043291287,-0.418613489,239477.0342
0.764959632,0.04416137,-0.429626935,241592.0249
0.757519037,0.045010321,-0.44024167,243643.988
0.75,0.045837232,-0.450440285,245846.8757
0.74240481,0.046640879,-0.46009832,247911.5093
0.734735781,0.047419285,-0.469054253,249603.3647
0.72699525,0.048170205,-0.477036034,251193.726
0.719185573,0.04889239,-0.483855396,252751.8526
0.711309131,0.049587902,-0.489624857,253866.4469
0.703368322,0.050259783,-0.494685091,254326.4448
0.695365564,0.050911495,-0.499425879,254597.5015
0.687303297,0.051547483,-0.504295582,255092.7069
0.679183975,0.05217289,-0.509829228,255845.0841
0.671010072,0.052791329,-0.516289877,256546.246
0.662784077,0.053402445,-0.523587479,257184.3072
0.654508497,0.05400389,-0.531404583,257958.2976
0.646185852,0.05459405,-0.539466729,258831.5954
0.637818678,0.055172222,-0.547762447,259735.6483
0.629409523,0.055738222,-0.556357256,260831.478
0.620960948,0.056291777,-0.565129437,262019.1005
0.612475527,0.056832498,-0.574105592,263067.6385
0.603955845,0.05735997,-0.58341947,264016.0943
0.595404498,0.057873709,-0.593042714,265160.4924
0.586824089,0.058373078,-0.602865223,266596.0864
0.578217233,0.058857336,-0.612843525,267984.2865
0.56958655,0.059325813,-0.622971473,269050.0488
0.560934672,0.059778039,-0.6333108,270224.9669
0.552264232,0.060213609,-0.643866562,271691.6501
0.543577871,0.060632118,-0.654599539,273143.7777
0.534878237,0.061033097,-0.665513908,274421.5591
0.526167978,0.061416054,-0.676632607,275698.7953
0.517449748,0.061780519,-0.687938077,277116.8794
0.508726203,0.06212599,-0.699434022,278658.6414
0.5,0.062451988,-0.711134357,280209.2927
0.491273797,0.06275805,-0.723038828,281715.7189
0.482550252,0.063043728,-0.735144239,283173.1263
0.473832022,0.063308608,-0.747458777,284676.9505
0.465121763,0.063552295,-0.759987915,286380.5832
0.456422129,0.063774327,-0.772705241,288134.6518
0.447735768,0.063974264,-0.785596683,289657.4457
0.439065328,0.064151678,-0.798705532,291056.4512
0.43041345,0.06430614,-0.812035368,292660.6717
0.421782767,0.064437221,-0.825531686,294541.3918
0.413175911,0.064544526,-0.83919125,296368.5469
0.404595502,0.064627763,-0.853086031,297888.6326
0.396044155,0.064686671,-0.867275203,299430.486
0.387524473,0.064721006,-0.881731327,301211.7085
0.379039052,0.064730474,-0.896414568,303116.5291
0.370590477,0.064714762,-0.911337352,304977.3568
0.362181322,0.064673606,-0.926521953,306776.0667
0.353814148,0.064606701,-0.941961301,308530.8739
0.345491503,0.064513759,-0.957663095,310308.7017
0.337215923,0.064394548,-0.973568026,312085.1451
0.328989928,0.064248894,-0.989687607,313918.84
0.320816025,0.064076684,-1.006115471,315841.2358
0.312696703,0.063877826,-1.022881039,317680.6893
0.304634436,0.063652175,-1.039958972,319424.5681
0.296631678,0.063399559,-1.057357859,321332.2729
0.288690869,0.063119894,-1.075080509,323414.3651
0.280814427,0.062813151,-1.093138248,325509.9613
0.27300475,0.062479372,-1.111541945,327447.9698
0.265264219,0.062118614,-1.130337379,329242.6728
0.25759519,0.061730844,-1.149570503,331105.9299
0.25,0.061315972,-1.169210977,333157.3192
0.242480963,0.060874005,-1.189245279,335279.8818
0.235040368,0.060405021,-1.209688227,337300.3399
0.227680482,0.059909183,-1.230589394,339253.3655
0.220403548,0.059386725,-1.252003734,341304.6635
0.213211782,0.058837818,-1.273922794,343379.5445
0.206107374,0.058262668,-1.296410222,345414.9289
0.199092488,0.057661549,-1.319528966,347525.595
0.192169262,0.057034654,-1.343233571,349614.3627
0.185339804,0.056382173,-1.367557583,351619.462
0.178606195,0.055704396,-1.392592036,353693.0351
0.171970486,0.055001622,-1.418333235,355792.0965
0.165434697,0.054274194,-1.444822048,357832.9042
0.15900082,0.053522551,-1.472154824,359878.079
0.152670815,0.052747082,-1.500389215,361958.3973
0.146446609,0.051948181,-1.529591947,364046.216
0.1403301,0.051126371,-1.55984644,366147.0332
0.134323149,0.050282084,-1.591198634,368209.0342
0.128427587,0.049415749,-1.623758356,370208.8448
0.12264521,0.048527943,-1.65767804,372294.0849
0.116977778,0.047619078,-1.692963011,374390.1333
0.111427019,0.046689529,-1.729661824,376390.2281
0.105994623,0.045739892,-1.767912575,378312.039
0.100682245,0.044770717,-1.80782498,380218.8022
0.095491503,0.043782628,-1.849628758,382100.1364
0.090423978,0.042776462,-1.893649213,383985.5609
0.085481214,0.04175269,-1.939920505,385816.5794
0.080664716,0.040711658,-1.988506405,387479.2124
0.075975952,0.039654063,-2.039678976,389053.0737
0.07141635,0.03858047,-2.093566177,390535.942
0.066987298,0.037491504,-2.150482513,391823.1952
0.062690146,0.036388167,-2.21107297,392977.0423
0.058526204,0.035270994,-2.275446108,393973.3964
0.054496738,0.034140351,-2.343803194,394684.0582
0.050602977,0.032997189,-2.416891991,395062.8135
0.046846106,0.03184194,-2.494767927,395033.2278
0.043227271,0.030674984,-2.577728846,394510.1001
0.039747573,0.02949743,-2.666961526,393429.4434
0.036408073,0.028309641,-2.762289009,391565.363
0.033209787,0.027111817,-2.863647476,388588.4421
0.03015369,0.025905207,-2.972521419,384303.4217
0.027240712,0.024690118,-3.087688934,378067.3357
0.024471742,0.023466673,-3.206956232,368773.7086
0.021847622,0.022236469,-3.333835917,356358.5304
0.019369152,0.020999616,-3.442399709,338234.3001
0.017037087,0.019755806,-3.529348552,316854.1277
0.014852137,0.018506956,-3.573232477,282786.0333
0.012814968,0.017253056,-4.37631729,246820.749
0.0109262,0.015993511,-5.394551302,278734.0458
0.009186408,0.014730988,-5.647420297,261716.4381
0.007596123,0.013465256,-5.661146411,183687.5291
0.00615583,0.012194669,-5.625778395,89432.66114
0.004865966,0.010922378,-5.546765723,-19800.668
0.003726924,0.009648622,-5.404712498,-146148.4882
0.002739052,0.00837076,-5.204915324,-281373.5244
0.001902651,0.007091736,-4.947662728,-414822.8636
0.001217975,0.005819755,-4.626402002,-535949.181
0.000685233,0.004540752,-4.217687363,-645311.2641
0.000304586,0.003250365,-3.701660092,-698260.646
7.62E-05,0.002123855,-3.226263749,-693304.2319
0,0.001108547,-2.791987707,-672493.0957
0.985147863,0.007682021,0.221497794,52263.25972
0.982962913,0.008475356,0.217548381,54416.05535
0.980630848,0.009317799,0.213270294,56712.33122
0.978152378,0.010208188,0.208614062,59031.2894
0.975528258,0.011145273,0.203448189,61469.62574
0.972759288,0.012127838,0.19779012,64299.84188
0.96984631,0.013154657,0.191530777,67268.25148
0.966790213,0.014224546,0.184645378,70533.18703
0.963591927,0.015336208,0.17710912,73967.2932
0.960252427,0.016488315,0.16889833,77493.20794
0.956772729,0.017679449,0.160009211,81243.06048
0.953153894,0.018908102,0.150454111,85374.33685
0.949397023,0.020172662,0.140262245,89631.41576
0.945503262,0.021471496,0.129419133,93921.71357
0.941473796,0.022802933,0.117980804,98016.94681
0.937309854,0.024165429,0.105895455,101788.4296
0.933012702,0.025557449,0.093129455,105635.4234
0.92858365,0.026977341,0.07978179,109571.7536
0.924024048,0.028423383,0.06582612,113361.3216
0.919335284,0.029893742,0.051282072,117005.483
0.914518786,0.031386756,0.036162166,120753.2083
0.909576022,0.032900677,0.020500025,124657.8969
0.904508497,0.034433912,0.004347937,128447.6997
0.899317755,0.035984618,-0.01228853,132194.1001
0.894005377,0.037550848,-0.029419422,136203.4765
0.888572981,0.039130582,-0.046858122,140381.7501
0.883022222,0.040722009,-0.064597402,144379.8019
0.87735479,0.042323583,-0.082689614,148461.5053
0.871572413,0.043933864,-0.101066427,152686.0324
0.865676851,0.045551081,-0.119643696,156974.3806
0.8596699,0.047173138,-0.138393464,161091.0252
0.853553391,0.048797887,-0.157260218,165217.3429
0.847329185,0.050423411,-0.176201115,169616.5378
0.84099918,0.052048193,-0.195152209,173923.6771
0.834565303,0.053670801,-0.21412117,178033.6652
0.828029514,0.055289581,-0.233095837,182072.6661
0.821393805,0.056902584,-0.252080168,186221.5597
0.814660196,0.058507836,-0.2709263,190382.5466
0.807830738,0.060103489,-0.289638157,194309.935
0.800907512,0.061687908,-0.308213427,198272.7899
0.793892626,0.063259492,-0.326518271,202256.3899
0.786788218,0.064816641,-0.344606442,206364.0621
0.779596452,0.066357587,-0.362397852,210276.1866
0.772319518,0.06788057,-0.379828885,213849.8761
0.764959632,0.069384043,-0.396914313,217344.5452
0.757519037,0.070866841,-0.413617257,220749.281
0.75,0.072327909,-0.429972766,224197.9703
0.74240481,0.073765585,-0.445872714,227578.8386
0.734735781,0.075176573,-0.460932061,230714.1901
0.72699525,0.076557273,-0.474603526,233676.6313
0.719185573,0.077906089,-0.486732714,236227.0279
0.711309131,0.079228033,-0.497939587,238237.3311
0.703368322,0.080529764,-0.509045854,239821.0735
0.695365564,0.081816964,-0.520578746,241184.4894
0.687303297,0.083091774,-0.532706814,242723.1781
0.679183975,0.084355226,-0.545587731,244628.7171
0.671010072,0.085607752,-0.55927919,246801.6315
0.662784077,0.086848035,-0.57353352,248857.7593
0.654508497,0.088073818,-0.588098531,250531.4691
0.646185852,0.089283219,-0.603019913,252384.2695
0.637818678,0.090475364,-0.618235205,254722.6627
0.629409523,0.091649735,-0.633723503,257034.156
0.620960948,0.092805652,-0.649542603,259073.2772
0.612475527,0.093942013,-0.665690476,261221.0933
0.603955845,0.095057474,-0.682108639,263772.8786
0.595404498,0.096150841,-0.698767443,266352.8366
0.586824089,0.097221214,-0.715642364,268476.6722
0.578217233,0.098267868,-0.732777494,270570.8193
0.56958655,0.09929001,-0.750251625,273098.7834
0.560934672,0.100286679,-0.768064005,275949.8609
0.552264232,0.101256831,-0.786141947,278650.4204
0.543577871,0.102199437,-0.804469865,281031.6961
0.534878237,0.103113394,-0.823135463,283529.9349
0.526167978,0.103997557,-0.842041785,286202.4806
0.517449748,0.104850898,-0.861145144,288833.0587
0.508726203,0.105672578,-0.880522982,291399.0091
0.5,0.106461908,-0.900250657,294099.1355
0.491273797,0.107218171,-0.920307358,296893.6328
0.482550252,0.10794028,-0.940692358,299761.1035
0.473832022,0.108626991,-0.961357544,302639.985
0.465121763,0.109277202,-0.982247909,305470.9022
0.456422129,0.10989009,-1.003379335,308269.3851
0.447735768,0.110465042,-1.024841644,311114.2722
0.439065328,0.11100143,-1.046684475,314057.9606
0.43041345,0.111498374,-1.068857873,316986.0385
0.421782767,0.111954875,-1.091317471,319837.5485
0.413175911,0.112370006,-1.114072192,322771.4863
0.404595502,0.112742922,-1.137097304,325939.9588
0.396044155,0.113072854,-1.160386617,329056.3046
0.387524473,0.113359086,-1.18393953,332071.1104
0.379039052,0.113600917,-1.207747505,335074.6544
0.370590477,0.113797668,-1.23184589,338057.5224
0.362181322,0.113948719,-1.25635206,341067.5553
0.353814148,0.114053407,-1.281206498,344163.0214
0.345491503,0.114111088,-1.306314114,347167.5583
0.337215923,0.114121187,-1.331680792,350137.228
0.328989928,0.114083192,-1.357365362,353323.4094
0.320816025,0.113996652,-1.383345593,356504.0546
0.312696703,0.113861224,-1.409637865,359460.8265
0.304634436,0.11367642,-1.436259001,362338.4707
0.296631678,0.113441738,-1.463093452,365212.7774
0.288690869,0.113156765,-1.490059482,368033.1632
0.280814427,0.112821152,-1.517292724,370894.5478
0.27300475,0.112434625,-1.544856445,373832.6688
0.265264219,0.11199703,-1.572664033,376676.1928
0.25759519,0.111508179,-1.600703076,379303.5737
0.25,0.110967901,-1.629003677,381817.2366
0.242480963,0.11037613,-1.657554318,384386.3186
0.235040368,0.109732849,-1.686334482,386979.9482
0.227680482,0.109038044,-1.715355064,389427.1844
0.220403548,0.108291863,-1.744634955,391719.5749
0.213211782,0.107494337,-1.774143565,393878.4494
0.206107374,0.106645476,-1.803832828,395904.4629
0.199092488,0.105745428,-1.833661878,397816.1739
0.192169262,0.104794441,-1.863626006,399610.5071
0.185339804,0.103792856,-1.893785128,401235.0283
0.178606195,0.102741178,-1.924201172,402677.0591
0.171970486,0.101639817,-1.954834647,403923.2013
0.165434697,0.100489002,-1.985625367,404917.147
0.15900082,0.09928919,-2.01652308,405578.3709
0.152670815,0.098040831,-2.047431061,405981.4519
0.146446609,0.096744387,-2.078329763,406167.2563
0.1403301,0.095400534,-2.109271839,406048.3373
0.134323149,0.094009949,-2.140227296,405558.2212
0.128427587,0.092573268,-2.171184143,404684.0924
0.12264521,0.091091374,-2.202222401,403384.1898
0.116977778,0.089565027,-2.233274261,401617.9601
0.111427019,0.087994714,-2.264137046,399360.5072
0.105994623,0.086381223,-2.294705906,396561.9904
0.100682245,0.084725429,-2.324856181,393193.8287
0.095491503,0.083028149,-2.354487707,389168.2898
0.090423978,0.081290574,-2.383806773,384409.9356
0.085481214,0.079513791,-2.412795245,378937.5488
0.080664716,0.077698446,-2.441058549,372610.636
0.075975952,0.075845597,-2.468553024,365361.4863
0.07141635,0.073956295,-2.495053981,357092.069
0.066987298,0.072031264,-2.520101026,347641.9607
0.062690146,0.070071703,-2.54374646,336982.2259
0.058526204,0.068078768,-2.565710742,324997.3727
0.054496738,0.066053144,-2.585199731,311509.5233
0.050602977,0.06399599,-2.602162476,296414.2996
0.046846106,0.061908632,-2.616213873,279586.816
0.043227271,0.059791671,-2.62627604,260826.5757
0.039747573,0.05764642,-2.632356369,240065.246
0.036408073,0.055474223,-2.633877059,217156.1178
0.033209787,0.053275626,-2.629033282,191877.2003
0.03015369,0.051051821,-2.61794759,164222.5223
0.027240712,0.048804265,-2.599898553,134147.0449
0.024471742,0.046533421,-2.572834146,101454.9363
0.021847622,0.044240495,-2.536589436,66315.37128
0.019369152,0.041927066,-2.490750049,28876.09906
0.017037087,0.039593399,-2.432887009,-10864.48209
0.014852137,0.037240462,-2.36243287,-52448.32346
0.012814968,0.034869816,-2.279312088,-95332.81932
0.0109262,0.032482078,-2.181999329,-139046.9312
0.009186408,0.030078353,-2.070043855,-182698.5041
0.007596123,0.027660313,-1.944025124,-225233.7467
0.00615583,0.025229129,-1.803780506,-265466.9839
0.004865966,0.022785691,-1.64935513,-301795.0912
0.003726924,0.020331603,-1.48150474,-332671.4358
0.002739052,0.017871053,-1.303478084,-357251.6737
0.001902651,0.015408574,-1.117310485,-375700.7815
0.001217975,0.012950833,-0.924517823,-388758.626
0.000685233,0.010519134,-0.732048558,-395896.827
0.000304586,0.008163332,-0.545879847,-396848.3531
7.62E-05,0.006052833,-0.380587023,-392311.3654
0,0.004947948,-0.295924249,-388087.5379
0.985147863,0.010687047,0.246154864,312.9807172
0.982962913,0.011749144,0.245088955,1252.440116
0.980630848,0.012876838,0.24388785,2360.102228
0.978152378,0.014068811,0.242530536,3520.371463
0.975528258,0.015323772,0.241010152,4719.867277
0.972759288,0.016640182,0.239311279,5983.046423
0.96984631,0.018016354,0.237422923,7346.359363
0.966790213,0.019450477,0.235326194,8828.258111
0.963591927,0.020940764,0.233001586,10464.69186
0.960252427,0.022485541,0.23041786,12284.98558
0.956772729,0.024083067,0.227519975,14296.05249
0.953153894,0.025731466,0.224258841,16520.35877
0.949397023,0.027428696,0.220604951,18973.57688
0.945503262,0.029172703,0.216537696,21620.13899
0.941473796,0.030961445,0.212021791,24489.43675
0.937309854,0.032792904,0.20701383,27591.96812
0.933012702,0.034665156,0.201444962,30902.98322
0.92858365,0.036576019,0.195228113,34358.66655
0.924024048,0.038523322,0.188272162,38110.58685
0.919335284,0.040504826,0.180551358,42157.71772
0.914518786,0.042518391,0.17198717,46394.94807
0.909576022,0.044561837,0.162529563,50848.85012
0.904508497,0.046633026,0.152143916,55504.67695
0.899317755,0.048729729,0.140793572,60446.2088
0.894005377,0.050849572,0.128474592,65789.23875
0.888572981,0.052990219,0.115171918,71237.52494
0.883022222,0.055149454,0.100850699,76657.16045
0.87735479,0.057325188,0.085511836,82213.44423
0.871572413,0.059515329,0.06917465,87995.88402
0.865676851,0.061717754,0.051886692,93998.42918
0.8596699,0.063930148,0.033648606,99956.1832
0.853553391,0.066150249,0.014391073,105953.7075
0.847329185,0.068375769,-0.005778963,111925.5878
0.84099918,0.070604475,-0.026646591,117789.4654
0.834565303,0.072834115,-0.048001408,123343.7706
0.828029514,0.075062549,-0.069871183,128484.7028
0.821393805,0.07728778,-0.092263869,133562.879
0.814660196,0.079507817,-0.11504652,138743.5842
0.807830738,0.081720669,-0.138157067,144004.8478
0.800907512,0.083924256,-0.161476239,149072.478
0.793892626,0.086116545,-0.184953024,154035.4323
0.786788218,0.088295366,-0.208521869,159140.7319
0.779596452,0.090458446,-0.232015986,164173.4784
0.772319518,0.092603449,-0.255365427,169155.4413
0.764959632,0.094728561,-0.278463221,174026.7733
0.757519037,0.096832768,-0.301339016,178708.2681
0.75,0.09891514,-0.32405373,183340.793
0.74240481,0.100973485,-0.346372441,187717.7836
0.734735781,0.103002711,-0.367859697,191993.5707
0.72699525,0.104997302,-0.387728509,196245.1819
0.719185573,0.106955841,-0.405859109,199853.6075
0.711309131,0.108888037,-0.423348853,202870.0164
0.703368322,0.110806867,-0.441419415,205668.0138
0.695365564,0.112720975,-0.460705558,208227.1929
0.687303297,0.114629796,-0.481177483,210822.3262
0.679183975,0.116527906,-0.502477952,214008.8253
0.671010072,0.118411312,-0.524274996,217711.1341
0.662784077,0.120277349,-0.546379581,221245.5213
0.654508497,0.122124052,-0.568764641,224537.3696
0.646185852,0.123949558,-0.591451883,227885.4907
0.637818678,0.125752508,-0.61446802,231435.6076
0.629409523,0.12753181,-0.63783023,235201.9796
0.620960948,0.129286213,-0.661523972,238965.6416
0.612475527,0.13101416,-0.685530459,242413.2142
0.603955845,0.132713914,-0.709902205,245904.4367
0.595404498,0.134383877,-0.734605769,249628.5367
0.586824089,0.136022697,-0.759646867,253337.509
0.578217233,0.137629203,-0.785091655,257006.9309
0.56958655,0.139202178,-0.810969819,260939.88
0.560934672,0.140740118,-0.83720353,264946.1964
0.552264232,0.1422414,-0.863766646,268881.2758
0.543577871,0.143704445,-0.890703653,272774.4313
0.534878237,0.145127799,-0.918053593,276620.7397
0.526167978,0.146510115,-0.945809883,280388.4307
0.517449748,0.147850065,-0.973984057,284376.4315
0.508726203,0.14914626,-1.002630842,288622.5443
0.5,0.150397326,-1.031731633,292931.6351
0.491273797,0.151601892,-1.061239851,297171.7765
0.482550252,0.152758513,-1.091188327,301442.2877
0.473832022,0.153865703,-1.121565416,305665.7783
0.465121763,0.154922021,-1.15233944,309817.801
0.456422129,0.155926105,-1.183526497,314054.9963
0.447735768,0.156876656,-1.215182314,318559.961
0.439065328,0.157772408,-1.247273984,323123.9523
0.43041345,0.158612099,-1.27981415,327584.3227
0.421782767,0.159394495,-1.312824928,331957.7296
0.413175911,0.160118387,-1.346291731,336394.1738
0.404595502,0.160782526,-1.380168121,341015.1899
0.396044155,0.161385611,-1.414393238,345667.6091
0.387524473,0.161926431,-1.448956931,350233.9834
0.379039052,0.162403903,-1.483869187,354781.4522
0.370590477,0.162817016,-1.519093693,359423.0282
0.362181322,0.163164895,-1.554695539,364008.9966
0.353814148,0.163446487,-1.590754697,368532.6449
0.345491503,0.16366064,-1.627241772,373069.0559
0.337215923,0.163806357,-1.663992677,377530.882
0.328989928,0.163882736,-1.700965927,381936.8697
0.320816025,0.163889032,-1.738167879,386307.5588
0.312696703,0.163824595,-1.77559698,390621.3183
0.304634436,0.163688751,-1.813235642,394869.3212
0.296631678,0.163480741,-1.85107516,399145.8842
0.288690869,0.163199935,-1.889058838,403228.0248
0.280814427,0.162845747,-1.926993554,406965.6921
0.27300475,0.162417616,-1.964706269,410522.6204
0.265264219,0.161915141,-2.002357512,414086.7662
0.25759519,0.161337898,-2.040025973,417488.4188
0.25,0.16068552,-2.077558195,420614.6374
0.242480963,0.15995774,-2.114763646,423488.9171
0.235040368,0.159154379,-2.151613558,426088.0711
0.227680482,0.15827532,-2.188050328,428310.1445
0.220403548,0.15732062,-2.224027288,430177.8048
0.213211782,0.156290327,-2.259452943,431759.9329
0.206107374,0.155184428,-2.294200083,433033.5769
0.199092488,0.154003013,-2.328166383,433866.3785
0.192169262,0.152746315,-2.361219662,434205.7485
0.185339804,0.151414468,-2.393173171,434060.1971
0.178606195,0.150007783,-2.423866108,433384.3667
0.171970486,0.148526745,-2.453165079,432053.3566
0.165434697,0.146971862,-2.480959054,430017.0789
0.15900082,0.14534386,-2.50724342,427428.6885
0.152670815,0.143643441,-2.531874313,424114.5803
0.146446609,0.141870994,-2.554482422,419835.4796
0.1403301,0.140026986,-2.574702337,414708.0759
0.134323149,0.138112164,-2.59229383,408831.9284
0.128427587,0.136127465,-2.607152051,401955.8218
0.12264521,0.134074092,-2.619343811,394070.5505
0.116977778,0.131953288,-2.628795517,385218.5934
0.111427019,0.129765807,-2.635430978,375333.5243
0.105994623,0.127512494,-2.638671317,364308.5673
0.100682245,0.125194375,-2.637833775,352073.7044
0.095491503,0.122812493,-2.632902588,338692.3537
0.090423978,0.120368075,-2.624020358,324139.8543
0.085481214,0.117862525,-2.610882431,308260.5788
0.080664716,0.11529711,-2.59327102,291092.7988
0.075975952,0.112673177,-2.571178214,272732.047
0.07141635,0.109992302,-2.544521078,253153.5025
0.066987298,0.107255707,-2.51294837,232292.6838
0.062690146,0.104464634,-2.476285455,210159.4727
0.058526204,0.101620632,-2.434458057,186855.4596
0.054496738,0.098725016,-2.387191275,162392.1341
0.050602977,0.095779169,-2.334439298,136827.9259
0.046846106,0.092784768,-2.276269459,110312.875
0.043227271,0.089743203,-2.212435409,82895.6028
0.039747573,0.086655833,-2.142810336,54698.49434
0.036408073,0.083524312,-2.067528162,25926.83626
0.033209787,0.080350165,-1.986539286,-3265.719273
0.03015369,0.077134896,-1.899868205,-32679.95489
0.027240712,0.073880241,-1.807762967,-62067.56912
0.024471742,0.070587714,-1.710263074,-91200.52318
0.021847622,0.067258611,-1.607258316,-119800.0342
0.019369152,0.06389435,-1.49885169,-147551.0383
0.017037087,0.060496702,-1.385844192,-174110.4041
0.014852137,0.057067526,-1.268479492,-199117.9608
0.012814968,0.053608544,-1.147091343,-222253.3417
0.0109262,0.050121866,-1.022414613,-243198.0935
0.009186408,0.046609539,-0.895098116,-261664.9908
0.007596123,0.043073187,-0.765372664,-277274.2678
0.00615583,0.039515969,-0.634379704,-289743.7087
0.004865966,0.035942646,-0.503418211,-298926.8458
0.003726924,0.032358013,-0.373178355,-304792.8541
0.002739052,0.028770343,-0.244905938,-307224.3176
0.001902651,0.025194336,-0.120291585,-305985.4789
0.001217975,0.021653067,-0.000323335,-301320.2409
0.000685233,0.018196265,0.112669386,-293676.2532
0.000304586,0.014950961,0.214271145,-284100.0484
7.62E-05,0.012268959,0.294567047,-274524.4234
0,0.011086385,0.328921301,-270059.5465
0.985147863,0.00450332,0.128033702,120980.0923
0.982962913,0.005002431,0.122120769,122058.9235
0.980630848,0.005533286,0.115911723,123362.1873
0.978152378,0.006095467,0.109374889,124677.5332
0.975528258,0.006688651,0.102425826,126188.9929
0.972759288,0.007312457,0.095134472,127965.3364
0.96984631,0.007966241,0.087499857,129790.7215
0.966790213,0.008649295,0.079519909,131617.6402
0.963591927,0.009360889,0.071177667,133664.5576
0.960252427,0.010100383,0.062545644,135811.6494
0.956772729,0.010867133,0.053586026,138239.9954
0.953153894,0.011660522,0.044350876,140527.8232
0.949397023,0.012479893,0.034829866,142958.4204
0.945503262,0.013324587,0.025041481,145352.6721
0.941473796,0.014193948,0.014965688,147894.489
0.937309854,0.015087173,0.004737185,150544.4782
0.933012702,0.016003464,-0.005794699,153024.4827
0.92858365,0.016941991,-0.016461887,155904.7298
0.924024048,0.017901973,-0.027327017,158325.5781
0.919335284,0.018882623,-0.03836267,160767.8504
0.914518786,0.019883142,-0.049582253,163437.5192
0.909576022,0.020902702,-0.060971858,166095.395
0.904508497,0.021940494,-0.072453069,168564.5775
0.899317755,0.022995672,-0.084107348,171139.1013
0.894005377,0.024067413,-0.095862935,173650.0071
0.888572981,0.025154861,-0.107796444,176004.6064
0.883022222,0.026257171,-0.11981322,178702.283
0.87735479,0.027373413,-0.131905582,181256.0982
0.871572413,0.02850269,-0.144101051,183548.2147
0.865676851,0.029644081,-0.156390178,185912.8104
0.8596699,0.030796758,-0.168756902,188348.9686
0.853553391,0.031959894,-0.181211655,190664.2768
0.847329185,0.033132599,-0.193706975,192829.8947
0.84099918,0.034313908,-0.206309624,195207.2222
0.834565303,0.035502803,-0.218960069,197346.1776
0.828029514,0.036698367,-0.231691654,199606.7763
0.821393805,0.037899766,-0.244435059,202171.1465
0.814660196,0.039106212,-0.257220244,204466.8903
0.807830738,0.040316877,-0.270067626,206423.8886
0.800907512,0.041530856,-0.283049247,208309.3499
0.793892626,0.042747209,-0.296106602,210528.2224
0.786788218,0.043965015,-0.309163968,212836.1313
0.779596452,0.045183296,-0.322275054,214870.396
0.772319518,0.046401093,-0.335451793,217032.083
0.764959632,0.047617517,-0.348584183,219126.3659
0.757519037,0.048831888,-0.361845143,221103.8644
0.75,0.050043523,-0.375252552,223435.4398
0.74240481,0.051251657,-0.388728058,225896.1804
0.734735781,0.052455194,-0.402289892,228061.0802
0.72699525,0.053653041,-0.415872856,230007.9277
0.719185573,0.054844217,-0.429487558,232038.0876
0.711309131,0.05602802,-0.443150724,234156.1446
0.703368322,0.057203798,-0.456952115,236297.0819
0.695365564,0.058370837,-0.470879939,238321.521
0.687303297,0.059528269,-0.484944687,240547.2175
0.679183975,0.060675242,-0.499076382,242932.3847
0.671010072,0.061810884,-0.513291744,245146.7369
0.662784077,0.062934286,-0.527640689,247253.3884
0.654508497,0.064044541,-0.542063343,249390.1614
0.646185852,0.065140845,-0.556543603,251547.8029
0.637818678,0.066222536,-0.571174392,253796.3558
0.629409523,0.067289002,-0.585955684,256071.5477
0.620960948,0.068339542,-0.600904213,258187.4195
0.612475527,0.069373266,-0.616008273,260245.0834
0.603955845,0.070389237,-0.631234126,262498.5309
0.595404498,0.071386682,-0.646573531,264816.2609
0.586824089,0.072365012,-0.662086081,266963.5397
0.578217233,0.073323712,-0.677813833,269013.0691
0.56958655,0.074262169,-0.693716384,271203.1929
0.560934672,0.075179522,-0.709811165,273625.4071
0.552264232,0.076074902,-0.726086158,276007.1708
0.543577871,0.076947565,-0.742539287,278172.786
0.534878237,0.077796913,-0.759211542,280309.8411
0.526167978,0.078622419,-0.776102922,282498.0438
0.517449748,0.079423532,-0.793187777,284536.5717
0.508726203,0.080199615,-0.810576693,286663.0412
0.5,0.080950034,-0.828256983,289086.916
0.491273797,0.081674181,-0.846186945,291447.3103
0.482550252,0.082371467,-0.864409982,293585.0182
0.473832022,0.08304132,-0.882973639,295805.732
0.465121763,0.083683201,-0.901844575,298297.8527
0.456422129,0.084296579,-0.921038671,300796.0857
0.447735768,0.084880973,-0.940603366,303109.4835
0.439065328,0.085435924,-0.960572464,305297.5408
0.43041345,0.085961004,-0.980980291,307559.5102
0.421782767,0.086455822,-1.001886702,310044.5198
0.413175911,0.086919979,-1.023351624,312694.4994
0.404595502,0.087353007,-1.045370635,315232.4335
0.396044155,0.087754433,-1.067957451,317623.6657
0.387524473,0.088123918,-1.091210744,320080.8361
0.379039052,0.088461298,-1.115269083,322755.7947
0.370590477,0.088766501,-1.140260916,325530.3787
0.362181322,0.089039248,-1.166287705,328212.0293
0.353814148,0.08927858,-1.193336786,330950.2358
0.345491503,0.089483267,-1.221229456,333819.3966
0.337215923,0.08965344,-1.250251094,336819.76
0.328989928,0.089791218,-1.281933198,340208.781
0.320816025,0.089900029,-1.318282114,344323.0887
0.312696703,0.089979729,-1.359817703,349254.9067
0.304634436,0.090019871,-1.404820838,355084.748
0.296631678,0.090007728,-1.450614128,361356.4928
0.288690869,0.089932825,-1.49514234,367465.0325
0.280814427,0.089789636,-1.537272442,373093.2459
0.27300475,0.089574623,-1.576250186,378045.5478
0.265264219,0.089285337,-1.611607985,382297.2561
0.25759519,0.088922604,-1.643684516,386070.8759
0.25,0.088489169,-1.673590683,389372.799
0.242480963,0.087987524,-1.702192334,392189.5749
0.235040368,0.087419211,-1.729606207,394826.5826
0.227680482,0.086785343,-1.755740951,397305.1331
0.220403548,0.086087116,-1.780522309,399387.0905
0.213211782,0.085326078,-1.804064962,401079.0503
0.206107374,0.084504005,-1.826597659,402532.1478
0.199092488,0.083622782,-1.84826383,403748.4484
0.192169262,0.082684163,-1.869111187,404685.8387
0.185339804,0.081689715,-1.889121519,405287.4524
0.178606195,0.080641112,-1.908245087,405526.0918
0.171970486,0.079540168,-1.926500938,405553.8198
0.165434697,0.078388821,-1.943993305,405324.6372
0.15900082,0.077189133,-1.960908071,404750.4052
0.152670815,0.075943161,-1.977348316,404003.4598
0.146446609,0.074652824,-1.993322137,402980.9621
0.1403301,0.073320126,-2.008951442,401724.4121
0.134323149,0.071947137,-2.024302417,400259.4028
0.128427587,0.070535793,-2.039356599,398490.0159
0.12264521,0.069088122,-2.054201807,396436.0958
0.116977778,0.067606248,-2.068937712,394133.4295
0.111427019,0.066092187,-2.083557996,391557.5519
0.105994623,0.064548037,-2.098189821,388705.6707
0.100682245,0.062976025,-2.113011746,385635.9675
0.095491503,0.061378238,-2.127997232,382248.3875
0.090423978,0.059756781,-2.143277062,378523.3338
0.085481214,0.058113963,-2.159132271,374517.3731
0.080664716,0.056451865,-2.175553457,370227.4104
0.075975952,0.054772495,-2.192611675,365625.8046
0.07141635,0.053078157,-2.210663665,360642.7677
0.066987298,0.051370878,-2.229680499,355250.4829
0.062690146,0.049652495,-2.249586069,349458.0858
0.058526204,0.047925249,-2.270770183,343204.0158
0.054496738,0.046191238,-2.293314349,336435.6313
0.050602977,0.044452345,-2.317176068,329087.9055
0.046846106,0.042710953,-2.343192608,321183.5726
0.043227271,0.040969184,-2.371562126,312607.7932
0.039747573,0.039228493,-2.401698677,303166.3973
0.036408073,0.037491006,-2.434407132,292828.8064
0.033209787,0.035758854,-2.470063293,281491.1327
0.03015369,0.034033365,-2.507769762,268805.212
0.027240712,0.032316748,-2.548819572,254736.383
0.024471742,0.030611369,-2.594241165,239132.1354
0.021847622,0.0289181,-2.641928311,221319.1973
0.019369152,0.02723897,-2.693069265,201152.152
0.017037087,0.025576617,-2.749659291,178368.2444
0.014852137,0.023931592,-2.807575972,151917.5924
0.012814968,0.022305866,-2.867447588,121434.4695
0.0109262,0.020702862,-2.933525819,86587.04011
0.009186408,0.019122801,-2.996822552,45814.79364
0.007596123,0.017567569,-3.054858589,-1345.654238
0.00615583,0.016042255,-3.115833816,-55252.57969
0.004865966,0.014547851,-3.162555606,-118868.785
0.003726924,0.013087141,-3.181964357,-194695.7266
0.002739052,0.011669616,-3.186749751,-280428.0129
0.001902651,0.010303358,-3.155894398,-367790.7488
0.001217975,0.009000375,-3.072555736,-443290.626
0.000685233,0.007791834,-2.944311757,-509721.3613
0.000304586,0.00674057,-2.794683978,-559267.7039
7.62E-05,0.005968011,-2.655541124,-593035.4197
0,0.005669108,-2.595103628,-609367.4195
0.985147863,0.007401646,0.225786056,52614.04782
0.982962913,0.008161888,0.222615625,54333.63565
0.980630848,0.008970611,0.219145904,56049.51952
0.978152378,0.009827063,0.215338464,57845.92591
0.975528258,0.01073048,0.211133747,59763.08006
0.972759288,0.011680157,0.206581666,61759.77818
0.96984631,0.012675255,0.20156431,63939.46074
0.966790213,0.013715014,0.196168542,66270.00966
0.963591927,0.014798565,0.190317543,68729.57688
0.960252427,0.015924803,0.184057994,71402.37916
0.956772729,0.017092643,0.177381522,74049.64206
0.953153894,0.018300954,0.170233545,76821.32493
0.949397023,0.019548681,0.162646242,79770.87412
0.945503262,0.020834822,0.154578383,82772.45688
0.941473796,0.022158293,0.146045224,85893.44686
0.937309854,0.02351808,0.137027483,88847.38624
0.933012702,0.024913099,0.127453823,91983.74449
0.92858365,0.02634223,0.11740458,95192.83972
0.924024048,0.02780424,0.106821614,98427.65529
0.919335284,0.029297845,0.095732326,101922.3133
0.914518786,0.030821825,0.084188977,105244.2559
0.909576022,0.032375025,0.072116944,108747.8855
0.904508497,0.033956269,0.059563536,112387.8591
0.899317755,0.035564313,0.046559142,115859.4231
0.894005377,0.037197766,0.033058049,119361.5978
0.888572981,0.038855212,0.019126863,123170.0239
0.883022222,0.040535391,0.004824004,126806.7389
0.87735479,0.042237176,-0.009903327,130271.0133
0.871572413,0.043959435,-0.025047805,134018.6884
0.865676851,0.04570092,-0.040544466,137756.163
0.8596699,0.047460146,-0.056329552,141163.661
0.853553391,0.049235681,-0.072504119,144615.7728
0.847329185,0.051026145,-0.088954622,148229.3781
0.84099918,0.052830422,-0.105681689,151914.933
0.834565303,0.054647367,-0.122659098,155686.0497
0.828029514,0.056475719,-0.139867728,158881.3805
0.821393805,0.058314051,-0.157357078,161902.853
0.814660196,0.060160922,-0.175064136,165345.0188
0.807830738,0.062014983,-0.192969638,168981.177
0.800907512,0.063874958,-0.211065399,172575.6019
0.793892626,0.06573956,-0.229254271,175741.0612
0.786788218,0.067607568,-0.247647291,178643.3585
0.779596452,0.069477774,-0.266270645,181684.916
0.772319518,0.071348982,-0.28502852,184899.3237
0.764959632,0.073219861,-0.303969247,188293.918
0.757519037,0.075088913,-0.323042619,191557.1718
0.75,0.076954678,-0.342224246,194528.1509
0.74240481,0.07881588,-0.361577252,197555.1767
0.734735781,0.080671443,-0.381065618,200740.9572
0.72699525,0.08252031,-0.400692709,203813.1491
0.719185573,0.084361256,-0.420514105,206724.5939
0.711309131,0.086192822,-0.44053528,209804.8435
0.703368322,0.088013556,-0.460657564,212990.2365
0.695365564,0.089822164,-0.480932996,216122.2547
0.687303297,0.091617475,-0.501387374,219321.7516
0.679183975,0.093398345,-0.521966664,222407.2317
0.671010072,0.095163597,-0.542730847,225242.8532
0.662784077,0.096911998,-0.563744478,228212.8496
0.654508497,0.098642323,-0.584949512,231581.6403
0.646185852,0.100353356,-0.606315953,234959.1774
0.637818678,0.102043811,-0.627906706,238100.5666
0.629409523,0.103712454,-0.649726023,241249.9183
0.620960948,0.105358049,-0.671773947,244471.0593
0.612475527,0.106979349,-0.694052815,247607.4014
0.603955845,0.108575131,-0.716571995,250709.2702
0.595404498,0.110144193,-0.739340966,254064.175
0.586824089,0.111685355,-0.76234519,257707.9792
0.578217233,0.113197503,-0.785563153,261197.351
0.56958655,0.114679488,-0.809077885,264451.4942
0.560934672,0.116130155,-0.832905942,267518.5676
0.552264232,0.117548381,-0.857041689,270716.7251
0.543577871,0.118933027,-0.881503693,274409.793
0.534878237,0.120282886,-0.906284692,278375.1414
0.526167978,0.12159679,-0.931348051,281863.9501
0.517449748,0.122873678,-0.956730005,285115.2789
0.508726203,0.124112614,-0.982479697,288547.791
0.5,0.125312717,-1.008645093,292195.6442
0.491273797,0.126472982,-1.035260212,295902.7446
0.482550252,0.127592153,-1.062276866,299663.819
0.473832022,0.128669054,-1.089671976,303416.6762
0.465121763,0.129702605,-1.117470764,307201.4324
0.456422129,0.130691873,-1.145701662,311052.8002
0.447735768,0.131636046,-1.174382147,314854.0526
0.439065328,0.132534274,-1.203569075,318494.8182
0.43041345,0.133385661,-1.233304152,322192.3641
0.421782767,0.13418936,-1.263605878,326035.7689
0.413175911,0.134944544,-1.294522629,329994.0833
0.404595502,0.135650362,-1.326121318,334032.4097
0.396044155,0.136305985,-1.358386954,337953.9475
0.387524473,0.136910721,-1.391372718,341744.7323
0.379039052,0.137463989,-1.425230053,345600.905
0.370590477,0.137965291,-1.460132755,349671.0867
0.362181322,0.138413949,-1.496143662,353900.3707
0.353814148,0.138808628,-1.533107477,358173.6442
0.345491503,0.139147798,-1.570802446,362270.7825
0.337215923,0.139431272,-1.609689529,366344.8878
0.328989928,0.139660678,-1.651409762,370888.0945
0.320816025,0.139838403,-1.698002465,376310.9835
0.312696703,0.139964125,-1.749915505,382605.4864
0.304634436,0.140028647,-1.805236623,389480.1743
0.296631678,0.140020709,-1.861218583,396524.2111
0.288690869,0.139931679,-1.91578485,403441.9514
0.280814427,0.139756723,-1.967783844,409958.2899
0.27300475,0.139493381,-2.016413784,415698.1563
0.265264219,0.139139336,-2.061222829,420622.527
0.25759519,0.138695094,-2.102341867,424901.5374
0.25,0.138162631,-2.140577736,428627.3879
0.242480963,0.137544048,-2.17687617,431845.3402
0.235040368,0.136840997,-2.211618552,434539.7315
0.227680482,0.136054632,-2.244631517,436677.0813
0.220403548,0.135186166,-2.275938688,438490.8765
0.213211782,0.13423694,-2.305494065,439841.2376
0.206107374,0.133208333,-2.33329001,440666.6638
0.199092488,0.132101812,-2.359338762,441008.8721
0.192169262,0.130918997,-2.383644101,440807.3489
0.185339804,0.129661572,-2.406280596,440081.2465
0.178606195,0.128331287,-2.427356199,438896.0123
0.171970486,0.126930043,-2.446838623,437080.4641
0.165434697,0.125459607,-2.464652817,434684.0489
0.15900082,0.123921653,-2.480861639,431735.3294
0.152670815,0.122318029,-2.495504384,428250.547
0.146446609,0.120650578,-2.5084691,424284.6122
0.1403301,0.118921085,-2.519629696,419686.212
0.134323149,0.11713149,-2.52901063,414400.6931
0.128427587,0.115283857,-2.536634686,408461.1706
0.12264521,0.113380275,-2.542498254,401924.0237
0.116977778,0.111422959,-2.546848923,394828.9885
0.111427019,0.109414265,-2.549894582,387133.8177
0.105994623,0.107356103,-2.551357244,378711.4904
0.100682245,0.105250278,-2.550932047,369544.1799
0.095491503,0.103098885,-2.548584878,359697.4086
0.090423978,0.100904115,-2.544205508,349096.9254
0.085481214,0.098668232,-2.537885932,337750.9738
0.080664716,0.09639383,-2.530057997,325651.5031
0.075975952,0.094083363,-2.520703942,312790.7263
0.07141635,0.091738744,-2.509398047,299084.0414
0.066987298,0.089362209,-2.496145416,284509.6831
0.062690146,0.086956183,-2.480951496,269072.0718
0.058526204,0.084522746,-2.463383337,252695.8744
0.054496738,0.08206421,-2.443491541,235342.7181
0.050602977,0.079583324,-2.421563525,217033.3111
0.046846106,0.077082274,-2.397098453,197699.5152
0.043227271,0.074563253,-2.369770252,177278.6429
0.039747573,0.072029134,-2.340079854,155829.7539
0.036408073,0.069482315,-2.307521112,133247.6437
0.033209787,0.066924792,-2.271204193,109458.5287
0.03015369,0.064359397,-2.231469575,84556.4888
0.027240712,0.061789049,-2.188188237,58537.7444
0.024471742,0.059215949,-2.140168989,31333.48811
0.021847622,0.056643228,-2.087567429,3109.801669
0.019369152,0.054074665,-2.030829838,-26000.80051
0.017037087,0.051513132,-1.968655518,-56032.97955
0.014852137,0.0489623,-1.900610954,-86722.78932
0.012814968,0.046427298,-1.827785944,-117772.9267
0.0109262,0.04391267,-1.749144022,-149073.5359
0.009186408,0.041423531,-1.663469316,-180223.5183
0.007596123,0.03896752,-1.571661478,-210631.4925
0.00615583,0.036554325,-1.474280635,-239796.6251
0.004865966,0.034195744,-1.371423932,-267077.4439
0.003726924,0.031908607,-1.264272924,-291501.2723
0.002739052,0.029716971,-1.155246199,-312132.382
0.001902651,0.027654196,-1.047041243,-328691.3533
0.001217975,0.025768063,-0.943148317,-341286.3066
0.000685233,0.024127219,-0.848974637,-350709.3458
0.000304586,0.022825352,-0.771922374,-357602.351
7.62E-05,0.021974979,-0.720568817,-362166.6552
0,0.02167743,-0.702430998,-364500.9114
0.985147863,0.010375239,0.225877302,-3284.862598
0.982962913,0.011402875,0.22521612,-2727.989
0.980630848,0.012496272,0.224286874,-2186.721954
0.978152378,0.013654345,0.22332868,-1595.879305
0.975528258,0.014875835,0.222178182,-915.4987551
0.972759288,0.01615954,0.220952574,-89.28633745
0.96984631,0.017504296,0.219618868,847.0169003
0.966790213,0.018908933,0.218162404,1882.982826
0.963591927,0.020372239,0.21656603,3010.021312
0.960252427,0.021892908,0.214816169,4243.900972
0.956772729,0.023469554,0.2129075,5588.130903
0.953153894,0.025100807,0.210826482,7055.894222
0.949397023,0.026785229,0.2085457,8649.937632
0.945503262,0.02852141,0.20603599,10393.22989
0.941473796,0.030307876,0.20323786,12288.22928
0.937309854,0.0321431,0.200086232,14331.59201
0.933012702,0.034025615,0.196497516,16603.61912
0.92858365,0.035953841,0.192477621,19168.29417
0.924024048,0.037926152,0.188024107,21916.53046
0.919335284,0.039940837,0.183167539,24783.42518
0.914518786,0.04199626,0.177919279,27825.66954
0.909576022,0.04409071,0.172247671,31005.42319
0.904508497,0.04622255,0.166107914,34347.50078
0.899317755,0.048390114,0.159428266,37777.61776
0.894005377,0.050591821,0.15210318,41221.91639
0.888572981,0.052826055,0.144092361,44765.37786
0.883022222,0.055091139,0.135325735,48425.5232
0.87735479,0.057385339,0.125766659,52238.34949
0.871572413,0.05970693,0.115359417,56198.04079
0.865676851,0.062054114,0.104117994,60383.78701
0.8596699,0.064425121,0.092004583,64708.87131
0.853553391,0.066818161,0.079018158,69110.64127
0.847329185,0.069231526,0.065141775,73642.38382
0.84099918,0.071663593,0.050377628,78436.88669
0.834565303,0.074112716,0.034750843,83449.03328
0.828029514,0.076577222,0.018276161,88403.89552
0.821393805,0.079055333,0.000922874,93118.51418
0.814660196,0.081545395,-0.017305573,98054.06421
0.807830738,0.084045558,-0.036311936,103379.6808
0.800907512,0.086553966,-0.056121856,108773.5641
0.793892626,0.089068804,-0.076781201,114058.2352
0.786788218,0.091588383,-0.098225806,119251.5109
0.779596452,0.094111204,-0.120265766,124156.7243
0.772319518,0.096635706,-0.142807397,128784.0598
0.764959632,0.099160164,-0.165908077,133557.27
0.757519037,0.101682737,-0.189522863,138366.2757
0.75,0.104201647,-0.213605539,142937.794
0.74240481,0.10671517,-0.238174087,147577.7066
0.734735781,0.109221685,-0.263172993,152456.6209
0.72699525,0.111719548,-0.288538545,157226.1758
0.719185573,0.114207047,-0.314247093,161672.7292
0.711309131,0.116682502,-0.340354413,166150.6303
0.703368322,0.119144216,-0.366808016,170916.3198
0.695365564,0.121590512,-0.393543193,175627.4121
0.687303297,0.12401978,-0.420573779,180044.647
0.679183975,0.126430391,-0.447934535,184409.8395
0.671010072,0.128820678,-0.475650194,189043.309
0.662784077,0.131189004,-0.503671263,193801.6112
0.654508497,0.133533725,-0.531935562,198309.3261
0.646185852,0.135853082,-0.560563872,202742.9367
0.637818678,0.138145331,-0.58951855,207348.9551
0.629409523,0.140408781,-0.618737749,211900.5108
0.620960948,0.142641812,-0.648261106,216413.2836
0.612475527,0.144842937,-0.678153404,221157.387
0.603955845,0.147010696,-0.708424831,226117.3648
0.595404498,0.14914338,-0.739062865,230927.1267
0.586824089,0.15123917,-0.770000117,235493.3173
0.578217233,0.153296303,-0.801279031,240098.2582
0.56958655,0.155313218,-0.832952697,244797.6993
0.560934672,0.157288543,-0.865050969,249451.8393
0.552264232,0.159220905,-0.897632055,254238.2614
0.543577871,0.161108693,-0.9306568,259289.6974
0.534878237,0.162950153,-0.964085503,264409.8285
0.526167978,0.164743558,-0.997924748,269463.4268
0.517449748,0.166487307,-1.03220205,274465.0928
0.508726203,0.16817995,-1.066929449,279320.9763
0.5,0.169820112,-1.1021777,284248.9089
0.491273797,0.171406399,-1.137942658,289400.004
0.482550252,0.172937442,-1.174227094,294689.6854
0.473832022,0.174411919,-1.211109812,299940.6787
0.465121763,0.175828366,-1.248585386,305218.6877
0.456422129,0.177185157,-1.286589677,310603.5937
0.447735768,0.178480708,-1.325090277,316086.4028
0.439065328,0.179713669,-1.36411876,321543.3843
0.43041345,0.180882966,-1.403737216,326816.6609
0.421782767,0.181987662,-1.444057186,332112.1758
0.413175911,0.183026566,-1.485153935,337630.4612
0.404595502,0.183998239,-1.527006639,343291.5813
0.396044155,0.184901285,-1.56951898,348809.7706
0.387524473,0.18573457,-1.612697625,354316.2045
0.379039052,0.186497237,-1.656676999,359915.0425
0.370590477,0.187188546,-1.701628465,365579.2351
0.362181322,0.18780755,-1.747617618,371275.2936
0.353814148,0.188352646,-1.794473553,377022.4339
0.345491503,0.188822146,-1.841879288,382675.5609
0.337215923,0.189215394,-1.89024681,388215.9089
0.328989928,0.189533474,-1.94117635,394017.1391
0.320816025,0.189778409,-1.9965259,400631.4074
0.312696703,0.189948531,-2.056445386,408072.5437
0.304634436,0.190037188,-2.119175164,415925.5774
0.296631678,0.190034994,-2.182035081,423717.612
0.288690869,0.189934659,-2.243018797,431203.244
0.280814427,0.189733157,-2.301184788,438098.8244
0.27300475,0.18942884,-2.355966719,444239.5905
0.265264219,0.189020549,-2.406996833,449577.6761
0.25759519,0.188508437,-2.454321898,454086.752
0.25,0.187894114,-2.49841605,457815.0823
0.242480963,0.187179412,-2.540000633,460899.8832
0.235040368,0.186365784,-2.579519111,463414.6532
0.227680482,0.185454281,-2.616878286,465306.8615
0.220403548,0.184445886,-2.651718936,466500.5129
0.213211782,0.183341721,-2.683886933,466923.8416
0.206107374,0.18214314,-2.71334688,466531.6513
0.199092488,0.180851685,-2.740124679,465449.8233
0.192169262,0.179469,-2.764245366,463817.1237
0.185339804,0.177996719,-2.785654679,461430.526
0.178606195,0.17643626,-2.804317764,458126.7205
0.171970486,0.174789184,-2.820178035,453921.0013
0.165434697,0.173057182,-2.832952477,448803.649
0.15900082,0.171241976,-2.842442286,442780.9706
0.152670815,0.169345379,-2.84887489,435919.0868
0.146446609,0.167369353,-2.852451485,428148.1597
0.1403301,0.165315749,-2.85276682,419537.7027
0.134323149,0.163186229,-2.849562221,410014.4312
0.128427587,0.160982624,-2.842865196,399476.7823
0.12264521,0.158706933,-2.83266455,387989.877
0.116977778,0.15636122,-2.818929106,375592.9237
0.111427019,0.153947726,-2.801841559,362270.045
0.105994623,0.151468827,-2.781606209,348109.9462
0.100682245,0.148926719,-2.758119489,333056.4129
0.095491503,0.146323416,-2.731255177,317069.7091
0.090423978,0.143661215,-2.701123169,300267.9525
0.085481214,0.140942462,-2.66766123,282621.8864
0.080664716,0.13816929,-2.630699806,264077.2397
0.075975952,0.135344082,-2.590311736,244687.6559
0.07141635,0.132469433,-2.546652909,224530.5553
0.066987298,0.129547776,-2.499603771,203647.3296
0.062690146,0.126581608,-2.449118141,182049.7435
0.058526204,0.123573784,-2.395448406,159812.9443
0.054496738,0.120527116,-2.338609658,136984.4565
0.050602977,0.117444209,-2.278395446,113563.4537
0.046846106,0.114328067,-2.215022443,89694.63449
0.043227271,0.111181899,-2.148625886,65433.40929
0.039747573,0.108008638,-2.078969576,40814.27065
0.036408073,0.104811394,-2.005991152,15942.0664
0.033209787,0.101593825,-1.929932344,-9034.241036
0.03015369,0.098359657,-1.850790564,-34015.53113
0.027240712,0.0951127,-1.768502372,-58873.86695
0.024471742,0.091857437,-1.683288315,-83425.37309
0.021847622,0.08859894,-1.595468032,-107501.5205
0.019369152,0.085342515,-1.5050149,-130968.9765
0.017037087,0.082094242,-1.412257697,-153633.6464
0.014852137,0.078861452,-1.317733159,-175278.7725
0.012814968,0.075652476,-1.221693337,-195731.7966
0.0109262,0.072476987,-1.12448787,-214823.804
0.009186408,0.069346847,-1.02669031,-232326.5373
0.007596123,0.066276766,-0.929038828,-248074.5551
0.00615583,0.063285293,-0.832509646,-261916.1579
0.004865966,0.060395712,-0.738210365,-273755.6234
0.003726924,0.057637489,-0.647380024,-283564.8929
0.002739052,0.055048254,-0.561556892,-291362.5518
0.001902651,0.052675861,-0.482670482,-297233.0882
0.001217975,0.050579404,-0.412934385,-301393.0962
0.000685233,0.048828632,-0.354777737,-304198.957
0.000304586,0.047499871,-0.310704319,-305984.8917
7.62E-05,0.046666044,-0.283070195,-307083.6833
0,0.046381345,-0.273638986,-307778.6088
0.985147863,0.005194865,0.112303439,105458.8429
0.982962913,0.005790507,0.106037346,107437.6861
0.980630848,0.006423757,0.099399076,109279.955
0.978152378,0.007093946,0.092283948,111226.6349
0.975528258,0.007800305,0.084745599,113549.09
0.972759288,0.008542089,0.076756297,115629.027
0.96984631,0.009318473,0.068310012,118027.3439
0.966790213,0.010128614,0.059415952,120558.0833
0.963591927,0.010971625,0.050038735,123190.0385
0.960252427,0.011846567,0.040276094,125756.7646
0.956772729,0.012752442,0.030013459,128653.9474
0.953153894,0.01368828,0.01939793,131473.1639
0.949397023,0.014653133,0.00833256,134399.6321
0.945503262,0.015646116,-0.003075445,137511.0308
0.941473796,0.016666216,-0.014906841,140595.2925
0.937309854,0.017712329,-0.027061072,143586.3524
0.933012702,0.018783279,-0.03952919,146785.8532
0.92858365,0.019877942,-0.052329414,149914.2701
0.924024048,0.020995238,-0.065327297,153069.621
0.919335284,0.022134192,-0.078699283,156131.2515
0.914518786,0.02329369,-0.092343928,159257.8157
0.909576022,0.024472485,-0.106220954,162520.7146
0.904508497,0.025669309,-0.120295774,165903.7927
0.899317755,0.02688292,-0.134609189,169067.785
0.894005377,0.02811208,-0.149044278,171746.2184
0.888572981,0.029355622,-0.163739685,174914.3467
0.883022222,0.030612319,-0.178532642,178167.3561
0.87735479,0.031880942,-0.193485887,181244.4876
0.871572413,0.03316023,-0.208555725,184351.8512
0.865676851,0.034448954,-0.223728164,187232.9346
0.8596699,0.035745878,-0.239007853,190003.5299
0.853553391,0.037049739,-0.254337204,192759.2702
0.847329185,0.03835931,-0.269810441,195655.9974
0.84099918,0.039673329,-0.285372945,198661.7049
0.834565303,0.040990527,-0.300929814,201485.2525
0.828029514,0.042309684,-0.31652865,204355.4973
0.821393805,0.043629618,-0.332167836,207120.2675
0.814660196,0.04494916,-0.347854349,209728.5733
0.807830738,0.04626712,-0.363595856,212471.4001
0.800907512,0.047582175,-0.379373713,215144.8738
0.793892626,0.04889302,-0.395180583,217623.7024
0.786788218,0.050198371,-0.411002719,220238.2427
0.779596452,0.051497038,-0.426843968,223016.8704
0.772319518,0.052787838,-0.442680628,225791.1818
0.764959632,0.054069608,-0.458480668,228360.4017
0.757519037,0.055341207,-0.47432397,230893.9195
0.75,0.056601493,-0.490197496,233622.5322
0.74240481,0.057849367,-0.506002473,236199.6284
0.734735781,0.059083767,-0.521786414,238492.6179
0.72699525,0.060303648,-0.537663001,240801.812
0.719185573,0.061507906,-0.553616692,243429.9397
0.711309131,0.062695336,-0.569526267,246256.0266
0.703368322,0.063864721,-0.585367985,248763.8532
0.695365564,0.065014939,-0.601195708,251084.822
0.687303297,0.066145076,-0.617016974,253697.602
0.679183975,0.067254225,-0.632836966,256399.9209
0.671010072,0.068341459,-0.648676827,258898.5409
0.662784077,0.069405785,-0.664538338,261319.8954
0.654508497,0.070446174,-0.680400209,263847.7357
0.646185852,0.071461642,-0.696271047,266363.1943
0.637818678,0.072451229,-0.712113736,268764.7509
0.629409523,0.073413976,-0.727895707,271171.6874
0.620960948,0.074349028,-0.743700019,273603.3455
0.612475527,0.075255663,-0.759520524,275961.7281
0.603955845,0.076133229,-0.775316054,278398.0223
0.595404498,0.076980971,-0.791188275,281052.8987
0.586824089,0.077798003,-0.807083702,283607.4046
0.578217233,0.078583385,-0.822928417,285963.0548
0.56958655,0.079336285,-0.838762523,288494.9996
0.560934672,0.080056058,-0.85459314,291256.9214
0.552264232,0.080742137,-0.870388042,293696.0011
0.543577871,0.08139393,-0.886167977,295781.9573
0.534878237,0.0820108,-0.901975439,297949.5322
0.526167978,0.082592108,-0.917834378,300431.7259
0.517449748,0.083137252,-0.933715196,302965.6437
0.508726203,0.083645705,-0.949570617,305216.1064
0.5,0.084117002,-0.965436818,307370.2059
0.491273797,0.084550681,-0.98130951,309587.7903
0.482550252,0.084946269,-0.997164135,311874.3189
0.473832022,0.085303313,-1.012996435,314187.5336
0.465121763,0.085621405,-1.028824458,316450.5956
0.456422129,0.085900214,-1.044657668,318588.1091
0.447735768,0.086139455,-1.060483531,320790.4936
0.439065328,0.086338852,-1.076335777,323160.0033
0.43041345,0.08649808,-1.092215916,325437.4506
0.421782767,0.086616787,-1.108094051,327481.6979
0.413175911,0.086694724,-1.123957316,329482.84
0.404595502,0.086731849,-1.13982548,331496.0934
0.396044155,0.08672825,-1.155743947,333401.0786
0.387524473,0.086683997,-1.171782546,335365.5119
0.379039052,0.086598907,-1.18789423,337442.2239
0.370590477,0.08647266,-1.203973358,339491.508
0.362181322,0.08630508,-1.219950451,341425.4219
0.353814148,0.086096279,-1.235799387,343267.9852
0.345491503,0.08584659,-1.25166847,345032.2817
0.337215923,0.085556365,-1.267700056,346793.7455
0.328989928,0.085225757,-1.2838714,348668.941
0.320816025,0.084854827,-1.300087271,350477.6999
0.312696703,0.0844437,-1.316326898,351998.159
0.304634436,0.083992564,-1.332641034,353541.3228
0.296631678,0.083501659,-1.349031888,355447.3938
0.288690869,0.082971288,-1.365406934,357176.664
0.280814427,0.082401888,-1.381810245,358663.7311
0.27300475,0.081793999,-1.398359642,360222.2843
0.265264219,0.081148218,-1.41507784,361756.6625
0.25759519,0.080465033,-1.431945825,363075.0537
0.25,0.079744836,-1.448980841,364377.6035
0.242480963,0.078988113,-1.466160966,365822.3104
0.235040368,0.078195381,-1.483446581,367270.9718
0.227680482,0.0773672,-1.500849409,368492.8081
0.220403548,0.076504211,-1.51839217,369541.9574
0.213211782,0.075607167,-1.536133329,370701.563
0.206107374,0.074676878,-1.55414881,371877.3215
0.199092488,0.073714265,-1.572509461,372864.6983
0.192169262,0.072720091,-1.591228493,373788.312
0.185339804,0.071694949,-1.61027635,374762.8929
0.178606195,0.070639504,-1.629595496,375641.5918
0.171970486,0.069554612,-1.64917221,376365.5355
0.165434697,0.0684413,-1.669155266,377049.4964
0.15900082,0.067300761,-1.689747732,377727.0541
0.152670815,0.066134009,-1.710999411,378403.0652
0.146446609,0.064941785,-1.732835985,378981.1233
0.1403301,0.063724929,-1.755251072,379324.0376
0.134323149,0.062484396,-1.77830546,379591.5252
0.128427587,0.061221169,-1.802040723,379890.6414
0.12264521,0.059936409,-1.826590276,380089.8477
0.116977778,0.058631281,-1.85207526,380093.6599
0.111427019,0.057306736,-1.878522817,380031.4175
0.105994623,0.055963882,-1.906068072,379876.4521
0.100682245,0.0546039,-1.934804282,379557.9618
0.095491503,0.053227758,-1.964771019,379112.892
0.090423978,0.051836631,-1.996152348,378495.8256
0.085481214,0.05043177,-2.029168314,377797.9467
0.080664716,0.049014172,-2.063806455,376884.1688
0.075975952,0.047585021,-2.100371669,375734.0221
0.07141635,0.046145626,-2.139165523,374354.5611
0.066987298,0.044696834,-2.180130244,372763.7692
0.062690146,0.043239693,-2.223466959,370849.543
0.058526204,0.041775538,-2.269577416,368577.006
0.054496738,0.040305255,-2.318433684,365931.5914
0.050602977,0.038830035,-2.370577091,362814.4343
0.046846106,0.037351395,-2.426819284,359268.524
0.043227271,0.035869978,-2.486799339,355068.1815
0.039747573,0.034386734,-2.550968543,350062.6041
0.036408073,0.03290317,-2.620429158,344310.7761
0.033209787,0.031419885,-2.694682125,337464.6489
0.03015369,0.029937899,-2.774526402,329323.92
0.027240712,0.028458978,-2.862169763,319873.6066
0.024471742,0.026983475,-2.956411678,308503.5894
0.021847622,0.02551212,-3.057955382,294732.8384
0.019369152,0.024046931,-3.170812418,278442.7426
0.017037087,0.0225879,-3.292838564,258387.6358
0.014852137,0.021135554,-3.426242965,233568.2469
0.012814968,0.019692369,-3.570930672,204414.0573
0.0109262,0.018258239,-3.701289467,165808.2493
0.009186408,0.016833543,-3.860329534,119451.6592
0.007596123,0.015421789,-4.115188621,56440.51203
0.00615583,0.014022724,-4.236441771,10496.15002
0.004865966,0.012636076,-4.166267121,-96475.24411
0.003726924,0.011266876,-4.549567902,-197649.223
0.002739052,0.009916613,-4.472986913,-301537.3903
0.001902651,0.008586144,-4.321539471,-411411.4437
0.001217975,0.007285403,-4.11601511,-513356.2408
0.000685233,0.006032909,-3.852114663,-598466.7866
0.000304586,0.004867666,-3.536991105,-665354.6701
7.62E-05,0.003883066,-3.210774287,-689553.7357
0,0.003461967,-3.056983495,-688248.342
0.985147863,0.008152939,0.202612743,37056.3354
0.982962913,0.009014617,0.199650442,38826.33852
0.980630848,0.009930533,0.196471638,40692.8419
0.978152378,0.010899806,0.193016,42527.1911
0.975528258,0.011921575,0.189247376,44440.92759
0.972759288,0.012994828,0.185093442,46317.69817
0.96984631,0.014118282,0.180470635,48219.73676
0.966790213,0.015290519,0.175307791,50303.99713
0.963591927,0.016510277,0.169649772,52759.12335
0.960252427,0.017776492,0.163433882,55257.63849
0.956772729,0.019088082,0.156682985,58063.10812
0.953153894,0.020443844,0.149381064,61170.886
0.949397023,0.021842227,0.141540474,64654.3607
0.945503262,0.023281684,0.133133642,68170.58053
0.941473796,0.024760646,0.124110161,71906.74514
0.937309854,0.026277701,0.114515342,75895.62557
0.933012702,0.027831357,0.104249948,79763.18204
0.92858365,0.029420191,0.093334121,83833.91352
0.924024048,0.031042719,0.081701172,87934.82271
0.919335284,0.032697513,0.069317716,92141.36696
0.914518786,0.03438303,0.056253019,96125.00465
0.909576022,0.036097602,0.042557885,100218.5983
0.904508497,0.037839594,0.028185121,104476.1584
0.899317755,0.039607297,0.0131592,108642.2651
0.894005377,0.041399041,-0.00252228,112784.1819
0.888572981,0.043213108,-0.01881773,117157.9714
0.883022222,0.045047869,-0.035653666,121480.3497
0.87735479,0.046901785,-0.053063683,125742.9507
0.871572413,0.048773275,-0.071024252,130022.1574
0.865676851,0.05066071,-0.089486471,134502.2218
0.8596699,0.052562308,-0.108343741,138849.67
0.853553391,0.054476323,-0.127652267,142978.0311
0.847329185,0.056401063,-0.147354514,147396.4118
0.84099918,0.058334884,-0.16735672,151552.2305
0.834565303,0.060276165,-0.18773483,155751.8244
0.828029514,0.062223278,-0.208383806,160185.7903
0.821393805,0.064174618,-0.229237312,164366.839
0.814660196,0.066128594,-0.250314561,168153.8153
0.807830738,0.068083572,-0.271664004,171953.2538
0.800907512,0.07003787,-0.293220124,176089.6715
0.793892626,0.071989828,-0.314869871,180184.9873
0.786788218,0.07393783,-0.336661663,184083.3395
0.779596452,0.075880327,-0.358631471,188146.6285
0.772319518,0.077815778,-0.380714313,192164.0991
0.764959632,0.079742617,-0.402898664,195767.4272
0.757519037,0.081659232,-0.425181211,199336.5455
0.75,0.08356401,-0.447550609,203235.644
0.74240481,0.085455423,-0.470020643,207262.3547
0.734735781,0.087332012,-0.492548614,211063.1962
0.72699525,0.089192326,-0.515137918,214588.5238
0.719185573,0.091034863,-0.537864501,218269.7709
0.711309131,0.092858078,-0.560658363,222271.224
0.703368322,0.094660458,-0.583426601,225997.4721
0.695365564,0.096440545,-0.606282546,229338.8076
0.687303297,0.098196965,-0.629275178,232929.6985
0.679183975,0.099928356,-0.652326228,236907.9286
0.671010072,0.101633385,-0.675401613,240797.4325
0.662784077,0.103310695,-0.698559779,244369.529
0.654508497,0.104958977,-0.721824426,247888.7879
0.646185852,0.106576865,-0.745181072,251642.0971
0.637818678,0.1081629,-0.768592915,255547.0279
0.629409523,0.10971569,-0.792008212,259292.8187
0.620960948,0.111233954,-0.815501679,262800.0092
0.612475527,0.112716586,-0.839157095,266463.3493
0.603955845,0.114162602,-0.862889812,270201.6341
0.595404498,0.115570869,-0.8866757,273781.1992
0.586824089,0.116940122,-0.91060216,277391.092
0.578217233,0.118269117,-0.934694827,281318.5046
0.56958655,0.119556622,-0.958863712,285216.5491
0.560934672,0.120801444,-0.98308804,289068.8406
0.552264232,0.122002437,-1.007313148,292934.8195
0.543577871,0.123158547,-1.031566096,296662.3287
0.534878237,0.124268844,-1.055962369,300204.4756
0.526167978,0.125332499,-1.08054749,303898.7181
0.517449748,0.126348629,-1.105240483,307768.6786
0.508726203,0.127316157,-1.130016477,311586.8069
0.5,0.128233995,-1.154844322,315275.1827
0.491273797,0.129101197,-1.179708581,318925.3979
0.482550252,0.129917008,-1.204668078,322577.2553
0.473832022,0.1306808,-1.229777098,326180.196
0.465121763,0.131391899,-1.255038601,329728.4054
0.456422129,0.132049452,-1.280407234,333312.3245
0.447735768,0.132652508,-1.30581191,336969.2482
0.439065328,0.13320023,-1.331197423,340616.2021
0.43041345,0.133692057,-1.356580161,344290.0863
0.421782767,0.134127564,-1.382026302,347902.4828
0.413175911,0.134506341,-1.407521577,351368.4601
0.404595502,0.134827875,-1.433027762,354672.791
0.396044155,0.135091546,-1.458618967,357876.8906
0.387524473,0.135296815,-1.484413105,361191.8761
0.379039052,0.1354432,-1.510280608,364626.3536
0.370590477,0.13553028,-1.536075326,367942.5008
0.362181322,0.135557718,-1.5617912,371030.22
0.353814148,0.135525293,-1.587506695,374110.3206
0.345491503,0.135432908,-1.61326944,377210.1784
0.337215923,0.135280576,-1.639112351,380331.8546
0.328989928,0.135068131,-1.664970389,383287.3672
0.320816025,0.134795263,-1.690707053,385947.6946
0.312696703,0.134461745,-1.716240034,388498.5839
0.304634436,0.134067487,-1.74163161,391103.1253
0.296631678,0.133612629,-1.767003372,393608.5261
0.288690869,0.133097448,-1.792362002,395969.2139
0.280814427,0.132522162,-1.81765609,398251.2941
0.27300475,0.131886895,-1.842863738,400457.8417
0.265264219,0.131191813,-1.867972295,402479.4633
0.25759519,0.1304372,-1.892946102,404185.4876
0.25,0.129623318,-1.917781542,405766.2722
0.242480963,0.128750547,-1.942446641,407346.9729
0.235040368,0.127819358,-1.96690383,408818.9486
0.227680482,0.126830239,-1.991163075,410037.6333
0.220403548,0.125783747,-2.015270076,411000.4253
0.213211782,0.124680525,-2.039239884,411784.3644
0.206107374,0.123521107,-2.063016736,412468.2959
0.199092488,0.12230602,-2.086461678,412883.5546
0.192169262,0.121035969,-2.109465245,412807.2248
0.185339804,0.119711712,-2.132074091,412402.5714
0.178606195,0.118334122,-2.15439239,411923.8783
0.171970486,0.116904204,-2.176424336,411179.4312
0.165434697,0.115422847,-2.198123369,410031.8079
0.15900082,0.113890856,-2.219449398,408666.5082
0.152670815,0.112309227,-2.240311599,406839.2035
0.146446609,0.110678981,-2.260671184,404493.0096
0.1403301,0.109001131,-2.280531963,401886.3089
0.134323149,0.107276909,-2.299957247,398848.0357
0.128427587,0.105507479,-2.318929732,395420.811
0.12264521,0.103693821,-2.337271067,391536.1283
0.116977778,0.101837148,-2.35498244,387068.4623
0.111427019,0.099938748,-2.371986105,382057.4206
0.105994623,0.097999734,-2.388147009,376488.1744
0.100682245,0.096021496,-2.403547717,370298.1703
0.095491503,0.094005489,-2.418146059,363417.4604
0.090423978,0.091952841,-2.431679416,355816.994
0.085481214,0.089864996,-2.444204065,347484.3203
0.080664716,0.087743489,-2.455696774,338386.2507
0.075975952,0.085589501,-2.465760763,328388.4675
0.07141635,0.083404468,-2.474338221,317451.3293
0.066987298,0.081190074,-2.481472286,305571.0372
0.062690146,0.078947649,-2.486737342,292597.4952
0.058526204,0.076678738,-2.490215548,278506.8445
0.054496738,0.074385241,-2.492146652,263288.7647
0.050602977,0.072068238,-2.491564764,246722.0618
0.046846106,0.069728841,-2.487878012,228711.3414
0.043227271,0.067368842,-2.481155199,209272.8444
0.039747573,0.064989607,-2.47061196,188258.5476
0.036408073,0.06259273,-2.455975714,165631.0225
0.033209787,0.060180527,-2.437985041,141454.8306
0.03015369,0.057754321,-2.415414035,115498.6694
0.027240712,0.05531507,-2.386802506,87649.3637
0.024471742,0.052864779,-2.352356,58080.65378
0.021847622,0.050405139,-2.311134137,26773.46294
0.019369152,0.047937633,-2.261881621,-6206.872054
0.017037087,0.045464978,-2.205617165,-40546.58428
0.014852137,0.042989405,-2.141420946,-76173.28308
0.012814968,0.040512217,-2.067201185,-112877.664
0.0109262,0.0380361,-1.982953148,-150071.1214
0.009186408,0.03556443,-1.888706302,-187211.6154
0.007596123,0.03310051,-1.783576442,-223667.5219
0.00615583,0.030649378,-1.667671387,-258455.2347
0.004865966,0.028218227,-1.542633618,-290410.9098
0.003726924,0.025816138,-1.408859996,-318328.463
0.002739052,0.023456429,-1.267467465,-341110.2288
0.001902651,0.021160681,-1.120891467,-358586.4366
0.001217975,0.018967001,-0.974556113,-371862.0149
0.000685233,0.016941554,-0.835117209,-381481.3924
0.000304586,0.01520353,-0.712357448,-387301.9577
7.62E-05,0.013962172,-0.622921278,-390409.8953
0,0.013498,-0.589308956,-392084.5088
0.985147863,0.011219911,0.196983074,-8999.459397
0.982962913,0.012356369,0.196088652,-8583.572713
0.980630848,0.013564314,0.195201028,-8027.75701
0.978152378,0.014842439,0.19430613,-7357.714333
0.975528258,0.016189354,0.193363361,-6621.370564
0.972759288,0.017603683,0.192343774,-5832.321521
0.96984631,0.019083997,0.191212041,-4988.789565
0.966790213,0.020628853,0.190221285,-4020.819888
0.963591927,0.02223665,0.188951311,-3146.118204
0.960252427,0.023905654,0.18751263,-2266.110212
0.956772729,0.025634162,0.185849602,-1195.392931
0.953153894,0.027420312,0.184031386,62.19692248
0.949397023,0.029262342,0.182036457,1498.467931
0.945503262,0.031158304,0.179813583,3117.019603
0.941473796,0.03310647,0.177346398,4927.50367
0.937309854,0.035105047,0.174564153,6945.857394
0.933012702,0.037152262,0.171391434,9187.392394
0.92858365,0.039246055,0.167753495,11649.63033
0.924024048,0.041384261,0.163578276,14313.90761
0.919335284,0.043564703,0.158869168,17229.85452
0.914518786,0.04578533,0.153636927,20356.18689
0.909576022,0.048044227,0.14790268,23621.76872
0.904508497,0.050339446,0.141656829,26983.58866
0.899317755,0.052668905,0.134814626,30495.44545
0.894005377,0.055030483,0.127279012,34134.85415
0.888572981,0.057421988,0.118916783,37811.02673
0.883022222,0.059841406,0.109615783,41580.53549
0.87735479,0.062286716,0.099293875,45623.3054
0.871572413,0.064755828,0.087905842,50022.72952
0.865676851,0.067246631,0.075393331,54671.40165
0.8596699,0.069756873,0.061747805,59607.18494
0.853553391,0.072284394,0.046969045,64806.19633
0.847329185,0.074827137,0.031028284,70120.58229
0.84099918,0.077383127,0.013928878,75647.7826
0.834565303,0.079950342,-0.004312287,81269.56743
0.828029514,0.082526711,-0.023700526,86989.42767
0.821393805,0.085110139,-0.044163641,93036.40626
0.814660196,0.087698488,-0.065659881,99082.35191
0.807830738,0.090289689,-0.08817605,105023.2189
0.800907512,0.092881724,-0.111705317,111297.692
0.793892626,0.095472598,-0.136249655,117871.4193
0.786788218,0.098060313,-0.161649016,124090.8875
0.779596452,0.10064292,-0.187730295,129788.8495
0.772319518,0.103218537,-0.214377215,135470.1004
0.764959632,0.105785202,-0.241496903,141050.8106
0.757519037,0.108341005,-0.269136854,146380.6379
0.75,0.110884021,-0.297258253,151799.8092
0.74240481,0.113412253,-0.325801145,157414.0193
0.734735781,0.115923619,-0.354677009,162983.2734
0.72699525,0.118416108,-0.383818221,168296.1418
0.719185573,0.12088799,-0.413244245,173468.2613
0.711309131,0.123337717,-0.442941916,178704.316
0.703368322,0.125763645,-0.472865363,183994.5041
0.695365564,0.128163919,-0.503036868,189377.9878
0.687303297,0.130536481,-0.533383448,194791.0377
0.679183975,0.132879313,-0.563833092,200013.185
0.671010072,0.135190686,-0.59442859,205014.7776
0.662784077,0.137469061,-0.625249005,210029.1995
0.654508497,0.139712935,-0.65628255,215233.2877
0.646185852,0.141920631,-0.687461441,220507.5875
0.637818678,0.144090287,-0.718774621,225715.4387
0.629409523,0.146220164,-0.750240914,231105.1244
0.620960948,0.148308575,-0.78182905,236417.8669
0.612475527,0.150354012,-0.813557889,241375.7458
0.603955845,0.152355026,-0.845499022,246229.2946
0.595404498,0.154310063,-0.87767717,251391.6329
0.586824089,0.156217458,-0.91001255,256734.1813
0.578217233,0.158075581,-0.94245261,261905.2765
0.56958655,0.159882931,-0.975063843,266889.2772
0.560934672,0.161638121,-1.007898564,271958.9665
0.552264232,0.16333982,-1.040944819,277298.0503
0.543577871,0.164986696,-1.074175264,282680.7755
0.534878237,0.166577361,-1.10756534,287688.1786
0.526167978,0.168110459,-1.14119364,292691.9883
0.517449748,0.169584657,-1.175085093,298068.0213
0.508726203,0.170998618,-1.209160346,303529.699
0.5,0.172350999,-1.243384496,308537.0188
0.491273797,0.173640518,-1.277825771,313564.6093
0.482550252,0.174865922,-1.312460736,318931.4685
0.473832022,0.176025999,-1.347215728,324405.8989
0.465121763,0.177119624,-1.382108223,329627.3407
0.456422129,0.178145807,-1.417213576,334691.7883
0.447735768,0.179103705,-1.452570223,339777.4716
0.439065328,0.179992449,-1.488147622,344899.1681
0.43041345,0.180810989,-1.52387208,349929.0164
0.421782767,0.181558155,-1.559694938,354895.117
0.413175911,0.182232878,-1.595555767,359955.6245
0.404595502,0.182834323,-1.631463134,365122.983
0.396044155,0.183361879,-1.667455687,370193.3142
0.387524473,0.183815022,-1.703451798,375025.929
0.379039052,0.18419301,-1.739538255,379878.0176
0.370590477,0.184495004,-1.77575623,384773.777
0.362181322,0.184720219,-1.811993178,389402.3281
0.353814148,0.184868037,-1.848108363,393660.0289
0.345491503,0.184938117,-1.884196661,397995.2572
0.337215923,0.184930258,-1.92031239,402517.2008
0.328989928,0.184844162,-1.956380293,406908.7477
0.320816025,0.184679291,-1.992281768,410926.1664
0.312696703,0.184435119,-2.027927574,414641.9472
0.304634436,0.184111305,-2.063245802,418203.7854
0.296631678,0.183707724,-2.098133294,421667.6333
0.288690869,0.183224423,-2.132518261,424969.7996
0.280814427,0.182661535,-2.166566043,428034.0257
0.27300475,0.182018972,-2.200324665,430753.977
0.265264219,0.181296637,-2.233650504,433111.6909
0.25759519,0.180494563,-2.266346721,435184.9483
0.25,0.179612868,-2.298335088,437023.6746
0.242480963,0.17865177,-2.32954766,438579.3069
0.235040368,0.177611659,-2.359916742,439803.203
0.227680482,0.176492918,-2.38937683,440594.1075
0.220403548,0.175295913,-2.417879667,440864.9184
0.213211782,0.174021195,-2.445393178,440722.2142
0.206107374,0.1726693,-2.471793073,440194.1397
0.199092488,0.171240708,-2.496926418,439186.0779
0.192169262,0.169736025,-2.520653773,437633.8023
0.185339804,0.168155973,-2.542821066,435516.6495
0.178606195,0.166501238,-2.563262287,432745.8895
0.171970486,0.164772649,-2.581927067,429259.7088
0.165434697,0.162971165,-2.598709889,425089.6075
0.15900082,0.161097675,-2.61344322,420177.1955
0.152670815,0.159153206,-2.626074713,414520.2517
0.146446609,0.157138903,-2.636522504,408172.5518
0.1403301,0.155055775,-2.644547207,401056.2158
0.134323149,0.152904864,-2.650079051,393065.8473
0.128427587,0.150687379,-2.652935641,384208.0562
0.12264521,0.1484046,-2.652766814,374443.9682
0.116977778,0.146057837,-2.649677085,363811.9272
0.111427019,0.143648675,-2.643802659,352300.3925
0.105994623,0.141178531,-2.634904979,339767.5611
0.100682245,0.138648588,-2.622677001,326205.6247
0.095491503,0.13606024,-2.60696378,311690.7507
0.090423978,0.133415068,-2.587599748,296182.3467
0.085481214,0.130714638,-2.564518133,279673.1706
0.080664716,0.127960773,-2.537890456,262188.2343
0.075975952,0.125155379,-2.507710766,243711.3448
0.07141635,0.122299952,-2.473694441,224253.5729
0.066987298,0.119396152,-2.435728785,203845.872
0.062690146,0.116445854,-2.393793145,182515.5558
0.058526204,0.113450768,-2.347656685,160285.7855
0.054496738,0.110412678,-2.297231581,137185.5681
0.050602977,0.107333733,-2.242653934,113311.6079
0.046846106,0.104215883,-2.183781655,88731.19827
0.043227271,0.101061079,-2.120529025,63510.62572
0.039747573,0.097871687,-2.053122104,37794.15175
0.036408073,0.094649877,-1.981445576,11657.65406
0.033209787,0.091397604,-1.905221431,-14791.51659
0.03015369,0.088117265,-1.824573653,-41358.51969
0.027240712,0.084811499,-1.739572168,-67862.37857
0.024471742,0.081483011,-1.650284759,-94091.39321
0.021847622,0.078134959,-1.557033535,-119829.4916
0.019369152,0.074770792,-1.460108021,-144889.5792
0.017037087,0.071393786,-1.359639109,-169033.5125
0.014852137,0.068007648,-1.255609633,-192018.3703
0.012814968,0.064616997,-1.148271872,-213524.0315
0.0109262,0.061227899,-1.038428627,-233250.1381
0.009186408,0.05784775,-0.926756844,-250944.3994
0.007596123,0.054485714,-0.813974763,-266417.3283
0.00615583,0.051153884,-0.701058126,-279472.6526
0.004865966,0.047868193,-0.589025679,-289963.3968
0.003726924,0.044650055,-0.478797862,-297801.2923
0.002739052,0.041530941,-0.371975245,-302954.7131
0.001902651,0.038558598,-0.270994187,-305674.0824
0.001217975,0.035803224,-0.178404726,-306246.5617
0.000685233,0.033368769,-0.097507625,-305144.4084
0.000304586,0.031405219,-0.033068698,-303176.4855
7.62E-05,0.030103245,0.009142821,-301448.4201
0,0.029643285,0.023941982,-301049.6207
0.985147863,0.006803437,0.068803244,70104.02706
0.982962913,0.007618328,0.062566409,71923.20981
0.980630848,0.00848241,0.05554551,73821.61093
0.978152378,0.009394254,0.047830682,75961.13607
0.975528258,0.010352257,0.039202801,78240.52436
0.972759288,0.011354817,0.029763903,81054.22987
0.96984631,0.012400265,0.019506711,84049.84898
0.966790213,0.01348698,0.008401459,87297.00291
0.963591927,0.014613193,-0.003531273,90924.71892
0.960252427,0.015777056,-0.016322722,94828.51072
0.956772729,0.01697668,-0.029915675,98966.92821
0.953153894,0.01821015,-0.044354753,103217.9806
0.949397023,0.019475559,-0.059608942,107602.8441
0.945503262,0.020770968,-0.075727157,112205.4486
0.941473796,0.02209433,-0.09259981,117318.4918
0.937309854,0.023443375,-0.110205339,122161.4817
0.933012702,0.02481572,-0.128545884,127053.0531
0.92858365,0.026209101,-0.147572575,132117.8417
0.924024048,0.027621431,-0.167202091,137425.9971
0.919335284,0.029050632,-0.187394811,142447.4462
0.914518786,0.0304945,-0.208179032,147592.6609
0.909576022,0.031950605,-0.22943301,153058.184
0.904508497,0.033416522,-0.25109544,158497.3556
0.899317755,0.034889814,-0.273092783,163825.4097
0.894005377,0.0363681,-0.295406312,169157.116
0.888572981,0.037848998,-0.31790718,174519.986
0.883022222,0.039330078,-0.340561562,179757.9865
0.87735479,0.040808938,-0.363337135,184830.3498
0.871572413,0.042283155,-0.386153704,190170.0983
0.865676851,0.043750337,-0.408893911,195322.9148
0.8596699,0.04520811,-0.431569389,200295.9101
0.853553391,0.046654108,-0.454111369,205366.8485
0.847329185,0.048085985,-0.476495202,210786.6629
0.84099918,0.049501354,-0.498595765,216136.8013
0.834565303,0.05089783,-0.520346349,221043.0008
0.828029514,0.052273037,-0.54177544,225707.7334
0.821393805,0.053624577,-0.562796684,230447.5905
0.814660196,0.05495007,-0.58326854,235279.133
0.807830738,0.056247241,-0.603170401,239867.9019
0.800907512,0.057513977,-0.622465554,244255.2022
0.793892626,0.058748199,-0.641133977,248714.9557
0.786788218,0.059947784,-0.659049546,253161.0332
0.779596452,0.061110449,-0.676057659,257206.4624
0.772319518,0.062233872,-0.692076795,261083.9596
0.764959632,0.063316008,-0.707083547,265171.1863
0.757519037,0.064355216,-0.720953419,268926.3038
0.75,0.065350049,-0.733700701,272471.9243
0.74240481,0.066298394,-0.745171497,275955.1106
0.734735781,0.067196883,-0.754667778,278764.0617
0.72699525,0.068041413,-0.761381628,281123.5156
0.719185573,0.068830681,-0.765179861,283145.4937
0.711309131,0.069568677,-0.766505063,284125.5942
0.703368322,0.070261615,-0.765880998,284154.4128
0.695365564,0.070916535,-0.764112735,283965.7709
0.687303297,0.071542766,-0.762648174,283545.6912
0.679183975,0.072150952,-0.76302434,282916.4852
0.671010072,0.072749565,-0.765805147,282893.5432
0.662784077,0.073337466,-0.770414792,283508.4769
0.654508497,0.073910725,-0.776059771,284285.0105
0.646185852,0.074466176,-0.782179978,285163.533
0.637818678,0.075003101,-0.788637118,286090.9954
0.629409523,0.075521971,-0.795569106,286975.1152
0.620960948,0.076022813,-0.803055912,287817.9981
0.612475527,0.07650503,-0.811001577,288617.1166
0.603955845,0.076967672,-0.819315839,289453.6153
0.595404498,0.077409917,-0.827936173,290564.9377
0.586824089,0.077831316,-0.836853765,291883.8541
0.578217233,0.078231606,-0.846051665,293088.7303
0.56958655,0.078610435,-0.855541848,294252.0527
0.560934672,0.078967229,-0.865340892,295689.4636
0.552264232,0.079301286,-0.87538759,297140.3844
0.543577871,0.079611988,-0.885640009,298116.3125
0.534878237,0.079898846,-0.896157519,299110.115
0.526167978,0.080161455,-0.906899671,300587.7086
0.517449748,0.080399411,-0.917801919,302398.9063
0.508726203,0.080612271,-0.92887659,304092.8292
0.5,0.080799578,-0.94014701,305469.6013
0.491273797,0.08096091,-0.951590385,306654.7249
0.482550252,0.081095904,-0.963226971,307967.3008
0.473832022,0.081204247,-0.975113391,309397.4242
0.465121763,0.081285618,-0.987253243,310783.4165
0.456422129,0.081339652,-0.99960164,312196.9288
0.447735768,0.081365962,-1.012162276,313827.1099
0.439065328,0.081364203,-1.024900136,315538.2071
0.43041345,0.081334059,-1.037795845,317089.2481
0.421782767,0.081275265,-1.050880397,318484.9141
0.413175911,0.081187578,-1.06418753,319933.9787
0.404595502,0.081070747,-1.07767691,321517.3733
0.396044155,0.08092452,-1.091260315,323056.6386
0.387524473,0.080748715,-1.105016705,324532.1148
0.379039052,0.080543196,-1.119039157,326102.5593
0.370590477,0.080307879,-1.133288042,327839.6489
0.362181322,0.080042713,-1.147705196,329576.7021
0.353814148,0.07974762,-1.162348409,331108.4961
0.345491503,0.07942249,-1.177255731,332517.2056
0.337215923,0.079067267,-1.192402918,333930.7377
0.328989928,0.078681915,-1.207793808,335416.4593
0.320816025,0.078266415,-1.223426148,337084.8284
0.312696703,0.077820797,-1.239282088,338862.8896
0.304634436,0.07734513,-1.255370879,340508.3625
0.296631678,0.076839499,-1.271726559,342005.8208
0.288690869,0.076304056,-1.288362681,343491.901
0.280814427,0.075738941,-1.305338527,345146.0051
0.27300475,0.075144302,-1.322611982,346835.9923
0.265264219,0.074520356,-1.340175096,348391.4327
0.25759519,0.073867308,-1.35807698,349894.4642
0.25,0.073185377,-1.376325339,351431.0696
0.242480963,0.072474847,-1.394913349,352935.4272
0.235040368,0.071735996,-1.413880223,354431.5472
0.227680482,0.070969121,-1.43323209,355981.981
0.220403548,0.070174594,-1.452968362,357529.8116
0.213211782,0.069352851,-1.473136914,358975.3392
0.206107374,0.068504356,-1.493814833,360408.1509
0.199092488,0.067629699,-1.515076046,361906.3414
0.192169262,0.066729307,-1.536917262,363420.0815
0.185339804,0.065803499,-1.559308223,364872.9407
0.178606195,0.064852701,-1.582257625,366248.7762
0.171970486,0.063877442,-1.605793595,367566.4465
0.165434697,0.062878344,-1.629998484,368912.7102
0.15900082,0.061856164,-1.65497012,370256.5821
0.152670815,0.060811596,-1.6807587,371472.452
0.146446609,0.059745268,-1.707481477,372712.6973
0.1403301,0.058657939,-1.735273137,374084.6274
0.134323149,0.057550239,-1.764121363,375382.2775
0.128427587,0.056422648,-1.793996622,376443.2158
0.12264521,0.055275779,-1.824993318,377488.3432
0.116977778,0.05411037,-1.857159555,378567.7066
0.111427019,0.052927219,-1.890623614,379557.9226
0.105994623,0.051727307,-1.925683889,380483.5307
0.100682245,0.050511511,-1.962484331,381365.2896
0.095491503,0.049280361,-2.001017374,382130.0396
0.090423978,0.048034653,-2.041445404,382769.8625
0.085481214,0.04677517,-2.083900481,383321.813
0.080664716,0.045502559,-2.128422658,383690.6387
0.075975952,0.044217744,-2.175344612,383941.5105
0.07141635,0.042921712,-2.22489766,384011.6653
0.066987298,0.041615205,-2.277270011,383829.6398
0.062690146,0.040299348,-2.333150191,383487.6144
0.058526204,0.038975128,-2.392872996,382927.0045
0.054496738,0.037642827,-2.4562188,381979.5228
0.050602977,0.036303241,-2.523628208,380614.757
0.046846106,0.034957296,-2.595456878,378817.0249
0.043227271,0.033605537,-2.671658294,376379.8732
0.039747573,0.032249167,-2.75347975,373287.584
0.036408073,0.030889362,-2.841606222,369470.7417
0.033209787,0.029526226,-2.935095152,364497.3147
0.03015369,0.028160744,-3.034967529,358113.5873
0.027240712,0.026794081,-3.141259906,349883.47
0.024471742,0.025426096,-3.250536178,338670.7937
0.021847622,0.024057919,-3.361600934,323643.9094
0.019369152,0.022690897,-3.45899499,303556.6802
0.017037087,0.021324469,-3.52768544,279288.3915
0.014852137,0.019959776,-3.568812577,246998.5624
0.012814968,0.018598632,-4.228634062,195730.5554
0.0109262,0.01724003,-5.286756046,212405.7393
0.009186408,0.015885554,-5.584052298,199236.3652
0.007596123,0.014537675,-5.622545824,125362.4018
0.00615583,0.013194366,-5.606793482,37243.55443
0.004865966,0.011856764,-5.550673531,-66064.86818
0.003726924,0.010528779,-5.443176096,-183949.6323
0.002739052,0.009208603,-5.274615659,-311759.8096
0.001902651,0.007897818,-5.056306416,-438252.9487
0.001217975,0.006604606,-4.784527555,-554862.0527
0.000685233,0.005342952,-4.444177493,-654007.4442
0.000304586,0.004135979,-4.01907449,-723402.6329
7.62E-05,0.002969743,-3.544377962,-732340.4979
0,0.002552998,-3.370001409,-719677.3461
0.985147863,0.009918043,0.154145204,12861.19665
0.982962913,0.011009895,0.151914496,14243.15694
0.980630848,0.012168004,0.149170954,15908.43425
0.978152378,0.013390428,0.145757246,17974.02426
0.975528258,0.014675181,0.141755282,20404.25104
0.972759288,0.016020203,0.137311319,22989.45066
0.96984631,0.017423402,0.132642167,25679.33679
0.966790213,0.018882624,0.127834821,28528.06875
0.963591927,0.020395719,0.122740592,31453.42954
0.960252427,0.021960452,0.117091512,34217.97001
0.956772729,0.023574652,0.110542856,36787.99313
0.953153894,0.025235877,0.102961435,40015.39717
0.949397023,0.026941584,0.094238766,43917.85753
0.945503262,0.028689169,0.084340485,48464.42587
0.941473796,0.030476061,0.073351088,53387.59916
0.937309854,0.032299656,0.061237882,58411.35704
0.933012702,0.034157408,0.047998001,63799.19349
0.92858365,0.036046561,0.033583666,69281.16532
0.924024048,0.03796434,0.017855074,74821.36257
0.919335284,0.039907902,0.000855807,80791.91302
0.914518786,0.041874538,-0.017424533,86912.35001
0.909576022,0.043861589,-0.037054044,93387.2932
0.904508497,0.045866362,-0.058130574,100041.7325
0.899317755,0.047885885,-0.080447625,106191.043
0.894005377,0.049917134,-0.103764988,112239.7642
0.888572981,0.051957062,-0.127963414,118283.0898
0.883022222,0.054002951,-0.153097867,124403.1856
0.87735479,0.056052272,-0.17902084,130791.8325
0.871572413,0.058102478,-0.20565662,137184.3123
0.865676851,0.060150649,-0.232859142,143561.4834
0.8596699,0.062193679,-0.260510325,150013.4447
0.853553391,0.064228501,-0.288461901,156428.6315
0.847329185,0.066252413,-0.316594393,162725.2979
0.84099918,0.068262951,-0.34481781,169065.4508
0.834565303,0.070257663,-0.373057773,175379.9994
0.828029514,0.072233849,-0.401236396,181834.4351
0.821393805,0.07418863,-0.429114608,188232.9202
0.814660196,0.076119184,-0.456683428,194301.1394
0.807830738,0.078022949,-0.48382814,200290.7251
0.800907512,0.079897644,-0.510490405,206443.2898
0.793892626,0.081740979,-0.536619673,212490.9437
0.786788218,0.083550444,-0.562020002,217972.4873
0.779596452,0.085323201,-0.586652458,223712.3639
0.772319518,0.087056475,-0.610275573,229832.8091
0.764959632,0.088748116,-0.632694797,235183.0018
0.757519037,0.090396881,-0.654089002,239945.689
0.75,0.09200167,-0.674553356,244981.7248
0.74240481,0.093559652,-0.693755978,250350.4136
0.734735781,0.095065323,-0.710561848,254996.2558
0.72699525,0.096512247,-0.723690665,258504.4773
0.719185573,0.097900098,-0.733153769,261400.2842
0.711309131,0.099238577,-0.740350957,263357.5203
0.703368322,0.100541557,-0.747172559,264421.3063
0.695365564,0.101819744,-0.754845232,265562.2096
0.687303297,0.103078553,-0.763783341,267064.4164
0.679183975,0.104320808,-0.774272611,268350.2811
0.671010072,0.105548896,-0.786457855,269567.2651
0.662784077,0.106760728,-0.799948729,271327.0468
0.654508497,0.107952918,-0.814143183,273519.211
0.646185852,0.109122669,-0.828661094,275752.6271
0.637818678,0.110268787,-0.84350471,277945.2768
0.629409523,0.111391038,-0.858803431,280109.9967
0.620960948,0.112488903,-0.87457904,282207.557
0.612475527,0.113561361,-0.890812093,284509.9395
0.603955845,0.114607165,-0.907377438,286986.626
0.595404498,0.115625121,-0.924230101,289356.8135
0.586824089,0.116614214,-0.941417686,291639.1014
0.578217233,0.117573549,-0.958984884,294161.1891
0.56958655,0.11850224,-0.97688668,296998.1759
0.560934672,0.119399382,-0.995018537,299650.4136
0.552264232,0.120264094,-1.013439001,302051.1038
0.543577871,0.121095461,-1.032221709,304395.6925
0.534878237,0.121892436,-1.051355638,306926.5754
0.526167978,0.122653869,-1.070764707,309785.2115
0.517449748,0.123378669,-1.090378352,312816.4585
0.508726203,0.124066007,-1.110152949,315469.6606
0.5,0.12471522,-1.130213086,317968.3326
0.491273797,0.125325653,-1.150642799,320699.8162
0.482550252,0.125896519,-1.171390797,323607.6907
0.473832022,0.126426877,-1.192407861,326439.6273
0.465121763,0.126915881,-1.213674944,329133.0805
0.456422129,0.127362677,-1.235215835,331885.6218
0.447735768,0.127766421,-1.257019738,334766.7975
0.439065328,0.128126321,-1.279049818,337656.8034
0.43041345,0.128441637,-1.301316141,340583.4683
0.421782767,0.128711715,-1.323741199,343538.7007
0.413175911,0.128935947,-1.346346183,346397.9144
0.404595502,0.129113708,-1.369251372,349152.7132
0.396044155,0.129244356,-1.39252636,351982.0701
0.387524473,0.129327293,-1.416071793,354964.1771
0.379039052,0.12936198,-1.43981464,357876.5754
0.370590477,0.129347911,-1.46376372,360564.6962
0.362181322,0.129284633,-1.487980509,363271.0535
0.353814148,0.129171705,-1.512477533,366241.5717
0.345491503,0.129008607,-1.537154558,369041.3238
0.337215923,0.128794928,-1.562017123,371632.1731
0.328989928,0.128530298,-1.587026342,374293.3408
0.320816025,0.128214366,-1.612153446,377042.5652
0.312696703,0.127846853,-1.637453609,379642.4121
0.304634436,0.127427564,-1.663002006,382096.441
0.296631678,0.126956254,-1.688776499,384501.2831
0.288690869,0.126432786,-1.714743172,386996.4044
0.280814427,0.125857075,-1.740822378,389400.8799
0.27300475,0.125229031,-1.76701006,391567.8532
0.265264219,0.124548613,-1.793400881,393728.6851
0.25759519,0.123815867,-1.81996638,395998.2854
0.25,0.123030809,-1.846610373,398023.4212
0.242480963,0.122193572,-1.873371032,399884.0343
0.235040368,0.121304331,-1.900252643,401692.3081
0.227680482,0.120363255,-1.927211417,403302.1381
0.220403548,0.119370599,-1.954263585,404693.8671
0.213211782,0.118326714,-1.981440165,406075.2303
0.206107374,0.117231926,-2.008679295,407296.5424
0.199092488,0.11608666,-2.036002967,408270.7339
0.192169262,0.114891437,-2.063435591,409048.7338
0.185339804,0.113646589,-2.090879686,409618.973
0.178606195,0.112352487,-2.118268892,409963.1958
0.171970486,0.111009678,-2.14556005,409988.9097
0.165434697,0.109618776,-2.172743438,409715.3182
0.15900082,0.108180527,-2.19993266,409285.9413
0.152670815,0.106695791,-2.227168483,408614.6552
0.146446609,0.105165213,-2.254283497,407487.8873
0.1403301,0.10358938,-2.281216058,405890.0049
0.134323149,0.101969161,-2.307960404,404017.4802
0.128427587,0.100305394,-2.334410444,401835.0432
0.12264521,0.09859905,-2.360655522,399087.5384
0.116977778,0.096851335,-2.386834778,395842.6326
0.111427019,0.09506313,-2.412777851,392198.4668
0.105994623,0.093235195,-2.438333828,387950.7777
0.100682245,0.091368619,-2.463524673,383036.0876
0.095491503,0.089464382,-2.488107075,377464.3826
0.090423978,0.087523423,-2.511960589,371223.3017
0.085481214,0.085547034,-2.535163079,364178.1235
0.080664716,0.083536384,-2.557496423,356280.5761
0.075975952,0.081492464,-2.578793643,347510.2206
0.07141635,0.079416739,-2.599247707,337790.5662
0.066987298,0.077310385,-2.618486602,326985.4162
0.062690146,0.075174252,-2.636012671,315002.3755
0.058526204,0.073009744,-2.651888067,301757.3348
0.054496738,0.070818104,-2.665676356,287160.1944
0.050602977,0.06860018,-2.676614454,271028.4155
0.046846106,0.066357538,-2.684865025,253351.5005
0.043227271,0.064091537,-2.689961023,233987.486
0.039747573,0.061803107,-2.690791963,212761.4322
0.036408073,0.059493894,-2.687722218,189687.1733
0.033209787,0.057165396,-2.680132818,164639.4182
0.03015369,0.054818273,-2.666286187,137382.0026
0.027240712,0.052454034,-2.646216371,108001.9341
0.024471742,0.050074258,-2.619333109,76472.46549
0.021847622,0.047679634,-2.583489907,42684.19654
0.019369152,0.045271737,-2.538633885,6890.926166
0.017037087,0.042852514,-2.484601392,-30706.91726
0.014852137,0.040422862,-2.419147804,-69987.50977
0.012814968,0.037984592,-2.342261719,-110431.5147
0.0109262,0.035540113,-2.254207015,-151535.294
0.009186408,0.033090738,-2.153100562,-192819.962
0.007596123,0.030638476,-2.038244946,-233353.7243
0.00615583,0.028186645,-1.910171375,-271951.4842
0.004865966,0.025739353,-1.769788072,-307322.1026
0.003726924,0.023302043,-1.617581797,-337917.6503
0.002739052,0.020883171,-1.454935809,-362441.8947
0.001902651,0.018497946,-1.28564634,-380986.7112
0.001217975,0.016171529,-1.113593183,-394351.3431
0.000685233,0.013950912,-0.943047105,-402335.1224
0.000304586,0.011944359,-0.786054138,-406403.8943
7.62E-05,0.010399412,-0.665028609,-407303.7063
0,0.00977697,-0.616477702,-407781.913
0.985147863,0.013220602,0.158184329,-10462.84039
0.982962913,0.014603656,0.157330586,-10222.96558
0.980630848,0.016070284,0.156583144,-9732.23591
0.978152378,0.017618022,0.155594818,-30201.4836
0.975528258,0.019244372,0.154766197,-30890.41763
0.972759288,0.020946871,0.154107003,-10491.40911
0.96984631,0.022723064,0.153246292,-7115.850464
0.966790213,0.024570379,0.152215627,-6379.240527
0.963591927,0.026485955,0.151029439,-5610.16886
0.960252427,0.028466782,0.149653958,-4617.369648
0.956772729,0.030509949,0.148346239,-3631.836651
0.953153894,0.032612455,0.146712376,-2579.423616
0.949397023,0.034771473,0.144685535,-1257.081809
0.945503262,0.036984033,0.142390985,268.063479
0.941473796,0.039246899,0.139804008,2032.562669
0.937309854,0.041556874,0.136737335,4242.054717
0.933012702,0.04391064,0.133022395,6845.755833
0.92858365,0.046304968,0.128636984,9698.933153
0.924024048,0.048736674,0.12363668,12800.9039
0.919335284,0.051202453,0.117945491,16221.22354
0.914518786,0.053698969,0.111376524,20033.89984
0.909576022,0.056222799,0.10370348,24240.29316
0.904508497,0.058770571,0.094791068,28824.07486
0.899317755,0.061338948,0.084578815,33693.52213
0.894005377,0.06392462,0.073003412,38730.89465
0.888572981,0.066524329,0.059927803,43846.25201
0.883022222,0.069134913,0.045229246,49194.36947
0.87735479,0.071753232,0.028796387,55022.87048
0.871572413,0.074376134,0.010515017,61526.94156
0.865676851,0.077000233,-0.009651417,68568.74396
0.8596699,0.079622088,-0.031694304,76123.23895
0.853553391,0.082238423,-0.05546317,84194.6543
0.847329185,0.08484625,-0.08082997,92376.4259
0.84099918,0.087442668,-0.107700471,100633.2145
0.834565303,0.090024806,-0.136033195,109279.464
0.828029514,0.092589564,-0.165601961,118096.9469
0.821393805,0.095133799,-0.196111831,126728.1395
0.814660196,0.097654485,-0.227224672,134774.2582
0.807830738,0.100148789,-0.258643491,142206.4109
0.800907512,0.102614006,-0.290246546,149599.4996
0.793892626,0.105047438,-0.32187516,156995.6834
0.786788218,0.107446208,-0.353291772,164266.6812
0.779596452,0.109807299,-0.384307489,171587.119
0.772319518,0.112127978,-0.414637119,178836.7071
0.764959632,0.114406398,-0.44411923,185766.3541
0.757519037,0.116641743,-0.472870417,192384.2299
0.75,0.118832887,-0.500857836,198830.7248
0.74240481,0.120975629,-0.527614027,205198.523
0.734735781,0.123061219,-0.551809857,211226.0902
0.72699525,0.125080636,-0.571810428,216382.9052
0.719185573,0.127035828,-0.587711247,220212.7735
0.711309131,0.128945831,-0.602040865,222785.4432
0.703368322,0.130835839,-0.61766971,224899.7285
0.695365564,0.1327216,-0.63581884,227265.074
0.687303297,0.134603428,-0.656147462,229979.2711
0.679183975,0.136473096,-0.677929756,232897.7271
0.671010072,0.138324367,-0.700615449,236028.9905
0.662784077,0.140153686,-0.723819092,239334.7175
0.654508497,0.141958203,-0.747350731,242933.4429
0.646185852,0.143735543,-0.771148098,246845.852
0.637818678,0.14548415,-0.795179806,250756.9245
0.629409523,0.147203077,-0.819476601,254390.0191
0.620960948,0.14889124,-0.84419073,258057.3937
0.612475527,0.150547119,-0.869316562,261903.2488
0.603955845,0.152169085,-0.894725056,265677.7626
0.595404498,0.153755579,-0.920404328,269406.1192
0.586824089,0.155305224,-0.946443431,273314.1966
0.578217233,0.156816853,-0.972847189,277226.8187
0.56958655,0.158289296,-0.99964831,281062.1198
0.560934672,0.159721109,-1.026855979,284921.3405
0.552264232,0.161110733,-1.054422243,288835.508
0.543577871,0.162456673,-1.082295738,292810.0479
0.534878237,0.163757558,-1.110509076,297034.6162
0.526167978,0.16501217,-1.139093671,301198.3719
0.517449748,0.166219299,-1.168099895,305343.9523
0.508726203,0.16737761,-1.197514904,309704.1094
0.5,0.168485641,-1.227231572,314143.2666
0.491273797,0.16954199,-1.257241139,318314.5236
0.482550252,0.170545419,-1.287611439,322485.4561
0.473832022,0.171494885,-1.318388662,326859.0588
0.465121763,0.172389407,-1.349579502,331186.9536
0.456422129,0.173227782,-1.381225627,335367.5369
0.447735768,0.174008579,-1.413266936,339630.5202
0.439065328,0.17473039,-1.4455785,344052.5716
0.43041345,0.175392027,-1.478090736,348457.6411
0.421782767,0.175992593,-1.510898281,352763.8234
0.413175911,0.176531308,-1.544103916,357125.5767
0.404595502,0.177007224,-1.577647675,361556.9125
0.396044155,0.177419228,-1.611425773,365959.4331
0.387524473,0.177766228,-1.645502364,370381.4902
0.379039052,0.178047214,-1.679929822,374869.2101
0.370590477,0.178261292,-1.714651278,379250.8475
0.362181322,0.178407675,-1.74960088,383410.3471
0.353814148,0.17848562,-1.784797995,387541.7255
0.345491503,0.178494287,-1.82018404,391680.863
0.337215923,0.178432924,-1.855689499,395715.844
0.328989928,0.178300872,-1.89128709,399644.878
0.320816025,0.178097532,-1.926997261,403602.0139
0.312696703,0.177822442,-1.962825902,407431.2972
0.304634436,0.177475165,-1.998661389,411095.4457
0.296631678,0.177055171,-2.034368981,414597.4701
0.288690869,0.176561901,-2.069904106,417866.1302
0.280814427,0.175994969,-2.105334744,420828.4042
0.27300475,0.17535406,-2.14065143,423667.3949
0.265264219,0.17463903,-2.175795805,426450.03
0.25759519,0.173849813,-2.210680376,429019.8029
0.25,0.172986267,-2.245204714,431216.9839
0.242480963,0.172048222,-2.279306285,433173.9906
0.235040368,0.171035686,-2.312888321,434802.7031
0.227680482,0.169948697,-2.34585172,435999.5649
0.220403548,0.168787337,-2.378136046,436816.8958
0.213211782,0.167551852,-2.409691235,437347.2771
0.206107374,0.166242479,-2.440374296,437524.9563
0.199092488,0.164859492,-2.470081101,437278.5318
0.192169262,0.163403298,-2.49873075,436503.5822
0.185339804,0.161874313,-2.526175217,435122.0852
0.178606195,0.160272895,-2.552166461,433130.0312
0.171970486,0.158599572,-2.576466093,430493.8313
0.165434697,0.156855006,-2.598996888,427211.3096
0.15900082,0.155039875,-2.619721779,423187.5096
0.152670815,0.153155064,-2.638556122,418412.7042
0.146446609,0.151201495,-2.655337776,412945.6916
0.1403301,0.14917994,-2.66989074,406739.8829
0.134323149,0.147091286,-2.682065294,399655.3938
0.128427587,0.144936604,-2.69161992,391621.1349
0.12264521,0.142716733,-2.69839073,382618.5316
0.116977778,0.140432676,-2.702243841,372663.9637
0.111427019,0.138085643,-2.702816489,361732.9946
0.105994623,0.135676772,-2.699927961,349779.395
0.100682245,0.133207377,-2.69369715,336761.6761
0.095491503,0.130678905,-2.684077988,322659.0573
0.090423978,0.128092546,-2.67070514,307458.6914
0.085481214,0.125449462,-2.65328824,291138.6269
0.080664716,0.122751092,-2.63170717,273690.0214
0.075975952,0.119998883,-2.605777188,255105.2941
0.07141635,0.117194362,-2.575504631,235424.7571
0.066987298,0.114339321,-2.541036917,214713.1633
0.062690146,0.111435318,-2.502117647,192909.8628
0.058526204,0.108483739,-2.458523589,170029.895
0.054496738,0.105486347,-2.41033273,146210.5452
0.050602977,0.102444738,-2.35729231,121451.9104
0.046846106,0.099360366,-2.299157552,95804.65721
0.043227271,0.096235055,-2.236019952,69433.79609
0.039747573,0.093070648,-2.167809643,42423.17821
0.036408073,0.08986891,-2.094463161,14909.91442
0.033209787,0.086631978,-2.016286553,-12913.91608
0.03015369,0.083361888,-1.933278942,-40923.67912
0.027240712,0.080060363,-1.84522622,-68936.97818
0.024471742,0.076729399,-1.752196745,-96718.3973
0.021847622,0.073371233,-1.654302385,-124015.3757
0.019369152,0.069988139,-1.551679359,-150567.0249
0.017037087,0.066582655,-1.444734608,-176077.1657
0.014852137,0.063157724,-1.333759117,-200243.2636
0.012814968,0.059716754,-1.21919212,-222767.0379
0.0109262,0.056263514,-1.101436135,-243345.4973
0.009186408,0.052802544,-0.981048126,-261685.9409
0.007596123,0.0493401,-0.858985551,-277516.4881
0.00615583,0.045883759,-0.73601878,-290628.7171
0.004865966,0.042443372,-0.612801728,-300802.1488
0.003726924,0.039034613,-0.490907758,-307901.5342
0.002739052,0.035680343,-0.371919519,-312042.6458
0.001902651,0.032414879,-0.257194888,-313270.2516
0.001217975,0.029297356,-0.149374773,-311829.0515
0.000685233,0.026430966,-0.052443455,-308270.4113
0.000304586,0.023994079,0.028086612,-303583.4034
7.62E-05,0.022277599,0.08376611,-299361.9845
0,0.021643264,0.104103296,-297869.3521
0.985147863,0.005382805,0.118479892,103437.2587
0.982962913,0.006007171,0.112843574,104291.9584
0.980630848,0.006671504,0.106878351,105204.4954
0.978152378,0.007375182,0.100517122,106152.753
0.975528258,0.008117433,0.09371583,107356.4277
0.972759288,0.008897506,0.0865329,108898.7864
0.96984631,0.009714691,0.07889291,110530.89
0.966790213,0.01056827,0.070839825,112490.2729
0.963591927,0.011457465,0.062318977,114794.3755
0.960252427,0.012381524,0.053398641,117278.0218
0.956772729,0.013339616,0.044054941,119649.2482
0.953153894,0.014330944,0.034273923,122274.9454
0.949397023,0.015354611,0.024098765,125215.8893
0.945503262,0.016409695,0.013541837,127948.6765
0.941473796,0.017495262,0.002623694,131087.8766
0.937309854,0.018610268,-0.008585424,133976.8796
0.933012702,0.019753651,-0.020184088,136833.0261
0.92858365,0.020924393,-0.032047648,139972.1822
0.924024048,0.022121635,-0.044237874,142962.9369
0.919335284,0.023344557,-0.056684641,145890.2015
0.914518786,0.024592161,-0.069425321,148814.4938
0.909576022,0.025863182,-0.082478755,151986.6628
0.904508497,0.02715627,-0.095735964,155380.7523
0.899317755,0.028470227,-0.109127779,158334.73
0.894005377,0.029804178,-0.122795258,160875.826
0.888572981,0.031157263,-0.136750705,163965.1974
0.883022222,0.032528467,-0.150819763,167200.814
0.87735479,0.033916521,-0.165072081,170295.9611
0.871572413,0.035320088,-0.179457555,172894.6467
0.865676851,0.036737952,-0.194076271,175623.9847
0.8596699,0.038169079,-0.208796623,178778.388
0.853553391,0.039612506,-0.223566208,181498.17
0.847329185,0.041067144,-0.238532524,183974.8872
0.84099918,0.042531776,-0.253679048,186877.0783
0.834565303,0.044005182,-0.26891195,190148.6931
0.828029514,0.045486142,-0.284184282,193045.2591
0.821393805,0.046973496,-0.299587979,195507.9084
0.814660196,0.048466106,-0.315088846,198014.8413
0.807830738,0.049962818,-0.330691447,200678.8136
0.800907512,0.051462555,-0.346362534,203407.0315
0.793892626,0.052964218,-0.362102965,206214.254
0.786788218,0.054466675,-0.377955627,208906.3216
0.779596452,0.055968711,-0.39384174,211278.4586
0.772319518,0.057469101,-0.409826863,213950.2408
0.764959632,0.058966755,-0.425889893,216800.6262
0.757519037,0.060460712,-0.442016619,219342.8907
0.75,0.061950025,-0.458257101,221817.9398
0.74240481,0.063433645,-0.474595009,224395.1783
0.734735781,0.064910347,-0.491012659,227028.9549
0.72699525,0.066378888,-0.507521393,229650.2179
0.719185573,0.06783814,-0.524119388,232362.3467
0.711309131,0.069287125,-0.540751237,235115.2518
0.703368322,0.070724893,-0.557467595,237552.864
0.695365564,0.072150449,-0.574332664,239883.6428
0.687303297,0.073562746,-0.591318907,242438.6693
0.679183975,0.074960753,-0.60843703,245119.3971
0.671010072,0.076343444,-0.625630192,247822.4115
0.662784077,0.077709812,-0.642928351,250697.5509
0.654508497,0.079058872,-0.660301386,253453.9547
0.646185852,0.080389689,-0.677767905,255871.4774
0.637818678,0.081701401,-0.695459075,258432.8511
0.629409523,0.082993171,-0.713355685,261369.0818
0.620960948,0.0842641,-0.731273404,263985.5759
0.612475527,0.085513164,-0.749337105,266425.1072
0.603955845,0.086739325,-0.767656059,269126.2929
0.595404498,0.087941722,-0.786106703,271769.2882
0.586824089,0.089119619,-0.804675053,274360.1946
0.578217233,0.09027234,-0.823442731,277199.5098
0.56958655,0.091399152,-0.842422347,280118.5415
0.560934672,0.092499153,-0.861638967,282787.6781
0.552264232,0.093571481,-0.881096583,285401.0377
0.543577871,0.094615325,-0.900714533,287878.3341
0.534878237,0.095629963,-0.920542932,290354.3235
0.526167978,0.09661473,-0.940646982,293035.9834
0.517449748,0.097568975,-0.961023764,295832.7542
0.508726203,0.098492076,-0.98171527,298561.4513
0.5,0.099383446,-1.002719105,301391.7207
0.491273797,0.100242463,-1.024067588,304314.0703
0.482550252,0.101068433,-1.04576647,307166.0139
0.473832022,0.101860668,-1.067791653,309859.6409
0.465121763,0.10261859,-1.090157058,312455.6835
0.456422129,0.10334176,-1.112953349,315054.7414
0.447735768,0.10402982,-1.136273755,317790.1936
0.439065328,0.10468236,-1.16013718,320659.6873
0.43041345,0.105298902,-1.184549077,323596.5443
0.421782767,0.105878966,-1.209566596,326552.8987
0.413175911,0.106422129,-1.235278422,329442.1877
0.404595502,0.10692803,-1.261731239,332103.6926
0.396044155,0.107396331,-1.288985211,334792.008
0.387524473,0.107826814,-1.317159171,337752.9794
0.379039052,0.108219387,-1.346469778,340910.0342
0.370590477,0.108574013,-1.377177885,344041.1202
0.362181322,0.108890397,-1.409411952,347126.9853
0.353814148,0.109167367,-1.44300667,350234.2835
0.345491503,0.109403342,-1.477724201,353359.3397
0.337215923,0.109598812,-1.51422273,356703.2261
0.328989928,0.109757202,-1.555080393,360705.1046
0.320816025,0.109883524,-1.603676053,365929.5294
0.312696703,0.10997779,-1.661052653,372796.804
0.304634436,0.110024633,-1.724357778,380956.1248
0.296631678,0.110005504,-1.788982183,389548.0436
0.288690869,0.109905429,-1.851354887,397848.972
0.280814427,0.109716441,-1.909510625,405388.1424
0.27300475,0.109433915,-1.96207991,411893.4164
0.265264219,0.109054232,-2.008048519,417254.1009
0.25759519,0.108578369,-2.047824037,421558.2229
0.25,0.108010147,-2.083233087,425151.3043
0.242480963,0.107353244,-2.115753044,428165.5411
0.235040368,0.106610153,-2.145656614,430550.3809
0.227680482,0.105782684,-2.172820485,432234.4412
0.220403548,0.104872595,-2.197197555,433323.1979
0.213211782,0.103882044,-2.218878556,433931.3919
0.206107374,0.102813544,-2.238078978,434028.3921
0.199092488,0.101669723,-2.255075541,433619.4246
0.192169262,0.100453189,-2.269992093,432654.977
0.185339804,0.099166434,-2.282787857,431008.9943
0.178606195,0.097812005,-2.293645649,428942.8647
0.171970486,0.096392511,-2.302715034,426526.2775
0.165434697,0.094910563,-2.309976073,423584.7537
0.15900082,0.093368811,-2.315566956,420319.6419
0.152670815,0.091770003,-2.319569728,416632.2346
0.146446609,0.090116929,-2.322081834,412358.9216
0.1403301,0.088412449,-2.323308674,407702.0889
0.134323149,0.086659507,-2.323406211,402782.6297
0.128427587,0.084860953,-2.322428678,397589.1706
0.12264521,0.083019562,-2.320421074,391930.131
0.116977778,0.081138252,-2.317550179,385829.7266
0.111427019,0.079219926,-2.31389889,379459.3897
0.105994623,0.077267468,-2.309513138,372812.6823
0.100682245,0.075283897,-2.304609159,365818.7287
0.095491503,0.073272235,-2.299334632,358507.151
0.090423978,0.071235325,-2.293678402,350858.2364
0.085481214,0.069176152,-2.287879842,342872.6553
0.080664716,0.067097762,-2.282128043,334580.8521
0.075975952,0.06500293,-2.276299622,325960.5886
0.07141635,0.062894544,-2.270528818,316956.0776
0.066987298,0.060775667,-2.265120517,307643.877
0.062690146,0.05864912,-2.259975982,297914.0704
0.058526204,0.056517799,-2.255301555,287771.2705
0.054496738,0.054384891,-2.251655705,277264.4664
0.050602977,0.052253078,-2.248860405,266253.4367
0.046846106,0.050124908,-2.246726391,254687.0799
0.043227271,0.048003427,-2.245915388,242551.0224
0.039747573,0.045891297,-2.246313355,229787.9425
0.036408073,0.043790888,-2.247455365,216219.9424
0.033209787,0.041705276,-2.250328716,201845.894
0.03015369,0.039637262,-2.255068231,186582.5157
0.027240712,0.037588955,-2.260693442,170129.3484
0.024471742,0.035563435,-2.268502855,152520.6129
0.021847622,0.033563725,-2.279140019,133538.8928
0.019369152,0.031591362,-2.2903929,112685.0529
0.017037087,0.029649189,-2.303049482,89933.16872
0.014852137,0.0277408,-2.318860693,65097.86185
0.012814968,0.025867654,-2.334317398,37438.2358
0.0109262,0.024032876,-2.349126196,6912.369176
0.009186408,0.022241515,-2.367817459,-26608.56551
0.007596123,0.020495369,-2.384179856,-64118.06662
0.00615583,0.018797912,-2.393502565,-105395.9932
0.004865966,0.017157119,-2.40410812,-151236.1034
0.003726924,0.015578891,-2.407034794,-204011.1546
0.002739052,0.014070737,-2.392608369,-265057.555
0.001902651,0.012650065,-2.366855388,-330295.6249
0.001217975,0.011342298,-2.332786263,-393602.0015
0.000685233,0.010180829,-2.281803677,-441701.2569
0.000304586,0.009227125,-2.215738263,-477455.6161
7.62E-05,0.008578025,-2.157032013,-501994.1411
0,0.008343983,-2.133622676,-513323.4532
0.985147863,0.00835974,0.192406911,31061.42388
0.982962913,0.009251708,0.190124941,32488.45193
0.980630848,0.010200671,0.187570256,33918.25826
0.978152378,0.011205621,0.184749198,35547.61468
0.975528258,0.012265454,0.181583999,37291.41421
0.972759288,0.013379099,0.178098209,39198.8298
0.96984631,0.014545682,0.174197385,41241.61219
0.966790213,0.015764306,0.169940294,43459.84601
0.963591927,0.017033928,0.165288938,45967.80537
0.960252427,0.018353197,0.160282907,48587.2675
0.956772729,0.019720715,0.154857204,51336.51015
0.953153894,0.021135179,0.149033714,54250.68191
0.949397023,0.022595578,0.142765387,57284.43337
0.945503262,0.024100857,0.136031019,60344.32434
0.941473796,0.025649697,0.128770903,63492.30639
0.937309854,0.027240491,0.120960978,66584.34742
0.933012702,0.028871597,0.112559859,69729.95272
0.92858365,0.030541533,0.103549247,73095.03566
0.924024048,0.032249094,0.093929424,76388.10847
0.919335284,0.033993078,0.083642971,79765.36864
0.914518786,0.035772043,0.072712611,83334.76484
0.909576022,0.03758437,0.061129753,86919.48002
0.904508497,0.039428375,0.048819965,90622.89857
0.899317755,0.041302582,0.035861282,94301.45707
0.894005377,0.043205502,0.022301557,98080.19748
0.888572981,0.045135708,0.008136191,101889.9008
0.883022222,0.047091661,-0.006621971,105526.5627
0.87735479,0.049071732,-0.022015329,109266.1086
0.871572413,0.051074286,-0.037955451,113208.0588
0.865676851,0.053097834,-0.054451505,117209.9481
0.8596699,0.055140922,-0.071446392,120991.0757
0.853553391,0.05720209,-0.089013013,124712.0605
0.847329185,0.05927972,-0.107050243,128678.6016
0.84099918,0.061372057,-0.125522466,132637.7586
0.834565303,0.063477388,-0.144412915,136370.2834
0.828029514,0.065594184,-0.163700609,139907.45
0.821393805,0.067721027,-0.183409627,143648.6284
0.814660196,0.069856507,-0.203477972,147689.0875
0.807830738,0.071998983,-0.223863668,151771.6228
0.800907512,0.074146728,-0.244532733,155736.3585
0.793892626,0.076298023,-0.265451417,159661.466
0.786788218,0.078451413,-0.286622884,163572.889
0.779596452,0.080605554,-0.308031887,167433.9619
0.772319518,0.082759109,-0.329709045,171145.1141
0.764959632,0.08491053,-0.35166361,174935.6164
0.757519037,0.087058165,-0.373826965,179046.8825
0.75,0.089200392,-0.396135577,183191.7982
0.74240481,0.091335629,-0.418595468,187067.851
0.734735781,0.093462347,-0.441259605,190864.0082
0.72699525,0.095579043,-0.464127103,194767.6833
0.719185573,0.097684316,-0.487161578,198642.6345
0.711309131,0.099776882,-0.510379163,202466.2429
0.703368322,0.101855406,-0.533791115,206394.8039
0.695365564,0.103918375,-0.557390791,210400.0719
0.687303297,0.105964148,-0.581214067,214364.6988
0.679183975,0.107991175,-0.605154421,218125.5097
0.671010072,0.109998081,-0.629278105,221830.3939
0.662784077,0.111983624,-0.653646858,225709.1232
0.654508497,0.113946547,-0.678220125,229659.1601
0.646185852,0.115885451,-0.703004316,233583.4013
0.637818678,0.117798819,-0.728000973,237452.5359
0.629409523,0.119685167,-0.753158482,241174.6414
0.620960948,0.121543191,-0.778563534,244903.6834
0.612475527,0.123371684,-0.804281882,248851.6632
0.603955845,0.125169489,-0.830293223,253001.2387
0.595404498,0.126935266,-0.85652839,257166.2244
0.586824089,0.128667601,-0.882964762,261185.1435
0.578217233,0.130365138,-0.909655724,265030.0348
0.56958655,0.132026583,-0.936657694,268771.2206
0.560934672,0.133650836,-0.963969082,272535.1774
0.552264232,0.135236778,-0.991624141,276659.5643
0.543577871,0.136783242,-1.019609127,281010.8058
0.534878237,0.13828905,-1.047909828,285185.6183
0.526167978,0.139753039,-1.076574138,289132.979
0.517449748,0.141174085,-1.105621643,293106.6899
0.508726203,0.142551106,-1.135038981,297101.7337
0.5,0.14388306,-1.164888495,301175.6798
0.491273797,0.145168871,-1.195213845,305419.7561
0.482550252,0.14640741,-1.225966424,309751.3073
0.473832022,0.147597575,-1.257111692,313945.1505
0.465121763,0.148738377,-1.288694674,318016.6303
0.456422129,0.149828933,-1.320793457,322174.614
0.447735768,0.150868399,-1.353457149,326490.7144
0.439065328,0.151855946,-1.386702615,330802.8997
0.43041345,0.152790813,-1.420581274,335055.4829
0.421782767,0.153672299,-1.455186635,339370.0514
0.413175911,0.154499568,-1.490605376,343764.0789
0.404595502,0.155271641,-1.526822891,348099.1106
0.396044155,0.155987588,-1.563759836,352267.9995
0.387524473,0.156646792,-1.601524136,356436.4992
0.379039052,0.157249042,-1.640468294,360913.4142
0.370590477,0.157794298,-1.680908045,365547.605
0.362181322,0.158281935,-1.722912609,370011.865
0.353814148,0.158710239,-1.766232417,374386.1113
0.345491503,0.159077235,-1.810505212,379021.3323
0.337215923,0.159383016,-1.856402667,383796.173
0.328989928,0.159630377,-1.906772207,388903.6577
0.320816025,0.159823569,-1.964972334,395059.7839
0.312696703,0.159962099,-2.03187399,402837.8116
0.304634436,0.160032651,-2.1044244,411845.38
0.296631678,0.160019343,-2.177978773,421210.5601
0.288690869,0.159909738,-2.248994198,430169.6244
0.280814427,0.159697397,-2.315628723,438359.5499
0.27300475,0.159379504,-2.376850393,445632.8465
0.265264219,0.158953208,-2.431668336,451705.705
0.25759519,0.15841886,-2.479945477,456439.2278
0.25,0.157779136,-2.523011,460154.3451
0.242480963,0.157037155,-2.562409965,463121.5664
0.235040368,0.156195432,-2.598755798,465355.4045
0.227680482,0.155255844,-2.631903774,466849.931
0.220403548,0.15422006,-2.661751811,467665.1984
0.213211782,0.153089899,-2.688177507,467643.4411
0.206107374,0.151867461,-2.711178547,466784.8485
0.199092488,0.150554976,-2.730925615,465195.5564
0.192169262,0.149154797,-2.747701469,462925.8509
0.185339804,0.147669271,-2.761622682,459891.6437
0.178606195,0.146100682,-2.772539635,456003.1859
0.171970486,0.144451423,-2.780440314,451378.8595
0.165434697,0.142723971,-2.785630858,446145.741
0.15900082,0.140920656,-2.788137159,440115.4959
0.152670815,0.139043864,-2.787709491,433305.4933
0.146446609,0.13709614,-2.784473649,425872.4062
0.1403301,0.135080024,-2.778607258,417794.9404
0.134323149,0.132998148,-2.770149696,408897.8932
0.128427587,0.130853252,-2.759313706,399325.3909
0.12264521,0.12864815,-2.746248916,389292.584
0.116977778,0.126385492,-2.730939369,378616.3763
0.111427019,0.124068041,-2.713491456,367231.4354
0.105994623,0.121698711,-2.69411249,355246.743
0.100682245,0.119280211,-2.672784347,342688.0663
0.095491503,0.116815188,-2.649388123,329520.5236
0.090423978,0.114306532,-2.624025514,315733.0104
0.085481214,0.111757193,-2.596755176,301354.3678
0.080664716,0.109170035,-2.567571617,286401.1206
0.075975952,0.106548173,-2.53675681,270915.85
0.07141635,0.103894874,-2.504591293,254878.3491
0.066987298,0.101212957,-2.470794214,238251.4931
0.062690146,0.098505285,-2.435198414,221008.9636
0.058526204,0.09577513,-2.398120499,203210.4537
0.054496738,0.093025572,-2.359435621,184840.5896
0.050602977,0.09025955,-2.318825184,165849.458
0.046846106,0.0874805,-2.276680561,146311.7656
0.043227271,0.084691947,-2.23316309,126222.4233
0.039747573,0.08189682,-2.187643416,105477.9459
0.036408073,0.079098431,-2.140021881,84135.72735
0.033209787,0.076300721,-2.090798775,62265.45666
0.03015369,0.073507172,-2.039460718,39805.12547
0.027240712,0.070721348,-1.985537576,16781.71998
0.024471742,0.0679478,-1.929733826,-6668.219294
0.021847622,0.065191103,-1.872091322,-30561.28754
0.019369152,0.062455198,-1.811498312,-54927.36094
0.017037087,0.059745205,-1.747942932,-79561.49226
0.014852137,0.057067497,-1.682331667,-104309.652
0.012814968,0.054428052,-1.613846093,-129146.9555
0.0109262,0.05183395,-1.541866504,-153813.2155
0.009186408,0.049294698,-1.467391739,-177985.7322
0.007596123,0.046821579,-1.391163896,-201474.9341
0.00615583,0.044427119,-1.312507418,-224021.0613
0.004865966,0.042127891,-1.232183502,-245175.0595
0.003726924,0.039945775,-1.152017527,-264526.206
0.002739052,0.037908051,-1.073870317,-281705.9458
0.001902651,0.036048422,-0.998894534,-296224.6034
0.001217975,0.03440968,-0.929665565,-307673.2724
0.000685233,0.033043618,-0.869803647,-316060.0231
0.000304586,0.032007881,-0.823169851,-321801.7359
7.62E-05,0.031358223,-0.79341177,-325405.5788
0,0.031136434,-0.783159412,-327214.4173
0.985147863,0.011455231,0.170660195,-13358.58456
0.982962913,0.012624904,0.16975248,-13287.67264
0.980630848,0.01386864,0.168795976,-12940.99251
0.978152378,0.015185426,0.167841868,-12180.37651
0.975528258,0.01657429,0.167048656,-11226.14227
0.972759288,0.018033846,0.166148216,-10304.09973
0.96984631,0.019562422,0.16519418,-9345.383191
0.966790213,0.021158219,0.164172827,-8387.996303
0.963591927,0.022819851,0.163065054,-7405.054361
0.960252427,0.024546027,0.161852708,-6431.068947
0.956772729,0.026335596,0.160500495,-5367.512646
0.953153894,0.028186734,0.15920116,-4307.479419
0.949397023,0.030097479,0.157588432,-3461.328576
0.945503262,0.032065646,0.155704864,-2469.38869
0.941473796,0.034089635,0.15362737,-1273.752278
0.937309854,0.036168004,0.151372706,40.44790571
0.933012702,0.038299215,0.14895562,1392.628435
0.92858365,0.040481325,0.14633191,2905.001693
0.924024048,0.042712162,0.143435198,4617.017375
0.919335284,0.04498955,0.140242757,6514.785768
0.914518786,0.047311677,0.136714209,8595.266642
0.909576022,0.049676858,0.132818464,10853.35214
0.904508497,0.052083344,0.128507347,13307.37384
0.899317755,0.054528996,0.123725417,15956.86281
0.894005377,0.057011685,0.1184189,18803.86287
0.888572981,0.059529181,0.11252667,21851.07417
0.883022222,0.062079617,0.105977735,25130.97657
0.87735479,0.064661166,0.098725349,28684.54136
0.871572413,0.067271942,0.090713748,32443.74689
0.865676851,0.069909882,0.081863039,36410.88778
0.8596699,0.072572809,0.072134926,40655.35425
0.853553391,0.075258622,0.061492769,45126.99508
0.847329185,0.077965396,0.049874031,49722.25121
0.84099918,0.080691209,0.037202425,54487.11239
0.834565303,0.083434148,0.023448312,59510.39392
0.828029514,0.086192135,0.008575587,64633.55501
0.821393805,0.088963063,-0.007476572,69849.80172
0.814660196,0.091744924,-0.024682933,75271.26521
0.807830738,0.094535842,-0.043046758,80842.22475
0.800907512,0.097333989,-0.062538471,86516.45448
0.793892626,0.100137485,-0.083150145,92226.95475
0.786788218,0.102944147,-0.104847369,98035.64776
0.779596452,0.105751799,-0.127574755,103892.9385
0.772319518,0.10855833,-0.151286756,109895.4135
0.764959632,0.111361987,-0.175901008,116129.9416
0.757519037,0.114161054,-0.201438226,122336.3187
0.75,0.116953739,-0.227875474,128372.1736
0.74240481,0.119738068,-0.255104376,134238.4302
0.734735781,0.122512056,-0.282964645,139802.8824
0.72699525,0.125273761,-0.311314475,145072.5055
0.719185573,0.128021263,-0.340145061,150298.8945
0.711309131,0.130752667,-0.369486336,155571.8626
0.703368322,0.133466115,-0.399282888,160729.1563
0.695365564,0.136159769,-0.429486437,165721.9891
0.687303297,0.138831791,-0.460129728,170780.3532
0.679183975,0.141480383,-0.491172364,176089.7498
0.671010072,0.144103742,-0.522498507,181290.4662
0.662784077,0.146700095,-0.554128462,186221.7582
0.654508497,0.14926768,-0.586123429,191271.8959
0.646185852,0.151804713,-0.618501287,196627.7019
0.637818678,0.154309423,-0.65121799,202011.3221
0.629409523,0.156780056,-0.684225196,207254.8325
0.620960948,0.159214785,-0.717573119,212538.1626
0.612475527,0.161611808,-0.751271761,217754.1665
0.603955845,0.163969421,-0.785268172,222991.8886
0.595404498,0.166285976,-0.819578664,228435.9676
0.586824089,0.168559903,-0.854278066,233988.5051
0.578217233,0.170789682,-0.889379321,239337.4063
0.56958655,0.172973504,-0.924901484,244712.0333
0.560934672,0.175109567,-0.96078191,250127.7505
0.552264232,0.177196171,-0.997006776,255544.0539
0.543577871,0.179231741,-1.033644719,261059.3527
0.534878237,0.181214844,-1.070742469,266735.4518
0.526167978,0.183144068,-1.108285476,272296.0731
0.517449748,0.185017879,-1.146292405,277785.5209
0.508726203,0.186834699,-1.18477218,283366.197
0.5,0.188593015,-1.223712982,289030.1571
0.491273797,0.190291399,-1.263165743,294723.0457
0.482550252,0.191928517,-1.303184465,300525.0626
0.473832022,0.193503051,-1.34377804,306398.714
0.465121763,0.19501363,-1.384931864,312242.1004
0.456422129,0.196458838,-1.426656397,318115.7634
0.447735768,0.197837358,-1.468966042,324064.5832
0.439065328,0.19914793,-1.511877302,329958.5329
0.43041345,0.200389353,-1.555435908,335756.6629
0.421782767,0.2015605,-1.599723956,341673.5182
0.413175911,0.202660212,-1.644796052,347721.7664
0.404595502,0.203687343,-1.690646055,353799.123
0.396044155,0.204640819,-1.737245981,359826.7227
0.387524473,0.205519699,-1.784637469,365796.0041
0.379039052,0.206323256,-1.833042304,371698.2342
0.370590477,0.207050878,-1.882706984,377657.5605
0.362181322,0.207701569,-1.933649599,383716.3729
0.353814148,0.208273759,-1.985594877,389770.2164
0.345491503,0.208765824,-2.038307677,395791.9271
0.337215923,0.209177613,-2.092635887,401910.5559
0.328989928,0.209510908,-2.150860685,408452.8353
0.320816025,0.209767967,-2.215519876,415824.7906
0.312696703,0.209947742,-2.28712141,424256.1626
0.304634436,0.210040289,-2.363027679,433607.3992
0.296631678,0.210033362,-2.439343105,443242.1106
0.288690869,0.209917717,-2.512920241,452424.2887
0.280814427,0.209688984,-2.582336796,460752.7566
0.27300475,0.209345234,-2.646650397,467936.549
0.265264219,0.208884747,-2.705056912,473863.7617
0.25759519,0.208307453,-2.757290853,478621.7819
0.25,0.20761563,-2.803957092,482363.8159
0.242480963,0.206811943,-2.846280229,485099.0035
0.235040368,0.205898966,-2.885153243,486954.2026
0.227680482,0.204878658,-2.920677194,488010.9017
0.220403548,0.203752595,-2.952487845,488215.7094
0.213211782,0.202522469,-2.98026493,487430.862
0.206107374,0.201190087,-3.003846425,485561.0841
0.199092488,0.199757355,-3.023642757,482744.6447
0.192169262,0.198226283,-3.039465843,479151.3148
0.185339804,0.196598984,-3.05111488,474706.6708
0.178606195,0.194877625,-3.058971379,469143.9904
0.171970486,0.193064395,-3.062941897,462408.4017
0.165434697,0.191161616,-3.062445852,454768.6415
0.15900082,0.189171673,-3.05792107,446209.1573
0.152670815,0.1870969,-3.049686821,436670.5934
0.146446609,0.184939655,-3.037721482,426242.472
0.1403301,0.182702432,-3.022167159,414996.1307
0.134323149,0.180387752,-3.003144804,402884.9431
0.128427587,0.177998015,-2.980583648,389915.1097
0.12264521,0.175535701,-2.954535662,376082.6015
0.116977778,0.173003492,-2.925202565,361452.5439
0.111427019,0.170404047,-2.892633913,346108.7599
0.105994623,0.167740103,-2.856924042,330050.1307
0.100682245,0.165014562,-2.818395907,313293.2293
0.095491503,0.162230426,-2.777262191,295895.3853
0.090423978,0.159390511,-2.733442806,277915.0718
0.085481214,0.156497634,-2.686938342,259341.6627
0.080664716,0.15355491,-2.637962816,240195.0592
0.075975952,0.15056544,-2.586581685,220566.8743
0.07141635,0.14753225,-2.532695229,200455.2541
0.066987298,0.144458573,-2.476391708,179900.2377
0.062690146,0.141347946,-2.41789074,158970.5073
0.058526204,0.138203821,-2.357236806,137708.7772
0.054496738,0.135029739,-2.294343538,116178.5041
0.050602977,0.13182959,-2.229472099,94401.36223
0.046846106,0.128607524,-2.16294873,72478.22014
0.043227271,0.125367416,-2.09453659,50433.40977
0.039747573,0.12211338,-2.02410614,28293.64662
0.036408073,0.118850109,-1.95200884,6198.033028
0.033209787,0.115582518,-1.878346957,-15800.99411
0.03015369,0.112315545,-1.802967113,-37647.88817
0.027240712,0.109054749,-1.725967015,-59226.32893
0.024471742,0.105806503,-1.647729463,-80398.8704
0.021847622,0.102577626,-1.568407763,-101097.3022
0.019369152,0.099375425,-1.487975603,-121225.3862
0.017037087,0.096208425,-1.406746996,-140627.9732
0.014852137,0.093086508,-1.325315391,-159175.1511
0.012814968,0.090020679,-1.243938449,-176768.148
0.0109262,0.087023445,-1.162879914,-193313.7189
0.009186408,0.084109562,-1.082707912,-208675.0597
0.007596123,0.081296445,-1.004185026,-222727.5573
0.00615583,0.078604318,-0.928079037,-235412.0585
0.004865966,0.076056548,-0.855125547,-246662.7881
0.003726924,0.073680422,-0.786294976,-256456.9978
0.002739052,0.071507248,-0.722707269,-264756.7392
0.001902651,0.069572182,-0.665624362,-271603.8804
0.001217975,0.067913236,-0.616383201,-277061.6924
0.000685233,0.066569348,-0.576320108,-281244.4087
0.000304586,0.065577412,-0.546653669,-284268.7477
7.62E-05,0.06496834,-0.528404115,-286231.1643
0,0.064762871,-0.52224224,-287201.8104
0.985147863,0.006431797,0.094732697,79007.40797
0.982962913,0.007202161,0.089097132,81247.25899
0.980630848,0.008020954,0.083038678,83469.33943
0.978152378,0.008887196,0.076494873,85627.97012
0.975528258,0.009799843,0.069374434,87894.31759
0.972759288,0.010757805,0.06171009,90355.73891
0.96984631,0.011760051,0.053400336,92865.41673
0.966790213,0.012805553,0.044459117,95645.32685
0.963591927,0.01389316,0.034937438,98534.3365
0.960252427,0.01502158,0.024715723,101422.8095
0.956772729,0.016189375,0.013931261,104421.5973
0.953153894,0.01739521,0.002505292,107548.5776
0.949397023,0.01863787,-0.009502402,110713.4152
0.945503262,0.019916144,-0.022129058,113980.5192
0.941473796,0.021228633,-0.035301282,117219.8688
0.937309854,0.022573862,-0.049064493,120257.1973
0.933012702,0.023950223,-0.063388595,123648.3764
0.92858365,0.025356181,-0.078181153,127002.5527
0.924024048,0.026790279,-0.093522301,130226.3149
0.919335284,0.028251075,-0.109359715,133478.1836
0.914518786,0.029737053,-0.125713268,137044.174
0.909576022,0.031246594,-0.14244048,140721.5791
0.904508497,0.032777997,-0.159626229,143957.8245
0.899317755,0.034329648,-0.17721582,147484.8025
0.894005377,0.035899888,-0.195172673,150962.2571
0.888572981,0.037487101,-0.213470257,154741.0197
0.883022222,0.039089649,-0.232051848,158550.3087
0.87735479,0.040705963,-0.250933501,162231.5321
0.871572413,0.042334421,-0.270081596,166031.7557
0.865676851,0.043973368,-0.28945311,170003.1378
0.8596699,0.045620979,-0.309018128,173569.4686
0.853553391,0.047275449,-0.328846421,177201.6915
0.847329185,0.048935038,-0.348805992,181079.3872
0.84099918,0.050598149,-0.368853201,184810.1845
0.834565303,0.052263207,-0.38908417,188690.9919
0.828029514,0.05392857,-0.409376898,192699.7596
0.821393805,0.055592585,-0.429764419,196583.2062
0.814660196,0.057253571,-0.450282501,200552.026
0.807830738,0.058909837,-0.470841552,204306.1169
0.800907512,0.060559668,-0.491406162,207756.8172
0.793892626,0.062201319,-0.512018725,211449.5174
0.786788218,0.06383324,-0.532680976,215387.7612
0.779596452,0.065453947,-0.553338907,219292.7847
0.772319518,0.067062077,-0.574025626,223188.6517
0.764959632,0.068656091,-0.594692819,226868.3572
0.757519037,0.070234361,-0.615413103,230481.9627
0.75,0.071795263,-0.636165417,234322.5626
0.74240481,0.073337239,-0.656804978,238065.3699
0.734735781,0.074858871,-0.67742688,241836.9899
0.72699525,0.076358728,-0.698043942,245533.0184
0.719185573,0.077835395,-0.718627005,248807.9473
0.711309131,0.079287454,-0.739246922,252227.3451
0.703368322,0.080713467,-0.759822436,256211.1421
0.695365564,0.082112068,-0.780220895,259999.0056
0.687303297,0.083481953,-0.800541781,263149.1799
0.679183975,0.084821842,-0.820906158,266419.7711
0.671010072,0.086130498,-0.84122111,270188.1605
0.662784077,0.087406678,-0.8614298,273865.0207
0.654508497,0.088649186,-0.881562114,277305.9225
0.646185852,0.089856887,-0.901633674,280578.4934
0.637818678,0.091028738,-0.921609891,283758.3267
0.629409523,0.09216375,-0.941511603,287127.8179
0.620960948,0.093260873,-0.961366822,290669.8444
0.612475527,0.094318969,-0.981149405,294017.6607
0.603955845,0.095336918,-1.000838095,297168.9495
0.595404498,0.096313698,-1.020419491,300364.6654
0.586824089,0.097248418,-1.039813509,303375.6464
0.578217233,0.098140272,-1.059101693,306347.2244
0.56958655,0.098988468,-1.078318091,309396.0901
0.560934672,0.099792223,-1.09741856,312377.6829
0.552264232,0.100550803,-1.116417588,315309.5943
0.543577871,0.101263516,-1.135352879,318494.0998
0.534878237,0.10192969,-1.154158498,321585.5246
0.526167978,0.102548707,-1.172823923,324362.3175
0.517449748,0.103119981,-1.191363866,326960.0562
0.508726203,0.10364293,-1.209756615,329595.1258
0.5,0.104117001,-1.227965425,332314.1766
0.491273797,0.104541712,-1.246006229,335063.6505
0.482550252,0.104916648,-1.263900752,337790.0503
0.473832022,0.105241469,-1.281588389,340432.0436
0.465121763,0.105515889,-1.29906571,342886.2887
0.456422129,0.105739661,-1.316444668,345208.8518
0.447735768,0.105912601,-1.333808194,347667.7176
0.439065328,0.106034548,-1.351067047,350154.6893
0.43041345,0.106105254,-1.368145422,352498.1089
0.421782767,0.106124471,-1.38500474,354705.5634
0.413175911,0.106092059,-1.401657152,356864.9889
0.404595502,0.106008052,-1.418131528,358947.5111
0.396044155,0.105872652,-1.434410062,360851.9471
0.387524473,0.105686089,-1.450530204,362743.7338
0.379039052,0.105448483,-1.466454962,364726.3335
0.370590477,0.10515993,-1.482147474,366568.7959
0.362181322,0.104820604,-1.497679398,368227.7098
0.353814148,0.104430773,-1.51312193,369997.2477
0.345491503,0.103990795,-1.528369628,371691.0361
0.337215923,0.103501104,-1.543500347,373181.7456
0.328989928,0.102962054,-1.55852177,374603.3554
0.320816025,0.102373975,-1.573344785,375922.6475
0.312696703,0.101737269,-1.587949109,377101.9774
0.304634436,0.101052479,-1.602394755,378289.1383
0.296631678,0.100320295,-1.616699955,379505.4242
0.288690869,0.099541482,-1.630910791,380602.7304
0.280814427,0.098716748,-1.645046938,381482.7991
0.27300475,0.097846722,-1.659072876,382247.0592
0.265264219,0.096932108,-1.672960268,383081.3513
0.25759519,0.095973674,-1.686702286,383887.6042
0.25,0.094972247,-1.700314659,384412.8537
0.242480963,0.093928737,-1.71384688,384745.3716
0.235040368,0.092844087,-1.727326817,385114.5428
0.227680482,0.091719261,-1.740737458,385368.2171
0.220403548,0.090555288,-1.75414734,385536.4217
0.213211782,0.089353236,-1.767565871,385642.5287
0.206107374,0.088114128,-1.780994044,385586.0205
0.199092488,0.086839055,-1.794474479,385455.2977
0.192169262,0.085529164,-1.807999696,385209.6095
0.185339804,0.084185626,-1.821608749,384845.1481
0.178606195,0.082809674,-1.83536183,384379.5278
0.171970486,0.081402597,-1.849327993,383841.8571
0.165434697,0.079965554,-1.863503539,383216.8196
0.15900082,0.078499741,-1.877848251,382406.4021
0.152670815,0.077006472,-1.892396109,381464.5544
0.146446609,0.075487078,-1.907189431,380439.1298
0.1403301,0.073942994,-1.92236722,379275.9574
0.134323149,0.072375743,-1.938031803,377964.4505
0.128427587,0.070786669,-1.954187724,376483.3958
0.12264521,0.069177146,-1.970912268,374932.5902
0.116977778,0.067548691,-1.988279801,373278.3252
0.111427019,0.065902653,-2.006312926,371423.2813
0.105994623,0.064240417,-2.025054361,369339.6508
0.100682245,0.062563544,-2.044682779,367116.8221
0.095491503,0.060873488,-2.065224766,364749.2443
0.090423978,0.059171688,-2.086798254,362166.599
0.085481214,0.057459815,-2.109690219,359327.119
0.080664716,0.055739271,-2.133909779,356300.3397
0.075975952,0.054011292,-2.159406663,353004.7551
0.07141635,0.052277455,-2.186431068,349378.0496
0.066987298,0.050539229,-2.215031227,345411.1158
0.062690146,0.048798026,-2.245363778,341095.1661
0.058526204,0.047055654,-2.278045373,336457.6979
0.054496738,0.045313606,-2.313184694,331363.8642
0.050602977,0.043572984,-2.350617783,325733.0656
0.046846106,0.041835455,-2.39104049,319559.4962
0.043227271,0.040102473,-2.434628657,312716.6247
0.039747573,0.038375037,-2.481044473,305049.8474
0.036408073,0.03665488,-2.531443615,296529.1041
0.033209787,0.034943551,-2.586230181,287020.485
0.03015369,0.033241817,-2.644578693,276136.362
0.027240712,0.031551415,-2.708114315,263855.1023
0.024471742,0.029874053,-2.77772967,249925.1727
0.021847622,0.028210151,-2.851556297,233687.2886
0.019369152,0.026561513,-2.931970733,214969.4029
0.017037087,0.02493012,-3.020826831,193342.7994
0.014852137,0.023315815,-3.113416442,167562.7197
0.012814968,0.021720381,-3.212180943,137181.8636
0.0109262,0.020146427,-3.320620374,101586.2347
0.009186408,0.018593605,-3.428231331,58976.55261
0.007596123,0.017064229,-3.536361868,8653.807309
0.00615583,0.015562591,-3.655134121,-50116.162
0.004865966,0.014088166,-3.755446816,-120661.6725
0.003726924,0.012643946,-3.822131217,-206412.1249
0.002739052,0.011238325,-3.871959317,-304991.4857
0.001902651,0.009876184,-3.851710895,-404808.4937
0.001217975,0.008568831,-3.746924598,-490232.8709
0.000685233,0.007345937,-3.591894209,-565699.632
0.000304586,0.006265754,-3.407413451,-621358.8457
7.62E-05,0.005450532,-3.226237937,-659227.0706
0,0.00512765,-3.145716806,-677299.5707
0.985147863,0.009512983,0.150675858,11858.45511
0.982962913,0.010558976,0.148755928,12938.92044
0.980630848,0.011670474,0.146581469,14177.66723
0.978152378,0.012846275,0.144117713,15531.33271
0.975528258,0.014085187,0.141362752,17053.32962
0.972759288,0.015385824,0.138342766,18729.14158
0.96984631,0.016746632,0.135092163,20561.65289
0.966790213,0.01816601,0.131593157,22527.08541
0.963591927,0.01964234,0.127810394,24570.07631
0.960252427,0.021174086,0.123647747,26629.49652
0.956772729,0.022759679,0.119004692,28723.804
0.953153894,0.024397334,0.113783792,30837.13551
0.949397023,0.026085218,0.10789029,33169.71107
0.945503262,0.027821427,0.101333814,35925.01105
0.941473796,0.029604177,0.094083009,39040.64039
0.937309854,0.031431702,0.086137738,42506.05278
0.933012702,0.03330226,0.077496778,46283.09535
0.92858365,0.0352138,0.068133663,50363.3219
0.924024048,0.037164214,0.057993354,54659.81363
0.919335284,0.039151324,0.047027728,59091.40646
0.914518786,0.041173102,0.035151724,63599.19814
0.909576022,0.043227579,0.022362596,68194.35482
0.904508497,0.04531278,0.008575529,72829.5039
0.899317755,0.047426658,-0.006219545,77741.89827
0.894005377,0.049567144,-0.021999869,82779.41886
0.888572981,0.05173216,-0.038792796,87820.46363
0.883022222,0.053919521,-0.056584878,93155.10578
0.87735479,0.056127115,-0.075361765,98667.49199
0.871572413,0.058352787,-0.095240621,104045.3292
0.865676851,0.060594408,-0.11605229,109481.8925
0.8596699,0.062849859,-0.137598678,114681.9895
0.853553391,0.065117056,-0.159872687,119766.6197
0.847329185,0.067393875,-0.182888787,125040.9503
0.84099918,0.069678293,-0.206576676,130365.7719
0.834565303,0.071968224,-0.230865286,135543.3505
0.828029514,0.07426155,-0.255755464,140637.2826
0.821393805,0.076556138,-0.281179003,145974.3947
0.814660196,0.078849956,-0.307012266,151426.0768
0.807830738,0.081140901,-0.333199073,156727.0763
0.800907512,0.083427028,-0.359742183,161909.3473
0.793892626,0.085706345,-0.386628881,167072.0143
0.786788218,0.087976822,-0.413743416,172232.384
0.779596452,0.090236489,-0.441077647,177324.6609
0.772319518,0.092483338,-0.468603912,182317.4126
0.764959632,0.094715455,-0.496301134,187421.7651
0.757519037,0.096930906,-0.524133336,192683.9287
0.75,0.099127806,-0.552082857,197864.2383
0.74240481,0.101304256,-0.580068859,202711.9705
0.734735781,0.103458372,-0.60807564,207397.7875
0.72699525,0.105588356,-0.636240438,212297.555
0.719185573,0.107692473,-0.664448199,217338.416
0.711309131,0.109769098,-0.692648839,222199.8149
0.703368322,0.111816609,-0.72095178,227008.2247
0.695365564,0.113833241,-0.749301228,231898.9689
0.687303297,0.115817142,-0.777644283,236760.3876
0.679183975,0.117766531,-0.805975924,241567.5658
0.671010072,0.119679817,-0.834256443,246346.9976
0.662784077,0.121555595,-0.862551043,251015.9945
0.654508497,0.123392509,-0.890948799,255757.8289
0.646185852,0.125189042,-0.919366006,260585.3263
0.637818678,0.126943596,-0.94772737,265263.1797
0.629409523,0.128654647,-0.976086522,269766.0104
0.620960948,0.130320747,-1.004502325,274412.9888
0.612475527,0.131940541,-1.032912924,279360.4827
0.603955845,0.133512762,-1.061214351,284173.5254
0.595404498,0.135036093,-1.089459718,288442.2745
0.586824089,0.136509287,-1.117786045,292772.1075
0.578217233,0.137931102,-1.146146225,297482.069
0.56958655,0.139300351,-1.17443103,302130.3924
0.560934672,0.140615921,-1.202655871,306401.2445
0.552264232,0.141876711,-1.230906971,310849.6993
0.543577871,0.143081664,-1.259124727,315531.5655
0.534878237,0.144229743,-1.287270879,320021.3035
0.526167978,0.145319962,-1.315352887,324294.4773
0.517449748,0.146351365,-1.343373644,328615.9033
0.508726203,0.147323004,-1.371322358,332877.9738
0.5,0.148234003,-1.399246665,336951.6718
0.491273797,0.149083551,-1.427132005,341034.42
0.482550252,0.149870987,-1.454918417,345244.2477
0.473832022,0.15059577,-1.482594376,349429.9288
0.465121763,0.151257312,-1.510222524,353401.2298
0.456422129,0.151854873,-1.537773915,357259.4758
0.447735768,0.152387628,-1.565191669,361262.736
0.439065328,0.152854899,-1.59235117,365290.1106
0.43041345,0.153256249,-1.619202215,369051.3261
0.421782767,0.153591413,-1.645937557,372692.5242
0.413175911,0.153860209,-1.6726586,376253.1226
0.404595502,0.154062317,-1.699317842,379678.8951
0.396044155,0.154197363,-1.725838991,383113.991
0.387524473,0.154265032,-1.752175484,386673.884
0.379039052,0.154265095,-1.778274173,389971.6975
0.370590477,0.154197396,-1.804136729,392950.0225
0.362181322,0.154061876,-1.829759562,395775.2019
0.353814148,0.153858509,-1.855154991,398628.6894
0.345491503,0.153587302,-1.880273693,401523.8156
0.337215923,0.153248337,-1.904927442,404238.4632
0.328989928,0.152841732,-1.929176691,406609.5547
0.320816025,0.152367641,-1.953213369,408821.753
0.312696703,0.151826284,-1.977038877,410967.3316
0.304634436,0.151217949,-2.000502422,412949.2395
0.296631678,0.150542971,-2.023584299,414801.3329
0.288690869,0.149801752,-2.046320171,416541.8343
0.280814427,0.148994778,-2.068675109,417971.4981
0.27300475,0.148122467,-2.090593552,419088.2229
0.265264219,0.147185246,-2.112063435,420090.3174
0.25759519,0.146183676,-2.133071017,421035.0541
0.25,0.145118437,-2.153558362,421760.1975
0.242480963,0.143990317,-2.173571572,422253.265
0.235040368,0.142800241,-2.193168397,422436.1514
0.227680482,0.141548988,-2.21230546,422232.4058
0.220403548,0.140237279,-2.230894475,421776.7122
0.213211782,0.138865943,-2.24886999,421130.9336
0.206107374,0.137435884,-2.266215283,420185.2666
0.199092488,0.135948041,-2.282944039,418955.1806
0.192169262,0.134403478,-2.29902273,417389.56
0.185339804,0.132803318,-2.314403359,415370.29
0.178606195,0.131148648,-2.329094159,413053.7175
0.171970486,0.12944061,-2.343114272,410523.6128
0.165434697,0.127680501,-2.356433922,407672.1368
0.15900082,0.125869527,-2.36898307,404378.6914
0.152670815,0.124008993,-2.380761714,400567.5758
0.146446609,0.122100344,-2.391819732,396298.7908
0.1403301,0.120144914,-2.402127681,391758.8735
0.134323149,0.118144047,-2.411609926,386854.9905
0.128427587,0.116099283,-2.420270941,381356.9823
0.12264521,0.114012063,-2.428061231,375330.2865
0.116977778,0.111883742,-2.43487717,368854.5503
0.111427019,0.109715939,-2.44072678,361830.3582
0.105994623,0.107510273,-2.445527803,354215.5804
0.100682245,0.105268282,-2.449238188,346052.076
0.095491503,0.102991787,-2.45205887,337301.3921
0.090423978,0.100682546,-2.453918051,327864.0083
0.085481214,0.098341937,-2.454468894,317716.6681
0.080664716,0.0959716,-2.4536393,306856.0529
0.075975952,0.093573396,-2.451380432,295235.4256
0.07141635,0.091148996,-2.44749901,282805.5592
0.066987298,0.088700388,-2.442236624,269578.3769
0.062690146,0.08622977,-2.435884143,255517.039
0.058526204,0.083738582,-2.427751976,240490.6957
0.054496738,0.081228353,-2.417441148,224424.09
0.050602977,0.078701125,-2.405041024,207326.7498
0.046846106,0.076158666,-2.390052984,189116.1832
0.043227271,0.073602904,-2.372362754,169780.9696
0.039747573,0.071036406,-2.352677244,149349.338
0.036408073,0.068460985,-2.330266275,127668.0921
0.033209787,0.065878036,-2.303937652,104594.1072
0.03015369,0.063289838,-2.273925841,80251.7978
0.027240712,0.060698637,-2.239810911,54608.67218
0.024471742,0.058106366,-2.20053939,27631.76767
0.021847622,0.055516032,-2.156814336,-493.6632296
0.019369152,0.052930712,-2.108722856,-29759.61492
0.017037087,0.050352268,-2.05418554,-60224.50541
0.014852137,0.047783757,-1.992998683,-91565.85387
0.012814968,0.045229308,-1.925663056,-123487.8213
0.0109262,0.042692499,-1.85069044,-155795.4557
0.009186408,0.040178328,-1.767829664,-187968.2535
0.007596123,0.03769404,-1.67834335,-219485.5272
0.00615583,0.03524754,-1.581740216,-249891.5587
0.004865966,0.032849143,-1.477905014,-278340.147
0.003726924,0.030514172,-1.368335084,-303736.3958
0.002739052,0.028264604,-1.255073073,-324904.4124
0.001902651,0.026131917,-1.140588848,-341146.9722
0.001217975,0.024163389,-1.028931892,-353088.505
0.000685233,0.022430193,-0.925914454,-361800.6887
0.000304586,0.021035831,-0.840398826,-368252.5251
7.62E-05,0.020112438,-0.782711952,-372680.1737
0,0.019786339,-0.76214983,-375017.7518
0.985147863,0.012764556,0.122200021,-16224.55633
0.982962913,0.014100225,0.120872598,-16817.17814
0.980630848,0.01551928,0.119697739,-17110.36564
0.978152378,0.017020005,0.118647369,-17221.71186
0.975528258,0.01860064,0.117756849,-16982.69363
0.972759288,0.020259415,0.11695123,-16599.53433
0.96984631,0.021994437,0.116230696,-15999.63006
0.966790213,0.023803795,0.115576883,-15230.31279
0.963591927,0.025685481,0.114950773,-14378.66452
0.960252427,0.02763736,0.114307494,-13424.41286
0.956772729,0.029657261,0.113623188,-12436.53326
0.953153894,0.031743005,0.112832689,-11466.41313
0.949397023,0.033892469,0.11189364,-10471.3548
0.945503262,0.036103327,0.110763483,-9464.957051
0.941473796,0.038373129,0.109424388,-8442.067042
0.937309854,0.040699258,0.107829031,-7361.967111
0.933012702,0.043079135,0.105982221,-6065.24011
0.92858365,0.045510423,0.104067179,-4913.688286
0.924024048,0.047990788,0.101695722,-3637.766577
0.919335284,0.050517756,0.098884207,-2057.234438
0.914518786,0.053088809,0.095708487,-258.6631825
0.909576022,0.055701264,0.092227996,1697.027445
0.904508497,0.058352528,0.088382412,3850.273687
0.899317755,0.06103998,0.084052465,6292.531525
0.894005377,0.063761098,0.079146937,8997.656415
0.888572981,0.066513258,0.073595121,11944.40574
0.883022222,0.069293995,0.06731749,15184.42907
0.87735479,0.072100861,0.060209342,18731.01983
0.871572413,0.074931206,0.052151732,22602.62602
0.865676851,0.077782327,0.04300248,26812.57428
0.8596699,0.080651497,0.032609424,31384.46495
0.853553391,0.083536049,0.020846005,36391.9236
0.847329185,0.086433639,0.007612696,41831.84647
0.84099918,0.089341903,-0.007181841,47628.73819
0.834565303,0.092258366,-0.023589532,53771.701
0.828029514,0.095180348,-0.041625667,60219.93002
0.821393805,0.098105201,-0.061327518,66875.7135
0.814660196,0.101030407,-0.082695981,73713.88986
0.807830738,0.103953649,-0.105716745,80686.40238
0.800907512,0.106872661,-0.130343163,87780.66179
0.793892626,0.109785096,-0.156505275,94909.79287
0.786788218,0.112688516,-0.18414642,101973.0266
0.779596452,0.11558045,-0.213162447,109166.1626
0.772319518,0.11845852,-0.243388227,116602.1255
0.764959632,0.121320474,-0.274800304,124068.2644
0.757519037,0.124164097,-0.307388132,131532.0046
0.75,0.126987197,-0.340921397,139089.9904
0.74240481,0.129787554,-0.375132846,146387.6308
0.734735781,0.132562996,-0.409831122,153072.0966
0.72699525,0.135311383,-0.444894402,159458.3615
0.719185573,0.138030502,-0.480361162,165841.4168
0.711309131,0.140718182,-0.516184185,172192.8662
0.703368322,0.143372349,-0.552240588,178664.6771
0.695365564,0.145991124,-0.588522328,185184.1015
0.687303297,0.148572651,-0.624978186,191656.4779
0.679183975,0.15111506,-0.661579673,198026.3589
0.671010072,0.153616377,-0.698328331,204306.0787
0.662784077,0.156074581,-0.735177605,210649.0417
0.654508497,0.158487776,-0.772061493,217111.5992
0.646185852,0.160854067,-0.808980558,223237.6133
0.637818678,0.163171732,-0.845996765,229179.0352
0.629409523,0.165439048,-0.883076286,235338.6971
0.620960948,0.167654351,-0.920165248,241710.1771
0.612475527,0.169816079,-0.9572876,248021.2699
0.603955845,0.171922662,-0.994483476,254265.0611
0.595404498,0.173972456,-1.03169211,260247.0848
0.586824089,0.175963783,-1.068927314,266029.4715
0.578217233,0.177895022,-1.106243996,271910.4092
0.56958655,0.179764699,-1.143624011,278066.3113
0.560934672,0.181571511,-1.180972235,284321.9096
0.552264232,0.183314198,-1.218357129,290552.862
0.543577871,0.184991483,-1.255849625,296679.8272
0.534878237,0.186602019,-1.293388316,302589.2718
0.526167978,0.188144451,-1.330879483,308285.7927
0.517449748,0.189617552,-1.368427844,314139.5656
0.508726203,0.191020118,-1.4060122,320219.1712
0.5,0.192350997,-1.44358226,326246.2358
0.491273797,0.193609106,-1.481147872,332051.2918
0.482550252,0.194793408,-1.518760381,337892.2921
0.473832022,0.195902897,-1.556375404,343689.0534
0.465121763,0.19693665,-1.593946314,349257.2707
0.456422129,0.197893819,-1.631447668,354673.0204
0.447735768,0.198773604,-1.66886654,360236.4828
0.439065328,0.199575268,-1.706210331,365726.6841
0.43041345,0.200298054,-1.743478812,371032.239
0.421782767,0.200941216,-1.78066286,376264.6343
0.413175911,0.201504072,-1.817699434,381547.133
0.404595502,0.201986039,-1.85440844,386711.5112
0.396044155,0.202386627,-1.890911043,391804.796
0.387524473,0.202705446,-1.927388334,396860.6949
0.379039052,0.202942108,-1.963818476,401742.8484
0.370590477,0.203096051,-1.999966429,406329.0062
0.362181322,0.20316678,-2.035742946,410603.118
0.353814148,0.203153968,-2.071108331,414736.9356
0.345491503,0.203057484,-2.106039611,418889.121
0.337215923,0.202877369,-2.140609657,422874.8533
0.328989928,0.202613729,-2.17484392,426541.6993
0.320816025,0.202266511,-2.208645055,429927.8048
0.312696703,0.201835564,-2.241815163,433103.7137
0.304634436,0.201320855,-2.274191179,436009.6097
0.296631678,0.200722475,-2.305885892,438765.3809
0.288690869,0.200040607,-2.336962898,441223.2073
0.280814427,0.199275551,-2.367349344,443192.1533
0.27300475,0.198427665,-2.396918883,444737.6701
0.265264219,0.197497197,-2.425599873,446044.016
0.25759519,0.196484547,-2.453274032,447120.5424
0.25,0.195390207,-2.47983962,447850.9329
0.242480963,0.194214725,-2.505267927,448117.194
0.235040368,0.192958771,-2.529591228,447897.4368
0.227680482,0.191623155,-2.552805609,447283.0046
0.220403548,0.19020851,-2.574724215,446265.1363
0.213211782,0.188715443,-2.595127778,444751.3709
0.206107374,0.18714469,-2.613904005,442618.1028
0.199092488,0.185497116,-2.631011955,439806.0748
0.192169262,0.183773687,-2.646337357,436418.181
0.185339804,0.181975488,-2.659798869,432467.0727
0.178606195,0.180103667,-2.67138976,428007.5622
0.171970486,0.178159307,-2.681025832,422911.2997
0.165434697,0.176143586,-2.688603238,417005.6814
0.15900082,0.174057814,-2.694154532,410395.3481
0.152670815,0.171903092,-2.697634018,403217.3779
0.146446609,0.169680557,-2.698567847,395243.9503
0.1403301,0.16739154,-2.696745521,386503.2737
0.134323149,0.165037527,-2.692283987,376976.0661
0.128427587,0.162620068,-2.6853197,366656.6601
0.12264521,0.160140985,-2.675949802,355630.3941
0.116977778,0.157601913,-2.664075058,343821.4078
0.111427019,0.155004194,-2.64942434,331169.9263
0.105994623,0.152349355,-2.631803077,317705.3347
0.100682245,0.149639081,-2.611077935,303361.1976
0.095491503,0.146875156,-2.587210181,288230.8111
0.090423978,0.144059562,-2.560391552,272329.8014
0.085481214,0.141194462,-2.530788117,255589.1454
0.080664716,0.138281712,-2.498188982,238092.8959
0.075975952,0.135323108,-2.462376052,219827.9867
0.07141635,0.132320771,-2.423428584,200793.511
0.066987298,0.129276796,-2.381255138,180999.4773
0.062690146,0.126193226,-2.335699197,160463.6288
0.058526204,0.12307245,-2.286936732,139280.454
0.054496738,0.119916903,-2.235008956,117501.3199
0.050602977,0.116728812,-2.179650112,95130.75516
0.046846106,0.113510682,-2.120967699,72243.41532
0.043227271,0.110265305,-2.059113434,48931.57428
0.039747573,0.106995156,-1.993800029,25227.10935
0.036408073,0.103702894,-1.924903618,1226.164211
0.033209787,0.10039169,-1.852633753,-22916.47169
0.03015369,0.097064789,-1.77693519,-47103.67725
0.027240712,0.093725648,-1.69781967,-71167.99874
0.024471742,0.090378409,-1.615656161,-94945.32352
0.021847622,0.087027513,-1.530601926,-118312.5941
0.019369152,0.083677589,-1.442552485,-141094.8083
0.017037087,0.080334091,-1.351906526,-163069.9367
0.014852137,0.077003538,-1.259068333,-184077.9343
0.012814968,0.07369322,-1.164232131,-203905.2982
0.0109262,0.070411863,-1.06769821,-222349.799
0.009186408,0.067170324,-0.970073991,-239169.0746
0.007596123,0.063982405,-0.872110759,-254208.0859
0.00615583,0.06086569,-0.774814065,-267294.5326
0.004865966,0.057842566,-0.679233573,-278336.7137
0.003726924,0.054942084,-0.586615987,-287278.1347
0.002739052,0.05220253,-0.49864608,-294143.9324
0.001902651,0.049673705,-0.417227181,-299067.6945
0.001217975,0.04741941,-0.344579332,-302289.6267
0.000685233,0.04551857,-0.283325223,-304149.3396
0.000304586,0.044062029,-0.23642871,-305099.0516
7.62E-05,0.043140814,-0.206822128,-305615.1407
0,0.042824866,-0.196681603,-306086.1916
0.985147863,0.008882815,0.015220492,21096.79996
0.982962913,0.009984696,0.011170157,23124.9444
0.980630848,0.011152434,0.006960413,25406.18903
0.978152378,0.012383868,0.002393703,27836.1942
0.975528258,0.013676671,-0.00286773,30223.36073
0.972759288,0.015028479,-0.009078221,32757.30458
0.96984631,0.01643697,-0.016432155,35441.94371
0.966790213,0.017899761,-0.024973088,38572.54489
0.963591927,0.019414349,-0.034625719,42372.02108
0.960252427,0.020978288,-0.045385265,46597.52972
0.956772729,0.022588968,-0.057289842,51289.44889
0.953153894,0.024243585,-0.070401525,56407.95322
0.949397023,0.025939035,-0.084827198,61920.63707
0.945503262,0.027672087,-0.100721548,67676.68763
0.941473796,0.029439756,-0.118165035,73785.23081
0.937309854,0.031239228,-0.137226476,80036.01622
0.933012702,0.033067729,-0.157945946,86715.79376
0.92858365,0.034922103,-0.180444428,93792.58872
0.924024048,0.036798932,-0.204747655,100614.1803
0.919335284,0.038694666,-0.2304415,107439.0912
0.914518786,0.040606011,-0.257431926,114416.2324
0.909576022,0.042529823,-0.285817379,121412.3683
0.904508497,0.044462925,-0.315425162,128640.0841
0.899317755,0.046402008,-0.346164669,135982.8959
0.894005377,0.048343504,-0.377854888,143584.4725
0.888572981,0.050283862,-0.410343307,151245.435
0.883022222,0.052219642,-0.443483581,158895.0594
0.87735479,0.05414749,-0.477087669,166554.2237
0.871572413,0.056064038,-0.511040538,174186.0877
0.865676851,0.057965943,-0.545169919,181612.4141
0.8596699,0.059849843,-0.579439682,189189.4584
0.853553391,0.061712399,-0.613639171,196916.2589
0.847329185,0.063550227,-0.647651375,204865.468
0.84099918,0.065359922,-0.681240255,212699.3328
0.834565303,0.067138123,-0.714400297,220012.6188
0.828029514,0.068881504,-0.74702028,227553.5624
0.821393805,0.070586878,-0.778835717,235012.3573
0.814660196,0.07225109,-0.809870595,242173.6083
0.807830738,0.073871018,-0.839982966,249406.2307
0.800907512,0.07544361,-0.868964182,256545.6756
0.793892626,0.07696588,-0.896731204,263358.648
0.786788218,0.078434722,-0.923170405,269904.2051
0.779596452,0.079846965,-0.947998556,276358.8802
0.772319518,0.081199406,-0.970969116,282595.788
0.764959632,0.082489366,-0.99192098,288716.6397
0.757519037,0.083714836,-1.010753105,294703.2746
0.75,0.084874059,-1.027497437,300045.1218
0.74240481,0.085964066,-1.041867355,304934.471
0.734735781,0.086979853,-1.052726246,309557.522
0.72699525,0.08791583,-1.058385928,312964.6746
0.719185573,0.088769941,-1.058117773,314730.167
0.711309131,0.089549166,-1.053128285,315527.6761
0.703368322,0.090262629,-1.044944426,315579.3745
0.695365564,0.090920831,-1.035023269,314526.4053
0.687303297,0.091537684,-1.025416319,312743.8593
0.679183975,0.092129591,-1.018820131,311367.1434
0.671010072,0.092707858,-1.01672893,311079.7841
0.662784077,0.093272661,-1.018184826,311513.0075
0.654508497,0.093817601,-1.021233772,311891.1367
0.646185852,0.094338438,-1.024971276,312036.08
0.637818678,0.0948344,-1.029344,312461.9278
0.629409523,0.095306173,-1.034415959,313278.857
0.620960948,0.095754187,-1.040266533,314139.0273
0.612475527,0.096177837,-1.046879432,315027.7325
0.603955845,0.096576072,-1.054072491,315969.1867
0.595404498,0.096948021,-1.061651994,316811.3038
0.586824089,0.09729306,-1.069584431,317565.5932
0.578217233,0.097610763,-1.077882557,318396.165
0.56958655,0.097900694,-1.086547308,319548.4513
0.560934672,0.098162311,-1.095537796,320886.4562
0.552264232,0.098395058,-1.104827635,322070.3505
0.543577871,0.098598415,-1.11439629,323143.4093
0.534878237,0.098771891,-1.124178919,324487.7375
0.526167978,0.098915043,-1.134134781,325814.2936
0.517449748,0.099027463,-1.144357635,327043.7561
0.508726203,0.099108756,-1.154854671,328247.0702
0.5,0.099158573,-1.165572378,329457.4435
0.491273797,0.099176579,-1.1764993,330689.1697
0.482550252,0.099162378,-1.187627178,331988.7022
0.473832022,0.099115588,-1.198886054,333224.8088
0.465121763,0.099035865,-1.210305367,334479.2987
0.456422129,0.098922973,-1.221885906,335827.8697
0.447735768,0.098776785,-1.233583753,337199.4385
0.439065328,0.098597175,-1.245423212,338556.551
0.43041345,0.098383921,-1.257471135,340015.7643
0.421782767,0.098136732,-1.269646951,341321.0505
0.413175911,0.097855367,-1.281950864,342471.219
0.404595502,0.097539738,-1.294423327,343689.176
0.396044155,0.097189885,-1.307054581,345020.0597
0.387524473,0.096805868,-1.319847215,346323.662
0.379039052,0.096387674,-1.332839697,347748.7811
0.370590477,0.095935217,-1.345993613,349231.8231
0.362181322,0.095448471,-1.359285996,350592.6225
0.353814148,0.094927442,-1.372747217,351801.0809
0.345491503,0.094372141,-1.386380729,352974.4614
0.337215923,0.093782666,-1.400120803,354163.3189
0.328989928,0.093159197,-1.41398428,355394.7334
0.320816025,0.092502018,-1.428067373,356829.6352
0.312696703,0.091811479,-1.442337958,358170.1698
0.304634436,0.09108782,-1.456799284,359231.6831
0.296631678,0.090331182,-1.471501769,360342.434
0.288690869,0.089541771,-1.486368857,361617.6125
0.280814427,0.088719897,-1.501333656,362610.2802
0.27300475,0.087865977,-1.516553942,363579.3776
0.265264219,0.086980513,-1.532042536,364616.6766
0.25759519,0.086063969,-1.547779369,365645.1602
0.25,0.085116814,-1.563800473,366745.8711
0.242480963,0.084139567,-1.580122405,367771.6304
0.235040368,0.083132716,-1.596767515,368647.042
0.227680482,0.082096714,-1.613741827,369511.6758
0.220403548,0.081032073,-1.631013427,370317.4129
0.213211782,0.079939365,-1.648630578,371171.5946
0.206107374,0.078819222,-1.666600878,372117.1507
0.199092488,0.077672353,-1.684922166,372889.6689
0.192169262,0.07649952,-1.703667279,373467.6659
0.185339804,0.075301476,-1.722929233,374062.1394
0.178606195,0.07407906,-1.742796601,374755.7627
0.171970486,0.072833118,-1.763278358,375360.7005
0.165434697,0.071564235,-1.784362732,375888.0903
0.15900082,0.070273114,-1.806013394,376343.8775
0.152670815,0.068960561,-1.828263836,376701.211
0.146446609,0.067627492,-1.851235294,377053.8898
0.1403301,0.066274945,-1.875064976,377315.5169
0.134323149,0.064903984,-1.899886026,377576.2228
0.128427587,0.063515377,-1.925669847,377728.8079
0.12264521,0.06210997,-1.952480384,377726.7692
0.116977778,0.060688746,-1.980414524,377668.655
0.111427019,0.059252566,-2.009496855,377538.8974
0.105994623,0.057802439,-2.039888047,377333.8511
0.100682245,0.056339468,-2.071734347,376967.6161
0.095491503,0.054864558,-2.10507656,376445.1342
0.090423978,0.053378702,-2.140079663,375769.8958
0.085481214,0.051883089,-2.17698371,374937.6776
0.080664716,0.050378677,-2.215875646,373961.7291
0.075975952,0.04886657,-2.257069486,372823.9988
0.07141635,0.047348051,-2.301016081,371473.4728
0.066987298,0.045823835,-2.347607333,369838.5919
0.062690146,0.044294717,-2.396955463,367896.5727
0.058526204,0.042761876,-2.44948485,365602.8831
0.054496738,0.041226146,-2.505178475,362861.6156
0.050602977,0.039688577,-2.564525885,359673.8666
0.046846106,0.038150655,-2.62849024,355998.1892
0.043227271,0.036613126,-2.69693365,351693.905
0.039747573,0.03507686,-2.770276518,346638.8937
0.036408073,0.033543372,-2.849968529,340822.0291
0.033209787,0.032013205,-2.935495736,333905.2477
0.03015369,0.03048702,-3.027007013,325605.9743
0.027240712,0.028966435,-3.126699748,315886.7581
0.024471742,0.027451898,-3.233249386,304151.471
0.021847622,0.025943974,-3.346246721,289704.6162
0.019369152,0.02444465,-3.467413119,272289.3167
0.017037087,0.022954183,-3.582297199,250702.0199
0.014852137,0.021472801,-3.689316475,225373.4828
0.012814968,0.020002956,-3.671968266,195929.8787
0.0109262,0.018544702,-4.088622838,127405.2904
0.009186408,0.017097815,-5.094611618,97569.97235
0.007596123,0.015665559,-5.372732611,69238.58455
0.00615583,0.014248427,-5.405829776,-11600.43628
0.004865966,0.012846109,-5.387732445,-106109.9199
0.003726924,0.011463748,-5.328679431,-214017.1819
0.002739052,0.010104024,-5.203730303,-332613.7574
0.001902651,0.008767587,-5.023011193,-449721.2588
0.001217975,0.007464265,-4.798829002,-559408.5737
0.000685233,0.006215186,-4.527324674,-650261.0727
0.000304586,0.005068906,-4.198267261,-721212.8174
7.62E-05,0.004119414,-3.867882205,-756284.0688
0,0.003747521,-3.725101651,-757319.7237
0.985147863,0.012241728,0.059358604,-6659.371578
0.982962913,0.01363868,0.05811218,-6021.473835
0.980630848,0.015118692,0.05674064,-5310.648763
0.978152378,0.016679352,0.055211565,-4522.163416
0.975528258,0.018318178,0.053896002,-3609.288658
0.972759288,0.020032172,0.052126619,-2722.328138
0.96984631,0.021818255,0.050034702,-1683.80621
0.966790213,0.023673174,0.047574672,-439.5821696
0.963591927,0.025593828,0.044833275,1076.411885
0.960252427,0.027577213,0.041732781,2852.319942
0.956772729,0.02962014,0.038164324,4842.333436
0.953153894,0.031719219,0.034106411,7060.184321
0.949397023,0.033870906,0.029513882,9532.32908
0.945503262,0.03607165,0.023887023,13129.05608
0.941473796,0.038317915,0.017059402,17056.72834
0.937309854,0.040606082,0.008777847,21294.15326
0.933012702,0.042932473,-0.001180431,25554.4244
0.92858365,0.0452932,-0.01248237,29866.70151
0.924024048,0.047684267,-0.024725925,34506.49662
0.919335284,0.050101745,-0.038268045,40140.16093
0.914518786,0.052541938,-0.053669417,46156.98217
0.909576022,0.055001217,-0.071360337,52437.9725
0.904508497,0.057475877,-0.091603303,59123.86551
0.899317755,0.05996193,-0.114362995,66461.7824
0.894005377,0.062455397,-0.139601984,74190.97241
0.888572981,0.06495239,-0.167241981,82409.06769
0.883022222,0.067449056,-0.197109888,91021.25405
0.87735479,0.069941631,-0.229047671,99999.2575
0.871572413,0.072426302,-0.26298624,109514.3788
0.865676851,0.074899278,-0.298850337,118944.7143
0.8596699,0.077356715,-0.336142704,128293.2907
0.853553391,0.079794904,-0.374379348,137373.931
0.847329185,0.082210149,-0.413221411,146170.8073
0.84099918,0.084598915,-0.452526814,155018.4304
0.834565303,0.086957616,-0.492162777,164071.4592
0.828029514,0.089282644,-0.531756428,173090.0186
0.821393805,0.091570447,-0.571102141,181864.607
0.814660196,0.093817498,-0.60996874,190480.3484
0.807830738,0.096020658,-0.648216607,198955.5683
0.800907512,0.098176852,-0.685652241,207720.0855
0.793892626,0.10028302,-0.722018621,216605.5646
0.786788218,0.102335726,-0.757157927,225009.1318
0.779596452,0.10433133,-0.790749288,232940.1158
0.772319518,0.106266369,-0.822492379,241010.7143
0.764959632,0.108138619,-0.852249829,249115.4815
0.757519037,0.109946796,-0.880132693,256464.8617
0.75,0.11168984,-0.906221146,263180.9535
0.74240481,0.113363133,-0.929967179,270003.0375
0.734735781,0.114959165,-0.949234152,276653.6646
0.72699525,0.116468845,-0.961845934,281872.0015
0.719185573,0.117893693,-0.96800637,284884.4869
0.711309131,0.119248561,-0.970351704,286327.2792
0.703368322,0.120552888,-0.972041363,287323.862
0.695365564,0.121822848,-0.975080219,288280.6195
0.687303297,0.123065876,-0.980100274,289125.5662
0.679183975,0.124287306,-0.987698577,289776.4152
0.671010072,0.125490796,-0.998100973,290757.9436
0.662784077,0.126674395,-1.010598059,292747.658
0.654508497,0.127833286,-1.024173262,295298.7987
0.646185852,0.128963907,-1.038236806,297467.8656
0.637818678,0.130064793,-1.052701007,299321.0158
0.629409523,0.131135742,-1.067706468,301380.9722
0.620960948,0.13217642,-1.083299555,303691.7907
0.612475527,0.133185894,-1.099401781,306052.5042
0.603955845,0.134162982,-1.115953681,308397.4779
0.595404498,0.13510655,-1.132930581,310838.7344
0.586824089,0.136015515,-1.150269022,313386.1317
0.578217233,0.136888862,-1.167944799,315801.8954
0.56958655,0.137725605,-1.185975675,318469.9958
0.560934672,0.138524768,-1.204277626,321297.6885
0.552264232,0.139285418,-1.222807217,323873.1591
0.543577871,0.140006684,-1.241678363,326302.2196
0.534878237,0.140687716,-1.26089632,328943.1797
0.526167978,0.141327697,-1.280331432,331557.9279
0.517449748,0.141925853,-1.300009872,334246.919
0.508726203,0.142481345,-1.319996244,337233.1943
0.5,0.142993227,-1.34019062,340204.8038
0.491273797,0.14346062,-1.360523694,342782.9196
0.482550252,0.143882776,-1.381057225,345201.9959
0.473832022,0.144259064,-1.401866805,347850.2089
0.465121763,0.144588884,-1.422911298,350758.3902
0.456422129,0.144871558,-1.444064928,353563.7691
0.447735768,0.14510628,-1.465397394,356114.821
0.439065328,0.145292267,-1.486980219,358643.3171
0.43041345,0.145428901,-1.508761091,361337.5756
0.421782767,0.145515737,-1.530674286,364118.8637
0.413175911,0.145552402,-1.552804544,366833.5947
0.404595502,0.14553845,-1.575157641,369528.458
0.396044155,0.145473306,-1.597686427,372212.5141
0.387524473,0.145356409,-1.620327636,374783.3493
0.379039052,0.145187308,-1.643061866,377217.5049
0.370590477,0.144965611,-1.665927681,379730.4385
0.362181322,0.144691018,-1.688797594,382223.5816
0.353814148,0.144363286,-1.711665314,384522.6419
0.345491503,0.143982178,-1.734681728,386731.5595
0.337215923,0.143547485,-1.757935783,389042.9349
0.328989928,0.143059085,-1.781286462,391241.0962
0.320816025,0.142516779,-1.804692939,393202.4728
0.312696703,0.141920437,-1.828152229,395147.6987
0.304634436,0.141269993,-1.851664437,397279.1513
0.296631678,0.140565405,-1.875210276,399384.5559
0.288690869,0.139806689,-1.898752171,401078.2681
0.280814427,0.13899397,-1.922302165,402646.9173
0.27300475,0.138127405,-1.945881499,404333.9017
0.265264219,0.137207238,-1.96951036,405874.5925
0.25759519,0.136233751,-1.993204352,407162.8292
0.25,0.135207138,-2.016925859,408397.1987
0.242480963,0.134127508,-2.040566303,409515.8326
0.235040368,0.132995085,-2.064042152,410337.52
0.227680482,0.131810288,-2.087324347,410919.3176
0.220403548,0.130573683,-2.110481658,411364.93
0.213211782,0.12928597,-2.133600437,411653.8692
0.206107374,0.127947705,-2.156686335,411748.6504
0.199092488,0.1265593,-2.179658268,411669.7177
0.192169262,0.1251213,-2.202419307,411374.0208
0.185339804,0.12363438,-2.2249294,410736.9125
0.178606195,0.122099279,-2.247249123,409761.1349
0.171970486,0.120516919,-2.269491753,408553.8923
0.165434697,0.118888136,-2.291616651,407146.1594
0.15900082,0.117213524,-2.313452524,405519.222
0.152670815,0.11549382,-2.334842936,403395.0513
0.146446609,0.113729952,-2.355749559,400776.0827
0.1403301,0.111922943,-2.376242344,397829.4228
0.134323149,0.110074046,-2.396501821,394546.1867
0.128427587,0.108184499,-2.41659921,390898.6238
0.12264521,0.106255174,-2.436325467,386754.5002
0.116977778,0.104287034,-2.455565349,382116.5212
0.111427019,0.102281236,-2.474256905,376944.1417
0.105994623,0.100238828,-2.492222778,371184.8355
0.100682245,0.098161021,-2.509475564,364823.8553
0.095491503,0.096049255,-2.526096805,357844.0041
0.090423978,0.093904723,-2.541871044,350166.2335
0.085481214,0.091728722,-2.5568167,341683.0364
0.080664716,0.089522821,-2.571101486,332497.2042
0.075975952,0.087288197,-2.584340299,322499.3923
0.07141635,0.08502596,-2.596262317,311545.9776
0.066987298,0.082737695,-2.606943265,299608.3888
0.062690146,0.080424609,-2.615954272,286586.8587
0.058526204,0.078087937,-2.622946688,272425.7808
0.054496738,0.075729412,-2.628102988,257077.2042
0.050602977,0.073350463,-2.630948004,240454.4983
0.046846106,0.070952362,-2.630981039,222406.608
0.043227271,0.068537054,-2.628683744,202967.4191
0.039747573,0.066106023,-2.623397182,182023.7082
0.036408073,0.063660264,-2.613886641,159348.1594
0.033209787,0.061201591,-2.600486093,135006.0853
0.03015369,0.058731662,-2.582483981,108914.1613
0.027240712,0.056251594,-2.558464853,80962.44837
0.024471742,0.053763491,-2.528908613,51282.29632
0.021847622,0.051269374,-2.493401562,19860.44156
0.019369152,0.048770272,-2.449722291,-13372.43051
0.017037087,0.046268318,-2.397845873,-48098.28827
0.014852137,0.04376612,-2.337869605,-84085.5558
0.012814968,0.041265437,-2.267619303,-121129.3069
0.0109262,0.03876925,-2.187211639,-158677.3301
0.009186408,0.036281604,-2.097414111,-196229.437
0.007596123,0.033805839,-1.996540568,-233292.8273
0.00615583,0.031346748,-1.884026888,-268887.3977
0.004865966,0.028911783,-1.761051547,-301774.2648
0.003726924,0.026511306,-1.628844032,-330489.5429
0.002739052,0.024160415,-1.488791866,-353925.4108
0.001902651,0.021882787,-1.343505698,-371961.0984
0.001217975,0.019718637,-1.198057192,-385524.1081
0.000685233,0.017736758,-1.059942861,-395698.6795
0.000304586,0.016056376,-0.93922314,-402737.369
7.62E-05,0.014874058,-0.852067395,-406873.0324
0,0.014437187,-0.819449129,-408998.1137
0.985147863,0.015902291,0.066805139,-9635.739901
0.982962913,0.017617025,0.065504008,-10228.56142
0.980630848,0.019432793,0.064364136,-10631.54863
0.978152378,0.021346258,0.063515644,-10948.32447
0.975528258,0.023353929,0.062924256,-11012.76539
0.972759288,0.025452466,0.062469355,-11216.00642
0.96984631,0.02763852,0.062085316,-21613.41893
0.966790213,0.029908287,0.061621848,-34798.00503
0.963591927,0.032257896,0.061308388,-33822.73125
0.960252427,0.034683209,0.06096394,-32606.51837
0.956772729,0.037180105,0.060508865,-31319.04693
0.953153894,0.039744495,0.05986875,-29892.02886
0.949397023,0.042372072,0.059191365,-8808.981198
0.945503262,0.04505864,0.058101803,-7900.657956
0.941473796,0.047799992,0.056763007,-7242.256924
0.937309854,0.050591822,0.055163852,-6571.581759
0.933012702,0.053429769,0.053179206,-5670.085005
0.92858365,0.056309278,0.051055418,-4701.473817
0.924024048,0.05922591,0.048833035,-3562.584966
0.919335284,0.062175178,0.04580134,-1926.516397
0.914518786,0.065152635,0.042247293,115.4849351
0.909576022,0.068153793,0.038118507,2574.25653
0.904508497,0.071174298,0.032935382,5635.218535
0.899317755,0.074209671,0.026333991,9448.880286
0.894005377,0.077255543,0.018100821,13925.83184
0.888572981,0.080307635,0.008210734,18932.74215
0.883022222,0.08336174,-0.003244016,24504.68144
0.87735479,0.086413658,-0.016546005,30597.99518
0.871572413,0.089459156,-0.032220095,37162.01768
0.865676851,0.092493893,-0.050772659,44320.01284
0.8596699,0.095513662,-0.072489374,52230.48359
0.853553391,0.098514437,-0.097427765,60872.81592
0.847329185,0.101492435,-0.125500952,70114.83272
0.84099918,0.10444384,-0.156483513,79813.56532
0.834565303,0.107364901,-0.190094029,89828.10642
0.828029514,0.11025172,-0.225976266,100131.4299
0.821393805,0.113100511,-0.263770367,110656.1553
0.814660196,0.11590769,-0.303313935,121518.6873
0.807830738,0.118669846,-0.344181494,132581.3647
0.800907512,0.121383746,-0.385778125,143476.4809
0.793892626,0.124045995,-0.427558798,153917.9781
0.786788218,0.126652926,-0.468904309,163883.28
0.779596452,0.129200752,-0.509287455,173576.0987
0.772319518,0.131686446,-0.548397843,182965.4192
0.764959632,0.134108463,-0.586121661,192080.3417
0.757519037,0.136466564,-0.62248471,201132.3328
0.75,0.138759091,-0.657376783,210001.2109
0.74240481,0.140979222,-0.689790553,218394.1635
0.734735781,0.143115285,-0.717273929,226041.2404
0.72699525,0.145155703,-0.737586443,232409.9562
0.719185573,0.147107978,-0.751323942,236698.8705
0.711309131,0.148999183,-0.762513611,239104.1574
0.703368322,0.150863767,-0.775665421,240602.2253
0.695365564,0.15272339,-0.792798173,242278.428
0.687303297,0.154578474,-0.81328963,244813.935
0.679183975,0.15641949,-0.835880151,248191.5775
0.671010072,0.158238712,-0.859730275,251851.7705
0.662784077,0.160031624,-0.884272274,255446.7335
0.654508497,0.161794534,-0.909137103,259004.1461
0.646185852,0.163524351,-0.934188847,262747.3947
0.637818678,0.165219385,-0.9594646,266808.8538
0.629409523,0.16687896,-0.98500722,271009.3373
0.620960948,0.168502249,-1.01089397,275065.0484
0.612475527,0.170087851,-1.037152985,278938.1461
0.603955845,0.171634061,-1.06375515,282827.5307
0.595404498,0.173139248,-1.090655619,286886.9196
0.586824089,0.174601979,-1.117838076,290970.6699
0.578217233,0.176020924,-1.145330189,295014.8984
0.56958655,0.177394802,-1.173116759,299149.945
0.560934672,0.178722347,-1.20117368,303490.8927
0.552264232,0.180002295,-1.229528971,307910.3543
0.543577871,0.181233385,-1.258219687,312124.6606
0.534878237,0.182414356,-1.287214921,316129.1953
0.526167978,0.183543938,-1.316479032,320138.0829
0.517449748,0.184620874,-1.346029616,324364.1225
0.508726203,0.185643957,-1.375920256,328814.2323
0.5,0.186611981,-1.406121386,333278.2102
0.491273797,0.187523807,-1.436605588,337596.6434
0.482550252,0.188378313,-1.467390326,341797.9765
0.473832022,0.189174314,-1.498495222,346044.9212
0.465121763,0.189910728,-1.529829644,350393.8603
0.456422129,0.19058649,-1.56135299,354780.9905
0.447735768,0.191200562,-1.593092107,359057.1024
0.439065328,0.191751988,-1.625073599,363111.6862
0.43041345,0.192239816,-1.657311314,367181.8174
0.421782767,0.192663076,-1.689706987,371437.5453
0.413175911,0.193020807,-1.722187786,375801.0198
0.404595502,0.193312134,-1.754845842,380040.6387
0.396044155,0.193536313,-1.787762523,384147.9011
0.387524473,0.193692709,-1.820899221,388186.7055
0.379039052,0.193780691,-1.854205366,392207.9887
0.370590477,0.193799545,-1.887694975,396211.7368
0.362181322,0.193748491,-1.921291661,400113.9811
0.353814148,0.193626836,-1.954916217,403830.0106
0.345491503,0.193433977,-1.988536823,407402.8935
0.337215923,0.193169387,-2.022154396,410961.9691
0.328989928,0.19283263,-2.055711518,414436.8724
0.320816025,0.192423295,-2.089018775,417687.7364
0.312696703,0.191941004,-2.122044664,420649.8623
0.304634436,0.191385446,-2.154956081,423396.9286
0.296631678,0.190756389,-2.187822417,426093.7374
0.288690869,0.19005361,-2.220502817,428823.3911
0.280814427,0.189277018,-2.252842412,431315.6458
0.27300475,0.188426547,-2.284774831,433304.0636
0.265264219,0.187502048,-2.316295685,434924.8119
0.25759519,0.186503525,-2.347354951,436346.5664
0.25,0.185431072,-2.377831315,437563.9962
0.242480963,0.184284785,-2.407659726,438539.719
0.235040368,0.183064862,-2.436827198,439216.1158
0.227680482,0.181771657,-2.465255383,439462.3274
0.220403548,0.180405345,-2.492809526,439316.7914
0.213211782,0.178966181,-2.519319132,438733.2222
0.206107374,0.177454565,-2.544686337,437649.2174
0.199092488,0.175870987,-2.568820828,436033.5539
0.192169262,0.174216049,-2.59156527,433858.9299
0.185339804,0.172490539,-2.61286019,431150.2224
0.178606195,0.170695079,-2.632736848,427933.061
0.171970486,0.168830262,-2.651001576,424078.9954
0.165434697,0.166896849,-2.667412378,419492.3466
0.15900082,0.164895664,-2.68183441,414181.7614
0.152670815,0.162827551,-2.694206277,408194.2828
0.146446609,0.160693564,-2.704455593,401560.4599
0.1403301,0.158494791,-2.71237179,394137.0336
0.134323149,0.156232156,-2.717852884,385819.3858
0.128427587,0.15390682,-2.720883567,376702.9539
0.12264521,0.151520015,-2.721163601,366759.3334
0.116977778,0.149072831,-2.718479091,355886.0838
0.111427019,0.146566554,-2.712845262,344132.1028
0.105994623,0.144002618,-2.704159612,331478.0052
0.100682245,0.141382351,-2.692249564,317826.891
0.095491503,0.138707195,-2.677125294,303245.1174
0.090423978,0.135978787,-2.658740773,287732.8906
0.085481214,0.133198545,-2.636843813,271211.187
0.080664716,0.13036782,-2.61124764,253729.8563
0.075975952,0.127488296,-2.581856804,235279.908
0.07141635,0.124561649,-2.548535668,215878.3762
0.066987298,0.121589563,-2.511267538,195567.9053
0.062690146,0.118574072,-2.470233454,174355.9953
0.058526204,0.11551707,-2.425335928,152291.9882
0.054496738,0.112420215,-2.376280953,129396.6926
0.050602977,0.109285506,-2.323163266,105745.9075
0.046846106,0.106115017,-2.265950043,81406.95387
0.043227271,0.102910505,-2.204302321,56414.04668
0.039747573,0.099674115,-2.138287131,30909.75545
0.036408073,0.096408207,-2.067964867,5007.147528
0.033209787,0.093115001,-1.993205618,-21170.89741
0.03015369,0.089797016,-1.914109528,-47463.25394
0.027240712,0.086457147,-1.830960266,-73687.44595
0.024471742,0.083098101,-1.743625487,-99709.45067
0.021847622,0.079722815,-1.652112367,-125301.6687
0.019369152,0.076334839,-1.556692552,-150215.7348
0.017037087,0.072937937,-1.457652801,-174257.2851
0.014852137,0.069536367,-1.355169507,-197162.916
0.012814968,0.066135216,-1.249480096,-218675.4094
0.0109262,0.062740845,-1.141189789,-238474.5025
0.009186408,0.059361064,-1.030961071,-256362.5939
0.007596123,0.056005562,-0.919368245,-272102.199
0.00615583,0.052687151,-0.807327016,-285484.5806
0.004865966,0.049423353,-0.696070696,-296378.0937
0.003726924,0.04623766,-0.586830399,-304681.9579
0.002739052,0.043162973,-0.480891177,-310346.1082
0.001902651,0.040248347,-0.380697924,-313573.3369
0.001217975,0.037565153,-0.289177538,-314707.6798
0.000685233,0.035215556,-0.209724332,-314252.295
0.000304586,0.033339792,-0.146737001,-312889.852
7.62E-05,0.032108248,-0.105690389,-311596.1197
0,0.031676022,-0.091360586,-311376.1941
