x,y,cp,dun
0.985147863,0.001917876,0.175639243,-203580.8309
0.982962913,0.002045223,0.174315334,-204531.6642
0.980630848,0.002180882,0.17302246,-205273.2111
0.978152378,0.002324746,0.171765885,-206298.6109
0.975528258,0.002476672,0.170619985,-206874.2388
0.972759288,0.002636527,0.169538258,-207311.2682
0.96984631,0.002804253,0.168474661,-207934.8994
0.966790213,0.002979834,0.167536859,-208484.4781
0.963591927,0.003163257,0.166509932,-208954.0897
0.960252427,0.003354338,0.165596414,-209637.2085
0.956772729,0.003552803,0.164787021,-209949.0795
0.953153894,0.003758382,0.164111671,-210176.7949
0.949397023,0.003970992,0.163423177,-210466.0708
0.945503262,0.004190639,0.162916012,-210835.711
0.941473796,0.004417327,0.162382252,-211446.4003
0.937309854,0.004650939,0.161923258,-211665.5112
0.933012702,0.004891283,0.161561973,-211828.3484
0.92858365,0.005138177,0.161213159,-212012.6354
0.924024048,0.005391471,0.160915767,-212347.3879
0.919335284,0.005651029,0.160762974,-212715.5426
0.914518786,0.005916711,0.160630336,-212791.3187
0.909576022,0.006188354,0.160532179,-212989.6057
0.904508497,0.00646578,0.160478821,-213535.7358
0.899317755,0.006748828,0.160611957,-213728.3576
0.894005377,0.007037441,0.160729491,-213844.196
0.888572981,0.007331615,0.160936997,-213772.4355
0.883022222,0.007631342,0.161131369,-213775.1673
0.87735479,0.007936439,0.161326216,-214105.8945
0.871572413,0.008246662,0.161624582,-214221.8498
0.865676851,0.00856176,0.161937545,-214593.4446
0.8596699,0.008881574,0.162366179,-214743.4171
0.853553391,0.009205971,0.162784711,-214893.9601
0.847329185,0.009534828,0.163254435,-215105.9861
0.84099918,0.009868044,0.163822706,-215278.7272
0.834565303,0.010205524,0.164456929,-215064.5922
0.828029514,0.010547181,0.165050703,-215042.8473
0.821393805,0.010892868,0.165630324,-215547.7296
0.814660196,0.011242432,0.166331852,-215619.6863
0.807830738,0.011595716,0.167052738,-215321.7377
0.800907512,0.011952536,0.167770704,-215483.2656
0.793892626,0.012312708,0.168552455,-215681.0778
0.786788218,0.012676036,0.169349366,-215805.6142
0.779596452,0.013042356,0.170162139,-216110.4779
0.772319518,0.0134115,0.171067224,-216253.5852
0.764959632,0.013783318,0.172033279,-216120.9673
0.757519037,0.014157715,0.172970383,-216250.6302
0.75,0.014534626,0.173908366,-216451.3069
0.74240481,0.014913949,0.174900352,-216414.0448
0.734735781,0.015295337,0.175862826,-216396.555
0.72699525,0.015678355,0.176859122,-216483.6629
0.719185573,0.01606259,0.177979347,-216534.5963
0.711309131,0.016447987,0.179122448,-216701.2323
0.703368322,0.016834613,0.180275359,-216798.6973
0.695365564,0.017222489,0.181381401,-216855.3101
0.687303297,0.017611263,0.182524294,-217031.464
0.679183975,0.018000434,0.183724719,-217205.957
0.671010072,0.018389557,0.184990231,-217244.0926
0.662784077,0.018778401,0.186279951,-217247.6202
0.654508497,0.019166873,0.187550162,-217444.74
0.646185852,0.019554822,0.188867577,-217642.2657
0.637818678,0.019941947,0.190231846,-217600.8231
0.629409523,0.020327856,0.19157975,-217647.4643
0.620960948,0.020712169,0.19298378,-217934.5333
0.612475527,0.021094499,0.194439557,-218060.9297
0.603955845,0.021474467,0.195965463,-217964.0661
0.595404498,0.021851693,0.197494533,-217933.6348
0.586824089,0.022225856,0.19901913,-218117.0322
0.578217233,0.022596656,0.200654033,-218327.054
0.56958655,0.02296377,0.202374999,-218388.4835
0.560934672,0.023326793,0.204084991,-218438.2744
0.552264232,0.023685269,0.205806201,-218738.4161
0.543577871,0.024038767,0.207610354,-219175.2945
0.534878237,0.024386906,0.209518856,-219226.2908
0.526167978,0.024729335,0.211497026,-218891.9112
0.517449748,0.02506566,0.213488567,-218811.7743
0.508726203,0.025395334,0.215504155,-219102.4268
0.5,0.025717739,0.217609182,-219429.1032
0.491273797,0.026032318,0.219843142,-219559.8671
0.482550252,0.026338632,0.222182678,-219574.1377
0.473832022,0.026636319,0.224589451,-219668.7896
0.465121763,0.026924985,0.227071835,-219848.8041
0.456422129,0.027204067,0.229664415,-219982.9058
0.447735768,0.027472958,0.232368488,-220193.9723
0.439065328,0.027731098,0.235224318,-220335.5404
0.43041345,0.027978043,0.238221152,-220224.9661
0.421782767,0.028213409,0.241308477,-220178.921
0.413175911,0.02843678,0.244518096,-220392.1125
0.404595502,0.028647656,0.247910485,-220504.3259
0.396044155,0.028845499,0.251445381,-220480.5598
0.387524473,0.029029774,0.255127949,-220586.7256
0.379039052,0.02919984,0.259022789,-220625.6377
0.370590477,0.029355042,0.263155197,-220597.9196
0.362181322,0.029494868,0.267550627,-220579.5614
0.353814148,0.029619107,0.272191489,-220543.2505
0.345491503,0.029727796,0.277033673,-220494.5822
0.337215923,0.029820409,0.28210665,-220414.0456
0.328989928,0.0298954,0.287647359,-220210.8535
0.320816025,0.029950456,0.293989506,-219823.209
0.312696703,0.029985377,0.301212091,-219208.7899
0.304634436,0.030004786,0.308992909,-218354.9238
0.296631678,0.030015088,0.316834714,-217457.3844
0.288690869,0.030021488,0.324422945,-216794.4615
0.280814427,0.03002667,0.33160463,-216178.6239
0.27300475,0.030032516,0.338243423,-215489.1083
0.265264219,0.030040095,0.344415979,-215086.0387
0.25759519,0.0300481,0.35029726,-214830.4161
0.25,0.03005484,0.356037521,-214459.2611
0.242480963,0.030058847,0.361760603,-214185.1771
0.235040368,0.030059074,0.367535977,-213987.4414
0.227680482,0.030054601,0.373378451,-213745.1057
0.220403548,0.030044562,0.379296212,-213515.3162
0.213211782,0.030028127,0.385322207,-213288.272
0.206107374,0.030004545,0.39144672,-213074.3903
0.199092488,0.029972898,0.397711208,-212896.018
0.192169262,0.029931985,0.404193878,-212652.6385
0.185339804,0.029880685,0.410877592,-212430.6133
0.178606195,0.029818034,0.417834404,-212136.242
0.171970486,0.029743238,0.42507887,-211726.3889
0.165434697,0.029655615,0.432574384,-211453.6852
0.15900082,0.02955436,0.440391428,-211117.4326
0.152670815,0.029438495,0.448557404,-210595.0486
0.146446609,0.029307197,0.457075759,-210144.7229
0.1403301,0.029159603,0.466000465,-209685.3903
0.134323149,0.028994843,0.475378507,-209117.5166
0.128427587,0.028812232,0.485240675,-208385.3306
0.12264521,0.028611066,0.495613349,-207500.7107
0.116977778,0.028390669,0.506509079,-206604.3648
0.111427019,0.028150573,0.517932153,-205667.5415
0.105994623,0.027890032,0.529960277,-204566.1176
0.100682245,0.027608227,0.542642589,-203263.1121
0.095491503,0.027304609,0.555986483,-201829.1822
0.090423978,0.026978459,0.570077625,-200163.6434
0.085481214,0.02662912,0.584948445,-198318.4131
0.080664716,0.026256254,0.600611775,-196264.3278
0.075975952,0.025859296,0.617142856,-193940.0926
0.07141635,0.025437803,0.634569262,-191309.1765
0.066987298,0.024991662,0.652860152,-188399.5685
0.062690146,0.024520114,0.672121189,-185096.4789
0.058526204,0.024022525,0.692437767,-181385.1696
0.054496738,0.02349876,0.713736469,-177215.8636
0.050602977,0.022948233,0.736175271,-172442.1424
0.046846106,0.022370737,0.759600115,-167120.209
0.043227271,0.021766546,0.784105615,-161037.8494
0.039747573,0.021134797,0.809424736,-154419.5456
0.036408073,0.020475114,0.835818518,-147618.8224
0.033209787,0.019787806,0.862942683,-139929.765
0.03015369,0.019071896,0.890521091,-130911.8158
0.027240712,0.018327262,0.9182363,-118329.6738
0.024471742,0.017554624,0.945599095,-102483.5162
0.021847622,0.016752827,0.972320192,-84179.03611
0.019369152,0.015922035,0.997274223,-66053.2047
0.017037087,0.015063422,1.019903871,-168947.4249
0.014852137,0.014175287,1.034972595,-95343.9839
0.012814968,0.013257933,1.041706297,-33519.43111
0.0109262,0.01231309,1.042606516,36061.94973
0.009186408,0.011338493,1.024305889,19858.8067
0.007596123,0.010334682,0.986473771,25411.9618
0.00615583,0.009304425,0.92071825,25080.06874
0.004865966,0.008245537,0.820132013,14212.09177
0.003726924,0.007158694,0.674538127,-9858.353395
0.002739052,0.006048649,0.473735961,-51393.60807
0.001902651,0.004917629,0.208718847,-112542.718
0.001217975,0.003767709,-0.125121637,-193452.3114
0.000685233,0.002607791,-0.518158098,-291060.8395
0.000304586,0.001479733,-0.981090877,-371337.0192
7.62E-05,0.000496365,-1.379269266,-447852.4564
0,4.61E-06,-1.572796719,-496658.4786
0.985147863,0.004640571,0.227119073,-174045.1302
0.982962913,0.005014594,0.222488528,-175550.1977
0.980630848,0.005412646,0.217826671,-177074.0408
0.978152378,0.005834443,0.21331644,-178305.6258
0.975528258,0.006279773,0.208699629,-179839.1841
0.972759288,0.00674842,0.204183507,-181153.2421
0.96984631,0.007240052,0.199658744,-182388.9938
0.966790213,0.007754283,0.195150526,-183455.1179
0.963591927,0.00829071,0.190644308,-184752.3205
0.960252427,0.008848953,0.186229874,-186020.6549
0.956772729,0.009428644,0.18189749,-187167.5753
0.953153894,0.010029404,0.177575099,-188020.0747
0.949397023,0.010650772,0.173236327,-189262.9219
0.945503262,0.01129223,0.169089734,-190438.0423
0.941473796,0.011953238,0.16495166,-191466.5397
0.937309854,0.012633419,0.160975749,-192268.2357
0.933012702,0.01333244,0.157003074,-193150.4575
0.92858365,0.014049984,0.153077989,-194372.6458
0.924024048,0.014785598,0.149235292,-195185.1811
0.919335284,0.015538701,0.145438428,-196231.233
0.914518786,0.016308729,0.14173538,-197054.5001
0.909576022,0.017095157,0.138102743,-197827.1125
0.904508497,0.017897498,0.134548154,-198653.7633
0.899317755,0.018715252,0.131059799,-199891.7437
0.894005377,0.019548,0.127746536,-200528.3896
0.888572981,0.020395352,0.124409522,-201045.1307
0.883022222,0.021256911,0.121068319,-201891.62
0.87735479,0.022132133,0.117832433,-202951.158
0.871572413,0.02302037,0.11467003,-203853.9225
0.865676851,0.023920998,0.111579052,-204492.0893
0.8596699,0.024833475,0.108561672,-205281.9153
0.853553391,0.025757359,0.105601877,-206081.7142
0.847329185,0.026692205,0.102729162,-206735.3891
0.84099918,0.027637567,0.099927285,-207182.3018
0.834565303,0.028592958,0.097116933,-208064.6947
0.828029514,0.029557913,0.094336871,-209039.8407
0.821393805,0.03053184,0.0916004,-209746.8336
0.814660196,0.031514064,0.088968479,-210234.377
0.807830738,0.032503936,0.086390101,-210761.0163
0.800907512,0.033500922,0.083778106,-211534.8076
0.793892626,0.034504568,0.081287886,-212212.6625
0.786788218,0.035514442,0.078837217,-212714.6038
0.779596452,0.036530028,0.076333843,-213591.9646
0.772319518,0.037550761,0.073908327,-214584.3169
0.764959632,0.038576085,0.071533247,-215266.5691
0.757519037,0.039605327,0.069174685,-215807.518
0.75,0.040637718,0.066869985,-216338.2242
0.74240481,0.041672569,0.064624436,-216731.9494
0.734735781,0.042709357,0.062357587,-217257.2419
0.72699525,0.043747716,0.060076727,-218117.3431
0.719185573,0.044787244,0.057835924,-219011.6086
0.711309131,0.045827239,0.055615176,-219680.2838
0.703368322,0.046866767,0.053408354,-220182.2256
0.695365564,0.047904963,0.05123654,-220860.4039
0.687303297,0.048941163,0.049105655,-221767.9042
0.679183975,0.049974887,0.046992233,-222576.0288
0.671010072,0.051005613,0.044908072,-223224.8896
0.662784077,0.052032597,0.042856357,-223698.9044
0.654508497,0.053054957,0.040756776,-224178.7429
0.646185852,0.054071834,0.038633802,-224883.5262
0.637818678,0.055082432,0.036545954,-225733.3936
0.629409523,0.056085995,0.034511831,-226732.1128
0.620960948,0.057081762,0.032572604,-227709.4531
0.612475527,0.058068966,0.030687868,-228304.5078
0.603955845,0.059046854,0.028735418,-228612.0675
0.595404498,0.060014642,0.026773138,-229099.6439
0.586824089,0.060971399,0.024877336,-229815.7352
0.578217233,0.06191611,0.022980562,-230780.6547
0.56958655,0.062847798,0.021133726,-231837.1444
0.560934672,0.063765581,0.019397811,-232649.1339
0.552264232,0.064668634,0.017720411,-233302.4614
0.543577871,0.065556119,0.016034637,-234167.3841
0.534878237,0.066427116,0.014368906,-235177.9906
0.526167978,0.067280612,0.012765489,-236110.5772
0.517449748,0.068115623,0.011275256,-236894.9419
0.508726203,0.068931091,0.009874447,-237573.3778
0.5,0.069725905,0.008530605,-238340.3131
0.491273797,0.070499014,0.007277695,-239193.5708
0.482550252,0.071249488,0.006149464,-239983.0243
0.473832022,0.071976496,0.005103355,-240851.9081
0.465121763,0.072679182,0.004161145,-241767.5587
0.456422129,0.07335637,0.003331832,-242552.5258
0.447735768,0.074006784,0.002639487,-243321.7943
0.439065328,0.074629267,0.002130703,-244242.7059
0.43041345,0.075222885,0.00182615,-245224.0448
0.421782767,0.075786878,0.001693787,-246087.5207
0.413175911,0.076320454,0.001714224,-246878.3086
0.404595502,0.076822496,0.001953186,-247596.2495
0.396044155,0.077291823,0.002422141,-248236.0017
0.387524473,0.077727322,0.003098053,-248945.8893
0.379039052,0.078127964,0.004043193,-249802.057
0.370590477,0.078492784,0.005374477,-250655.2172
0.362181322,0.078820923,0.007114799,-251372.0059
0.353814148,0.079111726,0.009181252,-252031.6306
0.345491503,0.079364675,0.011524502,-252638.9287
0.337215923,0.079578898,0.014279625,-253184.4277
0.328989928,0.079752453,0.017722752,-253613.66
0.320816025,0.079882637,0.022206744,-253768.0411
0.312696703,0.079968995,0.027881597,-253671.1659
0.304634436,0.080015192,0.034384109,-253466.3615
0.296631678,0.08002694,0.041043712,-253139.343
0.288690869,0.080008711,0.047440123,-252802.3149
0.280814427,0.079962342,0.053415418,-252602.8973
0.27300475,0.079889033,0.058907347,-252399.0605
0.265264219,0.079789101,0.063948725,-252315.9449
0.25759519,0.079660985,0.068818797,-252532.0952
0.25,0.079502841,0.073761907,-252726.4446
0.242480963,0.079313222,0.07881974,-252690.4918
0.235040368,0.079090999,0.084034997,-252653.4714
0.227680482,0.078835262,0.089465011,-252701.7616
0.220403548,0.078544954,0.095161163,-252682.9826
0.213211782,0.078218889,0.101194067,-252576.0676
0.206107374,0.077856036,0.107616968,-252416.5012
0.199092488,0.077455437,0.11446734,-252170.7871
0.192169262,0.077016209,0.121782356,-251853.1096
0.185339804,0.076537636,0.129596096,-251442.6021
0.178606195,0.076018916,0.13794685,-250862.4368
0.171970486,0.075459265,0.146890446,-250110.2191
0.165434697,0.074858087,0.156465015,-249254.7979
0.15900082,0.074214729,0.166743334,-248277.8917
0.152670815,0.073528662,0.177737232,-247094.2842
0.146446609,0.072799505,0.189453808,-245655.7553
0.1403301,0.072026557,0.201976405,-243959.0961
0.134323149,0.071209315,0.215354316,-242149.4615
0.128427587,0.070347452,0.229654321,-240092.7978
0.12264521,0.069440507,0.244937875,-237682.4273
0.116977778,0.068488326,0.261218173,-234971.6691
0.111427019,0.067490832,0.27852672,-231932.427
0.105994623,0.066447774,0.296945229,-228482.5672
0.100682245,0.065359254,0.316453123,-224672.1977
0.095491503,0.06422531,0.337101633,-220474.158
0.090423978,0.063045663,0.358983293,-215854.5781
0.085481214,0.061820502,0.382100537,-210753.9257
0.080664716,0.060549855,0.406493913,-205094.5356
0.075975952,0.059233522,0.432259812,-198900.2423
0.07141635,0.057871881,0.459359905,-192149.6831
0.066987298,0.05646512,0.487824328,-184775.7115
0.062690146,0.055013381,0.51768677,-176762.9106
0.058526204,0.053517411,0.548775224,-168106.1595
0.054496738,0.051977222,0.581197234,-158721.1837
0.050602977,0.050392643,0.614874702,-148633.4797
0.046846106,0.048764288,0.649780642,-137845.998
0.043227271,0.04709234,0.685638466,-126285.2374
0.039747573,0.045377219,0.722419348,-114080.0386
0.036408073,0.043620077,0.759890206,-101267.3598
0.033209787,0.041820895,0.797602624,-88416.2411
0.03015369,0.039979792,0.835203816,-75718.17463
0.027240712,0.038097767,0.871971347,-62857.20454
0.024471742,0.036175071,0.907397233,-49378.43762
0.021847622,0.034212356,0.940607,-34193.56726
0.019369152,0.032211099,0.971927874,-21828.11725
0.017037087,0.030171844,0.998795531,-12369.27593
0.014852137,0.02809541,1.023051187,-8851.287978
0.012814968,0.025983423,1.036784881,5754.957859
0.0109262,0.023837174,1.042764217,6154.642843
0.009186408,0.021658015,1.040447096,-19055.56538
0.007596123,0.019448136,1.031021139,-54763.33182
0.00615583,0.017211736,1.007390217,-70893.90854
0.004865966,0.014953616,0.969592407,-54247.45837
0.003726924,0.012679893,0.918583249,-79011.46143
0.002739052,0.010403429,0.853214639,-99983.72309
0.001902651,0.008143093,0.774103881,-136749.2979
0.001217975,0.005928125,0.685487031,-178851.1324
0.000685233,0.003820541,0.591310831,-218665.6311
0.000304586,0.001945131,0.499161759,-251889.2328
7.62E-05,0.000544695,0.425048842,-273723.0357
0,1.49E-08,0.395025911,-282267.9956
0.985147863,0.007327998,0.237286709,-144046.0735
0.982962913,0.007945504,0.231749615,-145640.5076
0.980630848,0.00860303,0.226116997,-147300.8243
0.978152378,0.00930005,0.220279278,-148837.2767
0.975528258,0.010036029,0.214400229,-150358.2555
0.972759288,0.010810362,0.208374828,-151983.3884
0.96984631,0.01162244,0.202311805,-153521.9942
0.966790213,0.012471618,0.196133444,-155080.1685
0.963591927,0.013357227,0.189978599,-156658.6667
0.960252427,0.014278731,0.183773058,-157960.5909
0.956772729,0.015235634,0.177441661,-159560.2772
0.953153894,0.016227483,0.171112501,-161107.8878
0.949397023,0.017253549,0.164702962,-162438.67
0.945503262,0.018312877,0.158215308,-163969.4828
0.941473796,0.019404505,0.151784122,-165812.0099
0.937309854,0.020527638,0.145467329,-167367.4662
0.933012702,0.021681703,0.139047626,-168607.9543
0.92858365,0.022866047,0.132688463,-169940.8817
0.924024048,0.024079917,0.126290786,-171144.4724
0.919335284,0.025322402,0.119881771,-172716.5589
0.914518786,0.026592582,0.113534439,-174409.0152
0.909576022,0.027889635,0.107271448,-175781.9924
0.904508497,0.029212817,0.100972565,-177122.018
0.899317755,0.030561378,0.094743253,-178496.1025
0.894005377,0.031934517,0.088505856,-179837.5493
0.888572981,0.033331382,0.082299919,-181421.8748
0.883022222,0.034751111,0.076159949,-182636.2265
0.87735479,0.036192833,0.069994435,-183931.9582
0.871572413,0.037655668,0.063860291,-185271.0214
0.865676851,0.039138729,0.057770032,-186482.9135
0.8596699,0.04064114,0.051696923,-187720.36
0.853553391,0.042162001,0.04567414,-189300.5483
0.847329185,0.043700446,0.03970347,-190845.2257
0.84099918,0.045255569,0.033762526,-191780.7511
0.834565303,0.046826453,0.027779533,-192884.0008
0.828029514,0.048412171,0.021886402,-194094.0371
0.821393805,0.05001185,0.015946371,-195432.7025
0.814660196,0.051624583,0.010067659,-196757.8187
0.807830738,0.053249504,0.004207507,-197867.5829
0.800907512,0.054885678,-0.001664743,-199187.9595
0.793892626,0.056532113,-0.007522461,-200628.1915
0.786788218,0.058187843,-0.013309083,-201884.6357
0.779596452,0.059851901,-0.019085366,-202844.2057
0.772319518,0.061523372,-0.024968278,-204009.6327
0.764959632,0.063201345,-0.030815059,-205503.559
0.757519037,0.064884797,-0.036624314,-206756.4634
0.75,0.066572643,-0.042499633,-207898.7443
0.74240481,0.068263803,-0.048323683,-209210.7278
0.734735781,0.06995726,-0.054067705,-210312.4329
0.72699525,0.071652097,-0.059915781,-211502.9143
0.719185573,0.073347375,-0.065820541,-213002.0595
0.711309131,0.075042082,-0.071715246,-214237.9307
0.703368322,0.076735137,-0.077641728,-215304.5147
0.695365564,0.078425464,-0.08361773,-216709.5714
0.687303297,0.080111821,-0.08963784,-218308.8099
0.679183975,0.081792827,-0.09564222,-219624.9485
0.671010072,0.08346717,-0.101606747,-220780.9106
0.662784077,0.085133755,-0.107580338,-222144.3156
0.654508497,0.086791674,-0.113619664,-223640.3295
0.646185852,0.088439991,-0.119751938,-225104.8943
0.637818678,0.090077471,-0.125933407,-226589.5559
0.629409523,0.091702574,-0.13208938,-227924.4605
0.620960948,0.093313798,-0.1382577,-229213.1038
0.612475527,0.094909775,-0.144503349,-230739.9933
0.603955845,0.096489223,-0.150768878,-232450.8543
0.595404498,0.098050877,-0.156985311,-234179.7982
0.586824089,0.09959345,-0.163186579,-235964.2572
0.578217233,0.101115637,-0.169396006,-237655.9406
0.56958655,0.102616158,-0.175676676,-239078.2712
0.560934672,0.104093477,-0.182019521,-240490.9758
0.552264232,0.105545927,-0.188337173,-242156.9453
0.543577871,0.106971909,-0.194584238,-243994.2831
0.534878237,0.108369995,-0.200804511,-245749.7592
0.526167978,0.109738907,-0.207025281,-247370.5694
0.517449748,0.11107735,-0.213206153,-248927.9166
0.508726203,0.11238373,-0.219370633,-250634.9785
0.5,0.113656295,-0.2255245,-252562.1241
0.491273797,0.114893342,-0.231598601,-254534.9549
0.482550252,0.116093292,-0.237529063,-256399.8631
0.473832022,0.117254626,-0.243363803,-258323.0383
0.465121763,0.118375879,-0.249074581,-260213.8991
0.456422129,0.119455474,-0.254656604,-262041.435
0.447735768,0.120491815,-0.260107308,-263902.8393
0.439065328,0.121483355,-0.265383597,-265813.2555
0.43041345,0.122428524,-0.270455737,-267622.4797
0.421782767,0.123325776,-0.275337349,-269422.5038
0.413175911,0.124173594,-0.279976802,-271366.2789
0.404595502,0.124970406,-0.284319747,-273307.3783
0.396044155,0.125714629,-0.288377115,-275039.981
0.387524473,0.126404777,-0.292158704,-276752.9025
0.379039052,0.127039363,-0.295521731,-278552.5665
0.370590477,0.127616986,-0.298417234,-280218.1158
0.362181322,0.12813635,-0.3008278,-281778.6932
0.353814148,0.128596241,-0.302786302,-283431.2505
0.345491503,0.128995539,-0.304338998,-285150.3906
0.337215923,0.129333044,-0.305269415,-286783.8536
0.328989928,0.129606581,-0.305148318,-287986.7248
0.320816025,0.129813503,-0.303812507,-288724.7367
0.312696703,0.129952962,-0.301266887,-289294.1681
0.304634436,0.13002706,-0.297703055,-289862.6756
0.296631678,0.130039544,-0.293639766,-290284.5176
0.288690869,0.129993377,-0.289524076,-290658.6113
0.280814427,0.12988959,-0.285577015,-290966.0236
0.27300475,0.129728954,-0.281952184,-291199.9651
0.265264219,0.12951099,-0.278538541,-291525.8923
0.25759519,0.12923362,-0.274908602,-291976.8975
0.25,0.12889456,-0.270685962,-292256.0759
0.242480963,0.128492104,-0.265862528,-292208.7577
0.235040368,0.128025119,-0.260489061,-291974.0618
0.227680482,0.127492708,-0.254427778,-291617.6387
0.220403548,0.126893655,-0.24755833,-291092.0172
0.213211782,0.126226709,-0.239809493,-290400.5464
0.206107374,0.125490854,-0.231074468,-289496.3588
0.199092488,0.124685269,-0.22126334,-288232.8668
0.192169262,0.123809373,-0.21037644,-286585.7286
0.185339804,0.122862692,-0.198400532,-284631.454
0.178606195,0.121844471,-0.185237574,-282302.7598
0.171970486,0.120754151,-0.170773187,-279570.3631
0.165434697,0.119591336,-0.154911117,-276494.9867
0.15900082,0.118355708,-0.1375887,-272930.7559
0.152670815,0.11704723,-0.118811775,-268852.1334
0.146446609,0.115665899,-0.09854555,-264334.6175
0.1403301,0.114211781,-0.076769511,-259316.3345
0.134323149,0.11268518,-0.053479383,-253746.7964
0.128427587,0.111086268,-0.028601792,-247608.9788
0.12264521,0.109415227,-0.002133686,-240947.6063
0.116977778,0.107672508,0.025933372,-233746.733
0.111427019,0.105858447,0.055655677,-225951.2717
0.105994623,0.103973542,0.087026438,-217561.1685
0.100682245,0.10201855,0.120041426,-208524.7485
0.095491503,0.099994207,0.154651692,-198897.87
0.090423978,0.097901502,0.190734867,-188773.1224
0.085481214,0.095741458,0.228258446,-178086.7891
0.080664716,0.093514554,0.267233833,-166814.7108
0.075975952,0.091221524,0.30761281,-154998.0681
0.07141635,0.088863337,0.349300435,-142663.4084
0.066987298,0.086441002,0.392166348,-129961.0041
0.062690146,0.083955858,0.436028761,-116917.7782
0.058526204,0.081409178,0.480726429,-103570.8481
0.054496738,0.078801986,0.526018274,-90044.57532
0.050602977,0.076135653,0.571640522,-76441.44677
0.046846106,0.073411308,0.61744488,-62876.7228
0.043227271,0.070629858,0.663142698,-49488.93844
0.039747573,0.06779253,0.708426467,-36421.78793
0.036408073,0.064900807,0.752897989,-23919.7028
0.033209787,0.061956359,0.796118681,-12221.03605
0.03015369,0.058961055,0.837537414,-1531.128198
0.027240712,0.055916591,0.876553538,7999.995397
0.024471742,0.05282453,0.912871205,16175.08105
0.021847622,0.049686587,0.94574292,22198.15855
0.019369152,0.046505184,0.975145922,26343.07403
0.017037087,0.043283002,1.000879103,63187.80048
0.014852137,0.04002281,1.021905583,85018.4961
0.012814968,0.036728374,1.035615068,66348.16448
0.0109262,0.033403859,1.043094567,37660.54411
0.009186408,0.030053821,1.044727044,-14133.35178
0.007596123,0.026686296,1.040594504,-62991.88686
0.00615583,0.02331203,1.029688309,-124418.9705
0.004865966,0.019944256,1.010952262,-201887.1785
0.003726924,0.016602996,0.984775346,-79472.86446
0.002739052,0.013317662,0.953250836,-99274.72305
0.001902651,0.010131086,0.916416291,-118221.0211
0.001217975,0.007112949,0.875937935,-133524.8587
0.000685233,0.004378862,0.83463978,-141108.3216
0.000304586,0.002109158,0.79690292,-163301.3928
7.62E-05,0.000558949,0.76939446,-174391.4285
0,8.04E-11,0.759115252,-178165.0577
0.985147863,0.001584212,0.181097328,-206083.2944
0.982962913,0.00166445,0.180756598,-206737.1963
0.980630848,0.00175001,0.18059412,-207449.8481
0.978152378,0.001840896,0.180456349,-207959.4343
0.975528258,0.001937223,0.180398068,-208274.124
0.972759288,0.002039122,0.180321424,-208779.9223
0.96984631,0.002146609,0.180288659,-209135.1307
0.966790213,0.002259627,0.180368379,-209470.0927
0.963591927,0.002378125,0.180421454,-209857.331
0.960252427,0.002502132,0.180648644,-209914.9856
0.956772729,0.002631738,0.180856896,-210181.8245
0.953153894,0.00276703,0.181075337,-210343.1771
0.949397023,0.002908009,0.181364133,-210531.9428
0.945503262,0.003054636,0.181742161,-210784.5991
0.941473796,0.003206874,0.182165132,-210589.4746
0.937309854,0.003364761,0.18253549,-210776.9789
0.933012702,0.003528375,0.183067122,-211203.2134
0.92858365,0.003697793,0.183604452,-211204.316
0.924024048,0.003873011,0.184173392,-211293.5713
0.919335284,0.00405399,0.184822638,-210960.8248
0.914518786,0.004240687,0.185420732,-211120.2557
0.909576022,0.00443318,0.186151572,-211312.7766
0.904508497,0.004631595,0.186903681,-211446.0719
0.899317755,0.004836055,0.187686539,-211651.8374
0.894005377,0.005046579,0.188499021,-211451.2238
0.888572981,0.005263127,0.189299331,-211195.3163
0.883022222,0.005485664,0.1901041,-211444.854
0.87735479,0.005714215,0.191010933,-211506.0793
0.871572413,0.005948824,0.191960634,-211561.1082
0.865676851,0.006189548,0.19288831,-211590.9985
0.8596699,0.006436459,0.19387049,-211488.1025
0.853553391,0.006689658,0.194874093,-211495.123
0.847329185,0.006949232,0.195915819,-211402.4517
0.84099918,0.007215235,0.196889013,-211585.4672
0.834565303,0.007487703,0.197934691,-211780.9263
0.828029514,0.007766671,0.199006462,-211513.8915
0.821393805,0.008052145,0.200067358,-211226.9936
0.814660196,0.008344126,0.20109599,-211265.5046
0.807830738,0.008642604,0.202135844,-211393.674
0.800907512,0.00894757,0.203214849,-211437.5646
0.793892626,0.009259012,0.204355543,-211226.7802
0.786788218,0.009576922,0.205456235,-211092.2829
0.779596452,0.009901383,0.206558009,-211286.0417
0.772319518,0.010232499,0.207650535,-211408.8328
0.764959632,0.010570359,0.208752947,-211386.9475
0.757519037,0.010914823,0.209802232,-211554.5578
0.75,0.011265659,0.210914181,-211461.4677
0.74240481,0.011622669,0.212067273,-211047.6936
0.734735781,0.011985938,0.213190404,-210989.4116
0.72699525,0.012355685,0.214302189,-211307.8883
0.719185573,0.01273206,0.215370559,-211545.854
0.711309131,0.01311484,0.216454498,-211425.8746
0.703368322,0.013503624,0.21750141,-211267.3489
0.695365564,0.013898053,0.218550298,-211283.4154
0.687303297,0.014298066,0.21966069,-211343.3191
0.679183975,0.014703707,0.220807165,-211362.0959
0.671010072,0.015114992,0.221913473,-211396.8954
0.662784077,0.015531786,0.222956067,-211607.9529
0.654508497,0.01595388,0.224001966,-211811.9146
0.646185852,0.016381039,0.225082247,-211708.7556
0.637818678,0.016812954,0.226146343,-211534.0175
0.629409523,0.017249268,0.227179366,-211663.0398
0.620960948,0.017689658,0.228228368,-211934.8747
0.612475527,0.018133922,0.229320651,-212075.6371
0.603955845,0.018581909,0.230433869,-212051.3177
0.595404498,0.01903344,0.231509927,-212032.2051
0.586824089,0.019488163,0.232530088,-212265.5503
0.578217233,0.01994569,0.233550523,-212610.7235
0.56958655,0.020405599,0.234632583,-212760.5676
0.560934672,0.02086741,0.235742534,-212757.029
0.552264232,0.021330606,0.236832405,-212851.6517
0.543577871,0.021794712,0.237960182,-213038.8095
0.534878237,0.022259415,0.239161476,-213141.172
0.526167978,0.02272445,0.240359177,-213088.3766
0.517449748,0.023189475,0.241503186,-213222.3325
0.508726203,0.023653891,0.242635439,-213737.5817
0.5,0.024116995,0.243851623,-214120.6834
0.491273797,0.024578166,0.245153263,-214082.3287
0.482550252,0.025036933,0.246467142,-214118.1156
0.473832022,0.025492908,0.247796484,-214521.9782
0.465121763,0.025945637,0.249193923,-214796.4416
0.456422129,0.026394495,0.250649707,-214810.7548
0.447735768,0.026838819,0.252107284,-214963.1083
0.439065328,0.027277967,0.253629944,-215264.9463
0.43041345,0.027711328,0.255236838,-215540.3842
0.421782767,0.028138319,0.25690393,-215769.8065
0.413175911,0.028558334,0.258644462,-216021.8953
0.404595502,0.028970707,0.260471414,-216334.3204
0.396044155,0.029374765,0.262387254,-216659.1722
0.387524473,0.02976986,0.264424262,-216826.8417
0.379039052,0.030155382,0.266549408,-216909.2065
0.370590477,0.030530741,0.268736728,-217109.3846
0.362181322,0.030895338,0.271037473,-217466.6077
0.353814148,0.031248511,0.27349511,-217767.7065
0.345491503,0.031589602,0.276076623,-217940.3757
0.337215923,0.031917958,0.278769866,-218128.7268
0.328989928,0.032232898,0.281597148,-218368.2463
0.320816025,0.032533769,0.284570836,-218592.7043
0.312696703,0.032819934,0.287728745,-218769.6823
0.304634436,0.033090752,0.291083574,-218873.3015
0.296631678,0.033345635,0.294591559,-219042.5172
0.288690869,0.033583988,0.298279006,-219337.7442
0.280814427,0.033805207,0.302187906,-219504.4757
0.27300475,0.034008727,0.306293008,-219596.2455
0.265264219,0.034193996,0.310602956,-219742.909
0.25759519,0.034360453,0.31516534,-219789.5318
0.25,0.034507586,0.319985962,-219822.3577
0.242480963,0.034634885,0.325051374,-219882.0904
0.235040368,0.034741789,0.330400436,-219905.7639
0.227680482,0.034827808,0.336079003,-219904.169
0.220403548,0.034892496,0.342019729,-219827.91
0.213211782,0.034935414,0.348232268,-219678.5575
0.206107374,0.034956224,0.354770068,-219507.8134
0.199092488,0.034954514,0.361627224,-219316.2215
0.192169262,0.034929762,0.368838611,-219119.8743
0.185339804,0.034881539,0.376443316,-218880.7366
0.178606195,0.034809489,0.384508239,-218491.1404
0.171970486,0.034713318,0.393021925,-218029.2157
0.165434697,0.034592852,0.401923657,-217488.3706
0.15900082,0.034447884,0.411245292,-216877.8026
0.152670815,0.034278132,0.421041756,-216312.7173
0.146446609,0.034083445,0.431300017,-215613.9573
0.1403301,0.033863608,0.442058547,-214717.659
0.134323149,0.033618267,0.453347331,-213663.0903
0.128427587,0.033347271,0.465206944,-212616.5421
0.12264521,0.033050446,0.477675902,-211465.6773
0.116977778,0.032727594,0.490771709,-210093.1382
0.111427019,0.032378741,0.504505288,-208571.6236
0.105994623,0.032003828,0.518892222,-206915.7239
0.100682245,0.031602712,0.533995265,-205053.5793
0.095491503,0.031175529,0.54980504,-202951.9275
0.090423978,0.030722236,0.566351164,-200662.5467
0.085481214,0.030242689,0.583704475,-198174.3527
0.080664716,0.02973707,0.60185263,-195348.0998
0.075975952,0.029205386,0.620823664,-192261.2921
0.07141635,0.028647544,0.640702667,-188840.46
0.066987298,0.02806388,0.6613961,-185100.0207
0.062690146,0.027454378,0.683012748,-180924.4032
0.058526204,0.026818861,0.705538746,-176343.7034
0.054496738,0.026157726,0.729023981,-171219.7661
0.050602977,0.02547101,0.753287415,-165541.5901
0.046846106,0.024758672,0.77856545,-159142.2928
0.043227271,0.024021391,0.804428237,-152065.1678
0.039747573,0.023259064,0.831060028,-144839.006
0.036408073,0.022471358,0.858456691,-137009.8647
0.033209787,0.021658982,0.885984407,-128717.102
0.03015369,0.020821825,0.91345636,-117827.3739
0.027240712,0.01995972,0.940593219,-103326.4577
0.024471742,0.019073869,0.966799401,-86939.74869
0.021847622,0.018163953,0.991552458,-69620.82005
0.019369152,0.017229463,1.01429994,-169815.0541
0.017037087,0.016271907,1.03157624,-113962.3544
0.014852137,0.01529073,1.040063991,-49995.63558
0.012814968,0.014285286,1.043800514,12693.01387
0.0109262,0.013257816,1.035155359,63657.0091
0.009186408,0.012207575,1.007856921,22900.29381
0.007596123,0.011133581,0.959097114,26762.77801
0.00615583,0.010038907,0.88050752,23014.30239
0.004865966,0.008922788,0.762708294,8724.232844
0.003726924,0.007783262,0.597381525,-19425.13882
0.002739052,0.006623334,0.374974698,-65240.69873
0.001902651,0.005445688,0.084599569,-130708.4769
0.001217975,0.004250062,-0.282334416,-217163.6224
0.000685233,0.003036887,-0.720001855,-320477.8259
0.000304586,0.001837833,-1.231215499,-406440.3819
7.62E-05,0.000722987,-1.699841152,-503699.5496
0,-1.93E-05,-2.016419955,-569936.8807
0.985147863,0.004290412,0.231654231,-178935.9595
0.982962913,0.004615716,0.228055778,-180195.4788
0.980630848,0.004962192,0.224431182,-181497.9721
0.978152378,0.005329668,0.220962115,-182795.8243
0.975528258,0.005718126,0.217515523,-183714.086
0.972759288,0.006127601,0.213959134,-184801.6798
0.96984631,0.006557871,0.210453568,-185731.3501
0.966790213,0.007008502,0.206958666,-186889.1222
0.963591927,0.007479026,0.2035067,-187822.7369
0.960252427,0.007969142,0.200191068,-188754.8059
0.956772729,0.008478669,0.196944247,-189780.0552
0.953153894,0.00900744,0.193751408,-190475.1795
0.949397023,0.009555236,0.190574646,-191190.6189
0.945503262,0.010121844,0.187430517,-192068.5993
0.941473796,0.010707033,0.184395341,-192863.7165
0.937309854,0.01131051,0.181324011,-193726.935
0.933012702,0.01193193,0.178374691,-194371.4831
0.92858365,0.012570937,0.175463042,-194912.2711
0.924024048,0.013227203,0.172581499,-195901.6152
0.919335284,0.013900434,0.169865719,-196422.4618
0.914518786,0.014590295,0.167065211,-197115.0856
0.909576022,0.015296516,0.164478365,-197697.4767
0.904508497,0.016018863,0.161863234,-197950.9821
0.899317755,0.016757067,0.159227456,-198937.5778
0.894005377,0.017510826,0.156733069,-199692.9412
0.888572981,0.018279797,0.154289473,-200326.612
0.883022222,0.019063625,0.151922447,-200583.6247
0.87735479,0.019862009,0.149519875,-201116.7012
0.871572413,0.020674699,0.147157821,-201942.3367
0.865676851,0.021501426,0.144866604,-202246.0626
0.8596699,0.022341811,0.142568959,-202650.676
0.853553391,0.023195369,0.140312314,-203365.1278
0.847329185,0.024061643,0.138162863,-203703.9654
0.84099918,0.0249403,0.13599758,-204260.8696
0.834565303,0.025831133,0.133878873,-204840.4851
0.828029514,0.026733923,0.131806009,-205285.4431
0.821393805,0.027648364,0.129774247,-205818.6636
0.814660196,0.028574079,0.127696243,-206297.7153
0.807830738,0.029510687,0.125670266,-206660.3422
0.800907512,0.030457804,0.123615912,-207273.7972
0.793892626,0.031415023,0.121581207,-208029.3209
0.786788218,0.032381935,0.119597014,-208457.1182
0.779596452,0.033358157,0.117623674,-208804.842
0.772319518,0.034343294,0.115634433,-209253.8938
0.764959632,0.03533695,0.113635421,-209735.9556
0.757519037,0.036338676,0.111653749,-210078.1407
0.75,0.037347988,0.109619938,-210612.493
0.74240481,0.038364387,0.107598489,-211493.568
0.734735781,0.039387389,0.105633246,-212009.288
0.72699525,0.040416483,0.10366232,-212063.3543
0.719185573,0.041451175,0.10163026,-212459.5246
0.711309131,0.042491026,0.0995911,-213403.5089
0.703368322,0.04353565,0.097574246,-214210.5346
0.695365564,0.044584606,0.095508546,-214588.3612
0.687303297,0.045637259,0.093387779,-215122.0322
0.679183975,0.046692821,0.09125585,-215834.629
0.671010072,0.047750496,0.08918681,-216153.7768
0.662784077,0.048809669,0.087020889,-216686.1451
0.654508497,0.049869775,0.084844665,-217533.6728
0.646185852,0.050930223,0.082707676,-218158.3064
0.637818678,0.05199031,0.080531191,-218672.608
0.629409523,0.053049257,0.078305683,-219435.6887
0.620960948,0.054106291,0.076057534,-220340.9525
0.612475527,0.055160681,0.073792952,-221017.6501
0.603955845,0.056211736,0.071540992,-221386.38
0.595404498,0.057258709,0.06926026,-221853.932
0.586824089,0.058300687,0.06691921,-222637.7647
0.578217233,0.05933667,0.064514327,-223722.004
0.56958655,0.06036567,0.062155184,-224718.8983
0.560934672,0.061386777,0.059855646,-225405.5151
0.552264232,0.062399132,0.057529113,-226068.0184
0.543577871,0.063401824,0.055149733,-226955.1135
0.534878237,0.064393841,0.052761799,-227761.933
0.526167978,0.065374111,0.050405513,-228379.275
0.517449748,0.066341599,0.048092026,-229098.5242
0.508726203,0.067295247,0.045765566,-230076.0565
0.5,0.068234007,0.043437642,-231063.653
0.491273797,0.069156833,0.041157431,-231877.8527
0.482550252,0.070062634,0.038916435,-232743.3271
0.473832022,0.070950308,0.036707289,-233834.4974
0.465121763,0.071818758,0.034559233,-234888.222
0.456422129,0.072666806,0.032465385,-235786.2753
0.447735768,0.073493289,0.030426208,-236644.6751
0.439065328,0.074297052,0.028442426,-237619.3941
0.43041345,0.075076952,0.026531075,-238725.1701
0.421782767,0.075831876,0.02473879,-239813.32
0.413175911,0.076560672,0.023066539,-240756.2802
0.404595502,0.077262071,0.021482918,-241694.7611
0.396044155,0.077934819,0.020039468,-242666.3678
0.387524473,0.078577751,0.01876496,-243630.0433
0.379039052,0.079189826,0.01763317,-244676.0598
0.370590477,0.07977008,0.016641054,-245862.1504
0.362181322,0.080317441,0.0158386,-246954.2203
0.353814148,0.080830618,0.015250384,-247790.0226
0.345491503,0.081308348,0.014852003,-248719.7075
0.337215923,0.081749552,0.014700118,-249764.1816
0.328989928,0.082153317,0.014824093,-250736.942
0.320816025,0.082518864,0.015196353,-251627.9783
0.312696703,0.082845215,0.01582637,-252507.1815
0.304634436,0.083131131,0.016769926,-253388.9329
0.296631678,0.083375465,0.018101429,-254261.5427
0.288690869,0.083577294,0.019888293,-255018.5637
0.280814427,0.083735972,0.022006556,-255610.2475
0.27300475,0.083850957,0.024385759,-256104.7898
0.265264219,0.083921447,0.027123151,-256746.6063
0.25759519,0.083946417,0.030274811,-257482.7467
0.25,0.083924943,0.0339268,-258069.2237
0.242480963,0.083856341,0.038135781,-258428.7907
0.235040368,0.083740112,0.042844276,-258629.0865
0.227680482,0.083575895,0.048083701,-258746.7231
0.220403548,0.083363149,0.053956963,-258841.5196
0.213211782,0.083101208,0.06045715,-258847.1334
0.206107374,0.082789595,0.067545605,-258655.2725
0.199092488,0.08242795,0.07526357,-258266.8564
0.192169262,0.082016054,0.083639815,-257791.4154
0.185339804,0.081553829,0.092663886,-257315.5427
0.178606195,0.081040959,0.102409062,-256609.2873
0.171970486,0.080477069,0.112907015,-255620.7115
0.165434697,0.079862,0.124181065,-254471.0331
0.15900082,0.079195558,0.136330029,-252998.5279
0.152670815,0.078477662,0.149381814,-251310.2634
0.146446609,0.077708465,0.163361353,-249434.8061
0.1403301,0.076888112,0.178292867,-247265.2157
0.134323149,0.076016896,0.194131751,-244896.8568
0.128427587,0.075095273,0.210877137,-242197.794
0.12264521,0.074123142,0.228630742,-239128.9928
0.116977778,0.073100415,0.247463623,-235766.5163
0.111427019,0.072027353,0.267424006,-232047.2746
0.105994623,0.070904199,0.288585362,-227892.518
0.100682245,0.069731486,0.310890433,-223297.0979
0.095491503,0.068509928,0.334318311,-218339.9104
0.090423978,0.067239828,0.358971314,-212925.5378
0.085481214,0.065921692,0.384812097,-207044.7973
0.080664716,0.064556248,0.411852565,-200628.5574
0.075975952,0.063143694,0.440162057,-193665.2646
0.07141635,0.061684575,0.469719974,-186155.864
0.066987298,0.060179638,0.500476232,-178089.236
0.062690146,0.058629093,0.532482602,-169398.4728
0.058526204,0.057033557,0.565715913,-160049.6943
0.054496738,0.05539399,0.599994234,-150085.4926
0.050602977,0.053710755,0.635310333,-139533.4394
0.046846106,0.051984818,0.671531698,-128367.1582
0.043227271,0.05021727,0.708303108,-116615.2966
0.039747573,0.048408088,0.745735023,-104281.4409
0.036408073,0.046557931,0.783553943,-91524.01964
0.033209787,0.044667803,0.821136222,-79122.3312
0.03015369,0.042738043,0.858127546,-66745.1978
0.027240712,0.040769796,0.893845129,-54197.86281
0.024471742,0.038764302,0.927492629,-40582.87662
0.021847622,0.036721465,0.959229919,-27151.49978
0.019369152,0.034641939,0.98782994,-16462.05854
0.017037087,0.032526834,1.013664807,-21506.55087
0.014852137,0.030376629,1.031847965,-1478.560615
0.012814968,0.028192408,1.041510484,6421.661223
0.0109262,0.025975658,1.043066847,-6108.625152
0.009186408,0.023727271,1.037395198,-31271.81014
0.007596123,0.021448099,1.021793593,-79645.73071
0.00615583,0.019139871,0.988908747,-42539.45089
0.004865966,0.016805608,0.943949055,-64325.36394
0.003726924,0.014447689,0.883516668,-87876.50938
0.002739052,0.012070261,0.807044172,-116606.0946
0.001902651,0.009683891,0.715815855,-161078.7174
0.001217975,0.007302648,0.611305914,-205186.1391
0.000685233,0.004954887,0.496476375,-248730.2084
0.000304586,0.002724211,0.375861292,-283368.0418
7.62E-05,0.000847629,0.265893834,-309405.1032
0,-1.57E-06,0.213332576,-320872.3649
0.985147863,0.006949882,0.232952961,-151693.8402
0.982962913,0.007516285,0.228369154,-153228.1643
0.980630848,0.008119783,0.223751872,-154594.2986
0.978152378,0.008759985,0.21901301,-155907.0111
0.975528258,0.009436424,0.214196271,-157254.9533
0.972759288,0.010148589,0.209282286,-158461.7132
0.96984631,0.010896093,0.204313058,-159853.7602
0.966790213,0.011678549,0.199349499,-161153.4543
0.963591927,0.012495635,0.194289156,-162368.3556
0.960252427,0.013346863,0.189163186,-163534.6623
0.956772729,0.01423161,0.183922873,-164875.8304
0.953153894,0.015149234,0.178771682,-166212.7404
0.949397023,0.016099133,0.17362204,-166980.1939
0.945503262,0.017080753,0.168355044,-168421.3041
0.941473796,0.018093532,0.16319003,-169500.4338
0.937309854,0.019136978,0.158004886,-170855.1008
0.933012702,0.020210694,0.152791329,-172091.8771
0.92858365,0.021314255,0.147592906,-173152.7308
0.924024048,0.022447028,0.142342013,-174205.4061
0.919335284,0.023608158,0.137062491,-175488.4951
0.914518786,0.024796733,0.131868357,-176469.742
0.909576022,0.0260121,0.126688937,-177554.2646
0.904508497,0.027253837,0.12156983,-178639.6385
0.899317755,0.02852157,0.116441902,-179867.8617
0.894005377,0.029814731,0.111308807,-180941.3367
0.888572981,0.031132563,0.106153911,-181700.4286
0.883022222,0.032474293,0.100978348,-182926.1898
0.87735479,0.033839167,0.095857664,-184195.9372
0.871572413,0.035226508,0.090755457,-185270.0364
0.865676851,0.036635598,0.085713964,-185975.953
0.8596699,0.038065804,0.080584216,-187247.0736
0.853553391,0.039516475,0.075547364,-188516.9189
0.847329185,0.040986967,0.070546633,-189137.2875
0.84099918,0.042476646,0.06542525,-190089.2608
0.834565303,0.043984756,0.06037497,-191332.7667
0.828029514,0.0455106,0.055355569,-192221.3079
0.821393805,0.047053428,0.050237903,-193028.5294
0.814660196,0.048612486,0.045101139,-194158.844
0.807830738,0.050187005,0.040039058,-195192.4005
0.800907512,0.051776211,0.034926257,-196186.7567
0.793892626,0.053379302,0.029768171,-197411.0805
0.786788218,0.054995487,0.024640801,-198369.9457
0.779596452,0.056624004,0.019434416,-199331.9453
0.772319518,0.058264127,0.014239589,-200583.5975
0.764959632,0.059915115,0.009083146,-201504.066
0.757519037,0.061576119,0.003795651,-202165.3673
0.75,0.063246171,-0.001556438,-203087.3834
0.74240481,0.064924279,-0.006946634,-204336.5667
0.734735781,0.066609572,-0.01237615,-205648.6348
0.72699525,0.068301236,-0.017827989,-206831.819
0.719185573,0.069998438,-0.023279014,-207686.6676
0.711309131,0.071700252,-0.02881059,-208398.4759
0.703368322,0.073405652,-0.034484118,-209511.3834
0.695365564,0.075113592,-0.040223804,-210938.9452
0.687303297,0.076823009,-0.045981995,-212322.0861
0.679183975,0.078532833,-0.051774462,-213490.5203
0.671010072,0.080241992,-0.057663118,-214575.1269
0.662784077,0.08194939,-0.063662161,-215818.231
0.654508497,0.083653899,-0.069693078,-217106.2205
0.646185852,0.085354394,-0.075798953,-218136.9869
0.637818678,0.087049645,-0.082030149,-219085.2612
0.629409523,0.088738297,-0.088360461,-220331.331
0.620960948,0.090419053,-0.094743852,-222013.5783
0.612475527,0.092090683,-0.101163961,-223787.1915
0.603955845,0.093752015,-0.107656391,-225306.2355
0.595404498,0.095401805,-0.114261995,-226637.5504
0.586824089,0.097038577,-0.120961965,-227969.703
0.578217233,0.098660708,-0.12772311,-229257.6535
0.56958655,0.100266582,-0.134585011,-230773.8192
0.560934672,0.101854723,-0.141529947,-232706.7095
0.552264232,0.103423746,-0.148471959,-234578.019
0.543577871,0.104972225,-0.155405762,-235968.9127
0.534878237,0.106498624,-0.16244582,-237350.7254
0.526167978,0.108001386,-0.169617974,-239241.7536
0.517449748,0.109478918,-0.176858312,-241226.2714
0.508726203,0.110929409,-0.184093215,-243023.2653
0.5,0.112350994,-0.191295769,-244747.4264
0.491273797,0.113741935,-0.198479856,-246584.8138
0.482550252,0.115100667,-0.205661463,-248531.1647
0.473832022,0.116425766,-0.212851989,-250457.1656
0.465121763,0.117715651,-0.220075507,-252340.9267
0.456422129,0.118968442,-0.227296318,-254312.5569
0.447735768,0.120182149,-0.234450586,-256419.8779
0.439065328,0.121354889,-0.241506556,-258527.1044
0.43041345,0.12248488,-0.248447041,-260579.9163
0.421782767,0.123570419,-0.255254568,-262680.8128
0.413175911,0.124609832,-0.261914278,-264864.6922
0.404595502,0.125601486,-0.268420083,-267064.4664
0.396044155,0.126543794,-0.274767848,-269188.169
0.387524473,0.127435092,-0.280934901,-271187.755
0.379039052,0.128273482,-0.286873579,-273119.3098
0.370590477,0.129057112,-0.292577519,-275250.3211
0.362181322,0.129784329,-0.297985564,-277499.0015
0.353814148,0.130453698,-0.3030265,-279536.1863
0.345491503,0.131063868,-0.307708727,-281379.4329
0.337215923,0.131613338,-0.312029954,-283392.531
0.328989928,0.132100404,-0.31591242,-285379.4008
0.320816025,0.132523462,-0.319216582,-287122.0943
0.312696703,0.132881088,-0.321905575,-288749.8088
0.304634436,0.133172017,-0.324090234,-290457.7415
0.296631678,0.133395086,-0.325835449,-292134.6091
0.288690869,0.133549077,-0.326967219,-293642.7653
0.280814427,0.133632701,-0.327338717,-294912.3664
0.27300475,0.133644863,-0.32694656,-295995.5767
0.265264219,0.133584554,-0.325820556,-296992.7728
0.25759519,0.133450882,-0.323893295,-297859.7623
0.25,0.133243109,-0.32106369,-298428.4563
0.242480963,0.132960345,-0.317300068,-298725.8304
0.235040368,0.132601772,-0.312381848,-298866.2288
0.227680482,0.132166722,-0.306321623,-298736.7485
0.220403548,0.131654569,-0.299270429,-298231.7539
0.213211782,0.131064835,-0.291173642,-297428.3115
0.206107374,0.130397172,-0.281887879,-296440.8413
0.199092488,0.129651215,-0.271364414,-295240.71
0.192169262,0.128826692,-0.259545401,-293647.7512
0.185339804,0.127923528,-0.24639141,-291492.1193
0.178606195,0.126941554,-0.231884608,-288895.8339
0.171970486,0.125880836,-0.216021189,-285992.7615
0.165434697,0.12474152,-0.198688671,-282611.2254
0.15900082,0.123523705,-0.179805036,-278705.0433
0.152670815,0.122227733,-0.159370382,-274246.5654
0.146446609,0.120853971,-0.137400332,-269269.1934
0.1403301,0.119402675,-0.113848549,-263882.9226
0.134323149,0.11787432,-0.088664547,-257959.1735
0.128427587,0.116269494,-0.061841842,-251400.2063
0.12264521,0.114588741,-0.033373256,-244272.12
0.116977778,0.112832919,-0.00328983,-236585.7656
0.111427019,0.111002795,0.028407842,-228282.2656
0.105994623,0.109099015,0.061731413,-219380.5245
0.100682245,0.107122512,0.096652327,-209938.1785
0.095491503,0.105074202,0.133150095,-199923.4934
0.090423978,0.102954966,0.171198292,-189280.7644
0.085481214,0.100766006,0.210680321,-178095.116
0.080664716,0.09850836,0.251539179,-166407.9141
0.075975952,0.096182913,0.293738822,-154196.5725
0.07141635,0.093790897,0.337131391,-141541.6321
0.066987298,0.091333469,0.381640946,-128477.0219
0.062690146,0.088811763,0.427082297,-115094.8227
0.058526204,0.08622722,0.473275786,-101504.6392
0.054496738,0.083581045,0.519933146,-87749.94974
0.050602977,0.080874287,0.566913756,-73951.08168
0.046846106,0.07810833,0.613978633,-60254.74348
0.043227271,0.075284434,0.66079151,-46797.75494
0.039747573,0.072403824,0.707064829,-33713.78505
0.036408073,0.069467987,0.752388338,-21253.93875
0.033209787,0.066478266,0.796339099,-9636.326405
0.03015369,0.06343594,0.838390449,948.0404128
0.027240712,0.060342417,0.877955653,10335.82931
0.024471742,0.057199219,0.914665909,18266.37464
0.021847622,0.054007789,0.947815666,23883.34755
0.019369152,0.050769549,0.977335628,26831.25165
0.017037087,0.047486401,1.003355478,76341.10968
0.014852137,0.044160198,1.024062963,85583.03553
0.012814968,0.040792557,1.036963056,64278.32302
0.0109262,0.037386251,1.043672399,32508.06088
0.009186408,0.033944267,1.044284638,-24615.67175
0.007596123,0.030469272,1.03910934,-75397.46491
0.00615583,0.026966494,1.025716808,-142581.8713
0.004865966,0.023442709,1.003648243,-123781.9022
0.003726924,0.019905742,0.974282436,-86965.54851
0.002739052,0.016370612,0.937657575,-108528.7036
0.001902651,0.012862131,0.893859575,-128014.6513
0.001217975,0.009420784,0.843913658,-139949.6785
0.000685233,0.006128908,0.789882044,-166988.9955
0.000304586,0.003162824,0.735986929,-185468.9829
7.62E-05,0.0009,0.691487063,-197693.9713
0,4.67E-09,0.672938743,-202577.6029
0.985147863,0.000822261,0.198536003,-209636.496
0.982962913,0.000795484,0.201152174,-209731.7985
0.980630848,0.000768359,0.203804434,-209391.1187
0.978152378,0.000741226,0.206427703,-209410.0127
0.975528258,0.000714546,0.209143025,-209228.5942
0.972759288,0.00068883,0.211743345,-209151.1152
0.96984631,0.00066449,0.214356993,-208846.4326
0.966790213,0.000641894,0.216929149,-208534.2898
0.963591927,0.000621414,0.219474823,-208251.0417
0.960252427,0.000603461,0.222068295,-207894.0976
0.956772729,0.000588477,0.224577808,-207809.9523
0.953153894,0.000576916,0.227077596,-207580.7643
0.949397023,0.000569271,0.229617975,-207139.0889
0.945503262,0.000566063,0.23210908,-206809.9796
0.941473796,0.00056783,0.234609677,-206389.7188
0.937309854,0.000575124,0.2369949,-205911.5406
0.933012702,0.000588511,0.239368595,-205718.2647
0.92858365,0.000608565,0.241740454,-205546.5077
0.924024048,0.000635833,0.244084872,-205146.1782
0.919335284,0.000670849,0.246343404,-204770.4452
0.914518786,0.000714153,0.248563203,-204657.5107
0.909576022,0.000766366,0.2508205,-204183.8526
0.904508497,0.000828151,0.252944468,-203735.9482
0.899317755,0.000900188,0.255092621,-203449.2224
0.894005377,0.000983117,0.257134888,-202932.4905
0.888572981,0.001077573,0.259069718,-202707.3688
0.883022222,0.00118419,0.260978751,-202643.8818
0.87735479,0.001303622,0.262838882,-202235.1218
0.871572413,0.001436537,0.264621005,-201608.2447
0.865676851,0.001583595,0.266272454,-201335.9459
0.8596699,0.001745414,0.267833182,-201111.1527
0.853553391,0.001922586,0.269357695,-200924.8253
0.847329185,0.002115703,0.270802643,-200773.1738
0.84099918,0.002325418,0.272117219,-200337.5138
0.834565303,0.00255241,0.273375823,-199796.9163
0.828029514,0.002797361,0.274500673,-199635.108
0.821393805,0.003060934,0.275514203,-199576.2504
0.814660196,0.003343789,0.276394396,-199445.7098
0.807830738,0.003646558,0.277155531,-199082.1354
0.800907512,0.003969772,0.277718933,-198757.8277
0.793892626,0.004313894,0.278153639,-198658.364
0.786788218,0.004679389,0.278477737,-198511.4267
0.779596452,0.005066833,0.27864548,-198246.7025
0.772319518,0.005476831,0.278646304,-197966.5977
0.764959632,0.005909952,0.2783398,-197973.905
0.757519037,0.006366536,0.277840086,-198059.627
0.75,0.006846841,0.277187742,-197803.2846
0.74240481,0.007351231,0.276256214,-197662.5393
0.734735781,0.007880849,0.274974172,-197795.7448
0.72699525,0.008437107,0.273064607,-198033.007
0.719185573,0.009020692,0.270454077,-198501.5531
0.711309131,0.009628789,0.267284008,-199037.7025
0.703368322,0.010257383,0.263664482,-199822.7661
0.695365564,0.010901978,0.259857297,-200757.7164
0.687303297,0.011557063,0.256082832,-201744.725
0.679183975,0.012216374,0.252803225,-202948.0299
0.671010072,0.012875256,0.250314496,-203961.3639
0.662784077,0.013533307,0.24841164,-204584.4839
0.654508497,0.014192087,0.24682155,-205054.0564
0.646185852,0.014852338,0.245389697,-205419.6604
0.637818678,0.015513717,0.244048395,-205761.1377
0.629409523,0.016175276,0.242852473,-206280.7355
0.620960948,0.016836262,0.241815535,-206940.5206
0.612475527,0.017496223,0.240921076,-207746.5194
0.603955845,0.018154823,0.240199732,-208410.7733
0.595404498,0.018811707,0.239604736,-208738.8887
0.586824089,0.019466457,0.239112771,-209075.6657
0.578217233,0.020118663,0.23871429,-209620.4455
0.56958655,0.02076789,0.238415909,-210139.063
0.560934672,0.021413675,0.238196965,-210552.05
0.552264232,0.022055555,0.238058444,-210980.6397
0.543577871,0.022693026,0.238041781,-211318.3196
0.534878237,0.023325507,0.238087689,-211565.5121
0.526167978,0.023952401,0.238201658,-211957.0102
0.517449748,0.024573121,0.238455832,-212401.6735
0.508726203,0.025187096,0.238768897,-212972.7103
0.5,0.025793766,0.239162214,-213584.079
0.491273797,0.026392583,0.239694547,-213971.1841
0.482550252,0.026983026,0.240322986,-214167.0963
0.473832022,0.027564586,0.241022086,-214469.4902
0.465121763,0.028136729,0.241838072,-214866.6494
0.456422129,0.02869887,0.242761519,-215186.7311
0.447735768,0.029250417,0.243754115,-215564.5172
0.439065328,0.02979075,0.244845073,-216061.1026
0.43041345,0.030319173,0.246069711,-216474.2857
0.421782767,0.030834975,0.247443446,-216720.9832
0.413175911,0.031337536,0.248955385,-216968.7489
0.404595502,0.031826355,0.250580536,-217334.1959
0.396044155,0.032300993,0.252320187,-217758.6043
0.387524473,0.032760945,0.254196875,-218161.4145
0.379039052,0.033205534,0.256238286,-218470.4539
0.370590477,0.033634072,0.258412308,-218808.1942
0.362181322,0.034045968,0.260750034,-219154.1691
0.353814148,0.034440743,0.263288259,-219304.6383
0.345491503,0.034817997,0.265952742,-219470.6009
0.337215923,0.035177185,0.268744153,-219850.6946
0.328989928,0.035517537,0.27174084,-220198.5059
0.320816025,0.035838232,0.27496314,-220399.3422
0.312696703,0.036138674,0.278434281,-220623.7914
0.304634436,0.036418585,0.282151479,-220830.4006
0.296631678,0.03667778,0.286034256,-220940.5754
0.288690869,0.036915927,0.290090483,-221060.2713
0.280814427,0.037132333,0.294379083,-221257.6764
0.27300475,0.037326327,0.298944914,-221506.1639
0.265264219,0.037497395,0.303837694,-221534.275
0.25759519,0.037645272,0.309003147,-221325.9487
0.25,0.03776977,0.314389548,-221314.2324
0.242480963,0.037870592,0.320094415,-221434.9724
0.235040368,0.037947152,0.326105623,-221381.4747
0.227680482,0.037998916,0.332400975,-221224.2727
0.220403548,0.038025534,0.339046931,-221076.5533
0.213211782,0.038026875,0.346064649,-220871.6248
0.206107374,0.038002925,0.353416454,-220584.1249
0.199092488,0.037953519,0.361094064,-220216.4035
0.192169262,0.037878261,0.369184434,-219821.4745
0.185339804,0.03777682,0.377744005,-219402.0395
0.178606195,0.037648981,0.386730339,-218829.7408
0.171970486,0.037494601,0.396109345,-218251.7412
0.165434697,0.037313677,0.405957283,-217613.4715
0.15900082,0.03710616,0.416270266,-216796.839
0.152670815,0.036871879,0.427051307,-215884.8024
0.146446609,0.036610803,0.438323584,-214856.1267
0.1403301,0.036322916,0.45013027,-213758.4645
0.134323149,0.036008128,0.46251844,-212585.4269
0.128427587,0.035666535,0.475472739,-211181.6731
0.12264521,0.035298185,0.488995835,-209671.176
0.116977778,0.034902971,0.503159203,-208065.0494
0.111427019,0.034481008,0.517968724,-206272.331
0.105994623,0.034032427,0.53343843,-204248.4344
0.100682245,0.033557284,0.549604415,-202026.2084
0.095491503,0.033055902,0.566459132,-199623.3421
0.090423978,0.032528456,0.584031726,-196934.8196
0.085481214,0.031974876,0.60236405,-194045.4751
0.080664716,0.03139543,0.62147154,-190882.8596
0.075975952,0.03079035,0.641381737,-187379.3208
0.07141635,0.03015975,0.662097643,-183518.7011
0.066987298,0.029504151,0.683605118,-179344.1802
0.062690146,0.02882376,0.705866574,-174785.9009
0.058526204,0.028118352,0.729024824,-169718.5992
0.054496738,0.027388282,0.752942427,-164130.1593
0.050602977,0.026633864,0.777631433,-157977.4743
0.046846106,0.025855278,0.803069765,-151034.3125
0.043227271,0.02505342,0.828956503,-143718.9421
0.039747573,0.024228523,0.855391728,-136148.8585
0.036408073,0.023380112,0.882218244,-128131.8212
0.033209787,0.022508791,0.908877018,-118995.0745
0.03015369,0.021614815,0.93515292,-106396.3198
0.027240712,0.02069806,0.960721926,-91704.53132
0.024471742,0.01975983,0.984992993,-75033.72707
0.021847622,0.018800292,1.006932901,-75418.77748
0.019369152,0.017818593,1.026361983,-138551.9985
0.017037087,0.016816027,1.038246552,-74169.05322
0.014852137,0.015792748,1.04267119,-21981.8104
0.012814968,0.014747943,1.042179666,43604.7011
0.0109262,0.013683806,1.024180072,36116.26956
0.009186408,0.01260037,0.988796796,27131.50593
0.007596123,0.01149569,0.929635488,29197.74585
0.00615583,0.010372124,0.838997478,23357.05774
0.004865966,0.009230115,0.707279875,6518.659598
0.003726924,0.008067321,0.525592952,-24730.6129
0.002739052,0.006886155,0.284936607,-73121.52437
0.001902651,0.005689717,-0.025433705,-141599.8334
0.001217975,0.00447699,-0.415575251,-231995.5355
0.000685233,0.003244672,-0.880866792,-339103.4719
0.000304586,0.001998129,-1.427973316,-431447.1565
7.62E-05,0.00079045,-1.95186537,-542968.7535
0,2.53E-05,-2.295490407,-608419.6502
0.985147863,0.003497546,0.246409942,-187690.3047
0.982962913,0.003713313,0.245662149,-188365.5198
0.980630848,0.003944741,0.244982983,-189016.7651
0.978152378,0.004192016,0.244200013,-189250.1407
0.975528258,0.004455294,0.243459886,-189787.3824
0.972759288,0.004734746,0.242689693,-190203.4675
0.96984631,0.005030521,0.241927133,-190600.4303
0.966790213,0.005342726,0.24121434,-190965.8191
0.963591927,0.005671465,0.240480721,-191239.3143
0.960252427,0.006016901,0.239776118,-191493.112
0.956772729,0.006379257,0.239160339,-191644.8741
0.953153894,0.006758752,0.23844081,-191716.1513
0.949397023,0.007155665,0.237827697,-191923.8875
0.945503262,0.007570335,0.237168581,-192150.342
0.941473796,0.008003097,0.236489424,-192285.5828
0.937309854,0.008454213,0.235829044,-192234.1218
0.933012702,0.008923846,0.235100469,-192332.9074
0.92858365,0.00941215,0.234378027,-192402.7546
0.924024048,0.009919379,0.233641691,-192720.3647
0.919335284,0.010445864,0.233001406,-192680.2071
0.914518786,0.010991966,0.232290441,-192576.3086
0.909576022,0.011558009,0.231460986,-192764.9755
0.904508497,0.012144311,0.230660109,-192818.6688
0.899317755,0.012751181,0.229820833,-192897.2497
0.894005377,0.013378913,0.228976628,-192817.6018
0.888572981,0.014027781,0.228004882,-192741.4866
0.883022222,0.014698048,0.227065511,-192957.2417
0.87735479,0.015389995,0.226029938,-192924.9559
0.871572413,0.016103887,0.224918265,-192978.1915
0.865676851,0.016839998,0.223745713,-193200.8569
0.8596699,0.017598637,0.222551327,-193324.6411
0.853553391,0.018380149,0.221314267,-193271.4759
0.847329185,0.019184884,0.220000495,-193009.5786
0.84099918,0.020013174,0.218508502,-193043.4944
0.834565303,0.020865352,0.216901421,-193470.5514
0.828029514,0.02174176,0.215214984,-193537.5086
0.821393805,0.022642596,0.213376232,-193416.8002
0.814660196,0.023568005,0.211415163,-193596.9322
0.807830738,0.024518096,0.209344525,-193665.7198
0.800907512,0.025493102,0.207139544,-193472.0068
0.793892626,0.026493316,0.204714667,-193495.8569
0.786788218,0.027519007,0.202085074,-193887.2176
0.779596452,0.028570361,0.199251856,-194345.4845
0.772319518,0.029647518,0.196232379,-194477.7381
0.764959632,0.030750539,0.192901602,-194475.3855
0.757519037,0.031879245,0.189237943,-194847.4438
0.75,0.033033221,0.185450455,-195094.248
0.74240481,0.03421244,0.181405526,-194942.6247
0.734735781,0.035418156,0.176716415,-195330.702
0.72699525,0.036652856,0.171066764,-196336.4972
0.719185573,0.03791691,0.164311139,-197373.2551
0.711309131,0.039204262,0.156744045,-198576.0712
0.703368322,0.040505183,0.149077242,-200091.5508
0.695365564,0.041811295,0.141790109,-201950.7533
0.687303297,0.04311858,0.135062139,-203869.8766
0.679183975,0.044424451,0.128993447,-205169.3112
0.671010072,0.04572669,0.123463345,-206049.6947
0.662784077,0.047024966,0.118276824,-207169.0742
0.654508497,0.048319505,0.113298936,-208582.8795
0.646185852,0.04961023,0.108519331,-209877.0071
0.637818678,0.050896356,0.103896259,-210969.4418
0.629409523,0.052176816,0.099363071,-212093.1918
0.620960948,0.053450588,0.09490175,-213316.8269
0.612475527,0.054716629,0.090548321,-214522.8828
0.603955845,0.055973929,0.086350373,-215660.8924
0.595404498,0.057221498,0.082277823,-216725.8517
0.586824089,0.058458499,0.078290139,-217762.0412
0.578217233,0.05968412,0.07438864,-218695.2415
0.56958655,0.060897448,0.07049435,-219740.8806
0.560934672,0.062097372,0.066671372,-221020.2877
0.552264232,0.063282687,0.063010326,-222293.9416
0.543577871,0.064452292,0.059436395,-223440.7762
0.534878237,0.065605255,0.05590184,-224682.9083
0.526167978,0.066740722,0.052470165,-225807.0027
0.517449748,0.067857707,0.049090865,-226787.3719
0.508726203,0.068954939,0.045764844,-227884.863
0.5,0.070031062,0.04255745,-229115.0934
0.491273797,0.071084887,0.039489081,-230345.478
0.482550252,0.072115415,0.036527655,-231577.0518
0.473832022,0.073121703,0.033683157,-232743.5985
0.465121763,0.074102754,0.030967715,-233760.9691
0.456422129,0.075057424,0.028320539,-234849.8365
0.447735768,0.075984558,0.02576129,-236137.5839
0.439065328,0.076882989,0.023368534,-237377.1975
0.43041345,0.077751537,0.021145516,-238417.5026
0.421782767,0.078589055,0.019042695,-239544.0147
0.413175911,0.079394403,0.017115467,-240867.4658
0.404595502,0.080166473,0.015394487,-242107.0859
0.396044155,0.080904205,0.01387025,-243109.2936
0.387524473,0.081606541,0.012532713,-244072.9642
0.379039052,0.0822724,0.011400593,-245250.346
0.370590477,0.082900745,0.010511461,-246581.0698
0.362181322,0.083490576,0.00987695,-247774.429
0.353814148,0.084040851,0.009476665,-248748.6326
0.345491503,0.084550624,0.009349647,-249678.5876
0.337215923,0.085018974,0.009523582,-250637.101
0.328989928,0.085445007,0.010001626,-251574.8942
0.320816025,0.085827927,0.010765954,-252519.2415
0.312696703,0.086166831,0.011849378,-253487.3798
0.304634436,0.086460692,0.013352672,-254363.5757
0.296631678,0.086708592,0.015322604,-255095.328
0.288690869,0.086909734,0.017685003,-255829.7423
0.280814427,0.087063447,0.020403602,-256576.4396
0.27300475,0.087169201,0.023564896,-257116
0.265264219,0.087226406,0.02716016,-257568.3163
0.25759519,0.087234435,0.031196077,-258025.6573
0.25,0.087192784,0.035729382,-258410.4774
0.242480963,0.087100864,0.040789618,-258682.1726
0.235040368,0.086958036,0.046416878,-258770.719
0.227680482,0.086763804,0.052755023,-258722.8095
0.220403548,0.086517855,0.059809823,-258644.9534
0.213211782,0.086220024,0.067409353,-258439.1573
0.206107374,0.085870298,0.07555455,-258047.1991
0.199092488,0.08546838,0.084351795,-257570.0138
0.192169262,0.085013761,0.093877052,-256970.3431
0.185339804,0.084506149,0.104195949,-256072.8534
0.178606195,0.083945505,0.115295651,-254931.242
0.171970486,0.083332032,0.127130744,-253705.2331
0.165434697,0.082666096,0.13972213,-252291.3413
0.15900082,0.081947682,0.153168815,-250613.6464
0.152670815,0.081176586,0.167516533,-248666.796
0.146446609,0.080352874,0.182803753,-246368.7706
0.1403301,0.07947677,0.199057628,-243798.2175
0.134323149,0.078548673,0.216258268,-241070.7721
0.128427587,0.077569202,0.234382823,-238054.1406
0.12264521,0.076538568,0.253505865,-234651.1145
0.116977778,0.075456839,0.273685564,-230917.1345
0.111427019,0.074324457,0.2949589,-226825.5363
0.105994623,0.073141879,0.317365582,-222287.3038
0.100682245,0.071909753,0.34087981,-217335.0993
0.095491503,0.07062902,0.365435701,-212008.5159
0.090423978,0.069300055,0.391095539,-206283.2964
0.085481214,0.067923191,0.4179327,-200063.7677
0.080664716,0.066499155,0.445916696,-193290.174
0.075975952,0.065028421,0.475064616,-186058.6497
0.07141635,0.063511564,0.505393935,-178245.3332
0.066987298,0.06194966,0.536765606,-169896.0873
0.062690146,0.060343192,0.569214167,-160996.4985
0.058526204,0.058692792,0.602708676,-151486.0572
0.054496738,0.056999614,0.637000124,-141481.9538
0.050602977,0.055264154,0.672179017,-130897.6701
0.046846106,0.053487098,0.707977961,-119709.3443
0.043227271,0.051669729,0.744135103,-108078.5968
0.039747573,0.049812355,0.780696545,-95900.40537
0.036408073,0.0479155,0.817242494,-83710.08698
0.033209787,0.045980426,0.853145044,-71890.32683
0.03015369,0.044007546,0.887996122,-59944.09661
0.027240712,0.041997632,0.921292427,-47644.80316
0.024471742,0.039952168,0.952177552,-33803.28925
0.021847622,0.037871326,0.981013192,-22529.99255
0.019369152,0.035755445,1.006000145,-20776.98761
0.017037087,0.033605726,1.02714972,-14154.91984
0.014852137,0.031422698,1.03895241,367.1163551
0.012814968,0.029207055,1.043470851,568.488125
0.0109262,0.02696017,1.040890166,-17675.60062
0.009186408,0.024683084,1.029887162,-51648.05257
0.007596123,0.022376562,1.003018905,-40195.13126
0.00615583,0.020041612,0.964242154,-51205.27523
0.004865966,0.017680375,0.910556136,-75592.45286
0.003726924,0.015294301,0.840841638,-98202.90658
0.002739052,0.012884237,0.754766663,-136072.1762
0.001902651,0.010456897,0.653200964,-180948.8892
0.001217975,0.008021682,0.536569365,-225734.3773
0.000685233,0.005592642,0.407720236,-270607.6663
0.000304586,0.003221795,0.269206822,-305432.0642
7.62E-05,0.00108982,0.133949992,-333077.6321
0,4.36E-07,0.060845028,-346427.7105
0.985147863,0.006098761,0.239370615,-166045.3278
0.982962913,0.006551469,0.237371329,-166879.5978
0.980630848,0.007035259,0.235366156,-167388.9559
0.978152378,0.007550135,0.233283529,-168006.3809
0.975528258,0.008096154,0.231182319,-168566.5736
0.972759288,0.008673397,0.22904404,-168969.6642
0.96984631,0.009281877,0.226739869,-169552.842
0.966790213,0.009921506,0.224461263,-169910.2007
0.963591927,0.010592131,0.22209437,-170382.7515
0.960252427,0.01129372,0.219761438,-170863.0147
0.956772729,0.012026385,0.217380185,-171343.4825
0.953153894,0.012790271,0.214901127,-171733.8511
0.949397023,0.013585444,0.212428444,-171863.9261
0.945503262,0.014411798,0.209774998,-172493.6911
0.941473796,0.015269233,0.207166122,-173156.1965
0.937309854,0.016157622,0.204541683,-173519.9402
0.933012702,0.017077003,0.20186337,-173803.8622
0.92858365,0.018027356,0.199157731,-174196.6335
0.924024048,0.019008733,0.196358893,-174896.8404
0.919335284,0.020021309,0.193600411,-175381.4788
0.914518786,0.02106524,0.190707737,-175527.4246
0.909576022,0.022140601,0.187743949,-175988.1089
0.904508497,0.023247295,0.184667792,-176300.423
0.899317755,0.024385219,0.181546559,-176935.4072
0.894005377,0.025554285,0.17841308,-177288.4482
0.888572981,0.026754524,0.175157918,-177659.71
0.883022222,0.027985963,0.17184582,-178107.6682
0.87735479,0.02924863,0.168448516,-178449.4029
0.871572413,0.030542516,0.16495993,-178717.9627
0.865676851,0.031867629,0.161309287,-179399.4477
0.8596699,0.033224001,0.157641395,-179818.2911
0.853553391,0.034611644,0.153805445,-180065.3524
0.847329185,0.036030606,0.149823039,-180551.2517
0.84099918,0.037480833,0.145713042,-180842.5457
0.834565303,0.03896215,0.141410876,-181063.2112
0.828029514,0.040474383,0.13698921,-181311.7908
0.821393805,0.042017364,0.132379716,-181735.9309
0.814660196,0.043590994,0.12765394,-182095.907
0.807830738,0.045195176,0.122707282,-182384.6724
0.800907512,0.046829806,0.117517028,-182750.0577
0.793892626,0.048494819,0.112062737,-183264.0055
0.786788218,0.050190151,0.106382856,-183597.325
0.779596452,0.051915706,0.100359852,-183883.6298
0.772319518,0.053671326,0.093943765,-184535.8478
0.764959632,0.055456801,0.08716495,-185096.1753
0.757519037,0.057271188,0.079926539,-185526.9726
0.75,0.059113042,0.072418351,-185978.2586
0.74240481,0.06098115,0.06458791,-186467.6625
0.734735781,0.062877738,0.056001568,-187423.1739
0.72699525,0.064806952,0.04584089,-188724.7102
0.719185573,0.066770385,0.033574011,-190397.2882
0.711309131,0.068756073,0.020173138,-192824.4422
0.703368322,0.070744779,0.00737154,-195546.4152
0.695365564,0.072722217,-0.003845454,-197932.9509
0.687303297,0.074686302,-0.01368027,-200030.774
0.679183975,0.076641358,-0.02280777,-201996.8197
0.671010072,0.078589683,-0.03169372,-203845.3317
0.662784077,0.080531346,-0.040509855,-205677.2319
0.654508497,0.082465255,-0.04925488,-207455.8561
0.646185852,0.084390427,-0.057987829,-209292.554
0.637818678,0.086305478,-0.066767185,-211397.9188
0.629409523,0.088208936,-0.075468903,-213323.4074
0.620960948,0.09009933,-0.084100342,-215029.7588
0.612475527,0.091975115,-0.092717379,-216796.3122
0.603955845,0.093834723,-0.101319496,-218674.1999
0.595404498,0.09567667,-0.109882494,-220608.0941
0.586824089,0.097499579,-0.118395795,-222702.6756
0.578217233,0.099302111,-0.126922061,-224843.2823
0.56958655,0.101082836,-0.135429567,-226824.9975
0.560934672,0.10284008,-0.143897799,-228607.7223
0.552264232,0.104572091,-0.152362193,-230458.0643
0.543577871,0.106277225,-0.160816046,-232540.9915
0.534878237,0.107953979,-0.1692113,-234669.5681
0.526167978,0.109600886,-0.177624173,-236846.9847
0.517449748,0.111216379,-0.186015054,-239116.9652
0.508726203,0.112798628,-0.194304568,-241187.4319
0.5,0.114345746,-0.202500526,-243051.5905
0.491273797,0.115856033,-0.21065255,-245087.759
0.482550252,0.117328019,-0.218745616,-247455.3836
0.473832022,0.118760309,-0.226769914,-249963.0652
0.465121763,0.120151287,-0.234725338,-252358.8411
0.456422129,0.121499082,-0.24258439,-254620.6454
0.447735768,0.122801787,-0.250293656,-256860.8187
0.439065328,0.124057645,-0.25782216,-259113.7015
0.43041345,0.125265037,-0.265193715,-261333.2407
0.421782767,0.126422467,-0.272390176,-263558.3491
0.413175911,0.127528319,-0.279370556,-265793.2958
0.404595502,0.128580894,-0.286129447,-268119.9119
0.396044155,0.129578539,-0.292648848,-270530.35
0.387524473,0.130519687,-0.298849544,-272764.1745
0.379039052,0.131402806,-0.304762919,-274953.6136
0.370590477,0.132226495,-0.31040876,-277293.5985
0.362181322,0.132989249,-0.315717782,-279597.7584
0.353814148,0.133689491,-0.320605019,-281621.1257
0.345491503,0.13432575,-0.325038255,-283507.0111
0.337215923,0.134896674,-0.328980384,-285494.1075
0.328989928,0.135400974,-0.332403092,-287450.1244
0.320816025,0.13583751,-0.335225517,-289328.1834
0.312696703,0.136205033,-0.337421362,-291143.2813
0.304634436,0.13650223,-0.339074708,-292820.4994
0.296631678,0.136727975,-0.340205185,-294302.25
0.288690869,0.136881189,-0.340576477,-295693.0699
0.280814427,0.136960932,-0.340182793,-296849.5645
0.27300475,0.136966361,-0.339089326,-297861.7
0.265264219,0.1368966,-0.337201351,-298846.1711
0.25759519,0.136750782,-0.334382405,-299649.2972
0.25,0.136528178,-0.33061892,-300067.3585
0.242480963,0.136228187,-0.325851802,-300193.3499
0.235040368,0.135850293,-0.319896813,-300115.0144
0.227680482,0.135394137,-0.31284855,-299773.4435
0.220403548,0.134859122,-0.304830991,-299182.084
0.213211782,0.134244665,-0.295685211,-298367.0364
0.206107374,0.133550449,-0.285222079,-297167.4492
0.199092488,0.132776366,-0.273455699,-295450.1918
0.192169262,0.13192256,-0.260459875,-293417.8591
0.185339804,0.130989307,-0.246244272,-291236.9821
0.178606195,0.12997652,-0.230687473,-288623.351
0.171970486,0.128884138,-0.213759823,-285393.9886
0.165434697,0.127712324,-0.19535428,-281657.6416
0.15900082,0.126461193,-0.175358342,-277439.8185
0.152670815,0.125131077,-0.153817229,-272772.9526
0.146446609,0.123722492,-0.130705817,-267640.0465
0.1403301,0.122236002,-0.10599889,-261967.1946
0.134323149,0.120672404,-0.079779407,-255774.3624
0.128427587,0.119032525,-0.052052374,-249037.2975
0.12264521,0.11731683,-0.022744354,-241724.5382
0.116977778,0.11552586,0.008189102,-233791.2256
0.111427019,0.113660428,0.040731065,-225267.7762
0.105994623,0.111721412,0.074857902,-216236.5094
0.100682245,0.109709927,0.110501088,-206663.783
0.095491503,0.107627179,0.147598872,-196500.3786
0.090423978,0.105473903,0.186141607,-185759.0318
0.085481214,0.103251065,0.226091013,-174507.4249
0.080664716,0.100959814,0.267380062,-162731.8253
0.075975952,0.098601189,0.309916267,-150465.1232
0.07141635,0.096176503,0.353548982,-137829.1095
0.066987298,0.093687161,0.398141725,-124877.3688
0.062690146,0.091134171,0.443598161,-111581.436
0.058526204,0.088518832,0.489715695,-98077.04421
0.054496738,0.085842499,0.536155098,-84488.14269
0.050602977,0.083106312,0.582867517,-70887.81823
0.046846106,0.080311649,0.62953063,-57417.2965
0.043227271,0.077459922,0.675820616,-44217.47785
0.039747573,0.074552292,0.721438121,-31443.74216
0.036408073,0.071590079,0.766042476,-19306.5253
0.033209787,0.068574679,0.809131375,-8047.897079
0.03015369,0.065507324,0.850224077,2166.983418
0.027240712,0.062389294,0.888751572,11167.49646
0.024471742,0.059222001,0.924283971,18617.44983
0.021847622,0.05600687,0.956275613,23564.59873
0.019369152,0.052745176,0.984412989,24470.80014
0.017037087,0.049438327,1.009392985,85563.97175
0.014852137,0.046087921,1.028265492,79213.40179
0.012814968,0.042695046,1.039433466,55948.25155
0.0109262,0.039261239,1.044440679,20457.2833
0.009186408,0.035789177,1.043555602,-36907.93584
0.007596123,0.032280834,1.036713403,-90252.67021
0.00615583,0.028738858,1.020686129,-159452.3656
0.004865966,0.025168141,0.996008534,-72153.4529
0.003726924,0.021573319,0.964139833,-92509.38114
0.002739052,0.017961757,0.924269696,-114383.1507
0.001902651,0.014349087,0.876528003,-133270.6094
0.001217975,0.010760086,0.821527469,-149386.624
0.000685233,0.0072458,0.760689829,-176786.4755
0.000304586,0.003938275,0.697282624,-195346.8393
7.62E-05,0.001203436,0.64022799,-209705.8927
0,-2.38E-07,0.613745064,-216120.2281
0.985147863,0.001073127,0.189744772,-208880.3503
0.982962913,0.001078201,0.190313852,-209541.6935
0.980630848,0.001083889,0.190864031,-209896.5442
0.978152378,0.001090165,0.191491845,-210289.1839
0.975528258,0.001096911,0.192136257,-210580.4255
0.972759288,0.001103993,0.192917939,-210767.4151
0.96984631,0.001111479,0.193711132,-211152.9324
0.966790213,0.00111957,0.194641143,-211434.8362
0.963591927,0.001128493,0.195568948,-211322.5493
0.960252427,0.001138312,0.196441244,-211632.7416
0.956772729,0.001149001,0.197520041,-211361.8142
0.953153894,0.001160525,0.198428728,-211602.9302
0.949397023,0.001172935,0.19953048,-211981.2511
0.945503262,0.001186331,0.200661612,-211725.3633
0.941473796,0.001200819,0.201843087,-211716.695
0.937309854,0.00121649,0.203026301,-211701.0696
0.933012702,0.001233427,0.20423504,-212173.1803
0.92858365,0.00125171,0.20555971,-211997.9101
0.924024048,0.001271364,0.206868971,-211583.7668
0.919335284,0.001292378,0.208143646,-211562.2389
0.914518786,0.001314746,0.209561811,-211791.9603
0.909576022,0.001338588,0.211045984,-211730.9013
0.904508497,0.001364104,0.212574819,-211411.5189
0.899317755,0.0013915,0.214122097,-211241.4705
0.894005377,0.001420912,0.215621299,-211412.7639
0.888572981,0.001452436,0.217169421,-211511.5663
0.883022222,0.001486167,0.218774315,-211215.9078
0.87735479,0.00152218,0.220399771,-210783.1861
0.871572413,0.001560537,0.221975415,-210779.1268
0.865676851,0.001601299,0.223643603,-210823.5107
0.8596699,0.001644556,0.225359985,-210587.8599
0.853553391,0.001690409,0.227017073,-210776.8383
0.847329185,0.001738971,0.228776763,-210818.4551
0.84099918,0.001790409,0.230598817,-210321.9674
0.834565303,0.001844926,0.232361893,-209947.8008
0.828029514,0.001902723,0.234104979,-209706.6906
0.821393805,0.001963839,0.235839692,-209821.2662
0.814660196,0.002028224,0.237654289,-209815.0379
0.807830738,0.002095841,0.239509944,-209583.5014
0.800907512,0.002166818,0.241376202,-209453.4661
0.793892626,0.002241395,0.243196616,-209476.3453
0.786788218,0.002319801,0.245064513,-209275.8121
0.779596452,0.002402118,0.246905496,-209047.6143
0.772319518,0.002488337,0.248766515,-209100.5467
0.764959632,0.002578445,0.250694294,-208923.3054
0.757519037,0.002672455,0.252528958,-208667.8727
0.75,0.002770392,0.254374075,-208674.1523
0.74240481,0.002872281,0.256313555,-208608.53
0.734735781,0.002978243,0.258271183,-208478.6275
0.72699525,0.003088443,0.260223989,-208306.8666
0.719185573,0.003203027,0.262119181,-208071.2309
0.711309131,0.003321889,0.263994474,-207914.7981
0.703368322,0.003444781,0.26589747,-207923.046
0.695365564,0.003571476,0.267820242,-208121.1153
0.687303297,0.003702003,0.269799299,-208275.9794
0.679183975,0.003836553,0.271821586,-208100.1225
0.671010072,0.003975264,0.27380288,-207733.8438
0.662784077,0.004118056,0.275745018,-207526.889
0.654508497,0.004264674,0.277705463,-207513.6901
0.646185852,0.004414895,0.279673722,-207592.7571
0.637818678,0.004568565,0.281650844,-207745.4267
0.629409523,0.004725594,0.283681841,-207730.0544
0.620960948,0.00488587,0.285721942,-207615.3745
0.612475527,0.005049179,0.287786605,-207524.6718
0.603955845,0.005215253,0.289889126,-207313.3765
0.595404498,0.00538383,0.291984542,-207225.4738
0.586824089,0.00555472,0.294082148,-207381.4257
0.578217233,0.00572779,0.296217902,-207530.2939
0.56958655,0.005902842,0.29839764,-207402.4689
0.560934672,0.006079503,0.300606151,-207036.3782
0.552264232,0.006257261,0.302825373,-206819.0242
0.543577871,0.00643565,0.305122281,-206960.2212
0.534878237,0.00661446,0.307484878,-207218.4388
0.526167978,0.006793607,0.309875816,-207339.6885
0.517449748,0.006972915,0.312315957,-207263.341
0.508726203,0.007151886,0.314793864,-207177.4071
0.5,0.007329789,0.317315027,-207157.4177
0.491273797,0.007505989,0.319951622,-207050.4041
0.482550252,0.007680085,0.322680943,-206958.6979
0.473832022,0.007851815,0.325474543,-206988.8915
0.465121763,0.008020886,0.328350578,-207053.0515
0.456422129,0.008186862,0.33133572,-207024.3756
0.447735768,0.008349262,0.334407542,-206898.9418
0.439065328,0.008507556,0.337556619,-206820.8599
0.43041345,0.008661085,0.340823634,-206871.2899
0.421782767,0.008809103,0.344253525,-206916.1451
0.413175911,0.008950958,0.347874781,-206832.988
0.404595502,0.009086293,0.351674313,-206708.4464
0.396044155,0.009214888,0.355612515,-206631.927
0.387524473,0.009336382,0.359691261,-206543.4229
0.379039052,0.009449905,0.363964766,-206429.3733
0.370590477,0.009554306,0.368536971,-206245.8745
0.362181322,0.009648894,0.373459488,-205990.4548
0.353814148,0.009733825,0.378658123,-205827.1756
0.345491503,0.009809847,0.384039424,-205799.2958
0.337215923,0.009876709,0.389647577,-205693.8551
0.328989928,0.009931013,0.395831309,-205373.428
0.320816025,0.009968422,0.403315766,-204542.2226
0.312696703,0.009987693,0.412282066,-203169.6187
0.304634436,0.009999528,0.421951912,-201626.2392
0.296631678,0.010017517,0.431520942,-200018.4104
0.288690869,0.010052953,0.440430206,-198506.9272
0.280814427,0.010111778,0.448362522,-197335.47
0.27300475,0.010198315,0.455155946,-196496.4628
0.265264219,0.01031434,0.460903163,-195822.2598
0.25759519,0.01045729,0.465961194,-195218.0702
0.25,0.010623448,0.470626767,-194736.5724
0.242480963,0.010810223,0.475084733,-194390.7668
0.235040368,0.011016091,0.47936389,-194104.3386
0.227680482,0.011239788,0.483422249,-193923.0118
0.220403548,0.011479493,0.487306705,-193802.9121
0.213211782,0.011732921,0.491085765,-193611.0527
0.206107374,0.011997825,0.49481998,-193452.8303
0.199092488,0.01227218,0.498552243,-193476.3728
0.192169262,0.012554135,0.502319204,-193548.8331
0.185339804,0.012841905,0.506130503,-193481.2563
0.178606195,0.013133496,0.509993338,-193474.3505
0.171970486,0.013426844,0.513962241,-193590.3831
0.165434697,0.013720002,0.51807511,-193694.7808
0.15900082,0.014011023,0.522372959,-193689.8984
0.152670815,0.014298044,0.526849749,-193776.495
0.146446609,0.014579272,0.531553635,-194013.256
0.1403301,0.014852652,0.536534783,-194133.5292
0.134323149,0.015116219,0.541831201,-194145.1863
0.128427587,0.015368181,0.54748489,-194146.2685
0.12264521,0.015606796,0.553523006,-194176.9105
0.116977778,0.015830544,0.559963685,-194184.1401
0.111427019,0.016037816,0.566822135,-194149.1559
0.105994623,0.016226619,0.574188502,-194065.8774
0.100682245,0.016395224,0.582111277,-193960.5584
0.095491503,0.016541972,0.590655148,-193706.3666
0.090423978,0.016665152,0.599874587,-193268.9446
0.085481214,0.016763417,0.609800065,-192747.1689
0.080664716,0.016835307,0.620567159,-192089.886
0.075975952,0.016879212,0.632111589,-191297.8069
0.07141635,0.016893989,0.64450919,-190279.6731
0.066987298,0.016878248,0.65785279,-188986.3127
0.062690146,0.016830532,0.672257704,-187453.2471
0.058526204,0.01674995,0.687875478,-185603.6777
0.054496738,0.016635046,0.704617573,-183398.738
0.050602977,0.016484331,0.722584673,-180757.9758
0.046846106,0.016297078,0.74185925,-177509.4529
0.043227271,0.016071943,0.762431589,-173635.0139
0.039747573,0.015807828,0.784588317,-169106.2434
0.036408073,0.015504538,0.807851002,-164294.48
0.033209787,0.015160548,0.832615216,-159084.8239
0.03015369,0.01477478,0.858761769,-151748.3037
0.027240712,0.014347374,0.88573169,-142407.0606
0.024471742,0.013876922,0.913589586,-129941.1853
0.021847622,0.013362959,0.941575745,-112650.4612
0.019369152,0.012806418,0.969489587,-91786.41975
0.017037087,0.012205263,0.996012781,-76871.66584
0.014852137,0.011558914,1.021375944,-188764.1067
0.012814968,0.01086898,1.034659032,-106081.1961
0.0109262,0.010133664,1.041436848,-36017.03167
0.009186408,0.009353421,1.041975437,56470.26613
0.007596123,0.008531646,1.01872442,25600.17056
0.00615583,0.00766697,0.971797927,28318.36417
0.004865966,0.006760336,0.891869485,24349.83247
0.003726924,0.0058177,0.770116184,10364.0557
0.002739052,0.004844007,0.598570081,-19908.5939
0.001902651,0.003845534,0.373946494,-68652.21026
0.001217975,0.002835554,0.102742188,-132735.2962
0.000685233,0.001849501,-0.198100501,-210141.4249
0.000304586,0.000953965,-0.512269305,-284678.4452
7.62E-05,0.000268915,-0.793077563,-328215.6202
0,6.06E-06,-0.894784346,-351301.9498
0.985147863,0.003757871,0.228453276,-186870.7655
0.982962913,0.004006006,0.226022227,-187921.8482
0.980630848,0.004270386,0.223552786,-188966.541
0.978152378,0.004550876,0.221143837,-190023.7363
0.975528258,0.004847295,0.218699045,-190878.2043
0.972759288,0.005159485,0.2163327,-191690.1497
0.96984631,0.005487218,0.213867793,-192541.861
0.966790213,0.005830222,0.211550616,-193256.1285
0.963591927,0.006188221,0.209223604,-194033.9891
0.960252427,0.006561003,0.206981091,-194808.29
0.956772729,0.006948423,0.204837459,-195366.4182
0.953153894,0.007350355,0.202657725,-196203.5003
0.949397023,0.00776664,0.200563721,-196879.2972
0.945503262,0.00819709,0.198544542,-197054.0144
0.941473796,0.008641505,0.196409329,-197876.3648
0.937309854,0.009099606,0.19438682,-198464.6659
0.933012702,0.009571033,0.192418839,-199110.7654
0.92858365,0.010055414,0.190587715,-199702.0046
0.924024048,0.010552463,0.188795298,-199936.6204
0.919335284,0.011062018,0.186947122,-200839.1612
0.914518786,0.011583909,0.185377837,-201232.3071
0.909576022,0.012117981,0.183717102,-201267.0858
0.904508497,0.012664043,0.182079639,-202085.9088
0.899317755,0.01322193,0.180492441,-202624.4518
0.894005377,0.013791351,0.178962911,-203065.9797
0.888572981,0.014371922,0.177444814,-203702.9652
0.883022222,0.014963234,0.176052759,-203940.3925
0.87735479,0.015565024,0.174675769,-204173.1796
0.871572413,0.016177167,0.173331798,-204727.6698
0.865676851,0.016799544,0.17209075,-205417.2415
0.8596699,0.017431951,0.170838631,-205644.9478
0.853553391,0.018074051,0.169572196,-205964.3677
0.847329185,0.018725486,0.168348304,-206608.3389
0.84099918,0.019385973,0.167230273,-206812.5435
0.834565303,0.020055282,0.166135488,-206996.7338
0.828029514,0.02073319,0.165039966,-207389.2097
0.821393805,0.021419456,0.163959113,-207774.0183
0.814660196,0.022113836,0.162890805,-208185.4818
0.807830738,0.022816067,0.161818672,-208713.5205
0.800907512,0.023525807,0.160823006,-209153.1283
0.793892626,0.02424262,0.159852555,-209507.2063
0.786788218,0.024966055,0.158883789,-209823.6754
0.779596452,0.02569582,0.158009353,-209872.3052
0.772319518,0.026431833,0.157085154,-210233.1157
0.764959632,0.027174,0.156152605,-210830.0478
0.757519037,0.027922037,0.155228938,-211322.5731
0.75,0.028675414,0.154311492,-211658.8016
0.74240481,0.029433585,0.153420075,-211710.0234
0.734735781,0.030196076,0.152483332,-211943.9552
0.72699525,0.030962498,0.151568946,-212510.2509
0.719185573,0.031732475,0.150729472,-213080.7256
0.711309131,0.03250564,0.149904175,-213521.7212
0.703368322,0.033281645,0.149020095,-213800.0975
0.695365564,0.034060138,0.148099369,-213991.5407
0.687303297,0.034840621,0.147200025,-214419.6389
0.679183975,0.03562247,0.146316839,-215061.1692
0.671010072,0.036405027,0.145450585,-215416.1156
0.662784077,0.037187756,0.144609239,-215453.4402
0.654508497,0.037970217,0.143730073,-215757.4927
0.646185852,0.038751963,0.14281505,-216511.778
0.637818678,0.039532394,0.141928924,-217289.3467
0.629409523,0.040310726,0.141077135,-217740.5643
0.620960948,0.041086189,0.140255223,-217891.9972
0.612475527,0.041858119,0.139417641,-218169.7942
0.603955845,0.042625985,0.138568725,-218788.9039
0.595404498,0.043389263,0.137737163,-219519.2719
0.586824089,0.044147179,0.136912211,-220132.7872
0.578217233,0.044898792,0.136118608,-220466.0909
0.56958655,0.045643156,0.135349163,-220713.9788
0.560934672,0.046379427,0.1345607,-221304.697
0.552264232,0.047106891,0.133842495,-222052.958
0.543577871,0.047824812,0.133208425,-222571.7206
0.534878237,0.048532307,0.132579381,-223004.6908
0.526167978,0.049228417,0.131957661,-223517.7199
0.517449748,0.04991217,0.131395336,-224186.9405
0.508726203,0.050582596,0.130920653,-224985.2176
0.5,0.051238749,0.130536905,-225698.76
0.491273797,0.051879674,0.130232642,-226154.3698
0.482550252,0.052504355,0.130009003,-226536.4669
0.473832022,0.053111755,0.129860765,-227143.2428
0.465121763,0.053700847,0.129824738,-227920.9644
0.456422129,0.054270619,0.129930261,-228614.4579
0.447735768,0.054820088,0.130168532,-229166.5891
0.439065328,0.055348274,0.130550783,-229741.3419
0.43041345,0.055854063,0.131080035,-230459.2406
0.421782767,0.056336286,0.131797437,-231203.0536
0.413175911,0.056793822,0.13274686,-231764.278
0.404595502,0.057225622,0.133923956,-232181.9922
0.396044155,0.057630712,0.135306885,-232679.8602
0.387524473,0.058008103,0.136922261,-233298.6071
0.379039052,0.058356524,0.138843352,-233880.6118
0.370590477,0.05867459,0.141182632,-234344.2
0.362181322,0.058961193,0.143994764,-234722.9529
0.353814148,0.059215879,0.147192207,-235198.9532
0.345491503,0.059438791,0.150708242,-235840.1623
0.337215923,0.059629126,0.154661586,-236396.9564
0.328989928,0.059783675,0.159471368,-236525.4141
0.320816025,0.059898145,0.165862197,-236113.9803
0.312696703,0.059971004,0.174066731,-235185.8907
0.304634436,0.060011152,0.183344502,-234012.6052
0.296631678,0.060030583,0.192663273,-232907.8426
0.288690869,0.060038795,0.201294999,-231936.3284
0.280814427,0.060041458,0.208813704,-231107.62
0.27300475,0.060042271,0.214984341,-230576.1272
0.265264219,0.060042335,0.219930347,-230388.2381
0.25759519,0.060038023,0.224110509,-230358.7502
0.25,0.060025622,0.227879637,-230434.3433
0.242480963,0.060002391,0.23147545,-230658.966
0.235040368,0.059966438,0.234998401,-230875.5714
0.227680482,0.059915977,0.238446062,-231048.2191
0.220403548,0.059848906,0.241874006,-231314.3357
0.213211782,0.059763176,0.245382577,-231630.0542
0.206107374,0.059656753,0.249023699,-231911.8883
0.199092488,0.059527479,0.252851898,-232177.0252
0.192169262,0.05937334,0.256921501,-232422.916
0.185339804,0.059192483,0.261291908,-232667.5961
0.178606195,0.058983201,0.266004508,-232890.9233
0.171970486,0.058743993,0.271080403,-233059.8215
0.165434697,0.058473128,0.276589306,-233216.4687
0.15900082,0.058168879,0.282604472,-233254.4005
0.152670815,0.057829733,0.289174742,-233053.2011
0.146446609,0.057454046,0.296331809,-232797.5899
0.1403301,0.057040389,0.304168105,-232535.3223
0.134323149,0.056587554,0.312755233,-232015.108
0.128427587,0.056094319,0.322104593,-231192.2211
0.12264521,0.055559787,0.332233625,-230211.446
0.116977778,0.054982918,0.343233495,-229094.8672
0.111427019,0.054362331,0.355206817,-227672.4021
0.105994623,0.053697095,0.368195965,-225881.4064
0.100682245,0.05298616,0.38228741,-223781.3421
0.095491503,0.052228581,0.397550128,-221367.0062
0.090423978,0.051423846,0.4140372,-218488.7904
0.085481214,0.050571122,0.431821375,-215117.6557
0.080664716,0.049669803,0.450931286,-211301.3968
0.075975952,0.048719641,0.471397004,-206955.5897
0.07141635,0.04771971,0.493362514,-201974.2635
0.066987298,0.046669564,0.516837858,-196364.8389
0.062690146,0.045568992,0.541861473,-190035.535
0.058526204,0.044417303,0.56849876,-182937.8316
0.054496738,0.043214511,0.596715809,-175043.382
0.050602977,0.04196064,0.62643633,-166284.0639
0.046846106,0.040655107,0.657781095,-156526.6912
0.043227271,0.039298271,0.690415077,-145803.9069
0.039747573,0.037890305,0.724283907,-134129.375
0.036408073,0.036430905,0.75949184,-121508.7772
0.033209787,0.034920872,0.795263839,-108892.1665
0.03015369,0.033360661,0.831330489,-96457.6587
0.027240712,0.031750403,0.867112381,-83593.73089
0.024471742,0.0300914,0.901522871,-66860.48845
0.021847622,0.028384723,0.935098961,-49802.69305
0.019369152,0.026631287,0.966808646,-35528.93194
0.017037087,0.024833168,0.993990541,-23359.33398
0.014852137,0.022992805,1.021519883,-37060.85511
0.012814968,0.021112851,1.036753751,-11191.93782
0.0109262,0.019197012,1.042829771,-333.1631562
0.009186408,0.017250731,1.042718157,-11496.33749
0.007596123,0.015281017,1.037287077,-37733.08208
0.00615583,0.013296304,1.019092757,-86331.63626
0.004865966,0.011309151,0.985282255,-42521.343
0.003726924,0.009338402,0.944766972,-63757.88667
0.002739052,0.007408431,0.893613681,-86855.15301
0.001902651,0.005553429,0.835083029,-113533.6192
0.001217975,0.003826986,0.773858477,-142856.4484
0.000685233,0.002304282,0.713512567,-167678.2656
0.000304586,0.001084036,0.660899283,-184865.8879
7.62E-05,0.000281697,0.624352474,-196473.9033
0,1.14E-11,0.611161222,-200963.2255
0.985147863,0.00637581,0.202810865,-166906.3798
0.982962913,0.006861823,0.199123458,-168133.4427
0.980630848,0.007379353,0.195417952,-169396.2947
0.978152378,0.007927966,0.191661338,-170632.7041
0.975528258,0.008507462,0.187942544,-171818.6422
0.972759288,0.0091177,0.184124337,-172688.1426
0.96984631,0.009758357,0.180162299,-173973.7268
0.966790213,0.010428868,0.176159119,-175098.6492
0.963591927,0.011128645,0.172198371,-176154.3662
0.960252427,0.011857193,0.16822647,-177167.0032
0.956772729,0.012614193,0.164277682,-178214.0358
0.953153894,0.013399336,0.160208508,-179094.6341
0.949397023,0.01421217,0.15609111,-180204.3355
0.945503262,0.01505204,0.152013345,-181152.1505
0.941473796,0.015918198,0.147963475,-182178.5139
0.937309854,0.016810065,0.143926581,-182935.8644
0.933012702,0.017727244,0.139894068,-184089.1084
0.92858365,0.018669419,0.135907331,-185171.7256
0.924024048,0.019636161,0.13186528,-186051.894
0.919335284,0.020626918,0.127884237,-186747.9104
0.914518786,0.021641122,0.123775438,-187878.6997
0.909576022,0.02267814,0.11974769,-188771.9982
0.904508497,0.02373728,0.115731369,-189502.2157
0.899317755,0.024817848,0.11176177,-190538.6902
0.894005377,0.025919212,0.107845826,-191342.841
0.888572981,0.027040936,0.103951015,-191895.785
0.883022222,0.02818263,0.099996479,-193042.4357
0.87735479,0.029343788,0.096086443,-194180.9012
0.871572413,0.030523767,0.092157002,-194824.6965
0.865676851,0.03172186,0.088283357,-195458.6494
0.8596699,0.032937414,0.084378622,-196517.6788
0.853553391,0.034169814,0.080500483,-197377.6275
0.847329185,0.035418465,0.07662382,-197938.9959
0.84099918,0.036682726,0.072738082,-198768.7901
0.834565303,0.037962003,0.068862059,-199905.6491
0.828029514,0.039255651,0.065067874,-200526.6286
0.821393805,0.040563031,0.06120319,-200978.8565
0.814660196,0.041883548,0.057294033,-201823.1599
0.807830738,0.043216582,0.053439031,-202861.5957
0.800907512,0.044561476,0.049578563,-203883.0205
0.793892626,0.045917497,0.045660439,-204790.3284
0.786788218,0.047283892,0.04177801,-205487.3194
0.779596452,0.048659955,0.037868927,-206035.0923
0.772319518,0.050045018,0.033889807,-207072.7027
0.764959632,0.051438457,0.029923727,-208283.6178
0.757519037,0.052839575,0.025944533,-208912.9433
0.75,0.054247533,0.021938756,-209362.0746
0.74240481,0.05566148,0.017889055,-210274.9252
0.734735781,0.057080595,0.013786358,-211495.1948
0.72699525,0.058504073,0.009668131,-212439.2099
0.719185573,0.059931148,0.005527259,-213117.5435
0.711309131,0.06136103,0.001361976,-213888.1536
0.703368322,0.062792883,-0.002850771,-214782.0203
0.695365564,0.064225859,-0.007182913,-215800.8959
0.687303297,0.065659039,-0.011586164,-217011.7868
0.679183975,0.067091403,-0.01596637,-218210.9702
0.671010072,0.068521882,-0.020379865,-219194.3635
0.662784077,0.069949446,-0.024819706,-219854.742
0.654508497,0.071373082,-0.02934584,-220640.2058
0.646185852,0.072791834,-0.033963196,-221872.7796
0.637818678,0.07420463,-0.03861832,-223262.6708
0.629409523,0.075610296,-0.043296819,-224428.618
0.620960948,0.077007649,-0.048017625,-225334.8158
0.612475527,0.078395511,-0.052788975,-226241.9891
0.603955845,0.079772704,-0.057635491,-227571.4047
0.595404498,0.081138073,-0.062499472,-229119.1819
0.586824089,0.082490367,-0.067375569,-230326.4198
0.578217233,0.083828245,-0.072329863,-231280.086
0.56958655,0.085150357,-0.077379033,-232518.8619
0.560934672,0.086455341,-0.082432004,-234124.3329
0.552264232,0.087741786,-0.087414457,-235560.2442
0.543577871,0.089008328,-0.092425267,-236752.323
0.534878237,0.090253475,-0.097511009,-238094.4044
0.526167978,0.091475656,-0.102617551,-239590.5644
0.517449748,0.092673321,-0.107665558,-240971.3077
0.508726203,0.093844986,-0.112643614,-242290.7116
0.5,0.094989239,-0.117619092,-243856.7098
0.491273797,0.096104705,-0.12258499,-245459.7935
0.482550252,0.097189765,-0.127506373,-246988.2334
0.473832022,0.098242617,-0.132363608,-248552.8931
0.465121763,0.099261474,-0.137128501,-250230.3744
0.456422129,0.100244698,-0.141739533,-251907.2664
0.447735768,0.101190764,-0.146196045,-253533.6994
0.439065328,0.102098197,-0.150524567,-255121.0084
0.43041345,0.102965363,-0.154709075,-256720.1765
0.421782767,0.10379051,-0.158696069,-258363.4678
0.413175911,0.104571958,-0.162443846,-260023.2725
0.404595502,0.105308013,-0.165915944,-261666.3875
0.396044155,0.10599703,-0.169090558,-263200.6711
0.387524473,0.106637405,-0.171949023,-264647.1572
0.379039052,0.107227531,-0.17443914,-266128.4038
0.370590477,0.107765829,-0.176455566,-267687.4589
0.362181322,0.108250861,-0.177909771,-269218.9765
0.353814148,0.108681339,-0.178905301,-270731.353
0.345491503,0.109056301,-0.179388482,-272114.7782
0.337215923,0.109374232,-0.179145889,-273307.1571
0.328989928,0.109632101,-0.177815904,-274371.6642
0.320816025,0.109825986,-0.174716679,-275106.2547
0.312696703,0.109954445,-0.169483046,-275176.3097
0.304634436,0.110023374,-0.162884183,-274819.5622
0.296631678,0.110041899,-0.156078917,-274447.4148
0.288690869,0.110016859,-0.149903232,-274196.1211
0.280814427,0.109951809,-0.144869656,-274080.2508
0.27300475,0.109849155,-0.141173355,-274274.9832
0.265264219,0.109707723,-0.138525184,-274786.7686
0.25759519,0.109523535,-0.136332527,-275387.7349
0.25,0.109292595,-0.134028028,-275864.2542
0.242480963,0.109012327,-0.131382822,-276191.1287
0.235040368,0.108680899,-0.128481492,-276459.8093
0.227680482,0.108296268,-0.125275868,-276718.4193
0.220403548,0.107855985,-0.121512251,-276903.0638
0.213211782,0.107357853,-0.117037631,-276955.7297
0.206107374,0.106800117,-0.111769805,-276762.5872
0.199092488,0.106181461,-0.105686247,-276303.9047
0.192169262,0.105500571,-0.098753279,-275676.3534
0.185339804,0.104755852,-0.090840414,-274867.7235
0.178606195,0.103945861,-0.0818119,-273721.1634
0.171970486,0.103069488,-0.071587683,-272147.8476
0.165434697,0.102125914,-0.060147622,-270148.1366
0.15900082,0.101114578,-0.047473406,-267769.3318
0.152670815,0.100034815,-0.033461844,-265069.3554
0.146446609,0.098886148,-0.018023598,-262009.1036
0.1403301,0.097668217,-0.001107103,-258410.1188
0.134323149,0.096380674,0.017307104,-254208.1982
0.128427587,0.095023412,0.037244347,-249504.0169
0.12264521,0.09359643,0.05876695,-244314.6248
0.116977778,0.092099842,0.081889244,-238539.8626
0.111427019,0.090533973,0.106597769,-232148.1067
0.105994623,0.088898987,0.132940198,-225183.1029
0.100682245,0.087195161,0.160942941,-217626.5547
0.095491503,0.085423029,0.190601469,-209432.2796
0.090423978,0.0835831,0.221902584,-200582.5161
0.085481214,0.081676214,0.254771894,-191085.1999
0.080664716,0.079703072,0.289170414,-180994.6685
0.075975952,0.07766407,0.32511747,-170272.6415
0.07141635,0.075560005,0.362553246,-158908.2928
0.066987298,0.073391772,0.401376684,-146984.8265
0.062690146,0.071160427,0.441457298,-134550.0718
0.058526204,0.068867402,0.482610827,-121689.7098
0.054496738,0.066513774,0.524694293,-108469.6634
0.050602977,0.064100703,0.567508299,-94963.35233
0.046846106,0.061629729,0.610675341,-81310.00628
0.043227271,0.059102439,0.654064848,-67655.79581
0.039747573,0.056520698,0.697342582,-54136.66419
0.036408073,0.053886631,0.740103046,-40953.75869
0.033209787,0.051202223,0.781971703,-28340.9563
0.03015369,0.048469697,0.822455506,-16535.25026
0.027240712,0.045691812,0.860974764,-5733.388049
0.024471742,0.042872184,0.897001243,3886.305323
0.021847622,0.040014871,0.930182969,11834.76876
0.019369152,0.037124575,0.96035465,18335.9249
0.017037087,0.034207133,0.986573432,25165.94069
0.014852137,0.031269108,1.010310582,78876.82844
0.012814968,0.028318266,1.029708024,72850.99771
0.0109262,0.025365323,1.039142398,56959.03299
0.009186408,0.022423201,1.044198843,30440.48467
0.007596123,0.019507263,1.045018453,-16237.19847
0.00615583,0.016637988,1.041809019,-61530.49115
0.004865966,0.013841725,1.033183439,-107172.2435
0.003726924,0.011150971,1.019913061,-159163.9923
0.002739052,0.008606695,1.001880865,-125494.3838
0.001902651,0.006261924,0.981980642,-80195.03976
0.001217975,0.004181209,0.961798965,-92775.64014
0.000685233,0.002439027,0.942983396,-105726.7925
0.000304586,0.001115032,0.927272264,-114075.7296
7.62E-05,0.000283817,0.916833385,-119563.5784
0,1.68E-09,0.913166271,-121617.8012
0.985147863,0.000414134,0.200334749,-211117.4291
0.982962913,0.000324771,0.203096525,-211336.1599
0.980630848,0.000230452,0.20595006,-211285.0759
0.978152378,0.000131399,0.208771574,-210956.8979
0.975528258,2.78E-05,0.211477035,-210867.1632
0.972759288,-8.01E-05,0.214259296,-210856.3574
0.96984631,-0.000192152,0.217039632,-210788.6575
0.966790213,-0.000308044,0.219853136,-210437.2304
0.963591927,-0.000427535,0.222650813,-210459.72
0.960252427,-0.000550331,0.225500996,-209939.9287
0.956772729,-0.000676121,0.228377259,-209481.9156
0.953153894,-0.000804573,0.23114264,-209527.769
0.949397023,-0.000935296,0.234052475,-209102.9106
0.945503262,-0.001067844,0.236918531,-208767.5746
0.941473796,-0.001201761,0.239706633,-208497.5606
0.937309854,-0.001336709,0.242482963,-208202.2468
0.933012702,-0.00147244,0.24523983,-207752.8614
0.92858365,-0.001608703,0.248086122,-207520.6052
0.924024048,-0.001745094,0.250820764,-207420.4314
0.919335284,-0.001881102,0.253718781,-207153.651
0.914518786,-0.002016202,0.25649518,-206744.0741
0.909576022,-0.002149985,0.25924284,-206295.7206
0.904508497,-0.002282134,0.26200607,-205769.3917
0.899317755,-0.002412316,0.264743028,-205492.4159
0.894005377,-0.002540043,0.267509885,-205298.547
0.888572981,-0.002664708,0.270271732,-205083.1893
0.883022222,-0.002785698,0.272993199,-204616.9151
0.87735479,-0.002902569,0.27560364,-204452.586
0.871572413,-0.003014992,0.278258013,-204242.1719
0.865676851,-0.003122644,0.280911099,-203678.6383
0.8596699,-0.003225082,0.283575497,-203083.6562
0.853553391,-0.003321783,0.286086646,-203039.0606
0.847329185,-0.003412219,0.288633545,-202995.1778
0.84099918,-0.003495876,0.291242441,-202434.4392
0.834565303,-0.003572256,0.293757113,-201955.037
0.828029514,-0.00364086,0.296211048,-201836.8927
0.821393805,-0.003701262,0.298630238,-201743.2641
0.814660196,-0.003753087,0.301028977,-201444.9121
0.807830738,-0.003795957,0.303428254,-200958.6956
0.800907512,-0.003829425,0.305732814,-200546.0242
0.793892626,-0.003852987,0.308029129,-200351.445
0.786788218,-0.003866149,0.310309188,-200270.5834
0.779596452,-0.003868497,0.312549085,-200054.537
0.772319518,-0.003859673,0.314756024,-199671.7857
0.764959632,-0.003839326,0.316912546,-199454.7323
0.757519037,-0.003807087,0.319046762,-199196.1733
0.75,-0.003762576,0.321075788,-198737.6833
0.74240481,-0.003705432,0.323013696,-198542.8169
0.734735781,-0.003635366,0.324973042,-198472.1124
0.72699525,-0.003552138,0.326913491,-198430.2959
0.719185573,-0.003455517,0.328841849,-198300.9461
0.711309131,-0.003345194,0.3306999,-197871.7282
0.703368322,-0.003220824,0.332478183,-197527.9378
0.695365564,-0.003082093,0.334235148,-197415.7254
0.687303297,-0.002928833,0.335964078,-197394.9572
0.679183975,-0.002760974,0.337629646,-197364.9554
0.671010072,-0.002578449,0.339229832,-197221.989
0.662784077,-0.002381136,0.34080632,-196950.4686
0.654508497,-0.002168864,0.342365789,-196670.9269
0.646185852,-0.001941529,0.34384295,-196513.2323
0.637818678,-0.001699162,0.345231131,-196471.5069
0.629409523,-0.001441911,0.346602344,-196393.211
0.620960948,-0.001169912,0.347949251,-196404.8089
0.612475527,-0.000883153,0.349249025,-196806.9254
0.603955845,-0.000581573,0.350585087,-197015.8699
0.595404498,-0.000265155,0.351876181,-196769.0297
0.586824089,6.59E-05,0.35305419,-196637.7403
0.578217233,0.000411481,0.354199537,-196623.897
0.56958655,0.000771172,0.35533941,-196325.2514
0.560934672,0.001144707,0.356411231,-196014.6414
0.552264232,0.001531743,0.357453832,-196059.5757
0.543577871,0.00193192,0.358471059,-196390.3157
0.534878237,0.002344892,0.359437697,-196847.7122
0.526167978,0.002770315,0.360443329,-196853.0878
0.517449748,0.003207795,0.361441092,-196615.8312
0.508726203,0.003656863,0.36237975,-196667.1096
0.5,0.004117001,0.363303402,-196852.8639
0.491273797,0.004587681,0.36422424,-196830.3368
0.482550252,0.00506838,0.36510873,-196904.5526
0.473832022,0.005558564,0.365992034,-197181.3021
0.465121763,0.006057641,0.366879412,-197507.4539
0.456422129,0.006564877,0.367775773,-197730.9796
0.447735768,0.007079476,0.368679419,-197855.9595
0.439065328,0.007600729,0.369613888,-197923.9457
0.43041345,0.008128059,0.370574915,-197975.6407
0.421782767,0.008660945,0.371517044,-198116.3365
0.413175911,0.009198724,0.372453433,-198387.4715
0.404595502,0.009740411,0.373423656,-198643.0449
0.396044155,0.010284964,0.374429369,-198934.5274
0.387524473,0.010831443,0.375503984,-199269.5481
0.379039052,0.011379077,0.376642583,-199527.268
0.370590477,0.011927147,0.37782177,-199721.1809
0.362181322,0.012474832,0.379063387,-199910.6089
0.353814148,0.013021197,0.380370706,-200161.1126
0.345491503,0.013565285,0.381734233,-200542.5402
0.337215923,0.014106169,0.383200037,-200942.5618
0.328989928,0.014642936,0.384771208,-201210.8388
0.320816025,0.015174704,0.38641409,-201472.5019
0.312696703,0.015700582,0.388170072,-201825.9824
0.304634436,0.016219661,0.390058025,-202087.7791
0.296631678,0.016731065,0.392064672,-202203.9852
0.288690869,0.017233836,0.394165012,-202489.9253
0.280814427,0.017726922,0.396411131,-202928.7568
0.27300475,0.018209319,0.398838419,-203299.5946
0.265264219,0.018680067,0.401435253,-203643.2453
0.25759519,0.019138249,0.404235412,-203868.2159
0.25,0.019583008,0.407217072,-204045.4403
0.242480963,0.020013452,0.410385573,-204387.1712
0.235040368,0.020428679,0.413788815,-204720.7202
0.227680482,0.020827852,0.417430765,-204922.7697
0.220403548,0.021210118,0.421313165,-205119.9698
0.213211782,0.021574644,0.425441963,-205347.8037
0.206107374,0.021920665,0.429837465,-205559.128
0.199092488,0.022247313,0.434523906,-205734.1475
0.192169262,0.022553688,0.43952985,-205896.3691
0.185339804,0.022839001,0.444879641,-205980.6341
0.178606195,0.023102512,0.450576804,-205960.9579
0.171970486,0.023343559,0.456622092,-205938.8255
0.165434697,0.023561568,0.463022613,-205991.1278
0.15900082,0.023755726,0.469815293,-205984.2141
0.152670815,0.023925194,0.477058043,-205841.8017
0.146446609,0.024069287,0.484800238,-205540.1506
0.1403301,0.024187334,0.493015346,-205185.0772
0.134323149,0.024278773,0.501800279,-204856.1259
0.128427587,0.024343174,0.511084025,-204442.1189
0.12264521,0.024379969,0.520879109,-203833.3506
0.116977778,0.024388672,0.531253762,-203144.0338
0.111427019,0.024368933,0.54223196,-202357.3414
0.105994623,0.024320125,0.553865786,-201421.0993
0.100682245,0.024241737,0.566288373,-200296.3061
0.095491503,0.024133436,0.579439313,-199027.8273
0.090423978,0.023994657,0.593315245,-197518.8216
0.085481214,0.023825034,0.607984968,-195888.2267
0.080664716,0.023624382,0.623452382,-193988.4453
0.075975952,0.023392104,0.639827549,-191727.0031
0.07141635,0.023127888,0.657147267,-189164.6522
0.066987298,0.022831668,0.675392217,-186323.4944
0.062690146,0.022503002,0.694666069,-183059.7506
0.058526204,0.022141879,0.714890387,-179390.7993
0.054496738,0.021748397,0.736114987,-175269.8174
0.050602977,0.021321825,0.758350348,-170541.0864
0.046846106,0.020862016,0.781664447,-165166.9218
0.043227271,0.020369089,0.805895434,-159034.5564
0.039747573,0.019842424,0.831042642,-152511.5014
0.036408073,0.019282275,0.857123446,-145387.8514
0.033209787,0.018688977,0.883537603,-137551.0557
0.03015369,0.018061488,0.910383992,-127587.9265
0.027240712,0.017400043,0.937021558,-114403.9585
0.024471742,0.01670511,0.963003363,-95820.61434
0.021847622,0.015975726,0.98820604,-78152.84778
0.019369152,0.015212777,1.011882942,-171538.534
0.017037087,0.014417066,1.03020886,-137436.3453
0.014852137,0.013586916,1.039552471,-69410.36201
0.012814968,0.012723388,1.041207832,14999.09116
0.0109262,0.011827616,1.039558732,74335.0674
0.009186408,0.010897556,1.0112734,28838.63774
0.007596123,0.009934936,0.962794862,31380.49978
0.00615583,0.008941916,0.883618435,30875.80324
0.004865966,0.007916288,0.764693046,20291.67745
0.003726924,0.00685996,0.597108538,-4789.347539
0.002739052,0.005778015,0.37030761,-47395.37841
0.001902651,0.004673201,0.07664219,-108203.0912
0.001217975,0.003549628,-0.27943233,-191682.048
0.000685233,0.002422272,-0.681020847,-288742.2569
0.000304586,0.001339326,-1.147061026,-371376.1891
7.62E-05,0.000431651,-1.530888698,-458870.4632
0,-2.66E-05,-1.717238125,-508289.4267
0.985147863,0.003075577,0.228589955,-195669.7154
0.982962913,0.003227635,0.228437587,-196376.7461
0.980630848,0.003390431,0.228229626,-196833.9453
0.978152378,0.003563964,0.227955473,-197240.5944
0.975528258,0.003748162,0.227747256,-197692.0108
0.972759288,0.003942902,0.227542174,-198292.8561
0.96984631,0.004148218,0.227487264,-198345.3238
0.966790213,0.004364296,0.227391897,-198657.409
0.963591927,0.004591387,0.227255921,-198730.909
0.960252427,0.004829592,0.227110414,-199223.0685
0.956772729,0.005078868,0.226983541,-199310.0457
0.953153894,0.005339125,0.226907731,-199186.4316
0.949397023,0.005610385,0.226755513,-199652.9087
0.945503262,0.005892775,0.226786531,-199653.2507
0.941473796,0.006186468,0.2266867,-199930.9897
0.937309854,0.006491553,0.226691943,-199983.1592
0.933012702,0.006808042,0.226657666,-199950.2017
0.92858365,0.007135919,0.226609288,-200239.7168
0.924024048,0.007475265,0.226680571,-200415.1074
0.919335284,0.007826235,0.226742651,-200286.1357
0.914518786,0.008189022,0.226753794,-200409.4149
0.909576022,0.008563772,0.226836165,-200497.4227
0.904508497,0.00895054,0.226869153,-200558.6586
0.899317755,0.009349397,0.226979602,-200654.9479
0.894005377,0.009760433,0.227075786,-200365.9983
0.888572981,0.010183801,0.227132732,-200430.2351
0.883022222,0.01061965,0.227200284,-200582.2012
0.87735479,0.011068121,0.227246365,-200810.4096
0.871572413,0.011529304,0.22734933,-200895.5475
0.865676851,0.012003286,0.227376138,-201010.3078
0.8596699,0.01249016,0.227464086,-201073.9509
0.853553391,0.012990032,0.227517269,-200879.1596
0.847329185,0.013502999,0.227533019,-201044.4416
0.84099918,0.014029157,0.227559359,-201304.6095
0.834565303,0.014568606,0.227576444,-201158.3896
0.828029514,0.01512143,0.227560068,-201053.2855
0.821393805,0.015687745,0.227530137,-201285.1828
0.814660196,0.016267694,0.227489704,-201446.062
0.807830738,0.016861426,0.227391953,-201448.7942
0.800907512,0.017468993,0.227248662,-201661.0176
0.793892626,0.018090366,0.227148989,-201586.0826
0.786788218,0.01872546,0.226928491,-201411.0252
0.779596452,0.019374275,0.226672628,-201643.0505
0.772319518,0.020036865,0.226427155,-202087.7107
0.764959632,0.020713299,0.226137976,-202267.1999
0.757519037,0.021403615,0.225798327,-202249.5816
0.75,0.022107789,0.225417514,-202233.3712
0.74240481,0.02282579,0.224975708,-202231.3263
0.734735781,0.023557481,0.224419706,-202512.9089
0.72699525,0.024302598,0.223863008,-202700.7163
0.719185573,0.025060862,0.223282195,-202620.0509
0.711309131,0.02583211,0.222611793,-202734.1163
0.703368322,0.026616342,0.221911728,-203073.9635
0.695365564,0.027413534,0.221161505,-203341.316
0.687303297,0.028223461,0.220285146,-203482.3798
0.679183975,0.02904567,0.219343126,-203776.9912
0.671010072,0.029879674,0.218366798,-204154.9905
0.662784077,0.030725117,0.217339786,-204330.2104
0.654508497,0.031581722,0.216244132,-204390.625
0.646185852,0.032449186,0.215081345,-204560.8835
0.637818678,0.033327058,0.213841438,-204848.5029
0.629409523,0.034214708,0.21248049,-205254.2611
0.620960948,0.035111492,0.211032584,-205763.2235
0.612475527,0.036016811,0.209591275,-206222.9598
0.603955845,0.036930082,0.208119698,-206587.5733
0.595404498,0.03785071,0.20656364,-206871.0526
0.586824089,0.03877802,0.204901779,-207211.2532
0.578217233,0.039711315,0.203178847,-207571.351
0.56958655,0.04064984,0.20140918,-207856.405
0.560934672,0.041592686,0.199526661,-208307.5983
0.552264232,0.042538856,0.197571853,-209121.2857
0.543577871,0.043487353,0.195648311,-209868.2016
0.534878237,0.044437326,0.193727211,-210279.4187
0.526167978,0.045388011,0.191683132,-210636.1237
0.517449748,0.046338502,0.189505551,-211339.3506
0.508726203,0.047287615,0.187312227,-212271.5292
0.5,0.048233998,0.185151032,-212936.9947
0.491273797,0.049176381,0.182945146,-213405.2716
0.482550252,0.050113716,0.180691756,-214110.5795
0.473832022,0.051045068,0.178423187,-215031.2181
0.465121763,0.051969315,0.176134637,-215878.3666
0.456422129,0.05288506,0.173814096,-216566.7892
0.447735768,0.053790789,0.171487298,-217298.5237
0.439065328,0.054685084,0.169190793,-218236.5949
0.43041345,0.055566681,0.166936487,-219237.0477
0.421782767,0.056434366,0.164709204,-220137.1747
0.413175911,0.057286829,0.162487137,-221046.3498
0.404595502,0.05812266,0.160304062,-222031.5991
0.396044155,0.058940433,0.158199584,-222997.0963
0.387524473,0.059738721,0.156156403,-223906.4072
0.379039052,0.060516055,0.1541787,-224831.2874
0.370590477,0.06127102,0.152293775,-225904.456
0.362181322,0.062002176,0.150537664,-227050.2842
0.353814148,0.062708086,0.148905282,-228104.2938
0.345491503,0.063387365,0.147402755,-229115.2645
0.337215923,0.06403862,0.146068688,-230169.2586
0.328989928,0.064660447,0.144916914,-231200.7076
0.320816025,0.065251533,0.143937026,-232278.8265
0.312696703,0.065810533,0.143169727,-233473.8178
0.304634436,0.066336131,0.142632121,-234568.521
0.296631678,0.066827055,0.142325259,-235445.302
0.288690869,0.067281948,0.142259798,-236404.304
0.280814427,0.067699462,0.142499655,-237527.0334
0.27300475,0.068078366,0.143083857,-238539.4503
0.265264219,0.068417537,0.143991564,-239448.8604
0.25759519,0.068715977,0.14523302,-240458.674
0.25,0.0689727,0.146890032,-241397.699
0.242480963,0.069186454,0.149042712,-242139.9941
0.235040368,0.069356059,0.151619318,-242786.1062
0.227680482,0.069480516,0.154569976,-243403.1083
0.220403548,0.06955901,0.158001729,-244048.0437
0.213211782,0.069590897,0.161935613,-244665.2679
0.206107374,0.069575429,0.166400724,-245092.0669
0.199092488,0.069511623,0.171441808,-245346.5145
0.192169262,0.069398653,0.177084971,-245582.6948
0.185339804,0.069235843,0.183437339,-245733.5213
0.178606195,0.069022614,0.190632549,-245632.5606
0.171970486,0.06875863,0.198533389,-245355.1109
0.165434697,0.068443429,0.20706375,-244986.7582
0.15900082,0.068076475,0.216369084,-244499.42
0.152670815,0.067657471,0.226491056,-243755.204
0.146446609,0.067186003,0.237468775,-242747.6653
0.1403301,0.066661661,0.24935045,-241550.9121
0.134323149,0.066084314,0.262146813,-240110.0425
0.128427587,0.065453783,0.275933774,-238369.4936
0.12264521,0.064770037,0.290786,-236249.3623
0.116977778,0.064033255,0.306650153,-233827.9799
0.111427019,0.063243262,0.323613068,-231121.3553
0.105994623,0.062399887,0.341720507,-228016.6786
0.100682245,0.061503327,0.361001254,-224483.801
0.095491503,0.060553425,0.38155275,-220482.0724
0.090423978,0.059550285,0.403383553,-216025.2155
0.085481214,0.058494331,0.426500444,-211101.2294
0.080664716,0.05738574,0.450965543,-205611.5629
0.075975952,0.056225044,0.476725122,-199568.0201
0.07141635,0.055012892,0.503736172,-192939.4688
0.066987298,0.053749093,0.532129599,-185637.8753
0.062690146,0.052433852,0.561870787,-177672.4415
0.058526204,0.051067719,0.592932412,-168980.3982
0.054496738,0.049650901,0.625268748,-159533.1252
0.050602977,0.048184232,0.658762082,-149355.6338
0.046846106,0.046668608,0.693121784,-138454.8486
0.043227271,0.045103927,0.728409849,-126743.8231
0.039747573,0.043490869,0.764502199,-114294.2664
0.036408073,0.041830223,0.800846984,-101711.0246
0.033209787,0.040122005,0.837140954,-89386.89867
0.03015369,0.038367127,0.87279542,-77150.68123
0.027240712,0.036566665,0.906897391,-62630.53169
0.024471742,0.03472101,0.939642517,-46663.9857
0.021847622,0.032831487,0.970429282,-34013.30779
0.019369152,0.030899449,0.997592069,-33139.98156
0.017037087,0.028925296,1.022345959,-35112.67747
0.014852137,0.026910219,1.037168267,-10835.74701
0.012814968,0.024856117,1.04305514,-1116.656977
0.0109262,0.022765012,1.04267491,-11513.9778
0.009186408,0.020639419,1.035075174,-37432.60461
0.007596123,0.018483024,1.014500204,-71203.77153
0.00615583,0.016300778,0.97794329,-44479.15522
0.004865966,0.014098102,0.930292125,-66245.19681
0.003726924,0.011883793,0.868510304,-93682.29423
0.002739052,0.009674464,0.794534617,-127436.1349
0.001902651,0.007493197,0.709167809,-160479.8163
0.001217975,0.005377206,0.615291974,-189415.1514
0.000685233,0.003399075,0.518230555,-210591.7491
0.000304586,0.001687651,0.427372736,-240025.3357
7.62E-05,0.000460036,0.35830667,-269880.0083
0,2.04E-10,0.331651412,-280651.3335
0.985147863,0.005647623,0.195457939,-180283.9002
0.982962913,0.006033604,0.193977086,-181063.6085
0.980630848,0.006445394,0.192483995,-181953.5695
0.978152378,0.006882825,0.191025179,-182610.3137
0.975528258,0.00734585,0.189549852,-183215.2108
0.972759288,0.007834497,0.187958834,-183790.8
0.96984631,0.008348676,0.186312735,-184310.2285
0.966790213,0.008888146,0.184599004,-184939.6643
0.963591927,0.009452593,0.182941379,-185451.3192
0.960252427,0.010041803,0.181221857,-185925.0573
0.956772729,0.010655694,0.179505799,-186552.0019
0.953153894,0.011294261,0.17773779,-187060.2777
0.949397023,0.011957381,0.175929394,-187437.8449
0.945503262,0.01264473,0.174128753,-187732.6969
0.941473796,0.013355918,0.172258516,-188071.4059
0.937309854,0.014090661,0.170400504,-188436.9095
0.933012702,0.014848933,0.168583874,-189113.5984
0.92858365,0.015630811,0.166718338,-189778.218
0.924024048,0.016436271,0.164883043,-190113.1491
0.919335284,0.017265007,0.162870139,-190315.8254
0.914518786,0.018116626,0.16093861,-190700.0041
0.909576022,0.018990803,0.15900037,-190862.0228
0.904508497,0.019887429,0.156962755,-191443.4966
0.899317755,0.020806448,0.155033624,-191952.1373
0.894005377,0.021747759,0.152982258,-192367.9342
0.888572981,0.022711097,0.150942051,-192736.9352
0.883022222,0.023696173,0.148891539,-192662.4586
0.87735479,0.02470273,0.14674765,-193146.2422
0.871572413,0.025730628,0.144643702,-193915.003
0.865676851,0.026779791,0.142514531,-194083.1105
0.8596699,0.027850047,0.140244975,-194447.7816
0.853553391,0.028941039,0.138006078,-194956.2152
0.847329185,0.030052315,0.135787495,-195110.1661
0.84099918,0.031183522,0.133489695,-195482.2131
0.834565303,0.032334615,0.131144472,-195968.2131
0.828029514,0.033505591,0.128781256,-196152.7215
0.821393805,0.034696385,0.126323949,-196350.3368
0.814660196,0.035906579,0.123760209,-196983.7106
0.807830738,0.037135692,0.12119633,-197563.1667
0.800907512,0.03838329,0.118557741,-197892.0568
0.793892626,0.039649091,0.115849557,-198177.8989
0.786788218,0.040932891,0.113115048,-198438.9302
0.779596452,0.042234398,0.110260401,-198908.1802
0.772319518,0.043553202,0.107324174,-199670.9429
0.764959632,0.044888821,0.104362958,-200231.0309
0.757519037,0.046240773,0.101284314,-200428.9243
0.75,0.047608645,0.098109721,-200627.4643
0.74240481,0.048992017,0.09484723,-200991.093
0.734735781,0.050390416,0.091439099,-201630.0436
0.72699525,0.051803301,0.087947892,-202458.4438
0.719185573,0.05323008,0.084375403,-203160.4036
0.711309131,0.054670165,0.080700425,-203696.1118
0.703368322,0.056122956,0.076940417,-204165.0067
0.695365564,0.057587817,0.073002737,-204673.4988
0.687303297,0.059064062,0.068940031,-205199.6748
0.679183975,0.060550798,0.064774602,-205727.025
0.671010072,0.062047095,0.060434309,-206557.1984
0.662784077,0.063552122,0.055982174,-207546.7762
0.654508497,0.065065112,0.051450053,-208291.1882
0.646185852,0.066585324,0.046753375,-208887.4345
0.637818678,0.068111817,0.041839279,-209709.0366
0.629409523,0.069643379,0.036791824,-210662.8207
0.620960948,0.071178737,0.031687853,-211420.6633
0.612475527,0.072716712,0.026431807,-212258.5001
0.603955845,0.074256184,0.020978683,-213363.7156
0.595404498,0.075796029,0.015367584,-214467.889
0.586824089,0.077334951,0.009634163,-215546.0713
0.578217233,0.078871567,0.003772498,-216724.9922
0.56958655,0.080404485,-0.002221166,-217862.4825
0.560934672,0.081932281,-0.008355618,-218777.7384
0.552264232,0.083453539,-0.014718627,-219873.1451
0.543577871,0.084966822,-0.021248538,-221317.5498
0.534878237,0.086470397,-0.027886104,-222841.5146
0.526167978,0.087962378,-0.034642196,-224347.7172
0.517449748,0.089440939,-0.041514172,-225910.3189
0.508726203,0.090904364,-0.0484584,-227388.3416
0.5,0.092351006,-0.055541792,-228796.0007
0.491273797,0.093779149,-0.062776015,-230364.552
0.482550252,0.09518683,-0.070111701,-232066.4098
0.473832022,0.096571992,-0.077507856,-233807.2044
0.465121763,0.097932655,-0.084954809,-235604.9529
0.456422129,0.099266903,-0.092444526,-237357.5775
0.447735768,0.100572888,-0.100012115,-239106.952
0.439065328,0.101848629,-0.107638359,-241018.1879
0.43041345,0.103091989,-0.115276177,-243032.7486
0.421782767,0.104300808,-0.12290886,-245009.277
0.413175911,0.105473012,-0.130543453,-247103.3556
0.404595502,0.10660653,-0.138132958,-249372.1156
0.396044155,0.107699376,-0.145644883,-251569.6702
0.387524473,0.108749433,-0.153065852,-253668.2089
0.379039052,0.109754499,-0.160369496,-255838.0698
0.370590477,0.110712459,-0.167505459,-258058.5234
0.362181322,0.111621252,-0.174439583,-260169.0133
0.353814148,0.112478887,-0.181169893,-262287.2735
0.345491503,0.113283427,-0.187671564,-264502.7765
0.337215923,0.11403294,-0.193914251,-266777.6544
0.328989928,0.114725522,-0.199862064,-269045.6968
0.320816025,0.115359358,-0.205431071,-271281.1409
0.312696703,0.115932512,-0.210562723,-273500.0414
0.304634436,0.116443176,-0.215206038,-275588.0668
0.296631678,0.11688965,-0.219277155,-277493.2064
0.288690869,0.117270355,-0.222726319,-279296.8053
0.280814427,0.117583846,-0.225610855,-281111.3124
0.27300475,0.117828676,-0.227996808,-282993.825
0.265264219,0.118003281,-0.229774858,-284750.7832
0.25759519,0.118106283,-0.23074152,-286178.5228
0.25,0.118136375,-0.230839145,-287367.5818
0.242480963,0.118092336,-0.230112544,-288483.7141
0.235040368,0.117973121,-0.22849977,-289451.9822
0.227680482,0.117777743,-0.225870119,-290135.112
0.220403548,0.117505316,-0.222216538,-290560.9546
0.213211782,0.117155142,-0.217270328,-290746.3373
0.206107374,0.116726504,-0.21101364,-290603.7853
0.199092488,0.11621887,-0.20367689,-290133.7346
0.192169262,0.115631801,-0.195232569,-289357.0079
0.185339804,0.1149648,-0.185446066,-288195.5112
0.178606195,0.114217524,-0.174289258,-286616.9345
0.171970486,0.113389781,-0.161711377,-284658.3397
0.165434697,0.112481313,-0.147654753,-282315.6074
0.15900082,0.111492135,-0.132093703,-279546.0404
0.152670815,0.110422332,-0.114993072,-276200.3249
0.146446609,0.10927205,-0.096268207,-272219.3739
0.1403301,0.108041692,-0.075875375,-267759.0027
0.134323149,0.106731599,-0.053778722,-262732.2303
0.128427587,0.10534212,-0.029990769,-257034.6715
0.12264521,0.10387385,-0.004526722,-250812.3146
0.116977778,0.102327274,0.022690256,-244033.0001
0.111427019,0.100702888,0.051683525,-236552.8055
0.105994623,0.099001476,0.082420623,-228393.2052
0.100682245,0.09722381,0.114896622,-219597.8652
0.095491503,0.095370827,0.149047596,-210182.3073
0.090423978,0.093443633,0.184823644,-200140.1552
0.085481214,0.09144302,0.222226155,-189437.2355
0.080664716,0.089369865,0.261187906,-178079.7184
0.075975952,0.087225275,0.301616919,-166142.3856
0.07141635,0.085010223,0.343447746,-153649.5029
0.066987298,0.082725884,0.386516796,-140664.0172
0.062690146,0.080373614,0.430698974,-127260.853
0.058526204,0.077954458,0.475837212,-113485.6858
0.054496738,0.075469759,0.521708742,-99468.62081
0.050602977,0.072920961,0.56792318,-85331.98309
0.046846106,0.070309423,0.614371771,-71182.03463
0.043227271,0.06763671,0.660726565,-57164.28809
0.039747573,0.06490445,0.706577833,-43481.24384
0.036408073,0.062114002,0.751603078,-30321.72234
0.033209787,0.059266911,0.795361291,-17938.75131
0.03015369,0.05636501,0.837202913,-6579.630371
0.027240712,0.053410425,0.876620068,3626.28605
0.024471742,0.050405344,0.913101268,12273.43562
0.021847622,0.047352329,0.946420871,18641.67237
0.019369152,0.044254263,0.975876956,21128.00663
0.017037087,0.041114031,1.002093593,68542.42799
0.014852137,0.037935317,1.025127273,80708.63199
0.012814968,0.034723062,1.03709757,64706.30337
0.0109262,0.031482441,1.043756557,36985.11925
0.009186408,0.028220375,1.045125527,-14471.64291
0.007596123,0.024947295,1.041422079,-66281.13416
0.00615583,0.021675688,1.030524005,-122181.4127
0.004865966,0.01842219,1.012486671,-189302.7282
0.003726924,0.015212092,0.986868862,-78163.84211
0.002739052,0.012080281,0.957133445,-97831.54175
0.001902651,0.009076531,0.923183702,-117301.9311
0.001217975,0.006277683,0.886628437,-134255.3121
0.000685233,0.003797753,0.85029156,-148476.094
0.000304586,0.001795778,0.818305543,-159717.9223
7.62E-05,0.00046861,0.79577877,-166889.0053
0,4.16E-10,0.787567186,-169503.4576
0.985147863,-0.001082764,0.235626466,-208500.6577
0.982962913,-0.001383371,0.243627403,-207645.5583
0.980630848,-0.00170055,0.251607609,-206596.3523
0.978152378,-0.002033518,0.259431573,-205491.5346
0.975528258,-0.002381254,0.267218512,-204471.1973
0.972759288,-0.002742663,0.274672321,-203559.9821
0.96984631,-0.003116695,0.282055277,-202754.395
0.966790213,-0.003502354,0.289306093,-201752.0345
0.963591927,-0.003898613,0.29635334,-200286.268
0.960252427,-0.004304335,0.303215189,-199428.2981
0.956772729,-0.004718305,0.309961142,-198493.6545
0.953153894,-0.00513925,0.316567798,-197732.6194
0.949397023,-0.005565889,0.322991927,-196565.1783
0.945503262,-0.005996879,0.329230617,-195814.9055
0.941473796,-0.006430863,0.335375818,-194766.4074
0.937309854,-0.006866503,0.341251613,-193693.5176
0.933012702,-0.007302495,0.346994126,-192899.3838
0.92858365,-0.007737501,0.352668107,-192135.087
0.924024048,-0.008170026,0.358133856,-191308.0624
0.919335284,-0.008598404,0.36346672,-190604.9949
0.914518786,-0.009020934,0.368658103,-189763.8519
0.909576022,-0.009436049,0.373603745,-188671.847
0.904508497,-0.009842349,0.378390483,-187944.3613
0.899317755,-0.010238422,0.382995417,-187272.666
0.894005377,-0.010622633,0.387495071,-186804.873
0.888572981,-0.010993154,0.391852011,-186130.3474
0.883022222,-0.011348115,0.396022639,-185187.408
0.87735479,-0.0116858,0.39990696,-184516.2304
0.871572413,-0.01200462,0.403645284,-183898.3207
0.865676851,-0.012302997,0.407237728,-183091.6467
0.8596699,-0.012579291,0.410613671,-182328.9329
0.853553391,-0.01283182,0.413759969,-181827.3612
0.847329185,-0.013058898,0.416741671,-181339.4067
0.84099918,-0.013258804,0.419527437,-180815.6525
0.834565303,-0.013429795,0.422098846,-180167.093
0.828029514,-0.013570131,0.424330842,-179612.8822
0.821393805,-0.013678167,0.426379346,-179026.3433
0.814660196,-0.013752327,0.428255984,-178553.3704
0.807830738,-0.013791043,0.429932784,-178217.5072
0.800907512,-0.013792664,0.431400836,-177503.8758
0.793892626,-0.013755482,0.43250034,-176820.2121
0.786788218,-0.013677807,0.433306124,-176435.7222
0.779596452,-0.013558042,0.433834396,-175824.5721
0.772319518,-0.013394655,0.433848475,-175424.6439
0.764959632,-0.013186179,0.43348678,-175417.7604
0.757519037,-0.01293154,0.432848782,-175238.2827
0.75,-0.012629872,0.431861565,-174727.048
0.74240481,-0.012280119,0.430435447,-174212.1022
0.734735781,-0.011879488,0.428383294,-174059.2108
0.72699525,-0.011424437,0.425377805,-174352.3831
0.719185573,-0.010912741,0.421204136,-175075.7043
0.711309131,-0.010349604,0.416040371,-176034.9242
0.703368322,-0.009743072,0.410080845,-177151.5599
0.695365564,-0.009102132,0.403632854,-178744.6697
0.687303297,-0.00843742,0.39735096,-180329.2068
0.679183975,-0.007761113,0.391813052,-181646.4898
0.671010072,-0.007081914,0.387310449,-183204.1427
0.662784077,-0.006400334,0.383763667,-184544.8808
0.654508497,-0.005712833,0.380731863,-185134.9708
0.646185852,-0.005017497,0.377876923,-185744.9624
0.637818678,-0.004314481,0.375214195,-186798.5473
0.629409523,-0.003604975,0.372780615,-187690.3545
0.620960948,-0.002889889,0.370552785,-188355.225
0.612475527,-0.002169648,0.368544359,-188954.4508
0.603955845,-0.001444539,0.366687004,-189421.217
0.595404498,-0.000714907,0.36495488,-190010.375
0.586824089,1.88E-05,0.363410034,-190585.9211
0.578217233,0.000756294,0.362004321,-191065.2119
0.56958655,0.001496989,0.360675754,-191724.2599
0.560934672,0.002240489,0.359464966,-192501.5696
0.552264232,0.002986345,0.35838919,-192989.0332
0.543577871,0.003734096,0.357405971,-193351.8545
0.534878237,0.00448324,0.356517256,-193763.2062
0.526167978,0.005233267,0.355716229,-194267.009
0.517449748,0.005983606,0.354996603,-194834.3979
0.508726203,0.006733582,0.35436337,-195390.7665
0.5,0.00748247,0.353842677,-195898.9808
0.491273797,0.00822961,0.353439026,-196355.5344
0.482550252,0.008974446,0.353121029,-196786.6143
0.473832022,0.00971644,0.352886248,-197270.2297
0.465121763,0.010454991,0.352738913,-197709.4769
0.456422129,0.01118934,0.352686531,-198055.7257
0.447735768,0.011918705,0.352734085,-198504.2287
0.439065328,0.012642395,0.352883571,-199082.1455
0.43041345,0.013359825,0.353135472,-199627.3456
0.421782767,0.01407046,0.353490117,-200075.6646
0.413175911,0.01477363,0.353947902,-200467.3681
0.404595502,0.015468407,0.354514161,-200842.6174
0.396044155,0.016153857,0.355212247,-201332.1154
0.387524473,0.016829186,0.356064561,-201783.8672
0.379039052,0.017493813,0.357027502,-202132.9588
0.370590477,0.018147218,0.358106209,-202546.2803
0.362181322,0.018788739,0.359327565,-202986.8369
0.353814148,0.019417567,0.360692426,-203359.9843
0.345491503,0.020032885,0.362198496,-203761.7324
0.337215923,0.020633879,0.363853653,-204241.4684
0.328989928,0.021219715,0.365677564,-204689.9119
0.320816025,0.0217896,0.367709681,-205079.7676
0.312696703,0.022342833,0.369957457,-205460.8117
0.304634436,0.022878852,0.372379884,-205819.4002
0.296631678,0.023397121,0.374979836,-206137.5338
0.288690869,0.023897016,0.377785472,-206419.4758
0.280814427,0.024377776,0.380797631,-206694.9867
0.27300475,0.024838694,0.384033319,-206975.5405
0.265264219,0.025279069,0.387494442,-207295.3521
0.25759519,0.02569821,0.391219734,-207520.2065
0.25,0.026095497,0.395219859,-207655.5106
0.242480963,0.026470312,0.399480508,-207911.0627
0.235040368,0.026822048,0.404049709,-208098.7773
0.227680482,0.027150177,0.408912748,-208164.1162
0.220403548,0.02745415,0.414071144,-208266.4107
0.213211782,0.027733411,0.419577036,-208360.5449
0.206107374,0.027987501,0.425416145,-208385.1469
0.199092488,0.028215985,0.431597017,-208274.7173
0.192169262,0.02841848,0.43814077,-208142.4922
0.185339804,0.02859468,0.445056855,-208053.6815
0.178606195,0.028744078,0.452374722,-207841.8827
0.171970486,0.028866035,0.460149852,-207534.7102
0.165434697,0.028960072,0.46839963,-207231.3074
0.15900082,0.029025906,0.477092364,-206732.9089
0.152670815,0.029063437,0.486233639,-206120.0158
0.146446609,0.029072659,0.495806376,-205547.1596
0.1403301,0.029053181,0.505867477,-204896.1225
0.134323149,0.029004438,0.516504093,-204100.0095
0.128427587,0.028926087,0.527774877,-203148.6957
0.12264521,0.028817947,0.539734103,-202018.1328
0.116977778,0.028680022,0.552224865,-200731.8046
0.111427019,0.028512461,0.565291477,-199405.1996
0.105994623,0.028314959,0.579005665,-197912.115
0.100682245,0.02808711,0.593416669,-196141.5518
0.095491503,0.027828807,0.608566051,-194122.7195
0.090423978,0.027540018,0.624491766,-191922.3581
0.085481214,0.027220923,0.641182232,-189492.9818
0.080664716,0.026871902,0.658575083,-186771.5804
0.075975952,0.02649263,0.676754289,-183787.1695
0.07141635,0.026082736,0.695786344,-180397.4205
0.066987298,0.025642297,0.715674666,-176664.7529
0.062690146,0.025171266,0.736391218,-172476.3443
0.058526204,0.024669893,0.757997367,-167860.1248
0.054496738,0.024138788,0.780259214,-162746.4434
0.050602977,0.023577581,0.803382995,-156977.3291
0.046846106,0.022986066,0.827179003,-150459.7806
0.043227271,0.02236468,0.851561348,-143555.5951
0.039747573,0.021713184,0.876558387,-136061.888
0.036408073,0.021031816,0.901720407,-128209.8566
0.033209787,0.020321495,0.926713972,-118528.8794
0.03015369,0.019581602,0.951305646,-105765.8151
0.027240712,0.018812083,0.975034623,-89028.63127
0.024471742,0.018013945,0.997299139,-71734.58846
0.021847622,0.017186383,1.018513241,-189510.8567
0.019369152,0.01632958,1.033584102,-120342.138
0.017037087,0.015445121,1.04133505,-58631.01606
0.014852137,0.014531846,1.041943505,23870.23409
0.012814968,0.013590041,1.039131746,78922.27194
0.0109262,0.012621951,1.012928705,32650.51823
0.009186408,0.011625638,0.969553427,36622.87338
0.007596123,0.010601061,0.90029323,38202.16344
0.00615583,0.009551264,0.79583754,34031.77412
0.004865966,0.008474481,0.647470926,17919.02455
0.003726924,0.007370637,0.446197307,-13856.31265
0.002739052,0.006244192,0.180265982,-63875.15252
0.001902651,0.005097434,-0.160582672,-130568.3935
0.001217975,0.003931335,-0.566783702,-226641.0421
0.000685233,0.002751086,-1.031223301,-333763.9137
0.000304586,0.001590761,-1.55794707,-434705.9801
7.62E-05,0.00055125,-2.028297319,-535805.0761
0,-9.24E-06,-2.280216841,-590982.8633
0.985147863,0.001547802,0.247841362,-205293.4134
0.982962913,0.00148599,0.253041501,-204782.0619
0.980630848,0.001423311,0.25822568,-204080.5141
0.978152378,0.001360231,0.263415083,-203380.8337
0.975528258,0.001297479,0.268526062,-202630.5479
0.972759288,0.00123587,0.273509963,-201861.6159
0.96984631,0.001176278,0.278448765,-201189.3307
0.966790213,0.001119631,0.283291324,-200464.6628
0.963591927,0.001066924,0.287911058,-199687.5409
0.960252427,0.001019112,0.292517705,-198514.0121
0.956772729,0.000976994,0.296877828,-197790.5109
0.953153894,0.000941341,0.301189241,-197185.3435
0.949397023,0.000913066,0.305396032,-196363.4875
0.945503262,0.000893403,0.309524023,-195716.6806
0.941473796,0.000883698,0.313513823,-194794.82
0.937309854,0.000885225,0.317366796,-193797.8906
0.933012702,0.000898968,0.321038104,-193300.5143
0.92858365,0.000925864,0.324569342,-192593.7602
0.924024048,0.000966959,0.328046445,-191936.2092
0.919335284,0.001023593,0.331365771,-190930.0505
0.914518786,0.001097192,0.33452701,-190601.811
0.909576022,0.001189149,0.337637121,-189627.1614
0.904508497,0.001300702,0.340475457,-188591.5657
0.899317755,0.001433074,0.343188853,-187955.9666
0.894005377,0.001587556,0.345808768,-187442.707
0.888572981,0.001765599,0.348288313,-186476.0646
0.883022222,0.001968709,0.350507551,-185712.1803
0.87735479,0.002198344,0.352610143,-185194.1986
0.871572413,0.002455818,0.354427004,-184848.7008
0.865676851,0.002742423,0.356173331,-184188.0081
0.8596699,0.003059483,0.357707804,-182991.8744
0.853553391,0.003408402,0.358971015,-182373.8644
0.847329185,0.003790603,0.360091785,-181997.9598
0.84099918,0.00420752,0.36104148,-181150.7271
0.834565303,0.004660621,0.361709681,-180019.0361
0.828029514,0.005151369,0.36206508,-179573.2874
0.821393805,0.005681208,0.362227075,-179499.7151
0.814660196,0.006251517,0.362159833,-178736.8096
0.807830738,0.006863669,0.361721099,-177943.0832
0.800907512,0.007518938,0.361028627,-177342.8708
0.793892626,0.008218494,0.359959488,-176670.9656
0.786788218,0.008963449,0.358522283,-176168.5014
0.779596452,0.00975513,0.356829898,-175587.9316
0.772319518,0.010595033,0.354651061,-175014.2771
0.764959632,0.01148464,0.351904977,-174781.0948
0.757519037,0.012424624,0.348663972,-174618.0929
0.75,0.013414856,0.345006865,-174351.9513
0.74240481,0.014455478,0.340909302,-173881.3801
0.734735781,0.015549921,0.335977656,-173478.3608
0.72699525,0.016704005,0.329437269,-173698.5332
0.719185573,0.017921503,0.320853989,-174801.7127
0.711309131,0.019190635,0.310862091,-176670.0463
0.703368322,0.020492153,0.300640218,-178751.9207
0.695365564,0.021808476,0.290960782,-180808.5886
0.687303297,0.023132408,0.28209619,-182775.4718
0.679183975,0.024459631,0.274181357,-184656.4064
0.671010072,0.025786995,0.267167023,-186456.6776
0.662784077,0.027114647,0.260820014,-187951.2117
0.654508497,0.028444273,0.254835686,-189195.46
0.646185852,0.029776557,0.249022855,-190505.5588
0.637818678,0.031110688,0.243374381,-191807.0622
0.629409523,0.032445161,0.237902674,-192926.7487
0.620960948,0.033778758,0.23256954,-194194.8851
0.612475527,0.035110709,0.227405909,-195740.6932
0.603955845,0.036440347,0.222451245,-197085.1077
0.595404498,0.037766894,0.217656668,-197998.244
0.586824089,0.039089324,0.212922707,-198844.4702
0.578217233,0.040406515,0.208238961,-199994.0043
0.56958655,0.041717412,0.203667472,-201376.8495
0.560934672,0.043021025,0.199210928,-202741.1593
0.552264232,0.044316371,0.194831602,-203970.0779
0.543577871,0.045602423,0.190580552,-204877.228
0.534878237,0.046878058,0.186379697,-205717.2559
0.526167978,0.048142142,0.182224778,-206956.2561
0.517449748,0.049393543,0.178173976,-208417.4263
0.508726203,0.050631133,0.174219972,-209690.4363
0.5,0.05185379,0.170320654,-210848.1779
0.491273797,0.053060331,0.166515022,-212048.5536
0.482550252,0.054249488,0.162814368,-213194.4032
0.473832022,0.055419987,0.159214818,-214285.1892
0.465121763,0.056570583,0.155695346,-215453.7974
0.456422129,0.057700069,0.152267839,-216734.1736
0.447735768,0.058807251,0.14894961,-218020.0642
0.439065328,0.059890875,0.145728755,-219257.093
0.43041345,0.060949574,0.142642034,-220505.4616
0.421782767,0.061982025,0.139710531,-221748.2275
0.413175911,0.062986962,0.136935202,-222948.5286
0.404595502,0.063963179,0.134307524,-224103.3187
0.396044155,0.064909505,0.131829906,-225318.3667
0.387524473,0.065824761,0.129523374,-226658.951
0.379039052,0.066707774,0.127396411,-227968.1082
0.370590477,0.067557422,0.125420377,-229162.2079
0.362181322,0.068372349,0.12363287,-230366.7961
0.353814148,0.069151115,0.122096514,-231598.2944
0.345491503,0.069892377,0.120828538,-232886.9732
0.337215923,0.070595,0.119843908,-234161.0455
0.328989928,0.07125805,0.119137068,-235302.9959
0.320816025,0.071880615,0.118660866,-236447.6211
0.312696703,0.072461581,0.118458651,-237749.8731
0.304634436,0.072999747,0.118615257,-238951.1057
0.296631678,0.073494024,0.119124386,-239877.635
0.288690869,0.073943404,0.12000954,-240658.3294
0.280814427,0.074346966,0.121275683,-241467.7982
0.27300475,0.074703873,0.122949296,-242378.4843
0.265264219,0.0750133,0.12504783,-243371.0092
0.25759519,0.075274496,0.12761739,-244292.822
0.25,0.075486737,0.130711262,-245013.9368
0.242480963,0.075649151,0.134240528,-245636.415
0.235040368,0.075760905,0.138204831,-246218.2182
0.227680482,0.07582133,0.142754471,-246689.4536
0.220403548,0.075829854,0.14788087,-247045.8059
0.213211782,0.075786057,0.153598604,-247247.3562
0.206107374,0.075689603,0.159911865,-247367.0799
0.199092488,0.075539916,0.166880336,-247364.9378
0.192169262,0.07533658,0.174646091,-247174.3491
0.185339804,0.075079287,0.183198233,-246867.5012
0.178606195,0.074767669,0.192440646,-246307.1982
0.171970486,0.074401561,0.202393529,-245568.9555
0.165434697,0.073980868,0.213141808,-244769.8306
0.15900082,0.073505324,0.224728731,-243765.3242
0.152670815,0.072974911,0.237176084,-242486.7983
0.146446609,0.072389683,0.250512489,-240892.1329
0.1403301,0.071749639,0.26473531,-239055.3549
0.134323149,0.071055049,0.279913777,-236912.5574
0.128427587,0.070306052,0.296078728,-234449.9845
0.12264521,0.069502521,0.313288935,-231712.191
0.116977778,0.06864467,0.331567679,-228610.912
0.111427019,0.067732764,0.350940784,-225195.6754
0.105994623,0.066767128,0.371441754,-221376.6692
0.100682245,0.065748438,0.39301279,-217108.5412
0.095491503,0.064677072,0.415696566,-212419.4334
0.090423978,0.063553032,0.439572967,-207254.6331
0.085481214,0.062376816,0.464635866,-201605.0368
0.080664716,0.061148843,0.490916722,-195425.6209
0.075975952,0.059869473,0.518425022,-188671.9751
0.07141635,0.058539633,0.547062768,-181394.1024
0.066987298,0.057159874,0.576836324,-173485.1366
0.062690146,0.055730585,0.607735531,-164929.5941
0.058526204,0.054252791,0.639582571,-155802.2887
0.054496738,0.0527269,0.672390569,-146017.8599
0.050602977,0.051153079,0.706033654,-135529.1964
0.046846106,0.049532278,0.740296948,-124423.6175
0.043227271,0.047865112,0.775134564,-112638.4577
0.039747573,0.046152225,0.810237734,-100456.1771
0.036408073,0.04439507,0.844961603,-88666.14738
0.033209787,0.042594046,0.879006782,-77016.40201
0.03015369,0.040749267,0.911768978,-64468.69833
0.027240712,0.038861843,0.94268324,-49287.00395
0.024471742,0.036932399,0.972022313,-36733.75153
0.021847622,0.034961639,0.998015553,-35720.35155
0.019369152,0.032951193,1.021792738,-44950.93109
0.017037087,0.03090179,1.036452224,-18167.16836
0.014852137,0.028813869,1.043325872,-4301.029308
0.012814968,0.026688724,1.043288935,-6850.008971
0.0109262,0.024527934,1.036779332,-25464.45508
0.009186408,0.022333114,1.018417527,-65832.06993
0.007596123,0.020106301,0.98346638,-37053.62795
0.00615583,0.01785089,0.937514868,-56751.95557
0.004865966,0.01557068,0.876210045,-82873.45327
0.003726924,0.013269648,0.800677271,-116191.6059
0.002739052,0.010957589,0.710667918,-150239.6755
0.001902651,0.008650677,0.60647888,-182293.9886
0.001217975,0.006372635,0.491158881,-205689.9975
0.000685233,0.004175227,0.369286666,-254016.5023
0.000304586,0.002174737,0.249442956,-296074.9295
7.62E-05,0.000625807,0.151090582,-323724.9264
0,2.40E-08,0.109837953,-333581.3317
0.985147863,0.004040411,0.217595341,-199589.4517
0.982962913,0.004205878,0.221459145,-199149.2186
0.980630848,0.004385399,0.225227936,-198671.0618
0.978152378,0.004579416,0.228977687,-198249.3285
0.975528258,0.004788573,0.23269732,-197387.1085
0.972759288,0.005013634,0.236328098,-196779.4486
0.96984631,0.005255404,0.239763601,-195891.6921
0.966790213,0.005514551,0.243140985,-195287.0018
0.963591927,0.005791717,0.246365485,-194515.1706
0.960252427,0.006087572,0.249535854,-193664.3317
0.956772729,0.006402856,0.252562534,-192966.2249
0.953153894,0.006738364,0.255501582,-192035.2543
0.949397023,0.007094923,0.258392463,-191033.4708
0.945503262,0.007473433,0.261008634,-190288.9806
0.941473796,0.00787482,0.263598815,-189526.7313
0.937309854,0.008300067,0.266115615,-188479.7849
0.933012702,0.008750173,0.268342035,-187862.2839
0.92858365,0.00922617,0.270527869,-187190.4019
0.924024048,0.009729098,0.27254442,-186196.1137
0.919335284,0.010259914,0.274357915,-185299.0862
0.914518786,0.010819526,0.276028368,-184491.8806
0.909576022,0.011408871,0.277596302,-183696.6347
0.904508497,0.012029072,0.278961528,-183002.2339
0.899317755,0.01268139,0.280233221,-182249.5996
0.894005377,0.013367096,0.281278192,-181302.2413
0.888572981,0.014087382,0.282092536,-180445.1688
0.883022222,0.014843388,0.282717585,-179798.0497
0.87735479,0.015636276,0.283162063,-179133.5607
0.871572413,0.016467144,0.283390781,-178228.4137
0.865676851,0.017337088,0.283377504,-177572.0169
0.8596699,0.018247224,0.283118275,-176943.7519
0.853553391,0.019198767,0.28268141,-176084.3392
0.847329185,0.020192962,0.28197292,-175257.7479
0.84099918,0.021231077,0.280981658,-174320.5313
0.834565303,0.022314296,0.279639609,-173734.0898
0.828029514,0.023443801,0.278051686,-173241.88
0.821393805,0.02462075,0.276124856,-172535.9901
0.814660196,0.025846264,0.273830858,-171962.1489
0.807830738,0.027121437,0.271176264,-171296.1911
0.800907512,0.028447336,0.268121536,-170340.8218
0.793892626,0.029824848,0.264597907,-169540.9255
0.786788218,0.031254818,0.260637601,-169185.4527
0.779596452,0.032738309,0.256195118,-169024.9616
0.772319518,0.034276884,0.25114709,-168721.3011
0.764959632,0.035872197,0.245332398,-168256.7002
0.757519037,0.037524598,0.238737904,-167708.1469
0.75,0.039232079,0.231507006,-167326.3024
0.74240481,0.040993071,0.223764861,-167328.7439
0.734735781,0.042811404,0.214954629,-167539.7367
0.72699525,0.044698835,0.203520756,-168105.2585
0.719185573,0.046661823,0.188470683,-169716.7603
0.711309131,0.048680031,0.170992009,-172784.9056
0.703368322,0.050712037,0.15428377,-176444.3041
0.695365564,0.052724075,0.140428685,-179648.8351
0.687303297,0.054716171,0.129063558,-182207.4648
0.679183975,0.056698847,0.118964048,-184357.7701
0.671010072,0.058680401,0.109168108,-186304.4626
0.662784077,0.060661621,0.099443153,-188241.7326
0.654508497,0.062641087,0.089816251,-190217.1842
0.646185852,0.064617604,0.080305019,-192136.8968
0.637818678,0.066589928,0.070844681,-194011.3867
0.629409523,0.068556882,0.061408003,-195881.7903
0.620960948,0.070517136,0.052094236,-197672.7634
0.612475527,0.072469177,0.04284407,-199545.7654
0.603955845,0.074411413,0.033597973,-201652.5391
0.595404498,0.076342266,0.024433403,-203554.8235
0.586824089,0.07826021,0.015285947,-205300.8843
0.578217233,0.080163722,0.006136494,-207213.3625
0.56958655,0.08205129,-0.002937228,-209167.2995
0.560934672,0.083921455,-0.011966268,-210880.2363
0.552264232,0.085772753,-0.021060403,-212736.3752
0.543577871,0.087603516,-0.030197299,-214947.1891
0.534878237,0.089411742,-0.039316881,-217217.7421
0.526167978,0.091195427,-0.04837086,-219356.4362
0.517449748,0.092952819,-0.057356482,-221486.0718
0.508726203,0.094682432,-0.066324186,-223693.338
0.5,0.096382835,-0.075321606,-225816.4153
0.491273797,0.098052181,-0.084331097,-227914.6429
0.482550252,0.099688315,-0.093293019,-230112.7478
0.473832022,0.101289102,-0.102158146,-232394.1672
0.465121763,0.102852672,-0.110923018,-234638.8877
0.456422129,0.104377441,-0.119625617,-236836.7008
0.447735768,0.105861843,-0.128295739,-239166.8259
0.439065328,0.107303949,-0.136887195,-241675.4876
0.43041345,0.10870168,-0.145354917,-244232.8851
0.421782767,0.110053028,-0.153671963,-246712.8024
0.413175911,0.111356124,-0.161809729,-249105.1249
0.404595502,0.11260921,-0.16975891,-251431.1833
0.396044155,0.113810579,-0.177533327,-253802.3022
0.387524473,0.114958353,-0.185098735,-256251.7642
0.379039052,0.116050628,-0.192408366,-258739.9968
0.370590477,0.117085622,-0.199427455,-261223.1795
0.362181322,0.118061617,-0.206104358,-263670.6007
0.353814148,0.118977023,-0.212421777,-266091.6202
0.345491503,0.119830259,-0.218422141,-268515.2651
0.337215923,0.120619685,-0.224067463,-270863.9881
0.328989928,0.121343703,-0.229256303,-273048.5438
0.320816025,0.122000835,-0.233943878,-275158.5492
0.312696703,0.12258958,-0.238111248,-277357.7812
0.304634436,0.123108597,-0.241711468,-279560.1294
0.296631678,0.123556513,-0.244607278,-281593.2493
0.288690869,0.123931891,-0.246767403,-283429.5286
0.280814427,0.12423339,-0.248293188,-285129.4676
0.27300475,0.124459891,-0.249159141,-286667.2609
0.265264219,0.124610445,-0.249178155,-288095.9927
0.25759519,0.124684313,-0.248399218,-289433.5952
0.25,0.124680589,-0.24682513,-290574.6693
0.242480963,0.124598286,-0.244327059,-291414.9899
0.235040368,0.124436571,-0.240794046,-291960.9424
0.227680482,0.124194774,-0.236198675,-292278.5369
0.220403548,0.123872351,-0.230464108,-292372.4358
0.213211782,0.12346899,-0.223415269,-292141.3382
0.206107374,0.122984179,-0.215146328,-291640.0493
0.199092488,0.122417402,-0.20573436,-290820.8476
0.192169262,0.121768362,-0.195050788,-289570.2689
0.185339804,0.121036896,-0.182984078,-287895.4905
0.178606195,0.120223004,-0.169534513,-285847.4255
0.171970486,0.119326888,-0.154667265,-283417.7417
0.165434697,0.118348649,-0.138374467,-280618.6837
0.15900082,0.117288482,-0.120630441,-277314.0174
0.152670815,0.116146781,-0.10138068,-273353.19
0.146446609,0.114923736,-0.080514174,-268805.0526
0.1403301,0.113619674,-0.058023641,-263845.5095
0.134323149,0.112235125,-0.033890321,-258363.4938
0.128427587,0.110770542,-0.008071366,-252203.623
0.12264521,0.109226584,0.01940411,-245445.3571
0.116977778,0.107604063,0.04853628,-238112.7196
0.111427019,0.105903725,0.079316008,-230161.5276
0.105994623,0.104126537,0.111674319,-221635.4863
0.100682245,0.10227348,0.145607502,-212519.6973
0.095491503,0.100345205,0.181147337,-202732.7331
0.090423978,0.098342565,0.218250448,-192296.8949
0.085481214,0.096266648,0.256848287,-181316.0319
0.080664716,0.094118556,0.296863032,-169779.6372
0.075975952,0.091899711,0.338119239,-157706.6217
0.07141635,0.089611409,0.38049915,-145188.4668
0.066987298,0.08725446,0.423973756,-132221.407
0.062690146,0.084829955,0.468383485,-118886.6549
0.058526204,0.082339192,0.513537584,-105252.229
0.054496738,0.079783492,0.559094306,-91462.19438
0.050602977,0.077164511,0.604837629,-77685.93945
0.046846106,0.074483705,0.650538367,-63968.34674
0.043227271,0.071742139,0.69590616,-50433.05656
0.039747573,0.068941149,0.740546172,-37323.5102
0.036408073,0.066082189,0.784088013,-24866.02394
0.033209787,0.063166726,0.826038911,-13289.2655
0.03015369,0.060196391,0.865768899,-2770.030229
0.027240712,0.05717288,0.902844748,6497.300326
0.024471742,0.054097854,0.936836048,13973.91648
0.021847622,0.050972928,0.967577592,19873.0011
0.019369152,0.047800177,0.994002442,28882.84685
0.017037087,0.044582002,1.01778544,79718.78128
0.014852137,0.041320598,1.034572921,66575.64253
0.012814968,0.038019183,1.042594053,44084.49113
0.0109262,0.034682073,1.045653287,1315.341116
0.009186408,0.031313515,1.042946016,-52320.21786
0.007596123,0.027919374,1.03359906,-105487.9796
0.00615583,0.024507917,1.0163898,-173017.9077
0.004865966,0.021088706,0.990162237,-68261.69599
0.003726924,0.017676928,0.95839627,-95254.26708
0.002739052,0.014298599,0.920062549,-117049.4447
0.001902651,0.010992202,0.875807625,-136862.8515
0.001217975,0.007820293,0.827309565,-154825.6936
0.000685233,0.004893437,0.777474541,-170282.1527
0.000304586,0.002401305,0.731124286,-181693.2808
7.62E-05,0.000647265,0.696358907,-187357.3887
0,3.99E-11,0.683071702,-188757.018
0.985147863,0.000238193,0.201315972,-211650.5116
0.982962913,0.000121522,0.203933158,-211757.9406
0.980630848,-2.48E-06,0.206523261,-211893.0999
0.978152378,-0.000133652,0.209216927,-211987.9001
0.975528258,-0.000271856,0.211815237,-211529.7771
0.972759288,-0.000416946,0.21440682,-211687.8255
0.96984631,-0.000568681,0.217191443,-211543.4476
0.966790213,-0.000726747,0.21985417,-211266.6362
0.963591927,-0.000890798,0.222527396,-211098.4378
0.960252427,-0.001060669,0.225171172,-210813.1861
0.956772729,-0.001236322,0.227731769,-210623.199
0.953153894,-0.001417734,0.230454976,-210647.6444
0.949397023,-0.001604679,0.23326628,-209920.7128
0.945503262,-0.001796774,0.235975187,-209748.2944
0.941473796,-0.001993622,0.238743764,-209628.4858
0.937309854,-0.002194952,0.241461733,-209485.6167
0.933012702,-0.002400595,0.244304043,-208942.0192
0.92858365,-0.002610381,0.247079883,-208807.0044
0.924024048,-0.002823983,0.249980483,-208186.4326
0.919335284,-0.003040953,0.252733221,-207876.1652
0.914518786,-0.00326082,0.255519524,-207998.3719
0.909576022,-0.00348331,0.258378823,-207496.9627
0.904508497,-0.003708276,0.261155884,-207005.0912
0.899317755,-0.003935586,0.263966644,-206754.1077
0.894005377,-0.004164888,0.266812056,-206633.9809
0.888572981,-0.004395668,0.269713964,-206299.25
0.883022222,-0.004627403,0.272532791,-205927.8975
0.87735479,-0.004859749,0.275313596,-205834.6046
0.871572413,-0.005092522,0.278198951,-205415.6301
0.865676851,-0.005325531,0.28100394,-204695.7512
0.8596699,-0.005558435,0.283824659,-204596.2751
0.853553391,-0.005790748,0.286667657,-204556.7969
0.847329185,-0.006021988,0.289531364,-204247.2882
0.84099918,-0.006251776,0.292356613,-203702.3871
0.834565303,-0.006479836,0.295092787,-203573.7735
0.828029514,-0.006705896,0.297890916,-203451.6704
0.821393805,-0.006929598,0.300698107,-203019.2827
0.814660196,-0.007150526,0.303504809,-202513.0837
0.807830738,-0.007368272,0.3062602,-202239.983
0.800907512,-0.007582503,0.308962654,-202178.3407
0.793892626,-0.007792966,0.311745776,-201858.1227
0.786788218,-0.007999407,0.314493423,-201449.3535
0.779596452,-0.008201517,0.317224805,-201214.8835
0.772319518,-0.008398934,0.319958517,-200926.4956
0.764959632,-0.008591301,0.322644448,-200702.4145
0.757519037,-0.008778273,0.325356203,-200435.6019
0.75,-0.008959519,0.328028453,-200114.5134
0.74240481,-0.009134717,0.330641084,-199905.7923
0.734735781,-0.009303663,0.33326341,-199849.2206
0.72699525,-0.00946624,0.335922888,-199612.9825
0.719185573,-0.009622341,0.338553958,-199177.6326
0.711309131,-0.009771698,0.341145064,-198964.3672
0.703368322,-0.009913916,0.343770037,-198826.6694
0.695365564,-0.010048633,0.346369683,-198547.165
0.687303297,-0.010175716,0.348878301,-198380.6785
0.679183975,-0.010295245,0.35139855,-198346.4695
0.671010072,-0.010407289,0.353959329,-198255.7376
0.662784077,-0.010511788,0.356500062,-198079.0512
0.654508497,-0.010608544,0.359077209,-197712.1527
0.646185852,-0.010697387,0.361654217,-197300.0936
0.637818678,-0.010778204,0.364195866,-197049.6013
0.629409523,-0.010850939,0.366722842,-196943.9464
0.620960948,-0.010915551,0.369240584,-196855.6664
0.612475527,-0.010972106,0.371752372,-196729.6662
0.603955845,-0.011020741,0.374255352,-196682.0874
0.595404498,-0.011061604,0.376762895,-196606.5429
0.586824089,-0.011094825,0.379284525,-196370.9582
0.578217233,-0.011120518,0.381815621,-196247.8858
0.56958655,-0.011138818,0.384400773,-196307.8501
0.560934672,-0.011149922,0.38707511,-195977.8738
0.552264232,-0.011154067,0.389709067,-195550.7438
0.543577871,-0.011151502,0.392328243,-195531.9291
0.534878237,-0.011142464,0.395010646,-195596.2705
0.526167978,-0.011127179,0.397743764,-195513.9929
0.517449748,-0.011105904,0.400507479,-195459.7562
0.508726203,-0.011078963,0.403319096,-195347.3743
0.5,-0.011046739,0.406149249,-195099.6383
0.491273797,-0.011009626,0.409062097,-194909.2016
0.482550252,-0.010968078,0.412043792,-194794.148
0.473832022,-0.010922577,0.415091081,-194718.5283
0.465121763,-0.010873598,0.418232328,-194629.0632
0.456422129,-0.010821572,0.421476034,-194472.5727
0.447735768,-0.010766889,0.424803837,-194318.1315
0.439065328,-0.010709977,0.428221105,-194297.0519
0.43041345,-0.010651418,0.431772778,-194244.9695
0.421782767,-0.010591864,0.435472256,-193916.7827
0.413175911,-0.010531936,0.439295006,-193623.167
0.404595502,-0.010472132,0.443276897,-193530.0209
0.396044155,-0.010412845,0.447447764,-193396.5243
0.387524473,-0.010354619,0.451801281,-193145.6214
0.379039052,-0.010298348,0.45637052,-192960.3392
0.370590477,-0.010245152,0.461248605,-192720.9282
0.362181322,-0.010195848,0.466498113,-192250.468
0.353814148,-0.010150026,0.472020257,-191903.2415
0.345491503,-0.010106749,0.477736361,-191837.4981
0.337215923,-0.010066445,0.483675919,-191642.0847
0.328989928,-0.010033402,0.490446898,-191070.1253
0.320816025,-0.010014703,0.498734741,-189923.6415
0.312696703,-0.010010221,0.508592288,-188046.0136
0.304634436,-0.010005427,0.519386207,-185707.1724
0.296631678,-0.009978686,0.530049442,-183350.6787
0.288690869,-0.009913076,0.539692446,-181241.6898
0.280814427,-0.009798676,0.548021953,-179586.41
0.27300475,-0.00962847,0.554794846,-178376.6901
0.265264219,-0.009399187,0.560053174,-177439.6721
0.25759519,-0.009115459,0.564308773,-176678.7186
0.25,-0.008782516,0.568021332,-176030.5303
0.242480963,-0.00840428,0.571335014,-175393.7244
0.235040368,-0.007983057,0.574290047,-174811.2116
0.227680482,-0.007521165,0.576904023,-174419.621
0.220403548,-0.007021515,0.579191773,-174213.5731
0.213211782,-0.006487432,0.581215586,-174049.4835
0.206107374,-0.005922146,0.583049541,-173845.5575
0.199092488,-0.005328791,0.584731963,-173695.5965
0.192169262,-0.004710398,0.586289673,-173675.731
0.185339804,-0.004070001,0.587758685,-173718.9734
0.178606195,-0.003410779,0.589169066,-173815.2484
0.171970486,-0.002735858,0.590564428,-173954.5276
0.165434697,-0.002048316,0.591962466,-174132.1878
0.15900082,-0.001351241,0.593402312,-174390.3986
0.152670815,-0.000647588,0.594892757,-174718.6086
0.146446609,5.96E-05,0.596482367,-175129.7989
0.1403301,0.000767284,0.598213044,-175525.3009
0.134323149,0.001472472,0.600101256,-175946.774
0.128427587,0.002172135,0.602193511,-176379.568
0.12264521,0.002863228,0.604522652,-176886.4081
0.116977778,0.003542923,0.607162024,-177408.4262
0.111427019,0.004208293,0.610134887,-177960.9975
0.105994623,0.00485655,0.613501072,-178542.8196
0.100682245,0.00548512,0.617287816,-179125.2575
0.095491503,0.006091275,0.62157561,-179692.1422
0.090423978,0.006672532,0.626390973,-180247.4957
0.085481214,0.007226504,0.631771662,-180810.6524
0.080664716,0.007750329,0.637838228,-181347.9849
0.075975952,0.008241518,0.644682951,-181757.5061
0.07141635,0.008697797,0.652347369,-182092.6802
0.066987298,0.009116717,0.660969234,-182356.1429
0.062690146,0.009496426,0.670580208,-182468.8442
0.058526204,0.009834936,0.681254277,-182342.8181
0.054496738,0.010129798,0.693188195,-182008.6579
0.050602977,0.010379392,0.706393817,-181411.8775
0.046846106,0.010581781,0.720993096,-180353.6296
0.043227271,0.0107347,0.737246758,-178780.8238
0.039747573,0.010837032,0.755198178,-176804.1987
0.036408073,0.010887057,0.774712368,-174296.0761
0.033209787,0.010882914,0.796097491,-171328.8235
0.03015369,0.010824244,0.819270154,-167831.3214
0.027240712,0.010709262,0.844657991,-161567.6244
0.024471742,0.010536097,0.871704417,-152599.0224
0.021847622,0.010305034,0.900276603,-141933.0426
0.019369152,0.010014546,0.929801578,-127207.4406
0.017037087,0.009663498,0.959344388,-103899.5952
0.014852137,0.009253638,0.98855658,-85750.23866
0.012814968,0.008783642,1.017291938,-167787.8348
0.0109262,0.008252635,1.034818233,-129605.6604
0.009186408,0.007663982,1.041836867,-47916.35217
0.007596123,0.007017823,1.040727447,71510.37087
0.00615583,0.006314522,1.009307282,30864.63249
0.004865966,0.005560264,0.96339991,34529.57203
0.003726924,0.004761814,0.880337682,26238.23648
0.002739052,0.003925896,0.752430255,4715.412503
0.001902651,0.003064934,0.583323814,-29121.25091
0.001217975,0.002204448,0.383856141,-73754.56462
0.000685233,0.001389323,0.165994897,-127071.1932
0.000304586,0.000684611,-0.041415306,-181322.04
7.62E-05,0.000184887,-0.19608078,-224134.6566
0,-7.24E-10,-0.254221834,-243448.6218
0.985147863,0.002894448,0.213923785,-199755.863
0.982962913,0.003018447,0.213810774,-200311.7169
0.980630848,0.00315075,0.213648567,-200924.1311
0.978152378,0.003291392,0.213633468,-201565.812
0.975528258,0.003440314,0.213473009,-201690.212
0.972759288,0.003597436,0.213318767,-202386.3861
0.96984631,0.003762716,0.213249703,-202672.559
0.966790213,0.003936146,0.213158575,-202887.8569
0.963591927,0.004117734,0.213059732,-203325.7113
0.960252427,0.004307446,0.212998151,-203630.3468
0.956772729,0.004505195,0.212924351,-203825.303
0.953153894,0.004710882,0.212887221,-204070.323
0.949397023,0.004924437,0.212887201,-204282.7477
0.945503262,0.005145833,0.21291945,-204446.0725
0.941473796,0.005375062,0.212980046,-204573.7713
0.937309854,0.005612131,0.213055013,-204910.8776
0.933012702,0.005857079,0.213171896,-205032.8079
0.92858365,0.006109967,0.213270002,-205213.1626
0.924024048,0.006370782,0.21339318,-205334.8477
0.919335284,0.006639409,0.21354468,-205053.4338
0.914518786,0.00691571,0.213653627,-205304.9725
0.909576022,0.007199622,0.213818289,-205875.5104
0.904508497,0.007491212,0.214148048,-205858.721
0.899317755,0.007790556,0.214392938,-205638.8219
0.894005377,0.008097697,0.21461283,-205690.7545
0.888572981,0.008412571,0.214898772,-205828.1393
0.883022222,0.00873509,0.215147447,-206130.1744
0.87735479,0.009065219,0.215475518,-206387.8145
0.871572413,0.009402986,0.215835828,-206340.1243
0.865676851,0.009748432,0.216207626,-206037.6291
0.8596699,0.010101602,0.216516479,-206141.2484
0.853553391,0.010462513,0.216869862,-206405.4741
0.847329185,0.010831197,0.217235904,-206565.3952
0.84099918,0.011207637,0.217605867,-206646.0434
0.834565303,0.011591742,0.217981771,-206425.1751
0.828029514,0.011983402,0.21835214,-206571.2756
0.821393805,0.012382558,0.218727033,-206921.9205
0.814660196,0.012789257,0.219162484,-206775.2758
0.807830738,0.013203568,0.219529445,-206752.6348
0.800907512,0.01362551,0.219906027,-206977.7036
0.793892626,0.014055007,0.220310242,-207060.5246
0.786788218,0.014491953,0.220665798,-207084.4285
0.779596452,0.014936272,0.220983233,-207124.3878
0.772319518,0.015387935,0.22133595,-207262.6306
0.764959632,0.015846923,0.221681639,-207419.7666
0.757519037,0.016313154,0.222002841,-207517.9252
0.75,0.016786441,0.222316675,-207574.2969
0.74240481,0.017266557,0.222578407,-207600.0956
0.734735781,0.017753307,0.222816083,-207715.5378
0.72699525,0.018246556,0.223087315,-207754.4169
0.719185573,0.018746164,0.223355938,-207704.3562
0.711309131,0.019251941,0.223565788,-207842.5029
0.703368322,0.019763613,0.223740267,-208151.0286
0.695365564,0.020280863,0.22393614,-208337.8074
0.687303297,0.020803435,0.224144143,-208471.3094
0.679183975,0.021331139,0.224302479,-208747.7673
0.671010072,0.021863802,0.224401315,-209122.2465
0.662784077,0.022401132,0.224500128,-209347.638
0.654508497,0.022942651,0.224607274,-209335.5177
0.646185852,0.023487835,0.224671787,-209400.7678
0.637818678,0.024036185,0.224740205,-209516.2127
0.629409523,0.024587241,0.22476497,-209610.9024
0.620960948,0.025140547,0.224727377,-210050.1702
0.612475527,0.02569559,0.2247224,-210584.8839
0.603955845,0.026251802,0.224770158,-210803.2168
0.595404498,0.026808592,0.224795893,-210913.9802
0.586824089,0.02736536,0.224786882,-211276.783
0.578217233,0.027921504,0.224805484,-211654.0894
0.56958655,0.0284764,0.224832099,-211825.7118
0.560934672,0.029029317,0.224815805,-212123.4966
0.552264232,0.029579377,0.22482428,-212560.4777
0.543577871,0.030125673,0.224905534,-212848.3862
0.534878237,0.030667402,0.225012093,-213046.7958
0.526167978,0.031203879,0.225105231,-213489.7028
0.517449748,0.031734417,0.225237519,-214089.461
0.508726203,0.032258154,0.225430144,-214628.5208
0.5,0.032774059,0.225671469,-215163.8079
0.491273797,0.033281081,0.225985451,-215655.5195
0.482550252,0.033778162,0.226394467,-215981.7144
0.473832022,0.034264231,0.226885326,-216252.6478
0.465121763,0.034738249,0.227462212,-216729.3028
0.456422129,0.035199236,0.228189064,-217223.6886
0.447735768,0.035646299,0.229036965,-217576.9626
0.439065328,0.036078532,0.229988237,-217995.0268
0.43041345,0.036494763,0.231089152,-218502.0658
0.421782767,0.036893584,0.232390643,-218919.6587
0.413175911,0.037273673,0.233909834,-219327.0965
0.404595502,0.037634005,0.235685012,-219833.0219
0.396044155,0.037973785,0.237690599,-220341.5094
0.387524473,0.038292134,0.239923592,-220763.6472
0.379039052,0.038587644,0.242467109,-221061.4246
0.370590477,0.038858484,0.245446287,-221325.7564
0.362181322,0.039103225,0.248949618,-221665.5576
0.353814148,0.039321641,0.252957107,-221916.9905
0.345491503,0.039514297,0.257258167,-222049.5124
0.337215923,0.03968063,0.261896652,-222303.7637
0.328989928,0.03981631,0.267583923,-222517.0652
0.320816025,0.039913905,0.275364619,-222055.0401
0.312696703,0.039972587,0.285581098,-220525.9247
0.304634436,0.040005579,0.297174034,-218313.2247
0.296631678,0.040032697,0.308435358,-216146.0685
0.288690869,0.04007017,0.318522634,-214379.3944
0.280814427,0.040126853,0.326937155,-213174.6727
0.27300475,0.040209801,0.333229989,-212474.2671
0.265264219,0.040319214,0.337658315,-212075.0811
0.25759519,0.040449506,0.340952547,-211878.3582
0.25,0.040595056,0.343633433,-211862.697
0.242480963,0.040752184,0.345878045,-211938.3942
0.235040368,0.040918221,0.347715763,-212088.601
0.227680482,0.041090267,0.349181352,-212442.3076
0.220403548,0.041265087,0.35040955,-212976.4812
0.213211782,0.04143955,0.351479069,-213528.7723
0.206107374,0.041610216,0.352400636,-214111.922
0.199092488,0.041773589,0.35330591,-214760.6659
0.192169262,0.041926489,0.354309117,-215465.7504
0.185339804,0.042066156,0.355408333,-216192.8683
0.178606195,0.042190141,0.356586782,-216924.4774
0.171970486,0.042295635,0.357970624,-217738.7174
0.165434697,0.042379588,0.359631872,-218575.8811
0.15900082,0.042439218,0.361558467,-219372.605
0.152670815,0.04247197,0.363838111,-220147.121
0.146446609,0.042475608,0.366510804,-220890.2413
0.1403301,0.042447881,0.369620439,-221597.2499
0.134323149,0.042386124,0.373247296,-222256.233
0.128427587,0.042287978,0.377501716,-222818.9637
0.12264521,0.042151263,0.382509513,-223228.3527
0.116977778,0.041974003,0.388374253,-223491.1965
0.111427019,0.041754583,0.394997479,-223612.7304
0.105994623,0.041491041,0.402441145,-223544.9024
0.100682245,0.041181579,0.410843698,-223226.8434
0.095491503,0.04082465,0.420274296,-222630.0166
0.090423978,0.040418312,0.430878439,-221768.0552
0.085481214,0.039961072,0.442729967,-220553.8891
0.080664716,0.039451592,0.455918774,-218891.2964
0.075975952,0.038888316,0.470577672,-216685.3289
0.07141635,0.038270374,0.486738684,-213844.1963
0.066987298,0.037596677,0.504565533,-210417.8083
0.062690146,0.03686591,0.524175803,-206320.1404
0.058526204,0.036077664,0.545545746,-201447.7425
0.054496738,0.035230954,0.568829356,-195688.4836
0.050602977,0.03432495,0.594086687,-188962.6343
0.046846106,0.033359722,0.621195467,-181250.9036
0.043227271,0.03233447,0.650361102,-172339.2746
0.039747573,0.031248819,0.681366437,-162074.7644
0.036408073,0.030103364,0.714136855,-150479.1732
0.033209787,0.028898136,0.748604431,-137972.9046
0.03015369,0.027633879,0.784021685,-125487.7922
0.027240712,0.026312235,0.820292326,-113289.2231
0.024471742,0.024933781,0.85627749,-98093.93404
0.021847622,0.02349974,0.891652227,-78357.52298
0.019369152,0.022012681,0.926696662,-59812.10691
0.017037087,0.020475453,0.959963216,-43553.67472
0.014852137,0.018891788,0.989069048,-28412.43934
0.012814968,0.017266819,1.022681624,-38362.50421
0.0109262,0.015607137,1.037908892,-20760.08172
0.009186408,0.01392063,1.044314819,-3945.258633
0.007596123,0.012216922,1.044668509,-6427.649795
0.00615583,0.010509757,1.042093086,-27411.47053
0.004865966,0.008817482,1.033228696,-59918.56528
0.003726924,0.007162174,1.013131936,-84262.19671
0.002739052,0.005571639,0.976765567,-48701.2154
0.001902651,0.004083776,0.943240621,-66669.37618
0.001217975,0.002745496,0.907489074,-83552.20896
0.000685233,0.001611245,0.872703217,-98455.23625
0.000304586,0.000740204,0.843426072,-111042.0189
7.62E-05,0.000189019,0.824045928,-120009.9886
0,2.02E-09,0.817268424,-123599.1406
0.985147863,0.00545381,0.169058738,-187382.7997
0.982962913,0.005810953,0.167438731,-188278.6677
0.980630848,0.006191513,0.165790772,-189060.2245
0.978152378,0.006595072,0.16421092,-189662.0028
0.975528258,0.007021535,0.162626546,-190548.5762
0.972759288,0.007470892,0.16106835,-191124.9828
0.96984631,0.007943053,0.15938577,-191434.1157
0.966790213,0.008437689,0.157632377,-192283.5099
0.963591927,0.008954395,0.155973903,-192786.9616
0.960252427,0.00949283,0.154299526,-192967.0872
0.956772729,0.01005279,0.152544915,-193371.9496
0.953153894,0.01063411,0.150842153,-194052.0632
0.949397023,0.011236585,0.149090159,-194304.7166
0.945503262,0.011859938,0.147275437,-195027.9153
0.941473796,0.012503812,0.145556161,-195346.0519
0.937309854,0.013167914,0.143737092,-195589.3607
0.933012702,0.013851952,0.141904926,-196195.0035
0.92858365,0.014555695,0.140062112,-196778.5618
0.924024048,0.015278829,0.138275463,-196936.1849
0.919335284,0.016020979,0.136348282,-197600.1261
0.914518786,0.01678168,0.13454618,-198383.3461
0.909576022,0.017560539,0.132739046,-198705.2977
0.904508497,0.018357389,0.130934294,-198927.899
0.899317755,0.019172097,0.1291143,-199288.5134
0.894005377,0.020004508,0.127227587,-199928.0188
0.888572981,0.020854216,0.12529753,-200550.1576
0.883022222,0.021720724,0.123404994,-201135.2605
0.87735479,0.022603545,0.121534295,-201790.6444
0.871572413,0.023502389,0.119656622,-202128.2133
0.865676851,0.02441703,0.117768077,-202362.4886
0.8596699,0.025347219,0.11582763,-202804.6071
0.853553391,0.026292563,0.113848287,-203357.9621
0.847329185,0.027252623,0.111898517,-204195.6133
0.84099918,0.028226967,0.110009671,-204540.6282
0.834565303,0.029215318,0.1080178,-204829.9852
0.828029514,0.03021747,0.106055315,-205316.4643
0.821393805,0.031233152,0.10401687,-205759.8982
0.814660196,0.032261924,0.10192138,-206215.337
0.807830738,0.033303224,0.09979858,-206774.0977
0.800907512,0.034356533,0.097667125,-207416.8022
0.793892626,0.035421505,0.095574607,-207760.5507
0.786788218,0.03649787,0.093415316,-208028.1475
0.779596452,0.037585326,0.091143755,-208598.7084
0.772319518,0.038683381,0.088837325,-209138.9818
0.764959632,0.039791397,0.086527259,-209643.9633
0.757519037,0.040908797,0.08417888,-210166.2062
0.75,0.042035098,0.081749431,-210723.7785
0.74240481,0.04316989,0.07931695,-211205.443
0.734735781,0.04431272,0.076835245,-211363.3314
0.72699525,0.045462996,0.074223475,-211674.4701
0.719185573,0.046620068,0.071525723,-212574.2143
0.711309131,0.047783236,0.068761196,-213527.4938
0.703368322,0.048951833,0.066008481,-214132.9246
0.695365564,0.050125175,0.063248966,-214448.2111
0.687303297,0.051302562,0.060346116,-214771.5927
0.679183975,0.052483301,0.057353216,-215423.7141
0.671010072,0.053666679,0.054311772,-216304.3247
0.662784077,0.054851933,0.051176789,-217102.7869
0.654508497,0.056038183,0.047957554,-217811.2289
0.646185852,0.057224433,0.044695575,-218662.4227
0.637818678,0.058409707,0.041377852,-219620.0511
0.629409523,0.059593095,0.038013161,-220307.2843
0.620960948,0.060773691,0.034536945,-220732.7551
0.612475527,0.061950523,0.030923569,-221514.3417
0.603955845,0.063122505,0.027273888,-222643.9499
0.595404498,0.064288477,0.023620038,-223522.9281
0.586824089,0.065447239,0.019845628,-224168.1158
0.578217233,0.06659752,0.015933927,-225346.916
0.56958655,0.067738011,0.012069734,-226730.22
0.560934672,0.068867428,0.008228822,-227705.3976
0.552264232,0.069984532,0.004317148,-228478.9384
0.543577871,0.071088103,0.000321212,-229451.0585
0.534878237,0.072176822,-0.003734597,-230602.259
0.526167978,0.073249155,-0.007860647,-231927.6725
0.517449748,0.074303502,-0.011942674,-233298.7861
0.508726203,0.075338323,-0.015961406,-234473.5564
0.5,0.076352153,-0.019987625,-235519.0184
0.491273797,0.077343551,-0.024062183,-236710.9401
0.482550252,0.078310974,-0.0281267,-238070.3016
0.473832022,0.0792526,-0.032096671,-239409.7962
0.465121763,0.080166636,-0.035953337,-240649.3836
0.456422129,0.081051383,-0.039734476,-241990.4272
0.447735768,0.081905258,-0.043437159,-243554.799
0.439065328,0.082726727,-0.04698506,-245089.6453
0.43041345,0.083514075,-0.050373961,-246473.0826
0.421782767,0.084265396,-0.053583504,-247804.5383
0.413175911,0.084978828,-0.05655987,-249157.3745
0.404595502,0.085652643,-0.059268866,-250557.9318
0.396044155,0.086285243,-0.061715658,-252014.8401
0.387524473,0.086875134,-0.063852465,-253327.9257
0.379039052,0.087420363,-0.06562268,-254609.5224
0.370590477,0.087918702,-0.066892874,-256014.0795
0.362181322,0.088368222,-0.067502954,-257425.8787
0.353814148,0.088767836,-0.067440768,-258605.1469
0.345491503,0.089117241,-0.066931374,-259776.2257
0.337215923,0.089415336,-0.065920034,-261038.7916
0.328989928,0.089658137,-0.063570967,-262007.5109
0.320816025,0.08983929,-0.058757966,-262208.7737
0.312696703,0.08995624,-0.051169028,-261623.3843
0.304634436,0.090019502,-0.041926427,-260559.6729
0.296631678,0.09004409,-0.032610188,-259259.3806
0.288690869,0.090041614,-0.024550662,-258141.3857
0.280814427,0.090019392,-0.018588699,-257696.6947
0.27300475,0.089980902,-0.014932165,-258052.873
0.265264219,0.089923782,-0.013023157,-258765.1637
0.25759519,0.089841278,-0.011983949,-259437.1822
0.25,0.089728113,-0.011243194,-260010.8882
0.242480963,0.089580964,-0.010570857,-260597.1213
0.235040368,0.089396943,-0.009832141,-261277.4692
0.227680482,0.089172949,-0.008873038,-262042.9256
0.220403548,0.088905993,-0.007620806,-262799.0286
0.213211782,0.088593141,-0.005976712,-263398.769
0.206107374,0.088231569,-0.003775667,-263793.8658
0.199092488,0.087818827,-0.000901229,-264074.9338
0.192169262,0.087352969,0.002703228,-264277.2463
0.185339804,0.086832358,0.00709621,-264287.2057
0.178606195,0.086255403,0.012340847,-264024.1519
0.171970486,0.085620577,0.018485351,-263540.7305
0.165434697,0.084926544,0.025599224,-262840.9484
0.15900082,0.084171908,0.033780888,-261897.3023
0.152670815,0.083355554,0.043129507,-260577.8573
0.146446609,0.082476656,0.053663709,-258834.7776
0.1403301,0.081534718,0.065355522,-256751.1741
0.134323149,0.080529239,0.078287249,-254276.0025
0.128427587,0.079459362,0.092631996,-251262.1079
0.12264521,0.078324477,0.108461432,-247773.1511
0.116977778,0.077124379,0.125785083,-243806.5706
0.111427019,0.075859254,0.144538227,-239311.2092
0.105994623,0.07452943,0.164705572,-234290.3488
0.100682245,0.073134342,0.186447877,-228641.6979
0.095491503,0.071673564,0.209885261,-222333.6055
0.090423978,0.07014714,0.235075939,-215388.664
0.085481214,0.068555522,0.261966585,-207751.1856
0.080664716,0.066899647,0.290437497,-199445.4011
0.075975952,0.065179871,0.320528248,-190453.2364
0.07141635,0.063396282,0.352310264,-180677.997
0.066987298,0.061549418,0.385753644,-170171.1176
0.062690146,0.059640087,0.42079417,-159007.9236
0.058526204,0.057669468,0.457272101,-147194.6496
0.054496738,0.055639097,0.495036347,-134782.3855
0.050602977,0.053550081,0.533967299,-121826.6403
0.046846106,0.051403734,0.573893219,-108432.7861
0.043227271,0.049201938,0.614549735,-94733.70684
0.039747573,0.046946896,0.655566133,-80852.91143
0.036408073,0.044641292,0.696653739,-66980.3999
0.033209787,0.042288281,0.737455056,-53333.39216
0.03015369,0.039891259,0.777554352,-40176.9925
0.027240712,0.037454057,0.816462902,-27773.06498
0.024471742,0.034981263,0.85344948,-16172.46582
0.021847622,0.032478767,0.888177249,-5577.737954
0.019369152,0.029953363,0.920562844,3535.37316
0.017037087,0.027412742,0.950136987,10649.2894
0.014852137,0.024866524,0.976102301,16177.50322
0.012814968,0.022326164,0.99791902,25400.7636
0.0109262,0.019804575,1.02130896,64622.77926
0.009186408,0.017317177,1.034910297,64807.7498
0.007596123,0.01488313,1.041574325,52164.67814
0.00615583,0.012524567,1.044566905,29832.08104
0.004865966,0.010266854,1.045742279,-4950.990846
0.003726924,0.008139454,1.044155552,-42262.42997
0.002739052,0.006176823,1.04084872,-73764.09872
0.001902651,0.004416872,1.035347079,-104422.7319
0.001217975,0.002899657,1.028526163,-131178.8793
0.000685233,0.001665456,1.021342805,-162783.8243
0.000304586,0.000751812,1.014828308,-156152.3181
7.62E-05,0.00018977,1.010357191,-135025.1375
0,2.85E-10,1.00878922,-126371.7252
0.985147863,-0.000738845,0.216772499,-211029.0851
0.982962913,-0.000996051,0.222682185,-210407.8567
0.980630848,-0.001268828,0.228474595,-209864.8491
0.978152378,-0.001556722,0.234114983,-209418.2193
0.975528258,-0.001859237,0.239796497,-208979.8829
0.972759288,-0.002175846,0.24534215,-208080.9249
0.96984631,-0.00250607,0.250762603,-207487.4028
0.966790213,-0.002849467,0.256145666,-206804.0851
0.963591927,-0.003205598,0.261569406,-206085.557
0.960252427,-0.00357387,0.266835176,-205507.4037
0.956772729,-0.003953548,0.27214756,-204717.872
0.953153894,-0.004343857,0.277264845,-204084.7327
0.949397023,-0.004744119,0.28239159,-203385.4312
0.945503262,-0.005153739,0.287348075,-202839.0372
0.941473796,-0.005572136,0.292288692,-202319.2949
0.937309854,-0.005998656,0.297205327,-201621.6692
0.933012702,-0.006432608,0.302010767,-200881.2402
0.92858365,-0.006873282,0.306824972,-200363.6478
0.924024048,-0.007319881,0.311625062,-199484.7935
0.919335284,-0.007771566,0.316262155,-198913.0219
0.914518786,-0.008227447,0.320882852,-198561.4691
0.909576022,-0.008686678,0.325450342,-197840.091
0.904508497,-0.009148447,0.32989302,-197140.593
0.899317755,-0.009611931,0.334321971,-196461.3461
0.894005377,-0.010076322,0.338607876,-196052.7382
0.888572981,-0.010540798,0.342868677,-195901.672
0.883022222,-0.011004551,0.347163607,-195287.3426
0.87735479,-0.011466678,0.351322616,-194305.5452
0.871572413,-0.011926221,0.355415538,-193821.8858
0.865676851,-0.012382188,0.359426629,-193249.678
0.8596699,-0.012833706,0.363334401,-192897.0102
0.853553391,-0.01327998,0.367187827,-192609.1356
0.847329185,-0.013720236,0.371060933,-191813.4761
0.84099918,-0.01415359,0.374788721,-191207.346
0.834565303,-0.014579057,0.378466647,-190967.3419
0.828029514,-0.014995645,0.382077067,-190640.9529
0.821393805,-0.015402426,0.385629953,-190232.1706
0.814660196,-0.015798535,0.389089249,-189669.2709
0.807830738,-0.016183119,0.392422027,-189200.4666
0.800907512,-0.016555367,0.395701705,-188883.6123
0.793892626,-0.016914511,0.398965875,-188368.2981
0.786788218,-0.0172598,0.402140186,-187781.51
0.779596452,-0.017590396,0.40522591,-187494.3376
0.772319518,-0.017905409,0.408248042,-187212.5608
0.764959632,-0.018203935,0.411189402,-186753.7892
0.757519037,-0.018485172,0.414056021,-186349.9556
0.75,-0.018748385,0.41685045,-186140.9099
0.74240481,-0.018992865,0.419590461,-185822.3057
0.734735781,-0.019217937,0.422217856,-185250.8288
0.72699525,-0.019422954,0.424726456,-184976.251
0.719185573,-0.019607297,0.427184859,-184970.05
0.711309131,-0.019770371,0.429598658,-184674.9755
0.703368322,-0.019911608,0.431886817,-184403.1115
0.695365564,-0.020030464,0.43408938,-184294.3909
0.687303297,-0.020126397,0.436272875,-183855.1511
0.679183975,-0.020198878,0.438374317,-183320.1142
0.671010072,-0.020247415,0.44034816,-183176.5407
0.662784077,-0.020271593,0.44226479,-183178.9837
0.654508497,-0.020271085,0.444162994,-183000.6211
0.646185852,-0.020245585,0.445981825,-182679.3787
0.637818678,-0.020194803,0.447695999,-182374.3982
0.629409523,-0.020118476,0.449336446,-182227.4277
0.620960948,-0.020016373,0.45086369,-182163.831
0.612475527,-0.019888372,0.452302008,-182170.5177
0.603955845,-0.01973442,0.453699967,-182021.712
0.595404498,-0.019554488,0.455053401,-181572.3943
0.586824089,-0.01934853,0.456315044,-181235.4244
0.578217233,-0.019116492,0.457486597,-181377.5851
0.56958655,-0.01885838,0.458627531,-181612.0451
0.560934672,-0.018574316,0.45974131,-181451.2528
0.552264232,-0.018264508,0.460769933,-181127.6621
0.543577871,-0.017929206,0.46168583,-181100.1181
0.534878237,-0.017568738,0.462535177,-181243.9976
0.526167978,-0.017183495,0.463368249,-181185.7163
0.517449748,-0.01677387,0.464162985,-180951.1256
0.508726203,-0.016340242,0.464873901,-180909.9549
0.5,-0.015883,0.465523408,-181142.8424
0.491273797,-0.015402598,0.466155355,-181269.0724
0.482550252,-0.014899684,0.466725194,-181197.1617
0.473832022,-0.014374971,0.467234947,-181209.5631
0.465121763,-0.013829168,0.467726401,-181303.9936
0.456422129,-0.013262938,0.468200674,-181367.5772
0.447735768,-0.012676933,0.468632308,-181490.6822
0.439065328,-0.012071871,0.469029095,-181727.977
0.43041345,-0.011448567,0.469412216,-181898.3084
0.421782767,-0.010807877,0.469762406,-181990.8605
0.413175911,-0.010150724,0.470085406,-182099.3849
0.404595502,-0.009478173,0.47039705,-182243.3597
0.396044155,-0.008791322,0.470690283,-182484.586
0.387524473,-0.008091231,0.471001152,-182759.6488
0.379039052,-0.007378924,0.471345682,-183010.2226
0.370590477,-0.006655413,0.471706803,-183254.2519
0.362181322,-0.005921757,0.472080278,-183467.3319
0.353814148,-0.005179067,0.472441633,-183714.1378
0.345491503,-0.004428458,0.47282654,-184071.3015
0.337215923,-0.003671129,0.473280672,-184315.6769
0.328989928,-0.002908372,0.473756172,-184539.5267
0.320816025,-0.002141467,0.47428633,-184910.8024
0.312696703,-0.001371714,0.474880131,-185292.1818
0.304634436,-0.000600411,0.475549871,-185615.5508
0.296631678,0.000171168,0.476330627,-185956.3553
0.288690869,0.000941811,0.477200272,-186355.666
0.280814427,0.001710383,0.478132371,-186825.0241
0.27300475,0.00247573,0.479146095,-187267.1843
0.265264219,0.003236475,0.480276399,-187585.6679
0.25759519,0.003991096,0.481545195,-187913.4055
0.25,0.004738161,0.482961429,-188332.2794
0.242480963,0.005476357,0.484547453,-188745.5188
0.235040368,0.006204489,0.486301239,-189173.4163
0.227680482,0.006921366,0.488225518,-189629.1302
0.220403548,0.007625688,0.490344046,-190023.7239
0.213211782,0.008316145,0.492669256,-190417.8489
0.206107374,0.008991502,0.49522145,-190888.4184
0.199092488,0.009650513,0.498027612,-191303.7397
0.192169262,0.010292004,0.501075661,-191674.6832
0.185339804,0.010914831,0.504381026,-192147.5814
0.178606195,0.011517688,0.508002584,-192545.8212
0.171970486,0.01209934,0.511941162,-192814.3589
0.165434697,0.012658649,0.516221096,-193068.9464
0.15900082,0.013194481,0.520858678,-193414.6231
0.152670815,0.013705842,0.525883691,-193727.488
0.146446609,0.014191726,0.531309627,-193901.3125
0.1403301,0.014650965,0.537170749,-194068.2917
0.134323149,0.015082544,0.543486271,-194250.222
0.128427587,0.015485457,0.550293478,-194367.8403
0.12264521,0.015858595,0.557653052,-194351.852
0.116977778,0.016201052,0.565572446,-194218.8859
0.111427019,0.016511968,0.574085939,-194050.7081
0.105994623,0.01679041,0.583247745,-193772.533
0.100682245,0.017035723,0.593053754,-193378.9661
0.095491503,0.017247082,0.603544673,-192811.7895
0.090423978,0.017423439,0.61481449,-192070.4747
0.085481214,0.017564106,0.626909683,-191171.0814
0.080664716,0.017668333,0.639927517,-190103.2778
0.075975952,0.017735332,0.653793355,-188753.5683
0.07141635,0.017764751,0.66849837,-187122.6836
0.066987298,0.017755904,0.684174758,-185300.9399
0.062690146,0.017707949,0.700922593,-183054.6405
0.058526204,0.017620633,0.718902745,-180368.492
0.054496738,0.017493265,0.737950415,-177327.9704
0.050602977,0.01732513,0.758162995,-173775.858
0.046846106,0.01711624,0.779372415,-169558.7686
0.043227271,0.016865845,0.801844248,-164588.2549
0.039747573,0.016573195,0.825361934,-159226.9531
0.036408073,0.01623853,0.849955528,-153473.2478
0.033209787,0.015861085,0.875450353,-146013.5426
0.03015369,0.015440292,0.901616867,-136935.3731
0.027240712,0.014976891,0.928054428,-125908.8933
0.024471742,0.014470023,0.954099459,-107507.9956
0.021847622,0.013919228,0.980008613,-88505.1777
0.019369152,0.013325821,1.004256949,-123279.6879
0.017037087,0.012688514,1.026663026,-174014.8235
0.014852137,0.012006688,1.037935652,-99439.7351
0.012814968,0.011282361,1.043563379,-21972.62524
0.0109262,0.01051438,1.038733026,74094.9949
0.009186408,0.009702659,1.022378977,86604.17402
0.007596123,0.008850755,0.97636351,41288.05544
0.00615583,0.007958044,0.901732826,41009.37021
0.004865966,0.00702456,0.788702951,31152.54798
0.003726924,0.006055596,0.628739526,8536.084583
0.002739052,0.005056278,0.410807813,-27073.18758
0.001902651,0.004031871,0.132206798,-83006.82778
0.001217975,0.002993164,-0.19446515,-157770.0738
0.000685233,0.001971488,-0.551707369,-245952.0989
0.000304586,0.001031039,-0.918996668,-330503.8976
7.62E-05,0.000296571,-1.246359941,-390188.4536
0,-8.59E-06,-1.376225861,-422572.1712
0.985147863,0.001896422,0.213586435,-208866.6591
0.982962913,0.001877942,0.217078068,-208675.5064
0.980630848,0.001859571,0.220419123,-208534.8732
0.978152378,0.001841719,0.223605255,-208248.327
0.975528258,0.001824489,0.226755611,-208194.0872
0.972759288,0.001807911,0.229947021,-207628.4806
0.96984631,0.001792152,0.233075624,-207406.4021
0.966790213,0.001777681,0.236185672,-207266.8105
0.963591927,0.001765062,0.239301864,-206846.6413
0.960252427,0.001754755,0.242303488,-206303.0714
0.956772729,0.001746952,0.24512607,-205913.9302
0.953153894,0.001741784,0.247991021,-205637.7986
0.949397023,0.001739491,0.25088464,-205197.6319
0.945503262,0.001740589,0.253794727,-204781.5485
0.941473796,0.001745663,0.256592857,-204474.9862
0.937309854,0.001755265,0.259313568,-204238.4391
0.933012702,0.001769791,0.262058541,-203602.137
0.92858365,0.001789619,0.264696908,-202893.7686
0.924024048,0.001815154,0.267273611,-202665.7889
0.919335284,0.001846869,0.269869907,-202331.958
0.914518786,0.001885256,0.27236806,-201947.028
0.909576022,0.001930824,0.274880536,-201453.1671
0.904508497,0.001984085,0.27730266,-201005.6331
0.899317755,0.002045568,0.27972016,-200804.8885
0.894005377,0.002115804,0.282059078,-200472.9602
0.888572981,0.002195315,0.284381219,-199972.9839
0.883022222,0.002284627,0.28663676,-199294.114
0.87735479,0.00238427,0.288767505,-199293.1918
0.871572413,0.002494779,0.290954101,-199051.3686
0.865676851,0.00261669,0.293045241,-198458.494
0.8596699,0.002750543,0.295071063,-198063.5308
0.853553391,0.002896885,0.297054634,-197991.7138
0.847329185,0.003056268,0.298999585,-197629.4091
0.84099918,0.003229242,0.300866716,-197180.8775
0.834565303,0.003416361,0.302698545,-196698.4318
0.828029514,0.003618174,0.304410831,-196338.3092
0.821393805,0.003835244,0.306057922,-196376.3927
0.814660196,0.004068146,0.307679668,-196302.7994
0.807830738,0.004317475,0.309230519,-195695.1763
0.800907512,0.004583742,0.310663278,-195100.562
0.793892626,0.004867283,0.31200528,-194912.9446
0.786788218,0.005168354,0.313288216,-194834.5822
0.779596452,0.005487312,0.314525107,-194715.5686
0.772319518,0.005824785,0.315716697,-194348.0671
0.764959632,0.006181466,0.316744727,-193966.728
0.757519037,0.006557897,0.317683114,-193777.5594
0.75,0.006954208,0.318538747,-193712.835
0.74240481,0.00737042,0.319317217,-193700.393
0.734735781,0.007806674,0.320049484,-193521.0572
0.72699525,0.008263404,0.320662396,-193200.7798
0.719185573,0.00874111,0.321180448,-193001.3755
0.711309131,0.009240133,0.321624413,-192940.5613
0.703368322,0.009760582,0.321921194,-193076.6008
0.695365564,0.010302471,0.322115278,-193185.7067
0.687303297,0.010865819,0.322251846,-192871.9961
0.679183975,0.011450636,0.322270285,-192481.3065
0.671010072,0.012056914,0.322151974,-192491.088
0.662784077,0.012684632,0.321956199,-192579.7346
0.654508497,0.013333772,0.321675438,-192496.7848
0.646185852,0.014004293,0.321224122,-192671.9574
0.637818678,0.014695984,0.320634953,-193123.5276
0.629409523,0.015408421,0.32001386,-193251.9958
0.620960948,0.016141119,0.319287524,-193149.3084
0.612475527,0.016893693,0.318468306,-193021.1676
0.603955845,0.017665806,0.317538226,-192962.2001
0.595404498,0.018457096,0.316455777,-193167.158
0.586824089,0.019267113,0.315263756,-193636.8816
0.578217233,0.020095308,0.313989393,-193951.8612
0.56958655,0.020941096,0.312578881,-194030.4214
0.560934672,0.021803648,0.311035157,-194233.0564
0.552264232,0.022682009,0.309416449,-194650.4645
0.543577871,0.023575215,0.307741399,-195071.0631
0.534878237,0.024482422,0.305958191,-195469.6983
0.526167978,0.0254029,0.304039671,-195950.1837
0.517449748,0.026335808,0.302032337,-196370.9326
0.508726203,0.027279951,0.299917811,-196748.1783
0.5,0.028233995,0.297710632,-197202.4682
0.491273797,0.029196642,0.295433468,-197777.2079
0.482550252,0.030166728,0.293101795,-198356.7855
0.473832022,0.031143154,0.290692238,-198880.0833
0.465121763,0.032124681,0.2881703,-199493.9213
0.456422129,0.03310978,0.285583991,-200280.1012
0.447735768,0.034096867,0.282956656,-201041.0168
0.439065328,0.035084439,0.280294959,-201758.895
0.43041345,0.03607111,0.277594626,-202501.4497
0.421782767,0.037055499,0.27482444,-203331.1324
0.413175911,0.038036009,0.271985774,-204258.6363
0.404595502,0.039010737,0.269169857,-205140.3112
0.396044155,0.039977809,0.266392014,-205854.6574
0.387524473,0.040935607,0.263615419,-206693.2505
0.379039052,0.041882734,0.260828422,-207826.1876
0.370590477,0.042817735,0.258053712,-209030.2627
0.362181322,0.043738815,0.255314299,-210088.9003
0.353814148,0.044643912,0.252618559,-211129.8085
0.345491503,0.0455311,0.249988933,-212260.5519
0.337215923,0.046398692,0.247478931,-213323.6624
0.328989928,0.047245157,0.245067246,-214336.1946
0.320816025,0.048068864,0.242739836,-215429.4562
0.312696703,0.048867964,0.24052247,-216678.6097
0.304634436,0.049640558,0.238470333,-218034.9673
0.296631678,0.0503849,0.236632268,-219347.9941
0.288690869,0.051099418,0.235002268,-220529.2477
0.280814427,0.051782656,0.23355958,-221707.2712
0.27300475,0.052433068,0.232344335,-222894.4064
0.265264219,0.053049014,0.231363161,-224073.9935
0.25759519,0.053628957,0.230626648,-225334.2894
0.25,0.05417131,0.230202185,-226642.3186
0.242480963,0.05467451,0.230155383,-227897.8927
0.235040368,0.055137126,0.230467738,-229083.866
0.227680482,0.055557752,0.231128174,-230169.0535
0.220403548,0.055935077,0.232212462,-231116.5927
0.213211782,0.056267924,0.233768205,-232038.8081
0.206107374,0.056555041,0.23580403,-233062.9386
0.199092488,0.056795283,0.238403589,-234101.4256
0.192169262,0.056987647,0.241605989,-234944.0388
0.185339804,0.057131074,0.245302408,-235631.7511
0.178606195,0.05722469,0.249507623,-236287.2833
0.171970486,0.057267641,0.254343778,-236855.9564
0.165434697,0.057258827,0.259872322,-237291.2023
0.15900082,0.057197374,0.266151111,-237564.1667
0.152670815,0.05708256,0.27322369,-237583.883
0.146446609,0.056913699,0.28115384,-237376.4939
0.1403301,0.056690395,0.290096253,-237091.8095
0.134323149,0.056412164,0.29990484,-236705.3229
0.128427587,0.056078419,0.310565148,-235967.0774
0.12264521,0.055688889,0.322196569,-234915.0907
0.116977778,0.055243061,0.334861799,-233665.7844
0.111427019,0.054740368,0.348649787,-232083.0138
0.105994623,0.054180657,0.363570535,-230101.0644
0.100682245,0.053563596,0.379702227,-227669.132
0.095491503,0.052889054,0.397105354,-224778.3194
0.090423978,0.052157234,0.415813068,-221476.7676
0.085481214,0.051367732,0.435902951,-217687.0084
0.080664716,0.050520391,0.457425427,-213347.3122
0.075975952,0.049615445,0.480403873,-208424.7121
0.07141635,0.048652881,0.504905959,-202822.2218
0.066987298,0.047633153,0.530835298,-196559.3598
0.062690146,0.046556795,0.558171994,-189630.5909
0.058526204,0.045423349,0.587068219,-181857.3174
0.054496738,0.044232893,0.617431825,-173222.4373
0.050602977,0.042985905,0.649238867,-163709.9993
0.046846106,0.041682524,0.682397967,-153217.7736
0.043227271,0.040323683,0.716618182,-141780.8651
0.039747573,0.038910287,0.75186326,-129452.9291
0.036408073,0.037442214,0.787842692,-116778.9451
0.033209787,0.035920273,0.823954104,-104387.0582
0.03015369,0.034345398,0.859863895,-92052.81235
0.027240712,0.032717849,0.894482258,-76189.83017
0.024471742,0.0310389,0.928238722,-58881.04363
0.021847622,0.029310087,0.960309069,-44222.91227
0.019369152,0.027532406,0.988423845,-30493.57297
0.017037087,0.025707801,1.017599185,-53544.35319
0.014852137,0.02383886,1.035767507,-25515.88635
0.012814968,0.021928145,1.043703888,-6797.422382
0.0109262,0.019978969,1.044786879,-5849.539206
0.009186408,0.017996106,1.042136717,-23152.02883
0.007596123,0.015986049,1.027222458,-59671.67673
0.00615583,0.013956409,0.993438809,-34658.29011
0.004865966,0.011917801,0.953226888,-54442.20362
0.003726924,0.009887734,0.900816819,-77931.91811
0.002739052,0.00788938,0.83704165,-104158.091
0.001902651,0.005954935,0.766784089,-135977.1873
0.001217975,0.004136666,0.69326288,-168970.9093
0.000685233,0.002512973,0.621116838,-199627.6827
0.000304586,0.001192778,0.557667166,-221089.551
7.62E-05,0.000312145,0.513034793,-234518.8165
0,1.01E-09,0.496816537,-239986.5647
0.985147863,0.004402533,0.158415122,-203451.0956
0.982962913,0.004612492,0.160431394,-203552.0185
0.980630848,0.004837576,0.162384834,-203548.325
0.978152378,0.00507791,0.164341258,-203599.9232
0.975528258,0.005333498,0.166145357,-203599.7075
0.972759288,0.005604291,0.167970934,-203297.7645
0.96984631,0.005890245,0.169784007,-203349.2584
0.966790213,0.00619153,0.171554042,-203009.3308
0.963591927,0.006508397,0.173323607,-202884.8258
0.960252427,0.006841105,0.174979744,-202532.9022
0.956772729,0.00718986,0.17657916,-202584.2962
0.953153894,0.007554848,0.178133511,-202351.2876
0.949397023,0.007936249,0.179524982,-202267.962
0.945503262,0.008334178,0.18100252,-201815.4785
0.941473796,0.008748707,0.182284279,-201734.3006
0.937309854,0.009179905,0.183565157,-201472.4132
0.933012702,0.009627988,0.184804247,-201304.2733
0.92858365,0.010093211,0.186094269,-200960.6775
0.924024048,0.010575846,0.187184565,-200584.8193
0.919335284,0.011076169,0.188238941,-200555.3098
0.914518786,0.011594438,0.189254665,-200532.7435
0.909576022,0.012130912,0.190208626,-200330.0447
0.904508497,0.012685765,0.191054664,-200085.7713
0.899317755,0.01325909,0.191850465,-199791.8865
0.894005377,0.013851019,0.19262666,-199591.4971
0.888572981,0.014461834,0.193359668,-199335.6573
0.883022222,0.015091959,0.193976569,-199340.9549
0.87735479,0.015741835,0.194523615,-199401.898
0.871572413,0.016411715,0.195002656,-198975.5732
0.865676851,0.017101746,0.19539063,-198581.0268
0.8596699,0.017812064,0.195679873,-198489.2567
0.853553391,0.01854283,0.195872493,-198471.9702
0.847329185,0.01929422,0.196049158,-198365.6096
0.84099918,0.020066433,0.196157063,-198148.7793
0.834565303,0.020859749,0.196152493,-197932.4065
0.828029514,0.021674527,0.196050873,-197710.88
0.821393805,0.022511129,0.195815006,-197875.6032
0.814660196,0.023369729,0.195538172,-198012.5486
0.807830738,0.024250359,0.19514353,-197686.928
0.800907512,0.025153038,0.19457878,-197353.7715
0.793892626,0.02607791,0.193961563,-197302.5164
0.786788218,0.027025198,0.193233955,-197317.147
0.779596452,0.027995108,0.192371418,-197360.2099
0.772319518,0.028987707,0.191393978,-197395.2519
0.764959632,0.03000294,0.190289392,-197271.8134
0.757519037,0.031040747,0.189063161,-197196.7369
0.75,0.032101108,0.187734863,-197051.8768
0.74240481,0.033184044,0.186219495,-196970.432
0.734735781,0.034289556,0.184550657,-197133.9803
0.72699525,0.035417477,0.182738437,-197228.3756
0.719185573,0.036567556,0.180745274,-197497.6175
0.711309131,0.037739542,0.178685093,-197777.6015
0.703368322,0.038933201,0.176469781,-197850.4806
0.695365564,0.040148333,0.174023918,-198010.5558
0.687303297,0.041384652,0.171418967,-198153.7441
0.679183975,0.04264168,0.168621986,-198335.8243
0.671010072,0.043918825,0.165619414,-198808.9495
0.662784077,0.045215473,0.162492482,-199316.4658
0.654508497,0.046531001,0.159221625,-199521.4796
0.646185852,0.047864775,0.155732571,-199702.5322
0.637818678,0.049216095,0.152007634,-200134.7191
0.629409523,0.050584192,0.14809723,-200764.7187
0.620960948,0.051968266,0.144045763,-201212.5089
0.612475527,0.053367386,0.139750243,-201559.1679
0.603955845,0.054780498,0.135188949,-202122.5758
0.595404498,0.05620648,0.130454686,-202852.1454
0.586824089,0.057644152,0.125542843,-203475.9472
0.578217233,0.059092227,0.120421164,-204108.2994
0.56958655,0.060549395,0.115069793,-204940.2677
0.560934672,0.062014268,0.109521338,-205949.3309
0.552264232,0.063485426,0.103773547,-207056.245
0.543577871,0.064961381,0.097795995,-208168.8603
0.534878237,0.066440478,0.09159434,-209135.8314
0.526167978,0.067920866,0.085179143,-209955.0171
0.517449748,0.06940073,0.078532147,-211021.4781
0.508726203,0.070878109,0.071723747,-212329.6339
0.5,0.072350997,0.064766085,-213695.7965
0.491273797,0.073817451,0.057610326,-215095.0601
0.482550252,0.075275579,0.050286625,-216537.7196
0.473832022,0.076723543,0.042768722,-217936.206
0.465121763,0.078159225,0.035040507,-219404.7097
0.456422129,0.079580093,0.027143747,-221005.6726
0.447735768,0.080983502,0.019137634,-222691.1864
0.439065328,0.082367061,0.011036034,-224464.6144
0.43041345,0.083728638,0.002815852,-226397.9159
0.421782767,0.085066127,-0.005525453,-228469.4323
0.413175911,0.086377043,-0.013936837,-230485.582
0.404595502,0.087658667,-0.022386159,-232372.6604
0.396044155,0.088908363,-0.030888681,-234359.6805
0.387524473,0.090123633,-0.039407141,-236636.2297
0.379039052,0.091302139,-0.047889076,-239003.8371
0.370590477,0.092441484,-0.056300204,-241277.3566
0.362181322,0.093539167,-0.064633143,-243480.048
0.353814148,0.094592688,-0.072878534,-245764.4067
0.345491503,0.095599627,-0.080991324,-248215.7006
0.337215923,0.096557571,-0.088946986,-250717.1972
0.328989928,0.0974642,-0.096711396,-253212.8885
0.320816025,0.098317088,-0.104190056,-255670.6483
0.312696703,0.099113736,-0.11130579,-258043.7091
0.304634436,0.099851847,-0.118086357,-260383.7048
0.296631678,0.100529361,-0.124484105,-262854.312
0.288690869,0.101144505,-0.130414748,-265356.637
0.280814427,0.101695456,-0.135830487,-267730.9759
0.27300475,0.10218024,-0.140687559,-269912.6446
0.265264219,0.102596909,-0.144899289,-271940.7214
0.25759519,0.102943662,-0.148389769,-273939.9842
0.25,0.103218676,-0.15115787,-275933.2873
0.242480963,0.103420389,-0.153203158,-277828.7999
0.235040368,0.103547473,-0.154384005,-279541.4613
0.227680482,0.103598879,-0.154605956,-281000.4829
0.220403548,0.103573674,-0.153948258,-282148.8403
0.213211782,0.103470599,-0.152356532,-283046.0905
0.206107374,0.103288398,-0.149626653,-283772.6627
0.199092488,0.10302612,-0.145698166,-284296.5381
0.192169262,0.102683091,-0.14036645,-284499.1565
0.185339804,0.10225894,-0.133551131,-284285.3729
0.178606195,0.101753314,-0.12545447,-283659.3613
0.171970486,0.101165722,-0.116156747,-282690.6737
0.165434697,0.100495913,-0.105437835,-281371.527
0.15900082,0.099743638,-0.093186329,-279540.8341
0.152670815,0.09890865,-0.079364049,-277221.8459
0.146446609,0.097990991,-0.063919969,-274468.188
0.1403301,0.096990765,-0.046801363,-271156.3069
0.134323149,0.095908259,-0.028028612,-267208.5027
0.128427587,0.094743927,-0.007557051,-262640.8674
0.12264521,0.093498093,0.014745528,-257428.2101
0.116977778,0.092171167,0.038901015,-251555.6508
0.111427019,0.090763818,0.064867647,-245045.8464
0.105994623,0.089276653,0.092672467,-237855.8397
0.100682245,0.087710536,0.122280772,-229944.4569
0.095491503,0.08606636,0.153652403,-221371.1998
0.090423978,0.084344674,0.186839335,-212108.8481
0.085481214,0.082546373,0.221811092,-202070.4191
0.080664716,0.080672447,0.258514288,-191326.0502
0.075975952,0.078723915,0.296895491,-179892.2139
0.07141635,0.076702137,0.336789867,-167813.8387
0.066987298,0.07460834,0.378083197,-155149.6211
0.062690146,0.072443582,0.420699431,-141895.6857
0.058526204,0.070209303,0.464462872,-128155.5053
0.054496738,0.067906885,0.509171885,-114034.7312
0.050602977,0.065537737,0.554610756,-99647.64166
0.046846106,0.063103615,0.600309337,-85125.37026
0.043227271,0.060606253,0.646122389,-70604.37924
0.039747573,0.05804744,0.691720994,-56268.99409
0.036408073,0.055429288,0.736663335,-42345.12247
0.033209787,0.05275406,0.780510244,-29108.45861
0.03015369,0.05002416,0.822689911,-16800.88306
0.027240712,0.047242308,0.862498179,-5510.157922
0.024471742,0.044411942,0.899684033,4395.025167
0.021847622,0.041536917,0.934029515,12454.60493
0.019369152,0.038621461,0.964840893,18781.49386
0.017037087,0.035670955,0.991026267,20716.42011
0.014852137,0.032691703,1.015933943,63402.61453
0.012814968,0.029690658,1.034328654,70703.77615
0.0109262,0.026677385,1.04242923,52687.04476
0.009186408,0.023664219,1.045066166,18635.1896
0.007596123,0.020665645,1.044704254,-33375.76461
0.00615583,0.017700531,1.040201935,-81682.23389
0.004865966,0.014794653,1.029186284,-132897.7298
0.003726924,0.01198046,1.012068764,-186894.1975
0.002739052,0.00929941,0.989581422,-71342.51567
0.001902651,0.006806732,0.966476888,-88640.25773
0.001217975,0.004573037,0.942629365,-104604.0275
0.000685233,0.002683373,0.920214464,-119284.8115
0.000304586,0.001232943,0.90151741,-129690.2714
7.62E-05,0.000314922,0.888915074,-135125.4308
0,5.14E-09,0.884460347,-137016.7803
0.985147863,-0.002945575,0.260683407,-193932.4236
0.982962913,-0.003517642,0.274168842,-192454.0112
0.980630848,-0.004122152,0.287230849,-190759.2745
0.978152378,-0.004757657,0.299720568,-189566.3376
0.975528258,-0.005422797,0.31197275,-188254.0736
0.972759288,-0.006116194,0.323889985,-186699.9775
0.96984631,-0.006836326,0.335330658,-185422.1961
0.966790213,-0.007581533,0.346524245,-184276.6606
0.963591927,-0.008350073,0.357458903,-182847.0824
0.960252427,-0.009140134,0.36798029,-181600.3056
0.956772729,-0.009949818,0.378188015,-180481.0061
0.953153894,-0.010777143,0.388106534,-179573.0103
0.949397023,-0.011620065,0.397761154,-178266.5857
0.945503262,-0.012476439,0.407049995,-177267.6406
0.941473796,-0.013344036,0.416054109,-176068.8314
0.937309854,-0.014220643,0.424717522,-175064.2513
0.933012702,-0.015104133,0.433108014,-174206.7914
0.92858365,-0.015992288,0.44119744,-173319.4778
0.924024048,-0.016882842,0.449075604,-172324.7765
0.919335284,-0.017773331,0.456678303,-171410.8462
0.914518786,-0.01866124,0.463967386,-170715.19
0.909576022,-0.019544002,0.47106012,-169769.5449
0.904508497,-0.020419008,0.477816153,-168824.2179
0.899317755,-0.02128358,0.484308842,-168248.0024
0.894005377,-0.02213507,0.49053672,-167688.1038
0.888572981,-0.022970914,0.496481864,-167008.9942
0.883022222,-0.023788493,0.502174108,-166060.0658
0.87735479,-0.024585156,0.507584397,-165188.9803
0.871572413,-0.025358185,0.512736652,-164417.0508
0.865676851,-0.026104812,0.517613611,-163710.6548
0.8596699,-0.026822265,0.522196585,-163395.6608
0.853553391,-0.02750778,0.526525695,-162836.6488
0.847329185,-0.02815855,0.530573165,-162016.2366
0.84099918,-0.028771838,0.534368753,-161084.7482
0.834565303,-0.029344929,0.537864326,-160484.7439
0.828029514,-0.029875135,0.541091831,-160075.7121
0.821393805,-0.030359634,0.543981962,-159422.468
0.814660196,-0.030795498,0.54654135,-158848.6543
0.807830738,-0.031179778,0.548742519,-158392.1063
0.800907512,-0.031509845,0.550605323,-157718.5469
0.793892626,-0.03178336,0.552016309,-157007.8884
0.786788218,-0.031998004,0.553074867,-156462.8428
0.779596452,-0.032151123,0.553868263,-155998.1969
0.772319518,-0.032239764,0.554285149,-155449.8522
0.764959632,-0.032261054,0.554223787,-154839.7445
0.757519037,-0.032212908,0.553618322,-154383.5111
0.75,-0.032093842,0.552533416,-154056.3503
0.74240481,-0.03190211,0.550886121,-153931.0814
0.734735781,-0.031633494,0.548456077,-153778.7256
0.72699525,-0.031282367,0.544792943,-153494.3732
0.719185573,-0.030844793,0.539685452,-153866.696
0.711309131,-0.030328132,0.533380955,-155317.2506
0.703368322,-0.029744472,0.526211397,-157195.749
0.695365564,-0.029107331,0.518395502,-159039.3348
0.687303297,-0.028432807,0.510480728,-161184.2443
0.679183975,-0.02773923,0.503472172,-163340.5946
0.671010072,-0.027039709,0.497796273,-164899.8339
0.662784077,-0.026334513,0.493128878,-166067.9741
0.654508497,-0.025617822,0.489026188,-167232.9808
0.646185852,-0.024886498,0.485204635,-168428.0371
0.637818678,-0.024140808,0.481578398,-169646.7736
0.629409523,-0.023382711,0.478223479,-170718.8075
0.620960948,-0.022613551,0.475145475,-171425.4091
0.612475527,-0.02183342,0.472320685,-172034.7124
0.603955845,-0.021042122,0.469724643,-172694.51
0.595404498,-0.020239642,0.467230369,-173383.83
0.586824089,-0.019426404,0.464848046,-174101.4032
0.578217233,-0.018602978,0.462645429,-174800.6372
0.56958655,-0.017769879,0.460585324,-175474.078
0.560934672,-0.016927593,0.458627219,-176120.1813
0.552264232,-0.016076599,0.456814558,-176653.8573
0.543577871,-0.01521739,0.455109435,-177186.0484
0.534878237,-0.014350474,0.45346171,-177931.4481
0.526167978,-0.013476359,0.451912383,-178736.8974
0.517449748,-0.012595629,0.450497228,-179246.4446
0.508726203,-0.011708939,0.449174289,-179518.1125
0.5,-0.010816976,0.447906624,-179888.6864
0.491273797,-0.009920426,0.446714384,-180468.75
0.482550252,-0.00901996,0.445612759,-181138.5224
0.473832022,-0.008116246,0.444604791,-181794.5234
0.465121763,-0.007210003,0.443700434,-182307.162
0.456422129,-0.00630203,0.442872196,-182770.8066
0.447735768,-0.005393139,0.442118738,-183254.2332
0.439065328,-0.004484117,0.441461016,-183752.7748
0.43041345,-0.00357573,0.440910026,-184237.6437
0.421782767,-0.002668733,0.44044781,-184674.2545
0.413175911,-0.001763922,0.440046706,-185131.5873
0.404595502,-0.000862148,0.439744247,-185736.3724
0.396044155,3.57E-05,0.439573641,-186237.0278
0.387524473,0.000928812,0.439489156,-186641.799
0.379039052,0.001816056,0.439503477,-187208.8254
0.370590477,0.00269647,0.439664744,-187821.1879
0.362181322,0.00356919,0.439955428,-188328.1314
0.353814148,0.004433499,0.44035074,-188882.3004
0.345491503,0.005288672,0.440878059,-189459.7295
0.337215923,0.006133775,0.441539084,-189837.3802
0.328989928,0.006967616,0.442324054,-190179.3284
0.320816025,0.007789061,0.44327262,-190669.7562
0.312696703,0.008597207,0.444417462,-191156.2232
0.304634436,0.009391325,0.445729474,-191650.7547
0.296631678,0.010170722,0.447191034,-192236.7131
0.288690869,0.010934509,0.44885481,-192709.6398
0.280814427,0.011681699,0.450714882,-193084.0625
0.27300475,0.012411343,0.452755423,-193558.3201
0.265264219,0.013122544,0.455013944,-194050.0967
0.25759519,0.013814454,0.457521867,-194414.1215
0.25,0.01448628,0.460255277,-194707.569
0.242480963,0.015137156,0.463216288,-195068.5585
0.235040368,0.015766218,0.466445973,-195468.6903
0.227680482,0.016372678,0.469962342,-195784.9706
0.220403548,0.01695575,0.473763238,-196100.1123
0.213211782,0.017514697,0.477867519,-196428.6279
0.206107374,0.018048852,0.482287398,-196631.5177
0.199092488,0.018557417,0.487017292,-196772.4676
0.192169262,0.01903962,0.492099003,-196929.1566
0.185339804,0.019494785,0.497547503,-197127.7619
0.178606195,0.019922205,0.503394837,-197298.9552
0.171970486,0.020321256,0.50965162,-197286.1866
0.165434697,0.020691406,0.51632291,-197189.2989
0.15900082,0.021032072,0.523445184,-197051.4676
0.152670815,0.021342757,0.531005115,-196871.5554
0.146446609,0.021623039,0.539032704,-196624.4016
0.1403301,0.021872262,0.547542933,-196247.6082
0.134323149,0.022089861,0.55658908,-195785.1439
0.128427587,0.0222754,0.566199353,-195266.1533
0.12264521,0.022428346,0.576409426,-194635.2239
0.116977778,0.022548329,0.58728396,-193808.2162
0.111427019,0.022635087,0.598774993,-192836.873
0.105994623,0.02268816,0.610841028,-191737.2545
0.100682245,0.022707288,0.623584997,-190459.9417
0.095491503,0.022692286,0.637022005,-189023.0059
0.090423978,0.02264263,0.651223004,-187313.5816
0.085481214,0.022558066,0.666293571,-185326.2135
0.080664716,0.022438481,0.682211158,-183142.1901
0.075975952,0.022283558,0.698873139,-180689.4066
0.07141635,0.022093336,0.716340042,-177951.8431
0.066987298,0.021867813,0.734627081,-174735.2384
0.062690146,0.021606314,0.753791753,-171062.1757
0.058526204,0.021308652,0.773883179,-167002.9805
0.054496738,0.020974836,0.794796701,-162412.9348
0.050602977,0.020604566,0.816641402,-157125.5733
0.046846106,0.020198211,0.839144752,-151221.2301
0.043227271,0.019756021,0.862268075,-144907.911
0.039747573,0.019277299,0.886098503,-137623.7367
0.036408073,0.018762304,0.910096047,-129773.9133
0.033209787,0.018211236,0.934166275,-120598.3411
0.03015369,0.017623325,0.957717393,-108459.9384
0.027240712,0.016999182,0.980534506,-89588.43747
0.024471742,0.016339174,1.002036187,-96191.73473
0.021847622,0.015642268,1.022822942,-186826.8128
0.019369152,0.014909433,1.03576168,-118196.2205
0.017037087,0.014141215,1.042165678,-56745.47829
0.014852137,0.013336269,1.041825495,43678.4935
0.012814968,0.012496147,1.037032681,101884.8131
0.0109262,0.011621717,1.007821402,39128.99442
0.009186408,0.010711077,0.961490588,48555.0568
0.007596123,0.009766329,0.886913984,50675.86168
0.00615583,0.008789277,0.776028329,44478.96377
0.004865966,0.007778024,0.620205015,27596.84933
0.003726924,0.006735184,0.408739497,-1263.840321
0.002739052,0.005665973,0.131301167,-49530.11971
0.001902651,0.004573293,-0.21892285,-116821.4722
0.001217975,0.003461953,-0.622940575,-211679.2657
0.000685233,0.002349304,-1.070930558,-318000.0479
0.000304586,0.001287105,-1.54975865,-419496.73
7.62E-05,0.000397869,-1.979845031,-503334.8405
0,-1.82E-06,-2.16132777,-547662.5939
0.985147863,-0.000312787,0.244892491,-208618.3769
0.982962913,-0.00064666,0.256112736,-207165.2215
0.980630848,-0.000997768,0.267093896,-205626.5927
0.978152378,-0.001364729,0.277757099,-204286.7405
0.975528258,-0.001746299,0.288104734,-202600.0558
0.972759288,-0.002141227,0.298146384,-201210.4501
0.96984631,-0.002548191,0.307894816,-199783.3308
0.966790213,-0.002965807,0.317373029,-198362.0468
0.963591927,-0.003392625,0.326604408,-196795.8158
0.960252427,-0.003827154,0.33559092,-195620.7341
0.956772729,-0.004267747,0.344380352,-193882.5942
0.953153894,-0.004712659,0.352821012,-192541.3493
0.949397023,-0.005160099,0.361049458,-191155.944
0.945503262,-0.005608214,0.368948118,-190006.5807
0.941473796,-0.006055101,0.376670449,-188803.9606
0.937309854,-0.006498799,0.384108924,-187159.3449
0.933012702,-0.006937338,0.391161172,-186353.2731
0.92858365,-0.007368731,0.398132788,-185233.7833
0.924024048,-0.007790933,0.404756273,-183830.0642
0.919335284,-0.008201798,0.411213198,-182738.4068
0.914518786,-0.008599119,0.417407953,-181138.1194
0.909576022,-0.00898063,0.423265223,-179955.3157
0.904508497,-0.009344031,0.428907328,-179063.2835
0.899317755,-0.009686962,0.434301425,-177937.6143
0.894005377,-0.010007035,0.439466935,-176945.9417
0.888572981,-0.010301782,0.444420888,-175708.0083
0.883022222,-0.010568687,0.449020006,-174428.2236
0.87735479,-0.010805221,0.453289847,-173525.4303
0.871572413,-0.011008992,0.457282827,-172745.0138
0.865676851,-0.01117767,0.461029974,-171468.2076
0.8596699,-0.011308871,0.464426219,-170271.863
0.853553391,-0.011399947,0.467635483,-169458.0816
0.847329185,-0.011448105,0.4705852,-168431.9474
0.84099918,-0.011450574,0.473209558,-167237.1045
0.834565303,-0.011404877,0.475512583,-166264.5173
0.828029514,-0.011308644,0.477452535,-165432.5789
0.821393805,-0.011159429,0.478999522,-164372.1161
0.814660196,-0.010954531,0.480141988,-163026.1018
0.807830738,-0.010691117,0.480909708,-161935.9811
0.800907512,-0.010366524,0.481282082,-161195.8645
0.793892626,-0.009978493,0.481225615,-160354.2448
0.786788218,-0.009524918,0.480757038,-159291.959
0.779596452,-0.009003391,0.479805112,-158356.1466
0.772319518,-0.008410882,0.478308257,-157597.9482
0.764959632,-0.007744208,0.476177417,-156663.0988
0.757519037,-0.007001466,0.473313001,-155912.4991
0.75,-0.00618251,0.469865151,-155363.1912
0.74240481,-0.005287415,0.465820992,-154632.5407
0.734735781,-0.004310884,0.460799375,-153982.9613
0.72699525,-0.003242907,0.453868384,-153926.1734
0.719185573,-0.002074919,0.444427857,-154990.4055
0.711309131,-0.000823558,0.433082677,-157244.686
0.703368322,0.000479879,0.421169596,-160144.1059
0.695365564,0.00180755,0.409863826,-162974.3073
0.687303297,0.003148038,0.399580613,-165321.7273
0.679183975,0.004496275,0.390422751,-167354.6905
0.671010072,0.005848484,0.382390703,-169190.6217
0.662784077,0.007205523,0.375140181,-170808.1475
0.654508497,0.008570337,0.368250422,-172317.6097
0.646185852,0.009944525,0.361587485,-173724.5209
0.637818678,0.0113271,0.355127097,-175130.0723
0.629409523,0.012716366,0.348871105,-176730.7537
0.620960948,0.014110923,0.342886277,-178215.5153
0.612475527,0.015510061,0.337085155,-179475.1375
0.603955845,0.016913226,0.33141494,-180650.8187
0.595404498,0.018319655,0.325902161,-181725.5813
0.586824089,0.019728352,0.320509961,-182726.6028
0.578217233,0.021138214,0.315200714,-183887.529
0.56958655,0.022548159,0.310034189,-185295.6524
0.560934672,0.02395715,0.304966125,-186749.8678
0.552264232,0.025364114,0.2999926,-187945.5537
0.543577871,0.026768027,0.295105029,-188954.7596
0.534878237,0.028167845,0.290268971,-190039.4163
0.526167978,0.029562526,0.285505179,-191174.8021
0.517449748,0.030950899,0.280828297,-192232.3773
0.508726203,0.032331559,0.276178665,-193395.3712
0.5,0.03370314,0.271604677,-194753.6997
0.491273797,0.035064366,0.267136803,-196127.3663
0.482550252,0.036414094,0.262749781,-197369.4887
0.473832022,0.037751164,0.258408355,-198544.8181
0.465121763,0.039074205,0.254122097,-199759.0412
0.456422129,0.040381655,0.249929028,-200979.5641
0.447735768,0.041671975,0.245829367,-202168.6812
0.439065328,0.042943767,0.241812023,-203470.6428
0.43041345,0.044195734,0.237915307,-204898.8976
0.421782767,0.045426577,0.234135557,-206273.6392
0.413175911,0.046634875,0.230455641,-207500.8708
0.404595502,0.047819131,0.226882032,-208730.2658
0.396044155,0.048977896,0.223425134,-210104.5128
0.387524473,0.050109728,0.220116644,-211453.1387
0.379039052,0.051213217,0.21696724,-212704.8473
0.370590477,0.052286986,0.213969106,-214046.5411
0.362181322,0.053329602,0.211138562,-215517.3255
0.353814148,0.05433966,0.20849663,-217009.9411
0.345491503,0.055315801,0.206050719,-218481.5503
0.337215923,0.056256605,0.203824731,-219884.2287
0.328989928,0.05716072,0.201843012,-221136.275
0.320816025,0.058026808,0.200078828,-222367.8789
0.312696703,0.058853447,0.198570173,-223709.8438
0.304634436,0.059639272,0.197391267,-225083.219
0.296631678,0.060383075,0.196564011,-226345.408
0.288690869,0.061083811,0.196037162,-227575.7002
0.280814427,0.061740542,0.195784247,-228932.1928
0.27300475,0.06235222,0.195883042,-230265.2865
0.265264219,0.062917512,0.196392397,-231373.6745
0.25759519,0.063435241,0.19726378,-232446.4752
0.25,0.063904305,0.198569368,-233567.8052
0.242480963,0.0643237,0.200386682,-234619.5812
0.235040368,0.064692589,0.202724091,-235596.1181
0.227680482,0.065010181,0.205573859,-236419.5078
0.220403548,0.065275763,0.209002748,-237131.8327
0.213211782,0.06548875,0.213018458,-237843.4465
0.206107374,0.065648398,0.217523885,-238462.7617
0.199092488,0.065753892,0.222551415,-238957.1475
0.192169262,0.0658046,0.228233098,-239367.2053
0.185339804,0.065799897,0.234630897,-239607.0859
0.178606195,0.065739261,0.241762799,-239687.0757
0.171970486,0.065622358,0.249625625,-239642.3934
0.165434697,0.065448833,0.258334288,-239374.3614
0.15900082,0.065218465,0.267974051,-238836.2829
0.152670815,0.064931166,0.278434591,-238142.6389
0.146446609,0.064586607,0.289706633,-237287.2421
0.1403301,0.064184556,0.301862121,-236143.9866
0.134323149,0.063724953,0.314949382,-234757.4563
0.128427587,0.063207559,0.32905129,-233164.0889
0.12264521,0.062632331,0.344187599,-231192.51
0.116977778,0.061999456,0.360363275,-228799.7951
0.111427019,0.061308999,0.377682847,-226042.3926
0.105994623,0.060561327,0.396125775,-222912.7384
0.100682245,0.059756844,0.415677267,-219432.5512
0.095491503,0.05889535,0.436446629,-215482.8655
0.090423978,0.057977051,0.458438837,-211033.4088
0.085481214,0.057002265,0.48168125,-206099.546
0.080664716,0.055971139,0.506243687,-200585.4441
0.075975952,0.054884285,0.532036611,-194493.5085
0.07141635,0.053742295,0.559053138,-187837.1824
0.066987298,0.052545247,0.58735198,-180517.7685
0.062690146,0.05129384,0.616847961,-172498.0644
0.058526204,0.049988687,0.647439545,-163767.8869
0.054496738,0.048629922,0.679181068,-154265.9257
0.050602977,0.047218437,0.711785679,-143972.297
0.046846106,0.045754912,0.745113177,-132914.3007
0.043227271,0.044239473,0.779259703,-121111.4457
0.039747573,0.042673149,0.813616257,-109177.3782
0.036408073,0.041056674,0.847808893,-97548.59975
0.033209787,0.039390281,0.881523023,-86063.35332
0.03015369,0.037675198,0.913668952,-71408.71285
0.027240712,0.035912321,0.944717986,-55137.45001
0.024471742,0.034102001,0.9737758,-42048.64236
0.021847622,0.032245636,0.999961412,-50155.09416
0.019369152,0.030344468,1.024436616,-57054.78523
0.017037087,0.028399319,1.040214178,-25927.39366
0.014852137,0.02641191,1.044264335,-8218.480312
0.012814968,0.024384341,1.044903656,-4877.32467
0.0109262,0.022318653,1.039687463,-19730.77032
0.009186408,0.020217456,1.020292827,-46171.35653
0.007596123,0.018084867,0.983338996,-33897.80024
0.00615583,0.0159264,0.937950301,-52921.21864
0.004865966,0.013748211,0.877960654,-77273.4365
0.003726924,0.011560717,0.803908922,-107015.7111
0.002739052,0.009381829,0.718761294,-143683.3095
0.001902651,0.00723618,0.623628077,-183621.0212
0.001217975,0.005164006,0.520806562,-216039.1798
0.000685233,0.00324085,0.416655719,-245826.6414
0.000304586,0.001594958,0.321084935,-269603.9473
7.62E-05,0.000430994,0.250036911,-284908.8018
0,8.68E-11,0.223008417,-290646.3353
0.985147863,0.002125847,0.201346517,-215976.9141
0.982962913,0.002014235,0.21115765,-214556.7621
0.980630848,0.001900122,0.220686321,-213071.0779
0.978152378,0.00178463,0.230036462,-211876.6517
0.975528258,0.001668854,0.239191451,-210114.8841
0.972759288,0.001553863,0.247918413,-208594.2393
0.96984631,0.001440769,0.256641072,-207189.6084
0.966790213,0.001330819,0.265064102,-205531.5047
0.963591927,0.001225431,0.273275252,-203814.5715
0.960252427,0.001126108,0.281217363,-202416.3507
0.956772729,0.001034353,0.288961706,-200568.4182
0.953153894,0.00095165,0.296392176,-199194.0741
0.949397023,0.000879523,0.303700444,-197585.4146
0.945503262,0.000819597,0.310617584,-196158.0474
0.941473796,0.000773622,0.317319673,-194619.9128
0.937309854,0.000743424,0.323828367,-192917.4075
0.933012702,0.000730826,0.330078948,-191362.8677
0.92858365,0.000737604,0.336085973,-189850.4761
0.924024048,0.000765561,0.341865486,-188518.4562
0.919335284,0.000816647,0.34742363,-187030.9512
0.914518786,0.000893061,0.352683738,-185396.7261
0.909576022,0.000997103,0.357636572,-184034.5019
0.904508497,0.001131025,0.362334517,-182607.4777
0.899317755,0.001296885,0.366759461,-180996.0219
0.894005377,0.001496743,0.370904979,-179379.1395
0.888572981,0.001732759,0.374763128,-178014.4561
0.883022222,0.002007288,0.378410861,-176400.992
0.87735479,0.002322757,0.381686557,-174895.4464
0.871572413,0.00268159,0.384692676,-173728.7284
0.865676851,0.00308616,0.387350683,-172402.5159
0.8596699,0.003538874,0.389698907,-170712.9958
0.853553391,0.00404217,0.391686866,-169089.3415
0.847329185,0.004598549,0.393330846,-167598.3926
0.84099918,0.005210547,0.394568371,-166273.0933
0.834565303,0.005880676,0.395467496,-164905.3017
0.828029514,0.006611433,0.395924764,-163385.7535
0.821393805,0.007405309,0.395950488,-162035.7087
0.814660196,0.00826485,0.395533026,-160759.3346
0.807830738,0.009192636,0.394619989,-159477.4556
0.800907512,0.010191265,0.393211362,-157932.7081
0.793892626,0.011263115,0.391207258,-156334.4809
0.786788218,0.012410469,0.388601546,-155159.5627
0.779596452,0.013635642,0.385384832,-154152.839
0.772319518,0.014941498,0.381405483,-153029.5361
0.764959632,0.016331204,0.376487818,-151916.5336
0.757519037,0.017807057,0.370580637,-150704.8551
0.75,0.019368149,0.36380019,-149614.6228
0.74240481,0.021012444,0.356287233,-148956.7501
0.734735781,0.022745191,0.347438243,-148541.9742
0.72699525,0.024583002,0.33543124,-148549.3748
0.719185573,0.026543506,0.318923358,-149923.8307
0.711309131,0.028596855,0.298933961,-153541.2362
0.703368322,0.030676539,0.279472482,-158354.2858
0.695365564,0.032727552,0.263699225,-162682.4001
0.687303297,0.034747355,0.251185588,-165866.346
0.679183975,0.036757796,0.240199581,-168078.6786
0.671010072,0.038772231,0.229650625,-169874.7263
0.662784077,0.040793572,0.219145705,-171868.1037
0.654508497,0.042819478,0.208748639,-174116.4575
0.646185852,0.04484862,0.198491892,-176238.1061
0.637818678,0.046879746,0.188370669,-178063.5134
0.629409523,0.048911693,0.17833497,-179656.6957
0.620960948,0.050943184,0.168347156,-181545.0511
0.612475527,0.052972815,0.158473235,-183704.0788
0.603955845,0.054999117,0.148710747,-185676.5197
0.595404498,0.057020581,0.13897254,-187431.5072
0.586824089,0.059035681,0.129224974,-189297.6045
0.578217233,0.061042874,0.119513687,-191252.593
0.56958655,0.063040533,0.10985672,-193218.181
0.560934672,0.065026898,0.100188232,-195110.6544
0.552264232,0.067000244,0.090484501,-196965.4217
0.543577871,0.068958777,0.080785777,-198916.9473
0.534878237,0.070900662,0.071116057,-200988.719
0.526167978,0.07282413,0.061443442,-203057.3664
0.517449748,0.07472734,0.051750894,-205154.2561
0.508726203,0.076608479,0.042036969,-207290.4132
0.5,0.078465694,0.032307781,-209454.823
0.491273797,0.080296943,0.022575601,-211663.6249
0.482550252,0.082100052,0.012864479,-213910.2716
0.473832022,0.083872918,0.003198086,-216135.4894
0.465121763,0.085613567,-0.006446866,-218424.6512
0.456422129,0.087320167,-0.016090689,-220859.9109
0.447735768,0.088990749,-0.025712662,-223367.6922
0.439065328,0.090623094,-0.035266361,-225808.2146
0.43041345,0.092214892,-0.044721676,-228181.127
0.421782767,0.093763978,-0.054080212,-230654.5562
0.413175911,0.095268367,-0.063326776,-233227.7687
0.404595502,0.096726207,-0.072455342,-235791.4945
0.396044155,0.098135521,-0.081465532,-238366.5833
0.387524473,0.099494132,-0.090324528,-241053.5125
0.379039052,0.100799929,-0.098958809,-243703.9182
0.370590477,0.102050823,-0.107372876,-246258.602
0.362181322,0.103244799,-0.115555123,-248914.2311
0.353814148,0.10437993,-0.123435004,-251750.4505
0.345491503,0.105454322,-0.130941922,-254549.5796
0.337215923,0.106466095,-0.138081981,-257116.8664
0.328989928,0.107413536,-0.144873577,-259585.0059
0.320816025,0.108294827,-0.151301653,-262143.8476
0.312696703,0.109108201,-0.157274607,-264721.5748
0.304634436,0.109852043,-0.162684727,-267168.5105
0.296631678,0.110524822,-0.167494585,-269569.2198
0.288690869,0.111125117,-0.171699612,-271975.3544
0.280814427,0.111651611,-0.175280925,-274192.6703
0.27300475,0.112102857,-0.178068712,-276173.6755
0.265264219,0.112477485,-0.180033331,-278077.9047
0.25759519,0.112774298,-0.181312811,-279999.0715
0.25,0.112992098,-0.181817183,-281786.2382
0.242480963,0.113129911,-0.181347642,-283286.3456
0.235040368,0.113186866,-0.179948796,-284438.5534
0.227680482,0.113162201,-0.177603589,-285337.424
0.220403548,0.11305533,-0.174225036,-286103.269
0.213211782,0.1128656,-0.169754252,-286692.6418
0.206107374,0.112592143,-0.164075742,-286918.9378
0.199092488,0.112234384,-0.157000518,-286718.0546
0.192169262,0.111791973,-0.148415012,-286172.3909
0.185339804,0.111264824,-0.138490987,-285339.6785
0.178606195,0.110653027,-0.127324993,-284108.2683
0.171970486,0.109956478,-0.114808851,-282423.6108
0.165434697,0.10917503,-0.100818373,-280307.2596
0.15900082,0.108308786,-0.08529486,-277699.3184
0.152670815,0.107357848,-0.068187226,-274581.7022
0.146446609,0.106322505,-0.049505693,-270953.6868
0.1403301,0.105203237,-0.02924667,-266730.239
0.134323149,0.104000405,-0.007292208,-261871.2375
0.128427587,0.102714568,0.016399084,-256418.6493
0.12264521,0.101346397,0.041800195,-250417.5464
0.116977778,0.099896387,0.068943159,-243763.1678
0.111427019,0.098365232,0.097821494,-236437.9256
0.105994623,0.096753769,0.128433513,-228468.809
0.100682245,0.095062822,0.160758365,-219826.6422
0.095491503,0.0932935,0.194706795,-210544.6635
0.090423978,0.091446852,0.230263522,-200606.364
0.085481214,0.0895237,0.26740754,-189979.7131
0.080664716,0.087525136,0.306043163,-178718.4614
0.075975952,0.085452305,0.346098206,-166858.0785
0.07141635,0.08330628,0.387447367,-154444.7693
0.066987298,0.081088454,0.429955646,-141530.6373
0.062690146,0.078800124,0.473476282,-128171.2981
0.058526204,0.076442407,0.517828327,-114462.8993
0.054496738,0.074016753,0.562745642,-100500.0791
0.050602977,0.071524598,0.607919902,-86408.90347
0.046846106,0.06896732,0.653150527,-72317.88256
0.043227271,0.066346603,0.698114103,-58394.64445
0.039747573,0.063664122,0.742411492,-44828.29555
0.036408073,0.060921546,0.785642399,-31870.92659
0.033209787,0.058120731,0.827266856,-19783.44992
0.03015369,0.05526361,0.866628145,-8671.124428
0.027240712,0.052352098,0.903381096,1238.462751
0.024471742,0.049388242,0.937301169,9231.81393
0.021847622,0.046374834,0.967711289,15071.03703
0.019369152,0.043315227,0.994579116,35376.30741
0.017037087,0.040212837,1.018855742,73329.00856
0.014852137,0.037072069,1.036049869,64149.5857
0.012814968,0.033898197,1.043559266,44543.04956
0.0109262,0.030696821,1.0459143,5770.63362
0.009186408,0.027475891,1.044290161,-46498.99999
0.007596123,0.024246475,1.036712731,-97307.18862
0.00615583,0.021021726,1.021234596,-156195.8671
0.004865966,0.017819924,0.997517448,-102489.8774
0.003726924,0.014668259,0.969109891,-85363.77285
0.002739052,0.011603604,0.936249167,-106640.6296
0.001902651,0.008678,0.899877544,-127599.1011
0.001217975,0.005969567,0.861351023,-142365.361
0.000685233,0.003589603,0.823851112,-156145.8207
0.000304586,0.001687129,0.791501213,-167297.9952
7.62E-05,0.000438166,0.769099355,-174515.9464
0,1.90E-09,0.761014897,-177194.3361
