x,y,cp,dun
0.985147863,0.001917876,0.133400741,0.001106477
0.982962913,0.002045223,0.130502612,0.001121428
0.980630848,0.002180882,0.127522906,0.001136795
0.978152378,0.002324746,0.124482571,0.001152403
0.975528258,0.002476672,0.121399882,0.001168205
0.972759288,0.002636527,0.118296195,0.001184004
0.96984631,0.002804253,0.115181387,0.001199624
0.966790213,0.002979834,0.112036918,0.001215191
0.963591927,0.003163257,0.108873634,0.001230879
0.960252427,0.003354338,0.105695916,0.00124666
0.956772729,0.003552803,0.102535271,0.001262469
0.953153894,0.003758382,0.099415458,0.00127795
0.949397023,0.003970992,0.096338709,0.001292889
0.945503262,0.004190639,0.093284971,0.001307622
0.941473796,0.004417327,0.090240244,0.001322272
0.937309854,0.004650939,0.087213414,0.001336851
0.933012702,0.004891283,0.084209118,0.001351454
0.92858365,0.005138177,0.081239292,0.001365813
0.924024048,0.005391471,0.078311492,0.001379941
0.919335284,0.005651029,0.075414764,0.001393915
0.914518786,0.005916711,0.072550234,0.001407809
0.909576022,0.006188354,0.069732828,0.001421585
0.904508497,0.00646578,0.066949657,0.001434938
0.899317755,0.006748828,0.064220022,0.001448224
0.894005377,0.007037441,0.061520587,0.001461173
0.888572981,0.007331615,0.058844982,0.001474305
0.883022222,0.007631342,0.056184924,0.001487389
0.87735479,0.007936439,0.053533169,0.00150048
0.871572413,0.008246662,0.050907869,0.001513745
0.865676851,0.00856176,0.048320976,0.001526696
0.8596699,0.008881574,0.045758127,0.001539829
0.853553391,0.009205971,0.043229611,0.001552679
0.847329185,0.009534828,0.040722593,0.00156548
0.84099918,0.009868044,0.038244681,0.001578428
0.834565303,0.010205524,0.03577425,0.001591604
0.828029514,0.010547181,0.033325617,0.001604602
0.821393805,0.010892868,0.030877911,0.001617311
0.814660196,0.011242432,0.028423822,0.001630592
0.807830738,0.011595716,0.025988232,0.001644227
0.800907512,0.011952536,0.023565067,0.00165764
0.793892626,0.012312708,0.021141421,0.001671198
0.786788218,0.012676036,0.018726578,0.001684963
0.779596452,0.013042356,0.016319056,0.001698622
0.772319518,0.0134115,0.01391314,0.001712603
0.764959632,0.013783318,0.01151475,0.001726947
0.757519037,0.014157715,0.009118425,0.001741036
0.75,0.014534626,0.006678915,0.001755344
0.74240481,0.014913949,0.004224079,0.001770606
0.734735781,0.015295337,0.001747841,0.001785984
0.72699525,0.015678355,-0.000724788,0.001801415
0.719185573,0.01606259,-0.003163802,0.00181722
0.711309131,0.016447987,-0.005595222,0.001832746
0.703368322,0.016834613,-0.008068809,0.001848584
0.695365564,0.017222489,-0.01059625,0.001865007
0.687303297,0.017611263,-0.013151765,0.001882129
0.679183975,0.018000434,-0.01572354,0.001899526
0.671010072,0.018389557,-0.018289816,0.001917205
0.662784077,0.018778401,-0.020859127,0.001935016
0.654508497,0.019166873,-0.023458495,0.0019528
0.646185852,0.019554822,-0.026095581,0.001971181
0.637818678,0.019941947,-0.028772147,0.00199024
0.629409523,0.020327856,-0.031476915,0.002009479
0.620960948,0.020712169,-0.034194789,0.00202921
0.612475527,0.021094499,-0.036948523,0.002049304
0.603955845,0.021474467,-0.039705729,0.002070131
0.595404498,0.021851693,-0.042478286,0.002090899
0.586824089,0.022225856,-0.045283783,0.002111495
0.578217233,0.022596656,-0.048100699,0.002133168
0.56958655,0.02296377,-0.050936677,0.002155719
0.560934672,0.023326793,-0.053811128,0.002178108
0.552264232,0.023685269,-0.056708774,0.002200395
0.543577871,0.024038767,-0.059619854,0.002223099
0.534878237,0.024386906,-0.06256077,0.002246588
0.526167978,0.024729335,-0.065518171,0.002271282
0.517449748,0.02506566,-0.068492333,0.002296351
0.508726203,0.025395334,-0.071501123,0.002321095
0.5,0.025717739,-0.074516276,0.002346007
0.491273797,0.026032318,-0.077508862,0.002371622
0.482550252,0.026338632,-0.080487282,0.002397728
0.473832022,0.026636319,-0.08346704,0.002424016
0.465121763,0.026924985,-0.086459409,0.002450589
0.456422129,0.027204067,-0.089439816,0.002477791
0.447735768,0.027472958,-0.09238628,0.002505111
0.439065328,0.027731098,-0.095292603,0.002532786
0.43041345,0.027978043,-0.098156111,0.002560938
0.421782767,0.028213409,-0.10097883,0.00258892
0.413175911,0.02843678,-0.103765595,0.002616859
0.404595502,0.028647656,-0.106507022,0.002645643
0.396044155,0.028845499,-0.109180147,0.002674851
0.387524473,0.029029774,-0.111769751,0.002703934
0.379039052,0.02919984,-0.114242836,0.002733281
0.370590477,0.029355042,-0.116539756,0.002762464
0.362181322,0.029494868,-0.118632574,0.002790797
0.353814148,0.029619107,-0.120571817,0.0028191
0.345491503,0.029727796,-0.122346115,0.002848227
0.337215923,0.029820409,-0.123952052,0.002878726
0.328989928,0.0298954,-0.125116226,0.002907659
0.320816025,0.029950456,-0.12517984,0.002929253
0.312696703,0.029985377,-0.123994233,0.002941952
0.304634436,0.030004786,-0.122274082,0.002948914
0.296631678,0.030015088,-0.120690607,0.002954406
0.288690869,0.030021488,-0.11962644,0.002961784
0.280814427,0.03002667,-0.11940813,0.002972296
0.27300475,0.030032516,-0.12022447,0.00298692
0.265264219,0.030040095,-0.121948553,0.003006508
0.25759519,0.0300481,-0.124447599,0.003030391
0.25,0.03005484,-0.12751059,0.003056647
0.242480963,0.030058847,-0.130949958,0.003084575
0.235040368,0.030059074,-0.134735599,0.003113787
0.227680482,0.030054601,-0.138834052,0.00314422
0.220403548,0.030044562,-0.143241627,0.00317525
0.213211782,0.030028127,-0.147957575,0.00320731
0.206107374,0.030004545,-0.153010001,0.003240554
0.199092488,0.029972898,-0.158385163,0.00327478
0.192169262,0.029931985,-0.164010611,0.003309985
0.185339804,0.029880685,-0.169842518,0.003344936
0.178606195,0.029818034,-0.175856057,0.00338027
0.171970486,0.029743238,-0.182052337,0.003416324
0.165434697,0.029655615,-0.188490052,0.003452599
0.15900082,0.02955436,-0.195160441,0.003490259
0.152670815,0.029438495,-0.202012045,0.003529367
0.146446609,0.029307197,-0.209048333,0.003569505
0.1403301,0.029159603,-0.216246771,0.003610985
0.134323149,0.028994843,-0.22356923,0.003653844
0.128427587,0.028812232,-0.231032669,0.003698617
0.12264521,0.028611066,-0.238616857,0.003744982
0.116977778,0.028390669,-0.246331965,0.003792775
0.111427019,0.028150573,-0.254252617,0.003843036
0.105994623,0.027890032,-0.262317341,0.003895845
0.100682245,0.027608227,-0.270460978,0.003950639
0.095491503,0.027304609,-0.278721152,0.004007959
0.090423978,0.026978459,-0.287010004,0.004067593
0.085481214,0.02662912,-0.295272648,0.004128788
0.080664716,0.026256254,-0.30358759,0.004192906
0.075975952,0.025859296,-0.311856133,0.004259228
0.07141635,0.025437803,-0.320059182,0.004327713
0.066987298,0.024991662,-0.328389656,0.004401142
0.062690146,0.024520114,-0.336572392,0.004478014
0.058526204,0.024022525,-0.344433186,0.004557028
0.054496738,0.02349876,-0.352111835,0.004640925
0.050602977,0.022948233,-0.359280235,0.004727574
0.046846106,0.022370737,-0.365893775,0.00481688
0.043227271,0.021766546,-0.372345282,0.004916487
0.039747573,0.021134797,-0.377885874,0.005022511
0.036408073,0.020475114,-0.382245639,0.005134913
0.033209787,0.019787806,-0.385880655,0.00526528
0.03015369,0.019071896,-0.387540187,0.00540702
0.027240712,0.018327262,-0.386720246,0.005556263
0.024471742,0.017554624,-0.384319745,0.005730097
0.021847622,0.016752827,-0.378107529,0.005911004
0.019369152,0.015922035,-0.367546048,0.00609781
0.017037087,0.015063422,-0.353778927,0.006323509
0.014852137,0.014175287,-0.332664764,0.006569565
0.012814968,0.013257933,-0.302533807,0.006824533
0.0109262,0.01231309,-0.265727161,0.007036726
0.009186408,0.011338493,-0.216800028,0.007110884
0.007596123,0.010334682,-0.15256076,0.007114849
0.00615583,0.009304425,-0.076093328,0.007081054
0.004865966,0.008245537,0.020867167,0.006903563
0.003726924,0.007158694,0.137473349,0.006582932
0.002739052,0.006048649,0.268751045,0.0061674
0.001902651,0.004917629,0.412672708,0.005527736
0.001217975,0.003767709,0.564013744,0.004683919
0.000685233,0.002607791,0.71111398,0.003705886
0.000304586,0.001479733,0.834640594,0.002693111
7.62E-05,0.000496365,0.922023079,0.001862831
0,4.61E-06,0.956726566,1.49E-03
0.985147863,0.004640571,0.243977128,0.000597871
0.982962913,0.005014594,0.23901859,0.000623849
0.980630848,0.005412646,0.233823526,0.000650839
0.978152378,0.005834443,0.228393316,0.000678173
0.975528258,0.006279773,0.222758402,0.000706358
0.972759288,0.00674842,0.216908535,0.000735049
0.96984631,0.007240052,0.210871177,0.000764351
0.966790213,0.007754283,0.204669235,0.000794117
0.963591927,0.00829071,0.198325617,0.000824269
0.960252427,0.008848953,0.191850088,0.000854794
0.956772729,0.009428644,0.185262682,0.000885376
0.953153894,0.010029404,0.178568396,0.000916235
0.949397023,0.010650772,0.171799736,0.000947042
0.945503262,0.01129223,0.164965035,0.000977833
0.941473796,0.011953238,0.158090246,0.001008501
0.937309854,0.012633419,0.151184462,0.001038685
0.933012702,0.01333244,0.14425166,0.00106876
0.92858365,0.014049984,0.137284533,0.001098612
0.924024048,0.014785598,0.130289757,0.001128476
0.919335284,0.015538701,0.123294731,0.001157964
0.914518786,0.016308729,0.116303686,0.001187412
0.909576022,0.017095157,0.109326649,0.001216334
0.904508497,0.017897498,0.102382392,0.001244896
0.899317755,0.018715252,0.095459524,0.001272794
0.894005377,0.019548,0.088560676,0.001300779
0.888572981,0.020395352,0.0816815,0.001328092
0.883022222,0.021256911,0.074812334,0.001355103
0.87735479,0.022132133,0.067962768,0.00138221
0.871572413,0.02302037,0.061134741,0.001408771
0.865676851,0.023920998,0.054345988,0.001434961
0.8596699,0.024833475,0.047602096,0.001460933
0.853553391,0.025757359,0.040884669,0.001486623
0.847329185,0.026692205,0.034192874,0.001512135
0.84099918,0.027637567,0.027523715,0.001537549
0.834565303,0.028592958,0.020873311,0.001562606
0.828029514,0.029557913,0.01421594,0.001587697
0.821393805,0.03053184,0.007562621,0.001612598
0.814660196,0.031514064,0.000935272,0.001637913
0.807830738,0.032503936,-0.005656506,0.001662948
0.800907512,0.033500922,-0.012243765,0.001687023
0.793892626,0.034504568,-0.018818033,0.00171184
0.786788218,0.035514442,-0.025393466,0.00173682
0.779596452,0.036530028,-0.031986331,0.00176104
0.772319518,0.037550761,-0.03860042,0.001785771
0.764959632,0.038576085,-0.04523763,0.001810931
0.757519037,0.039605327,-0.051890729,0.001836395
0.75,0.040637718,-0.058541546,0.001862295
0.74240481,0.041672569,-0.065186306,0.001888114
0.734735781,0.042709357,-0.071840517,0.001913304
0.72699525,0.043747716,-0.078543104,0.001938476
0.719185573,0.044787244,-0.085311011,0.001964542
0.711309131,0.045827239,-0.092136981,0.001991434
0.703368322,0.046866767,-0.099003625,0.00201882
0.695365564,0.047904963,-0.105874135,0.002046316
0.687303297,0.048941163,-0.112772689,0.002073696
0.679183975,0.049974887,-0.119738131,0.00210153
0.671010072,0.051005613,-0.126764261,0.002130462
0.662784077,0.052032597,-0.133855614,0.00216039
0.654508497,0.053054957,-0.141015573,0.002190259
0.646185852,0.054071834,-0.148233033,0.002220053
0.637818678,0.055082432,-0.155504251,0.0022502
0.629409523,0.056085995,-0.162828518,0.002280757
0.620960948,0.057081762,-0.170203489,0.002312385
0.612475527,0.058068966,-0.177651301,0.002345062
0.603955845,0.059046854,-0.185199056,0.002377755
0.595404498,0.060014642,-0.192823467,0.002411308
0.586824089,0.060971399,-0.200509686,0.002446089
0.578217233,0.06191611,-0.208273639,0.002480521
0.56958655,0.062847798,-0.216103236,0.002515093
0.560934672,0.063765581,-0.223984215,0.002551208
0.552264232,0.064668634,-0.231923774,0.002588491
0.543577871,0.065556119,-0.239945513,0.002625509
0.534878237,0.066427116,-0.248066578,0.002662314
0.526167978,0.067280612,-0.256267227,0.002700262
0.517449748,0.068115623,-0.264522462,0.002740338
0.508726203,0.068931091,-0.272826647,0.002781325
0.5,0.069725905,-0.281174543,0.00282189
0.491273797,0.070499014,-0.289556379,0.002862488
0.482550252,0.071249488,-0.297971644,0.002904088
0.473832022,0.071976496,-0.306437082,0.002946422
0.465121763,0.072679182,-0.314972863,0.002990002
0.456422129,0.07335637,-0.323549349,0.003034353
0.447735768,0.074006784,-0.332114625,0.003078654
0.439065328,0.074629267,-0.340635806,0.003122835
0.43041345,0.075222885,-0.34912012,0.003167448
0.421782767,0.075786878,-0.357601297,0.003212779
0.413175911,0.076320454,-0.36609312,0.003258804
0.404595502,0.076822496,-0.374552335,0.003306043
0.396044155,0.077291823,-0.382923179,0.003353908
0.387524473,0.077727322,-0.391179734,0.00340092
0.379039052,0.078127964,-0.399288552,0.003446995
0.370590477,0.078492784,-0.407190298,0.003493281
0.362181322,0.078820923,-0.414856353,0.003539684
0.353814148,0.079111726,-0.422332231,0.003585254
0.345491503,0.079364675,-0.429666218,0.00363152
0.337215923,0.079578898,-0.436759522,0.003679612
0.328989928,0.079752453,-0.443167309,0.003725282
0.320816025,0.079882637,-0.448270767,0.00376172
0.312696703,0.079968995,-0.451893993,0.003786611
0.304634436,0.080015192,-0.454660042,0.003804322
0.296631678,0.08002694,-0.457519782,0.003820873
0.288690869,0.080008711,-0.461045594,0.003838818
0.280814427,0.079962342,-0.465464593,0.003859014
0.27300475,0.079889033,-0.470924799,0.003884482
0.265264219,0.079789101,-0.477389082,0.003914983
0.25759519,0.079660985,-0.484592524,0.003948342
0.25,0.079502841,-0.492242188,0.003984482
0.242480963,0.079313222,-0.500169359,0.004023063
0.235040368,0.079090999,-0.508324166,0.00406347
0.227680482,0.078835262,-0.516706243,0.004105712
0.220403548,0.078544954,-0.52525969,0.004149937
0.213211782,0.078218889,-0.533891827,0.004196174
0.206107374,0.077856036,-0.542545295,0.004244147
0.199092488,0.077455437,-0.551171773,0.004293291
0.192169262,0.077016209,-0.55973535,0.004343973
0.185339804,0.076537636,-0.568218111,0.004396549
0.178606195,0.076018916,-0.576560613,0.004450164
0.171970486,0.075459265,-0.584710856,0.004504712
0.165434697,0.074858087,-0.592643098,0.004560228
0.15900082,0.074214729,-0.600277707,0.004616921
0.152670815,0.073528662,-0.607612692,0.004674907
0.146446609,0.072799505,-0.614631223,0.004734501
0.1403301,0.072026557,-0.621195629,0.004795133
0.134323149,0.071209315,-0.627212594,0.004856186
0.128427587,0.070347452,-0.632617365,0.004917344
0.12264521,0.069440507,-0.637313533,0.004978799
0.116977778,0.068488326,-0.64125893,0.00504068
0.111427019,0.067490832,-0.644389671,0.005102246
0.105994623,0.066447774,-0.646573058,0.005163547
0.100682245,0.065359254,-0.647828893,0.005226286
0.095491503,0.06422531,-0.647985966,0.005288537
0.090423978,0.063045663,-0.646833477,0.00535039
0.085481214,0.061820502,-0.644418559,0.005412762
0.080664716,0.060549855,-0.640481602,0.005474768
0.075975952,0.059233522,-0.634714983,0.005535414
0.07141635,0.057871881,-0.627120372,0.005595584
0.066987298,0.05646512,-0.617411968,0.005653693
0.062690146,0.055013381,-0.605355801,0.005709398
0.058526204,0.053517411,-0.591101665,0.005766492
0.054496738,0.051977222,-0.57411793,0.005821324
0.050602977,0.050392643,-0.553882094,0.005870602
0.046846106,0.048764288,-0.530355863,0.00591599
0.043227271,0.04709234,-0.503005638,0.005952518
0.039747573,0.045377219,-0.471543119,0.005978139
0.036408073,0.043620077,-0.436210348,0.005996636
0.033209787,0.041820895,-0.39620984,0.00600078
0.03015369,0.039979792,-0.350928392,0.005983328
0.027240712,0.038097767,-0.300603396,0.005945797
0.024471742,0.036175071,-0.244512371,0.005878098
0.021847622,0.034212356,-0.182556064,0.005773043
0.019369152,0.032211099,-0.115141248,0.005626104
0.017037087,0.030171844,-0.042042206,0.005422757
0.014852137,0.02809541,0.036557023,0.005143491
0.012814968,0.025983423,0.119733553,0.0047814
0.0109262,0.023837174,0.206924864,0.00440812
0.009186408,0.021658015,0.297960954,0.004098063
0.007596123,0.019448136,0.391139454,0.003803588
0.00615583,0.017211736,0.484380945,0.003506303
0.004865966,0.014953616,0.575888487,0.003196293
0.003726924,0.012679893,0.663865661,0.002859356
0.002739052,0.010403429,0.745690801,0.002497523
0.001902651,0.008143093,0.818758298,0.002109645
0.001217975,0.005928125,0.88202894,0.001733114
0.000685233,0.003820541,0.933216042,0.001383711
0.000304586,0.001945131,0.970852353,0.0010875
7.62E-05,0.000544695,0.993951421,0.000878517
0,1.49E-08,1.001771583,0.000800314
0.985147863,0.007327998,0.276491562,0.000443347
0.982962913,0.007945504,0.271513492,0.000469326
0.980630848,0.00860303,0.266193511,4.96E-04
0.978152378,0.00930005,0.260543216,5.23E-04
0.975528258,0.010036029,0.254561795,5.52E-04
0.972759288,0.010810362,0.248265914,5.81E-04
0.96984631,0.01162244,0.241660822,6.11E-04
0.966790213,0.012471618,0.234764568,6.42E-04
0.963591927,0.013357227,0.22758865,6.74E-04
0.960252427,0.014278731,0.220140388,7.05E-04
0.956772729,0.015235634,0.212432501,7.38E-04
0.953153894,0.016227483,0.204453677,7.72E-04
0.949397023,0.017253549,0.196234322,8.06E-04
0.945503262,0.018312877,0.187798689,8.41E-04
0.941473796,0.019404505,0.179175355,8.75E-04
0.937309854,0.020527638,0.170378755,9.11E-04
0.933012702,0.021681703,0.161411371,9.45E-04
0.92858365,0.022866047,0.152279653,9.81E-04
0.924024048,0.024079917,0.143000767,0.001016526
0.919335284,0.025322402,0.133590737,0.00105205
0.914518786,0.026592582,0.12407211,0.001087255
0.909576022,0.027889635,0.114450271,0.001122384
0.904508497,0.029212817,0.104739871,0.001156971
0.899317755,0.030561378,0.094936466,0.001191215
0.894005377,0.031934517,0.085056951,0.001224843
0.888572981,0.033331382,0.075101319,0.00125834
0.883022222,0.034751111,0.065079444,0.001291715
0.87735479,0.036192833,0.055000764,0.001323842
0.871572413,0.037655668,0.044863287,0.001355558
0.865676851,0.039138729,0.034676265,0.001386322
0.8596699,0.04064114,0.024444007,0.001416513
0.853553391,0.042162001,0.014173465,0.00144585
0.847329185,0.043700446,0.003849734,0.001474499
0.84099918,0.045255569,-0.006525804,0.001502655
0.834565303,0.046826453,-0.016936531,0.001529554
0.828029514,0.048412171,-0.027390732,0.001556216
0.821393805,0.05001185,-0.037891102,0.001581149
0.814660196,0.051624583,-0.048451155,0.001605137
0.807830738,0.053249504,-0.059057393,0.001628752
0.800907512,0.054885678,-0.069700344,0.001652074
0.793892626,0.056532113,-0.080380998,0.001675357
0.786788218,0.058187843,-0.091073414,0.001699944
0.779596452,0.059851901,-0.101788711,0.001726109
0.772319518,0.061523372,-0.112553184,0.001752621
0.764959632,0.063201345,-0.123370611,0.001780775
0.757519037,0.064884797,-0.134255068,0.001810971
0.75,0.066572643,-0.145212593,0.001842281
0.74240481,0.068263803,-0.156227707,0.001875311
0.734735781,0.06995726,-0.167317385,0.001910254
0.72699525,0.071652097,-0.178507989,0.001945196
0.719185573,0.073347375,-0.189820482,0.001980605
0.711309131,0.075042082,-0.201267481,0.002017479
0.703368322,0.076735137,-0.212835942,0.002055411
0.695365564,0.078425464,-0.224533576,0.002093942
0.687303297,0.080111821,-0.236381486,0.002132917
0.679183975,0.081792827,-0.248357933,0.002173259
0.671010072,0.08346717,-0.260420008,0.002214828
0.662784077,0.085133755,-0.272591983,0.002256299
0.654508497,0.086791674,-0.284944501,0.002297687
0.646185852,0.088439991,-0.29749931,0.002339989
0.637818678,0.090077471,-0.310247972,0.002383391
0.629409523,0.091702574,-0.323161819,0.002428706
0.620960948,0.093313798,-0.336214001,0.002474787
0.612475527,0.094909775,-0.349432888,0.002520134
0.603955845,0.096489223,-0.362824649,0.002565824
0.595404498,0.098050877,-0.376370524,0.002613235
0.586824089,0.09959345,-0.390087971,0.00266194
0.578217233,0.101115637,-0.404012476,0.002712184
0.56958655,0.102616158,-0.418165203,0.002763152
0.560934672,0.104093477,-0.432524101,0.002814774
0.552264232,0.105545927,-0.447043927,0.002867644
0.543577871,0.106971909,-0.461711372,0.002921566
0.534878237,0.108369995,-0.476560187,0.002975742
0.526167978,0.109738907,-0.49162062,0.003030868
0.517449748,0.11107735,-0.506884552,0.003088703
0.508726203,0.11238373,-0.522346288,0.003148033
0.5,0.113656295,-0.53800133,0.003207212
0.491273797,0.114893342,-0.553818837,0.003266885
0.482550252,0.116093292,-0.569758639,0.003328591
0.473832022,0.117254626,-0.585841614,0.003391036
0.465121763,0.118375879,-0.602072946,0.003454457
0.456422129,0.119455474,-0.618438271,0.003518905
0.447735768,0.120491815,-0.634919736,0.003584031
0.439065328,0.121483355,-0.651501611,0.003649848
0.43041345,0.122428524,-0.66816656,0.003716503
0.421782767,0.123325776,-0.684902719,0.003783463
0.413175911,0.124173594,-0.701675913,0.003851092
0.404595502,0.124970406,-0.718449879,0.00392002
0.396044155,0.125714629,-0.735195504,0.003989329
0.387524473,0.126404777,-0.75187117,0.00405704
0.379039052,0.127039363,-0.768417346,0.004124809
0.370590477,0.127616986,-0.784796825,0.004192891
0.362181322,0.12813635,-0.800975097,0.004260369
0.353814148,0.128596241,-0.816954431,0.004327398
0.345491503,0.128995539,-0.832763134,0.004395622
0.337215923,0.129333044,-0.848264569,0.004465528
0.328989928,0.129606581,-0.862942503,0.004534157
0.320816025,0.129813503,-0.876192213,0.004594595
0.312696703,0.129952962,-0.887873607,0.004643843
0.304634436,0.13002706,-0.898535426,0.004686488
0.296631678,0.130039544,-0.909040571,0.004728969
0.288690869,0.129993377,-0.919951828,0.004773334
0.280814427,0.12988959,-0.931623027,0.004821902
0.27300475,0.129728954,-0.944258329,0.004877418
0.265264219,0.12951099,-0.957730293,0.004939383
0.25759519,0.12923362,-0.971617006,0.005005288
0.25,0.12889456,-0.985493722,0.005074091
0.242480963,0.128492104,-0.999122656,0.005144911
0.235040368,0.128025119,-1.012461448,0.005217022
0.227680482,0.127492708,-1.025464828,0.005291423
0.220403548,0.126893655,-1.03798974,0.005367625
0.213211782,0.126226709,-1.049867114,0.005443348
0.206107374,0.125490854,-1.060948305,0.005518288
0.199092488,0.124685269,-1.071125372,0.005594225
0.192169262,0.123809373,-1.080330633,0.005671098
0.185339804,0.122862692,-1.088477687,0.005747448
0.178606195,0.121844471,-1.095469424,0.005823112
0.171970486,0.120754151,-1.101124573,0.005897586
0.165434697,0.119591336,-1.105292581,0.005969826
0.15900082,0.118355708,-1.107875366,0.006041087
0.152670815,0.11704723,-1.108651816,0.006109905
0.146446609,0.115665899,-1.107527042,0.006175763
0.1403301,0.114211781,-1.104542343,0.006239604
0.134323149,0.11268518,-1.099581932,0.006300707
0.128427587,0.111086268,-1.09242668,0.006358903
0.12264521,0.109415227,-1.082960515,0.006413216
0.116977778,0.107672508,-1.071067177,0.006462925
0.111427019,0.105858447,-1.056549007,0.006507585
0.105994623,0.103973542,-1.039280611,0.006546461
0.100682245,0.10201855,-1.019163709,0.006579234
0.095491503,0.099994207,-0.996113925,0.006604719
0.090423978,0.097901502,-0.97020302,0.006623447
0.085481214,0.095741458,-0.941338986,0.006635632
0.080664716,0.093514554,-0.909234369,0.006639063
0.075975952,0.091221524,-0.87373607,0.006633042
0.07141635,0.088863337,-0.834731383,0.006615637
0.066987298,0.086441002,-0.792180909,0.006584978
0.062690146,0.083955858,-0.746197846,0.006542908
0.058526204,0.081409178,-0.69673572,0.00648808
0.054496738,0.078801986,-0.643735936,0.006418221
0.050602977,0.076135653,-0.587323639,0.006334299
0.046846106,0.073411308,-0.527451212,0.006233882
0.043227271,0.070629858,-0.464042412,0.006114743
0.039747573,0.06779253,-0.397193184,0.005975091
0.036408073,0.064900807,-0.327107166,0.005813
0.033209787,0.061956359,-0.254086923,0.005628332
0.03015369,0.058961055,-0.178554386,0.005420658
0.027240712,0.055916591,-0.100858302,0.005190017
0.024471742,0.05282453,-0.021236806,0.00493618
0.021847622,0.049686587,0.059930988,0.004661305
0.019369152,0.046505184,0.141996397,0.004369828
0.017037087,0.043283002,0.224284625,0.004063494
0.014852137,0.04002281,0.306213707,0.003742695
0.012814968,0.036728374,0.386969129,0.003413305
0.0109262,0.033403859,0.465781705,0.003088994
0.009186408,0.030053821,0.542130709,0.002776198
0.007596123,0.026686296,0.614974991,0.002481327
0.00615583,0.02331203,0.683434048,0.002208427
0.004865966,0.019944256,0.746802621,0.001952184
0.003726924,0.016602996,0.8043307,0.00170941
0.002739052,0.013317662,0.855356712,0.001484443
0.001902651,0.010131086,0.899401535,0.001275338
0.001217975,0.007112949,0.93599928,0.001082448
0.000685233,0.004378862,0.964826519,0.000906614
0.000304586,0.002109158,0.985193855,0.000781272
7.62E-05,0.000558949,0.997513735,0.000694529
0,8.04E-11,1.001619323,0.000663535
0.985147863,0.001584212,0.132884946,0.001245541
0.982962913,0.00166445,0.131019718,0.001254377
0.980630848,0.00175001,0.129142469,0.001263218
0.978152378,0.001840896,0.127246175,0.001271849
0.975528258,0.001937223,0.125327825,0.001280456
0.972759288,0.002039122,0.123377809,0.001289197
0.96984631,0.002146609,0.121400644,0.001298132
0.966790213,0.002259627,0.119425034,0.001307135
0.963591927,0.002378125,0.117453194,0.001315871
0.960252427,0.002502132,0.115488185,0.001324635
0.956772729,0.002631738,0.113541792,0.001333105
0.953153894,0.00276703,0.111578884,0.001341757
0.949397023,0.002908009,0.109627328,0.001350284
0.945503262,0.003054636,0.10769323,0.001358924
0.941473796,0.003206874,0.105769936,0.001367363
0.937309854,0.003364761,0.103884395,0.001375495
0.933012702,0.003528375,0.102003126,0.001383511
0.92858365,0.003697793,0.100130546,0.00139168
0.924024048,0.003873011,0.098272973,0.001399828
0.919335284,0.00405399,0.096428722,0.001408017
0.914518786,0.004240687,0.094630686,0.001415801
0.909576022,0.00443318,0.092839733,0.001423519
0.904508497,0.004631595,0.091072603,0.001431119
0.899317755,0.004836055,0.08929661,0.001438725
0.894005377,0.005046579,0.087522137,0.001446598
0.888572981,0.005263127,0.085760251,0.00145449
0.883022222,0.005485664,0.084020022,0.001462177
0.87735479,0.005714215,0.082284769,0.001469943
0.871572413,0.005948824,0.080570935,0.00147761
0.865676851,0.006189548,0.078857622,0.001485208
0.8596699,0.006436459,0.077146943,0.001493017
0.853553391,0.006689658,0.07544391,0.001500742
0.847329185,0.006949232,0.073724074,0.00150873
0.84099918,0.007215235,0.07200174,0.001516592
0.834565303,0.007487703,0.070254754,0.001524653
0.828029514,0.007766671,0.06849414,0.001533188
0.821393805,0.008052145,0.066724425,0.001541951
0.814660196,0.008344126,0.064940751,0.001550614
0.807830738,0.008642604,0.063135695,0.001559426
0.800907512,0.00894757,0.061317012,0.001568536
0.793892626,0.009259012,0.059485922,0.001578027
0.786788218,0.009576922,0.057640812,0.001587564
0.779596452,0.009901383,0.055776498,0.001597075
0.772319518,0.010232499,0.053855712,0.001606942
0.764959632,0.010570359,0.051895346,0.001617517
0.757519037,0.010914823,0.049893365,0.001628119
0.75,0.011265659,0.04785795,0.001639242
0.74240481,0.011622669,0.045823139,0.001650695
0.734735781,0.011985938,0.043770147,0.001662069
0.72699525,0.012355685,0.041656784,0.001673762
0.719185573,0.01273206,0.03945026,0.001686026
0.711309131,0.01311484,0.037178328,0.00169928
0.703368322,0.013503624,0.034871954,0.001712795
0.695365564,0.013898053,0.032538671,0.001726277
0.687303297,0.014298066,0.030180583,0.001740191
0.679183975,0.014703707,0.027779764,0.001754747
0.671010072,0.015114992,0.025305923,0.001769707
0.662784077,0.015531786,0.022755665,0.001784868
0.654508497,0.01595388,0.020129585,0.001800605
0.646185852,0.016381039,0.017433052,0.001817392
0.637818678,0.016812954,0.014682779,0.001834861
0.629409523,0.017249268,0.011878969,0.001852363
0.620960948,0.017689658,0.009017126,0.001870109
0.612475527,0.018133922,0.006101028,0.001888519
0.603955845,0.018581909,0.003113831,0.001907657
0.595404498,0.01903344,3.89E-05,0.00192739
0.586824089,0.019488163,-0.00312039,0.001947494
0.578217233,0.01994569,-0.006371731,0.001968089
0.56958655,0.020405599,-0.009697744,0.001989758
0.560934672,0.02086741,-0.013082254,0.002012243
0.552264232,0.021330606,-0.016533951,0.002034782
0.543577871,0.021794712,-0.020044552,0.002057748
0.534878237,0.022259415,-0.02360784,0.002081734
0.526167978,0.02272445,-0.027268974,0.002106548
0.517449748,0.023189475,-0.031030369,0.00213174
0.508726203,0.023653891,-0.034883264,0.002156967
0.5,0.024116995,-0.0388129,0.002182983
0.491273797,0.024578166,-0.042794064,0.002210146
0.482550252,0.025036933,-0.0468272,0.002237581
0.473832022,0.025492908,-0.050949786,0.002265073
0.465121763,0.025945637,-0.055172808,0.002293789
0.456422129,0.026394495,-0.059467843,0.002323734
0.447735768,0.026838819,-0.063844171,0.002353528
0.439065328,0.027277967,-0.068292197,0.002383789
0.43041345,0.027711328,-0.072807038,0.002414873
0.421782767,0.028138319,-0.077398523,0.002446529
0.413175911,0.028558334,-0.082062694,0.002478852
0.404595502,0.028970707,-0.08678974,0.002511758
0.396044155,0.029374765,-0.091584349,0.002545056
0.387524473,0.02976986,-0.096434552,0.002579308
0.379039052,0.030155382,-0.101340428,0.002614025
0.370590477,0.030530741,-0.106324547,0.002648669
0.362181322,0.030895338,-0.111373869,0.002683901
0.353814148,0.031248511,-0.116480716,0.002720229
0.345491503,0.031589602,-0.121651263,0.002757188
0.337215923,0.031917958,-0.126880571,0.00279449
0.328989928,0.032232898,-0.132164313,0.002832054
0.320816025,0.032533769,-0.137500314,0.002869854
0.312696703,0.032819934,-0.14287108,0.002908491
0.304634436,0.033090752,-0.148271558,0.002947912
0.296631678,0.033345635,-0.153716193,0.002987168
0.288690869,0.033583988,-0.15920085,0.003026573
0.280814427,0.033805207,-0.164718783,0.003066539
0.27300475,0.034008727,-0.170260324,0.003106657
0.265264219,0.034193996,-0.175836669,0.003146706
0.25759519,0.034360453,-0.18143658,0.003187256
0.25,0.034507586,-0.18704827,0.003228121
0.242480963,0.034634885,-0.192695935,0.003268635
0.235040368,0.034741789,-0.198347042,0.003309318
0.227680482,0.034827808,-0.203996854,0.003349976
0.220403548,0.034892496,-0.209652581,0.003390004
0.213211782,0.034935414,-0.215308997,0.003429758
0.206107374,0.034956224,-0.220978609,0.003469615
0.199092488,0.034954514,-0.226665055,0.00350909
0.192169262,0.034929762,-0.232328744,0.003548126
0.185339804,0.034881539,-0.237951548,0.003586814
0.178606195,0.034809489,-0.243512842,0.003625565
0.171970486,0.034713318,-0.249022352,0.003663844
0.165434697,0.034592852,-0.254504876,0.003702314
0.15900082,0.034447884,-0.259949155,0.003741128
0.152670815,0.034278132,-0.265340578,0.003780347
0.146446609,0.034083445,-0.270718917,0.003820474
0.1403301,0.033863608,-0.276044751,0.003862243
0.134323149,0.033618267,-0.281275444,0.003904698
0.128427587,0.033347271,-0.286411348,0.003948143
0.12264521,0.033050446,-0.291432086,0.003992622
0.116977778,0.032727594,-0.29629983,0.004037855
0.111427019,0.032378741,-0.301048562,0.004084498
0.105994623,0.032003828,-0.30565832,0.00413226
0.100682245,0.031602712,-0.310065696,0.004180851
0.095491503,0.031175529,-0.314338165,0.004231345
0.090423978,0.030722236,-0.318417573,0.004283449
0.085481214,0.030242689,-0.322202074,0.004336258
0.080664716,0.02973707,-0.325770647,0.00439138
0.075975952,0.029205386,-0.329033269,0.004448194
0.07141635,0.028647544,-0.331858315,0.004505749
0.066987298,0.02806388,-0.334404668,0.004566172
0.062690146,0.027454378,-0.336509258,0.004629303
0.058526204,0.026818861,-0.337925531,0.004692815
0.054496738,0.026157726,-0.33884997,0.004760322
0.050602977,0.02547101,-0.338950903,0.004830428
0.046846106,0.024758672,-0.338036236,0.004900932
0.043227271,0.024021391,-0.336457568,0.004978483
0.039747573,0.023259064,-0.33375493,0.005062936
0.036408073,0.022471358,-0.329272931,0.005149444
0.033209787,0.021658982,-0.323438991,0.005246637
0.03015369,0.020821825,-0.315503569,0.005351907
0.027240712,0.01995972,-0.304593417,0.005456953
0.024471742,0.019073869,-0.291672686,0.005577453
0.021847622,0.018163953,-0.275228842,0.005704346
0.019369152,0.017229463,-0.253851802,0.005827198
0.017037087,0.016271907,-0.22853994,0.005976556
0.014852137,0.01529073,-0.196903398,0.006167498
0.012814968,0.014285286,-0.155914126,0.006348691
0.0109262,0.013257816,-0.10834327,0.006407809
0.009186408,0.012207575,-0.052052466,0.006399895
0.007596123,0.011133581,0.018706423,0.006310161
0.00615583,0.010038907,0.100118068,0.006167838
0.004865966,0.008922788,0.19600121,0.005946445
0.003726924,0.007783262,0.308638702,0.0056575
0.002739052,0.006623334,0.432373637,0.005192041
0.001902651,0.005445688,0.563628887,0.004538745
0.001217975,0.004250062,0.697099242,0.003731451
0.000685233,0.003036887,0.823246539,0.002792166
0.000304586,0.001837833,0.925690283,0.00183937
7.62E-05,0.000722987,0.994464557,0.001067606
0,-1.93E-05,1.021553809,0.00062729
0.985147863,0.004290412,0.238270311,7.83E-04
0.982962913,0.004615716,0.233852705,0.000804999
0.980630848,0.004962192,0.229268977,0.000827167
0.978152378,0.005329668,0.224528351,0.000849474
0.975528258,0.005718126,0.219623156,0.000872308
0.972759288,0.006127601,0.214550872,0.000895538
0.96984631,0.006557871,0.209329905,0.000919653
0.966790213,0.007008502,0.203993151,0.000944047
0.963591927,0.007479026,0.198574843,0.000968327
0.960252427,0.007969142,0.193090454,0.000992674
0.956772729,0.008478669,0.187544656,0.001016889
0.953153894,0.00900744,0.181941433,0.001041137
0.949397023,0.009555236,0.176287605,0.001065221
0.945503262,0.010121844,0.170596751,0.001088948
0.941473796,0.010707033,0.164860026,0.00111274
0.937309854,0.01131051,0.159097656,0.001136274
0.933012702,0.01193193,0.153312019,0.001159735
0.92858365,0.012570937,0.147528385,0.001183097
0.924024048,0.013227203,0.14174294,0.001205967
0.919335284,0.013900434,0.135962431,0.00122845
0.914518786,0.014590295,0.13019403,0.001250399
0.909576022,0.015296516,0.124436983,0.001272526
0.904508497,0.016018863,0.118690441,0.001293968
0.899317755,0.016757067,0.11295364,0.00131493
0.894005377,0.017510826,0.107214208,0.001336098
0.888572981,0.018279797,0.101497601,0.001356904
0.883022222,0.019063625,0.095784622,0.001377669
0.87735479,0.019862009,0.090101773,0.001397962
0.871572413,0.020674699,0.084411069,0.001417771
0.865676851,0.021501426,0.078711468,0.001437812
0.8596699,0.022341811,0.07303073,0.001457596
0.853553391,0.023195369,0.067349563,0.001476979
0.847329185,0.024061643,0.061693112,0.001496654
0.84099918,0.0249403,0.056058997,0.001515639
0.834565303,0.025831133,0.050414724,0.001534286
0.828029514,0.026733923,0.044763834,0.001553171
0.821393805,0.027648364,0.039106438,0.001572219
0.814660196,0.028574079,0.033412985,0.001591316
0.807830738,0.029510687,0.027710475,0.001610661
0.800907512,0.030457804,0.021985403,0.001629379
0.793892626,0.031415023,0.016229526,0.001648333
0.786788218,0.032381935,0.010441514,0.001667699
0.779596452,0.033358157,0.004632978,0.001687402
0.772319518,0.034343294,-0.001220421,0.001707096
0.764959632,0.03533695,-0.007117492,0.001726964
0.757519037,0.036338676,-0.013062634,0.001747378
0.75,0.037347988,-0.019054056,0.001767662
0.74240481,0.038364387,-0.025090905,0.001788184
0.734735781,0.039387389,-0.031195092,0.001809408
0.72699525,0.040416483,-0.03734839,0.001831087
0.719185573,0.041451175,-0.043552665,0.001852651
0.711309131,0.042491026,-0.049827481,0.001874304
0.703368322,0.04353565,-0.056199003,0.001896667
0.695365564,0.044584606,-0.062683403,0.001920087
0.687303297,0.045637259,-0.069249661,0.001944206
0.679183975,0.046692821,-0.075918086,0.001968541
0.671010072,0.047750496,-0.082658465,0.001994304
0.662784077,0.048809669,-0.089472387,0.002019493
0.654508497,0.049869775,-0.096398618,0.00204497
0.646185852,0.050930223,-0.103430363,0.002072055
0.637818678,0.05199031,-0.110567423,0.002099922
0.629409523,0.053049257,-0.117814033,0.002127979
0.620960948,0.054106291,-0.125180093,0.002156301
0.612475527,0.055160681,-0.132678883,0.002185277
0.603955845,0.056211736,-0.140300639,0.002215923
0.595404498,0.057258709,-0.148046094,0.002247929
0.586824089,0.058300687,-0.155939364,0.00228025
0.578217233,0.05933667,-0.163976334,0.002312296
0.56958655,0.06036567,-0.172136556,0.002345585
0.560934672,0.061386777,-0.180412524,0.002380649
0.552264232,0.062399132,-0.188818944,0.002416388
0.543577871,0.063401824,-0.197380901,0.002452245
0.534878237,0.064393841,-0.206105416,0.002488918
0.526167978,0.065374111,-0.214957781,0.00252728
0.517449748,0.066341599,-0.223922103,0.002566862
0.508726203,0.067295247,-0.23303378,0.002606348
0.5,0.068234007,-0.242305443,0.002646373
0.491273797,0.069156833,-0.251712061,0.002688063
0.482550252,0.070062634,-0.261244924,0.002730806
0.473832022,0.070950308,-0.270924747,0.002774006
0.465121763,0.071818758,-0.280750125,0.00281808
0.456422129,0.072666806,-0.290711337,0.002863134
0.447735768,0.073493289,-0.300797613,0.002909116
0.439065328,0.074297052,-0.311011151,0.002955527
0.43041345,0.075076952,-0.321357153,0.003002369
0.421782767,0.075831876,-0.331826527,0.003050691
0.413175911,0.076560672,-0.342410948,0.003100378
0.404595502,0.077262071,-0.353105512,0.003150145
0.396044155,0.077934819,-0.363881354,0.003200493
0.387524473,0.078577751,-0.37472135,0.003251457
0.379039052,0.079189826,-0.385646246,0.00330227
0.370590477,0.07977008,-0.396684436,0.003353285
0.362181322,0.080317441,-0.407822902,0.003405896
0.353814148,0.080830618,-0.419009559,0.003459668
0.345491503,0.081308348,-0.430206878,0.003512335
0.337215923,0.081749552,-0.441412983,0.0035644
0.328989928,0.082153317,-0.452643558,0.003616958
0.320816025,0.082518864,-0.463932976,0.003669852
0.312696703,0.082845215,-0.475270682,0.003722947
0.304634436,0.083131131,-0.48657686,0.003776258
0.296631678,0.083375465,-0.497785875,0.003828975
0.288690869,0.083577294,-0.508898824,0.003880739
0.280814427,0.083735972,-0.519951262,0.003932277
0.27300475,0.083850957,-0.530970645,0.003984923
0.265264219,0.083921447,-0.541923362,0.004038003
0.25759519,0.083946417,-0.552761738,0.004090042
0.25,0.083924943,-0.563396077,0.004142124
0.242480963,0.083856341,-0.573778716,0.004194992
0.235040368,0.083740112,-0.583954903,0.004248192
0.227680482,0.083575895,-0.593950668,0.004302191
0.220403548,0.083363149,-0.603720632,0.004356639
0.213211782,0.083101208,-0.613186017,0.004411575
0.206107374,0.082789595,-0.622296035,0.004467193
0.199092488,0.08242795,-0.631037417,0.004522633
0.192169262,0.082016054,-0.639419274,0.004578294
0.185339804,0.081553829,-0.647465019,0.004634392
0.178606195,0.081040959,-0.65510749,0.00469145
0.171970486,0.080477069,-0.662250165,0.004749228
0.165434697,0.079862,-0.668852964,0.004807313
0.15900082,0.079195558,-0.674828077,0.004865281
0.152670815,0.078477662,-0.680113511,0.004922025
0.146446609,0.077708465,-0.684676304,0.004978535
0.1403301,0.076888112,-0.688485823,0.00503465
0.134323149,0.076016896,-0.691609339,0.005090827
0.128427587,0.075095273,-0.69407242,0.005147755
0.12264521,0.074123142,-0.695686899,0.005205153
0.116977778,0.073100415,-0.696229075,0.005261803
0.111427019,0.072027353,-0.695582509,0.005316925
0.105994623,0.070904199,-0.693683756,0.005370795
0.100682245,0.069731486,-0.690538283,0.00542344
0.095491503,0.068509928,-0.686133912,0.005475856
0.090423978,0.067239828,-0.680246703,0.005526479
0.085481214,0.065921692,-0.672841319,0.005576137
0.080664716,0.064556248,-0.663863058,0.005625924
0.075975952,0.063143694,-0.652964262,0.005673225
0.07141635,0.061684575,-0.640068903,0.005718855
0.066987298,0.060179638,-0.625101961,0.005763491
0.062690146,0.058629093,-0.60760425,0.00580413
0.058526204,0.057033557,-0.587464479,0.005841162
0.054496738,0.05539399,-0.56462085,0.005874495
0.050602977,0.053710755,-0.538577879,0.00590042
0.046846106,0.051984818,-0.50938706,0.005920323
0.043227271,0.05021727,-0.477031365,0.005935826
0.039747573,0.048408088,-0.440680521,0.005939133
0.036408073,0.046557931,-0.40017182,0.005928874
0.033209787,0.044667803,-0.355460614,0.005904753
0.03015369,0.042738043,-0.3058997,0.00585841
0.027240712,0.040769796,-0.251679262,0.005789267
0.024471742,0.038764302,-0.192904966,0.005696955
0.021847622,0.036721465,-0.128845924,0.005567988
0.019369152,0.034641939,-0.05943392,0.005390727
0.017037087,0.032526834,0.014741574,0.005158068
0.014852137,0.030376629,0.093697971,0.004847205
0.012814968,0.028192408,0.176692847,0.004467575
0.0109262,0.025975658,0.26312096,0.004132114
0.009186408,0.023727271,0.352474944,0.003849972
0.007596123,0.021448099,0.443295547,0.00357093
0.00615583,0.019139871,0.534059757,0.0032807
0.004865966,0.016805608,0.622727775,0.002975738
0.003726924,0.014447689,0.707626704,0.002646559
0.002739052,0.012070261,0.786530506,0.002264113
0.001902651,0.009683891,0.857090104,0.00187613
0.001217975,0.007302648,0.917628663,0.001490527
0.000685233,0.004954887,0.966570356,0.001121168
0.000304586,0.002724211,1.002282591,0.00079386
7.62E-05,0.000847629,1.023959002,0.000539132
0,-1.57E-06,1.031213912,0.000429992
0.985147863,0.006949882,0.256566461,0.000641945
0.982962913,0.007516285,0.251948429,0.000662559
0.980630848,0.008119783,0.247042157,0.000684656
0.978152378,0.008759985,0.24186232,0.000707682
0.975528258,0.009436424,0.236419814,0.000731428
0.972759288,0.010148589,0.230730617,0.000756049
0.96984631,0.010896093,0.224806611,0.000781518
0.966790213,0.011678549,0.21864214,0.000807583
0.963591927,0.012495635,0.212247083,0.000834681
0.960252427,0.013346863,0.205623079,8.62E-04
0.956772729,0.01423161,0.198810388,8.90E-04
0.953153894,0.015149234,0.191810469,9.19E-04
0.949397023,0.016099133,0.184643926,9.48E-04
0.945503262,0.017080753,0.1773337,9.77E-04
0.941473796,0.018093532,0.169877363,1.01E-03
0.937309854,0.019136978,0.162293168,1.04E-03
0.933012702,0.020210694,0.154563808,1.07E-03
0.92858365,0.021314255,0.146692326,1.10E-03
0.924024048,0.022447028,0.138699112,1.13E-03
0.919335284,0.023608158,0.130596897,1.16E-03
0.914518786,0.024796733,0.122422791,1.19E-03
0.909576022,0.0260121,0.114185988,0.001214231
0.904508497,0.027253837,0.105872756,0.001243368
0.899317755,0.02852157,0.09747602,0.001272481
0.894005377,0.029814731,0.088979102,0.001301383
0.888572981,0.031132563,0.080409822,0.001329601
0.883022222,0.032474293,0.071780547,0.001357348
0.87735479,0.033839167,0.06309376,0.001385128
0.871572413,0.035226508,0.054348058,0.001412707
0.865676851,0.036635598,0.045557964,0.001440317
0.8596699,0.038065804,0.036723625,0.001465934
0.853553391,0.039516475,0.027819113,0.001491674
0.847329185,0.040986967,0.018863884,0.001517649
0.84099918,0.042476646,0.009843532,0.001542054
0.834565303,0.043984756,0.000760085,0.001566727
0.828029514,0.0455106,-0.008390058,0.001591279
0.821393805,0.047053428,-0.017618579,0.00161494
0.814660196,0.048612486,-0.026916795,0.001637788
0.807830738,0.050187005,-0.036290961,0.001660588
0.800907512,0.051776211,-0.045740575,0.00168246
0.793892626,0.053379302,-0.055279975,0.001703389
0.786788218,0.054995487,-0.06491086,0.001724203
0.779596452,0.056624004,-0.074638494,0.0017435
0.772319518,0.058264127,-0.084473035,0.001762253
0.764959632,0.059915115,-0.094428305,0.001781341
0.757519037,0.061576119,-0.104521433,0.001799238
0.75,0.063246171,-0.114721598,0.001816756
0.74240481,0.064924279,-0.125020571,0.001834092
0.734735781,0.066609572,-0.135428712,0.001851441
0.72699525,0.068301236,-0.145939166,0.001870087
0.719185573,0.069998438,-0.156562886,0.001891532
0.711309131,0.071700252,-0.167305722,0.001915411
0.703368322,0.073405652,-0.178182879,0.001940804
0.695365564,0.075113592,-0.189220033,0.001968232
0.687303297,0.076823009,-0.200419698,0.001998264
0.679183975,0.078532833,-0.211789924,0.002030651
0.671010072,0.080241992,-0.223351272,0.00206441
0.662784077,0.08194939,-0.235109928,0.002099336
0.654508497,0.083653899,-0.247071028,0.002136476
0.646185852,0.085354394,-0.259251935,0.002175343
0.637818678,0.087049645,-0.271657091,0.002215232
0.629409523,0.088738297,-0.284280353,0.002256099
0.620960948,0.090419053,-0.297118567,0.002297874
0.612475527,0.092090683,-0.310199041,0.002340664
0.603955845,0.093752015,-0.323551904,0.002384973
0.595404498,0.095401805,-0.337184437,0.00243106
0.586824089,0.097038577,-0.351090371,0.002478543
0.578217233,0.098660708,-0.365249801,0.002527139
0.56958655,0.100266582,-0.379656946,0.002575848
0.560934672,0.101854723,-0.394325976,0.00262463
0.552264232,0.103423746,-0.409269247,0.002675255
0.543577871,0.104972225,-0.424485413,0.002728678
0.534878237,0.106498624,-0.439979854,0.002783258
0.526167978,0.108001386,-0.455790631,0.002837873
0.517449748,0.109478918,-0.471934808,0.00289354
0.508726203,0.110929409,-0.488353826,0.00295163
0.5,0.112350994,-0.505008017,0.00301167
0.491273797,0.113741935,-0.521912125,0.00307229
0.482550252,0.115100667,-0.539087544,0.003133722
0.473832022,0.116425766,-0.556574128,0.003197098
0.465121763,0.117715651,-0.57439248,0.003262141
0.456422129,0.118968442,-0.59250777,0.003328465
0.447735768,0.120182149,-0.610875017,0.003395897
0.439065328,0.121354889,-0.629477168,0.003464245
0.43041345,0.12248488,-0.648291896,0.00353367
0.421782767,0.123570419,-0.667308843,0.003603772
0.413175911,0.124609832,-0.686533187,0.003674411
0.404595502,0.125601486,-0.705976681,0.003746025
0.396044155,0.126543794,-0.725644665,0.003819222
0.387524473,0.127435092,-0.745517018,0.003894033
0.379039052,0.128273482,-0.765525311,0.00396929
0.370590477,0.129057112,-0.785612091,0.004043299
0.362181322,0.129784329,-0.805755084,0.004116996
0.353814148,0.130453698,-0.825961866,0.004192588
0.345491503,0.131063868,-0.846240507,0.00426999
0.337215923,0.131613338,-0.866557903,0.004347416
0.328989928,0.132100404,-0.886839958,0.004425362
0.320816025,0.132523462,-0.906995355,0.004504598
0.312696703,0.132881088,-0.92696855,0.004584288
0.304634436,0.133172017,-0.946755556,0.004663621
0.296631678,0.133395086,-0.966346382,0.004743881
0.288690869,0.133549077,-0.985655319,0.004825844
0.280814427,0.133632701,-1.004602456,0.004909047
0.27300475,0.133644863,-1.023123932,0.004992177
0.265264219,0.133584554,-1.041173928,0.005074692
0.25759519,0.133450882,-1.058713081,0.005157654
0.25,0.133243109,-1.075681334,0.005242068
0.242480963,0.132960345,-1.091992403,0.00532679
0.235040368,0.132601772,-1.107565727,0.005411128
0.227680482,0.132166722,-1.122298303,0.005495419
0.220403548,0.131654569,-1.136087802,0.005579957
0.213211782,0.131064835,-1.148875066,0.005663911
0.206107374,0.130397172,-1.160588709,0.005746621
0.199092488,0.129651215,-1.171104569,0.005828146
0.192169262,0.128826692,-1.180291115,0.005908583
0.185339804,0.127923528,-1.188044252,0.005988419
0.178606195,0.126941554,-1.194332776,0.006066351
0.171970486,0.125880836,-1.199099239,0.006141777
0.165434697,0.12474152,-1.202218727,0.006216493
0.15900082,0.123523705,-1.203472918,0.006287539
0.152670815,0.122227733,-1.202760027,0.006356635
0.146446609,0.120853971,-1.200105294,0.006424087
0.1403301,0.119402675,-1.195351923,0.006486857
0.134323149,0.11787432,-1.188333818,0.00654597
0.128427587,0.116269494,-1.178926883,0.006601206
0.12264521,0.114588741,-1.167031736,0.006652121
0.116977778,0.112832919,-1.152620676,0.006698685
0.111427019,0.111002795,-1.135559872,0.006739995
0.105994623,0.109099015,-1.115690548,0.006775327
0.100682245,0.107122512,-1.092938805,0.006804167
0.095491503,0.105074202,-1.067181599,0.006825145
0.090423978,0.102954966,-1.038315026,0.006838309
0.085481214,0.100766006,-1.006346241,0.006844116
0.080664716,0.09850836,-0.971149771,0.006840751
0.075975952,0.096182913,-0.932564965,0.006826979
0.07141635,0.093790897,-0.890588204,0.006802525
0.066987298,0.091333469,-0.845124591,0.006765974
0.062690146,0.088811763,-0.796146052,0.006715993
0.058526204,0.08622722,-0.743758764,0.006653517
0.054496738,0.083581045,-0.687889868,0.006577097
0.050602977,0.080874287,-0.628474363,0.006484784
0.046846106,0.07810833,-0.565635607,0.006375585
0.043227271,0.075284434,-0.49943408,0.00624769
0.039747573,0.072403824,-0.429951701,0.006100499
0.036408073,0.069467987,-0.357425524,0.00593226
0.033209787,0.066478266,-0.282055483,0.005741952
0.03015369,0.06343594,-0.204100954,0.005527156
0.027240712,0.060342417,-0.123926294,0.005287976
0.024471742,0.057199219,-0.041919369,0.00502464
0.021847622,0.054007789,0.04148876,0.004740914
0.019369152,0.050769549,0.125849775,0.004440052
0.017037087,0.047486401,0.210449257,0.004124427
0.014852137,0.044160198,0.294637846,0.003795965
0.012814968,0.040792557,0.377858776,0.003456236
0.0109262,0.037386251,0.459152341,0.003119134
0.009186408,0.033944267,0.53780268,0.002796521
0.007596123,0.030469272,0.613193053,0.002491508
0.00615583,0.026966494,0.684370701,0.002207383
0.004865966,0.023442709,0.750472935,0.001940148
0.003726924,0.019905742,0.810944607,0.001684101
0.002739052,0.016370612,0.864977639,0.001441922
0.001902651,0.012862131,0.911913415,0.001212227
0.001217975,0.009420784,0.95144454,0.000992695
0.000685233,0.006128908,0.982642063,0.000800397
0.000304586,0.003162824,1.005532063,0.000633665
7.62E-05,0.0009,1.019590721,0.000509002
0,4.67E-09,1.024352151,0.000459357
0.985147863,0.000822261,0.146337905,1.49E-03
0.982962913,0.000795484,0.147306297,1.48E-03
0.980630848,0.000768359,0.148260767,1.48E-03
0.978152378,0.000741226,0.149197379,0.001466848
0.975528258,0.000714546,0.15010674,0.001457874
0.972759288,0.00068883,0.150953889,0.001449208
0.96984631,0.00066449,0.151746185,0.001441073
0.966790213,0.000641894,0.152499059,0.001433146
0.963591927,0.000621414,0.153220197,0.001425379
0.960252427,0.000603461,0.153907682,0.001417857
0.956772729,0.000588477,0.154561954,0.001410371
0.953153894,0.000576916,0.155180285,0.001403011
0.949397023,0.000569271,0.155766904,0.001395796
0.945503262,0.000566063,0.156313275,0.001388655
0.941473796,0.00056783,0.156815571,0.00138172
0.937309854,0.000575124,0.157270712,0.001374923
0.933012702,0.000588511,0.157676897,0.00136821
0.92858365,0.000608565,0.158026668,0.001361709
0.924024048,0.000635833,0.158318601,0.001355511
0.919335284,0.000670849,0.158557554,0.001349408
0.914518786,0.000714153,0.158747068,0.001343407
0.909576022,0.000766366,0.158869374,0.001337684
0.904508497,0.000828151,0.158936403,0.00133205
0.899317755,0.000900188,0.158924494,0.001326691
0.894005377,0.000983117,0.158828878,0.00132165
0.888572981,0.001077573,0.158655464,0.001316828
0.883022222,0.00118419,0.158393425,0.001312305
0.87735479,0.001303622,0.158033079,0.001308216
0.871572413,0.001436537,0.157575478,0.001304524
0.865676851,0.001583595,0.157020618,0.001301182
0.8596699,0.001745414,0.156341719,0.001298394
0.853553391,0.001922586,0.15556625,0.00129598
0.847329185,0.002115703,0.154672924,0.001293964
0.84099918,0.002325418,0.153645049,0.00129263
0.834565303,0.00255241,0.152498115,0.001291917
0.828029514,0.002797361,0.15121327,0.001291644
0.821393805,0.003060934,0.14976357,0.001292135
0.814660196,0.003343789,0.148147246,0.001293423
0.807830738,0.003646558,0.146343549,0.001295734
0.800907512,0.003969772,0.144356968,0.001298976
0.793892626,0.004313894,0.142178469,0.001303107
0.786788218,0.004679389,0.139800475,0.001308282
0.779596452,0.005066833,0.137197953,0.001314608
0.772319518,0.005476831,0.134353819,0.001322234
0.764959632,0.005909952,0.131229544,0.001331099
0.757519037,0.006366536,0.127810111,0.00134155
0.75,0.006846841,0.124089413,0.001353592
0.74240481,0.007351231,0.120036015,0.001366886
0.734735781,0.007880849,0.115518253,0.001382253
0.72699525,0.008437107,0.110333412,0.00140178
0.719185573,0.009020692,0.104397154,0.001426943
0.711309131,0.009628789,0.097777655,0.001457303
0.703368322,0.010257383,0.090652002,0.001492047
0.695365564,0.010901978,0.083206278,0.001530966
0.687303297,0.011557063,0.07572564,0.001571768
0.679183975,0.012216374,0.068617076,0.001610683
0.671010072,0.012875256,0.062087421,0.001645704
0.662784077,0.013533307,0.056036992,0.001677692
0.654508497,0.014192087,0.05024441,0.001708594
0.646185852,0.014852338,0.044547012,0.001739433
0.637818678,0.015513717,0.038919738,0.001770115
0.629409523,0.016175276,0.033400274,0.001800332
0.620960948,0.016836262,0.027981568,0.001829967
0.612475527,0.017496223,0.022660199,0.001859082
0.603955845,0.018154823,0.017403938,0.001888109
0.595404498,0.018811707,0.012194794,0.001917225
0.586824089,0.019466457,0.007036863,0.001946461
0.578217233,0.020118663,0.001907655,0.001975607
0.56958655,0.02076789,-0.003210276,0.002004885
0.560934672,0.021413675,-0.008321777,0.002034355
0.552264232,0.022055555,-0.01342995,0.002064103
0.543577871,0.022693026,-0.01853515,0.002094546
0.534878237,0.023325507,-0.023649165,0.002125022
0.526167978,0.023952401,-0.028764737,0.002155621
0.517449748,0.024573121,-0.033863988,0.002187068
0.508726203,0.025187096,-0.038968623,0.002218144
0.5,0.025793766,-0.044087794,0.00224907
0.491273797,0.026392583,-0.049207649,0.002280838
0.482550252,0.026983026,-0.05433142,0.00231309
0.473832022,0.027564586,-0.059475035,0.002345377
0.465121763,0.028136729,-0.064635089,0.002378304
0.456422129,0.02869887,-0.06982044,0.002411777
0.447735768,0.029250417,-0.075032777,0.002445376
0.439065328,0.02979075,-0.080269184,0.002479304
0.43041345,0.030319173,-0.085518953,0.002513789
0.421782767,0.030834975,-0.090758142,0.002548863
0.413175911,0.031337536,-0.095981824,0.002584167
0.404595502,0.031826355,-0.101215282,0.002619288
0.396044155,0.032300993,-0.106477163,0.002654513
0.387524473,0.032760945,-0.111766762,0.002690426
0.379039052,0.033205534,-0.117062061,0.002727298
0.370590477,0.033634072,-0.122357758,0.002763859
0.362181322,0.034045968,-0.12765299,0.002800251
0.353814148,0.034440743,-0.13294518,0.002837949
0.345491503,0.034817997,-0.138265054,0.002876114
0.337215923,0.035177185,-0.143624564,0.002914123
0.328989928,0.035517537,-0.148979836,0.002952467
0.320816025,0.035838232,-0.154279095,0.002990672
0.312696703,0.036138674,-0.15950243,0.003028725
0.304634436,0.036418585,-0.164689698,0.00306715
0.296631678,0.03667778,-0.169910577,0.003105506
0.288690869,0.036915927,-0.175159128,0.00314428
0.280814427,0.037132333,-0.18039155,0.003183278
0.27300475,0.037326327,-0.185568887,0.00322169
0.265264219,0.037497395,-0.190672487,0.003260251
0.25759519,0.037645272,-0.19572297,0.003298678
0.25,0.03776977,-0.200773387,0.00333622
0.242480963,0.037870592,-0.205827947,0.003373878
0.235040368,0.037947152,-0.21082113,0.003411752
0.227680482,0.037998916,-0.2157152,0.003448651
0.220403548,0.038025534,-0.220499289,0.003484159
0.213211782,0.038026875,-0.225193072,0.003519317
0.206107374,0.038002925,-0.229855002,0.003554439
0.199092488,0.037953519,-0.234495618,0.003589404
0.192169262,0.037878261,-0.239046844,0.003624569
0.185339804,0.03777682,-0.243488203,0.003659359
0.178606195,0.037648981,-0.247792257,0.00369452
0.171970486,0.037494601,-0.251962944,0.003729229
0.165434697,0.037313677,-0.256025175,0.003764738
0.15900082,0.03710616,-0.259971689,0.003801217
0.152670815,0.036871879,-0.263775336,0.003838203
0.146446609,0.036610803,-0.267437502,0.003875746
0.1403301,0.036322916,-0.270943869,0.003913657
0.134323149,0.036008128,-0.274257313,0.003952447
0.128427587,0.035666535,-0.277413203,0.00399229
0.12264521,0.035298185,-0.280386792,0.004032774
0.116977778,0.034902971,-0.283105659,0.00407388
0.111427019,0.034481008,-0.285583309,0.004116088
0.105994623,0.034032427,-0.287797458,0.004158767
0.100682245,0.033557284,-0.289690889,0.004201736
0.095491503,0.033055902,-0.291337597,0.004246299
0.090423978,0.032528456,-0.292700787,0.004292338
0.085481214,0.031974876,-0.293641401,0.004338667
0.080664716,0.03139543,-0.294192318,0.004386499
0.075975952,0.03079035,-0.294268138,0.004435388
0.07141635,0.03015975,-0.293763159,0.004484072
0.066987298,0.029504151,-0.292860064,0.004535412
0.062690146,0.02882376,-0.291441589,0.004589487
0.058526204,0.028118352,-0.28913892,0.004643676
0.054496738,0.027388282,-0.285997779,0.004699407
0.050602977,0.026633864,-0.281894634,0.004756695
0.046846106,0.025855278,-0.276531681,0.004812922
0.043227271,0.02505342,-0.270308939,0.004873704
0.039747573,0.024228523,-0.262970307,0.004941353
0.036408073,0.023380112,-0.253635439,0.005008773
0.033209787,0.022508791,-0.242496977,0.005080954
0.03015369,0.021614815,-0.229205146,0.005159007
0.027240712,0.02069806,-0.212767141,0.005232389
0.024471742,0.01975983,-0.193882423,0.005311744
0.021847622,0.018800292,-0.171940532,0.005397335
0.019369152,0.017818593,-0.144856607,0.00546931
0.017037087,0.016816027,-0.113517023,0.005562065
0.014852137,0.015792748,-0.075960972,0.005725439
0.012814968,0.014747943,-0.029707937,0.005871839
0.0109262,0.013683806,0.022251199,0.005846198
0.009186408,0.01260037,0.082461298,0.005775806
0.007596123,0.01149569,0.155148752,0.005628986
0.00615583,0.010372124,0.238442968,0.005427184
0.004865966,0.009230115,0.333580947,0.005249
0.003726924,0.008067321,0.441139408,0.00492863
0.002739052,0.006886155,0.557273427,0.00441869
0.001902651,0.005689717,0.676940675,0.003759485
0.001217975,0.00447699,0.794734442,0.002980126
0.000685233,0.003244672,0.90029673,0.002072259
0.000304586,0.001998129,0.980767854,0.001216701
7.62E-05,0.00079045,1.027700981,0.000505421
0,2.53E-05,1.040582373,0.000151882
0.985147863,0.003497546,0.22707161,1.10E-03
0.982962913,0.003713313,0.225023619,1.11E-03
0.980630848,0.003944741,0.222861,1.11E-03
0.978152378,0.004192016,0.220586214,1.12E-03
0.975528258,0.004455294,0.218219924,1.13E-03
0.972759288,0.004734746,0.215761339,1.13E-03
0.96984631,0.005030521,0.213224276,1.14E-03
0.966790213,0.005342726,0.210620678,1.15E-03
0.963591927,0.005671465,0.207961986,1.16E-03
0.960252427,0.006016901,0.205269756,1.16E-03
0.956772729,0.006379257,0.202521067,0.001168896
0.953153894,0.006758752,0.199745615,0.001175252
0.949397023,0.007155665,0.196920794,0.001181268
0.945503262,0.007570335,0.194047544,0.001186987
0.941473796,0.008003097,0.191121238,0.001192464
0.937309854,0.008454213,0.188129709,0.001197996
0.933012702,0.008923846,0.185100688,0.001203195
0.92858365,0.00941215,0.182033142,0.001208122
0.924024048,0.009919379,0.1789222,0.001212655
0.919335284,0.010445864,0.175770647,0.001217168
0.914518786,0.010991966,0.17256343,0.001221322
0.909576022,0.011558009,0.169298962,0.001225131
0.904508497,0.012144311,0.16595936,0.001229019
0.899317755,0.012751181,0.162569577,0.001232694
0.894005377,0.013378913,0.159091281,0.001236309
0.888572981,0.014027781,0.155550997,0.001239789
0.883022222,0.014698048,0.151934971,0.001243532
0.87735479,0.015389995,0.148229574,0.001247187
0.871572413,0.016103887,0.144443531,0.001250882
0.865676851,0.016839998,0.140564477,0.00125472
0.8596699,0.017598637,0.136586747,0.001258886
0.853553391,0.018380149,0.132500014,0.001263252
0.847329185,0.019184884,0.128291781,0.001268127
0.84099918,0.020013174,0.123954984,0.001273325
0.834565303,0.020865352,0.119466705,0.001278808
0.828029514,0.02174176,0.114805931,0.001285104
0.821393805,0.022642596,0.109976406,0.001292348
0.814660196,0.023568005,0.104980897,0.001300314
0.807830738,0.024518096,0.099789883,0.001309491
0.800907512,0.025493102,0.094403691,0.001319605
0.793892626,0.026493316,0.088791038,0.001330458
0.786788218,0.027519007,0.08292399,0.001342656
0.779596452,0.028570361,0.076769136,0.001356146
0.772319518,0.029647518,0.070301588,0.001371358
0.764959632,0.030750539,0.063494568,0.001388355
0.757519037,0.031879245,0.056334776,0.001406973
0.75,0.033033221,0.048820014,0.001427596
0.74240481,0.03421244,0.04089776,0.001449681
0.734735781,0.035418156,0.03236463,0.001473745
0.72699525,0.036652856,0.022845849,0.001504093
0.719185573,0.03791691,0.012179936,0.001544033
0.711309131,0.039204262,0.000662759,0.001591361
0.703368322,0.040505183,-0.011125376,0.0016415
0.695365564,0.041811295,-0.022733768,0.001690497
0.687303297,0.04311858,-0.034029356,0.001738044
0.679183975,0.044424451,-0.044947996,0.001784541
0.671010072,0.04572669,-0.055463615,0.001828509
0.662784077,0.047024966,-0.065694062,0.001869777
0.654508497,0.048319505,-0.075797784,0.00190968
0.646185852,0.04961023,-0.085856611,0.001950094
0.637818678,0.050896356,-0.095890022,0.001991214
0.629409523,0.052176816,-0.105909191,0.002032148
0.620960948,0.053450588,-0.11593027,0.002072564
0.612475527,0.054716629,-0.125949772,0.002112988
0.603955845,0.055973929,-0.135951218,0.002153932
0.595404498,0.057221498,-0.145956136,0.002194966
0.586824089,0.058458499,-0.155989416,0.002236193
0.578217233,0.05968412,-0.166069161,0.002278406
0.56958655,0.060897448,-0.176224797,0.002320579
0.560934672,0.062097372,-0.186439309,0.002363037
0.552264232,0.063282687,-0.196683982,0.002406612
0.543577871,0.064452292,-0.206974441,0.002450242
0.534878237,0.065605255,-0.217337698,0.002493543
0.526167978,0.066740722,-0.227793911,0.002538447
0.517449748,0.067857707,-0.23834691,0.002584573
0.508726203,0.068954939,-0.24898152,0.00263101
0.5,0.070031062,-0.259668395,0.002677844
0.491273797,0.071084887,-0.270394054,0.002724988
0.482550252,0.072115415,-0.281179649,0.002772036
0.473832022,0.073121703,-0.29205049,0.002820068
0.465121763,0.074102754,-0.302997654,0.002870034
0.456422129,0.075057424,-0.314033957,0.002920024
0.447735768,0.075984558,-0.325161334,0.002969721
0.439065328,0.076882989,-0.33635712,0.003020569
0.43041345,0.077751537,-0.347605061,0.003072597
0.421782767,0.078589055,-0.358906833,0.00312441
0.413175911,0.079394403,-0.370250884,0.00317654
0.404595502,0.080166473,-0.381632997,0.003229355
0.396044155,0.080904205,-0.393052567,0.003282922
0.387524473,0.081606541,-0.404495824,0.003336632
0.379039052,0.0822724,-0.415953179,0.003390139
0.370590477,0.082900745,-0.427422464,0.003443872
0.362181322,0.083490576,-0.438897507,0.003497994
0.353814148,0.084040851,-0.450368216,0.003551994
0.345491503,0.084550624,-0.461799571,0.003606471
0.337215923,0.085018974,-0.473196937,0.003660699
0.328989928,0.085445007,-0.484570541,0.003714449
0.320816025,0.085827927,-0.495930481,0.003767607
0.312696703,0.086166831,-0.507248186,0.003820533
0.304634436,0.086460692,-0.518459716,0.003873866
0.296631678,0.086708592,-0.529527358,0.003926911
0.288690869,0.086909734,-0.540443401,0.003978569
0.280814427,0.087063447,-0.551198334,0.004030024
0.27300475,0.087169201,-0.56178239,0.00408265
0.265264219,0.087226406,-0.572193731,0.004134762
0.25759519,0.087234435,-0.582434927,0.004186462
0.25,0.087192784,-0.592469537,0.004239115
0.242480963,0.087100864,-0.602262662,0.004291973
0.235040368,0.086958036,-0.611746383,0.004345237
0.227680482,0.086763804,-0.620860708,0.004398602
0.220403548,0.086517855,-0.62960589,0.004451077
0.213211782,0.086220024,-0.638021874,0.004504024
0.206107374,0.085870298,-0.646136592,0.004558551
0.199092488,0.08546838,-0.653892569,0.004613567
0.192169262,0.085013761,-0.661159419,0.004668641
0.185339804,0.084506149,-0.667837553,0.004723712
0.178606195,0.083945505,-0.673899896,0.004777612
0.171970486,0.083332032,-0.679418315,0.004830996
0.165434697,0.082666096,-0.684455466,0.004885325
0.15900082,0.081947682,-0.688888877,0.004939865
0.152670815,0.081176586,-0.692597806,0.004993952
0.146446609,0.080352874,-0.695504839,0.005047805
0.1403301,0.07947677,-0.697524408,0.005100551
0.134323149,0.078548673,-0.698712804,0.005152408
0.128427587,0.077569202,-0.699107551,0.005204522
0.12264521,0.076538568,-0.698525882,0.005257073
0.116977778,0.075456839,-0.696845885,0.005308101
0.111427019,0.074324457,-0.693976357,0.005357591
0.105994623,0.073141879,-0.689789654,0.005404876
0.100682245,0.071909753,-0.684308783,0.005451171
0.095491503,0.07062902,-0.677619189,0.005497698
0.090423978,0.069300055,-0.669482194,0.00554239
0.085481214,0.067923191,-0.659683889,0.005585237
0.080664716,0.066499155,-0.648186728,0.005627222
0.075975952,0.065028421,-0.634711368,0.005666046
0.07141635,0.063511564,-0.619130089,0.005701964
0.066987298,0.06194966,-0.601500225,0.005736866
0.062690146,0.060343192,-0.581445808,0.0057671
0.058526204,0.058692792,-0.558766475,0.005792493
0.054496738,0.056999614,-0.533537005,0.005815153
0.050602977,0.055264154,-0.505287705,0.00583073
0.046846106,0.053487098,-0.473794861,0.005838134
0.043227271,0.051669729,-0.439227052,0.005839988
0.039747573,0.049812355,-0.40093488,0.005830636
0.036408073,0.0479155,-0.358579352,0.00580618
0.033209787,0.045980426,-0.312336848,0.00576814
0.03015369,0.044007546,-0.261640893,0.005710085
0.027240712,0.041997632,-0.206293172,0.00562602
0.024471742,0.039952168,-0.146739413,0.005518119
0.021847622,0.037871326,-0.082399951,0.005374805
0.019369152,0.035755445,-0.012982431,0.005181269
0.017037087,0.033605726,0.060760321,0.004931036
0.014852137,0.031422698,0.138705007,0.004605079
0.012814968,0.029207055,0.220451398,0.004238636
0.0109262,0.02696017,0.305462486,0.00393774
0.009186408,0.024683084,0.392795561,0.003671165
0.007596123,0.022376562,0.48112452,0.003402697
0.00615583,0.020041612,0.569117174,0.003121358
0.004865966,0.017680375,0.654824086,0.002823874
0.003726924,0.015294301,0.7365996,0.002498403
0.002739052,0.012884237,0.812188563,0.002116295
0.001902651,0.010456897,0.879674727,0.001731563
0.001217975,0.008021682,0.93698898,0.001348835
0.000685233,0.005592642,0.982770858,0.000980358
0.000304586,0.003221795,1.015513498,0.000647378
7.62E-05,0.00108982,1.034527975,0.00037285
0,4.36E-07,1.040394875,0.000233597
0.985147863,0.006098761,0.249572214,0.000912762
0.982962913,0.006551469,0.246624571,0.000922821
0.980630848,0.007035259,0.243489525,0.00093349
0.978152378,0.007550135,0.240178884,0.000944369
0.975528258,0.008096154,0.236697925,0.000955992
0.972759288,0.008673397,0.233041035,0.000968414
0.96984631,0.009281877,0.229217039,0.000980941
0.966790213,0.009921506,0.225237703,0.000993996
0.963591927,0.010592131,0.221124674,0.001007313
0.960252427,0.01129372,0.21688553,0.001020685
0.956772729,0.012026385,0.212520447,0.001034297
0.953153894,0.012790271,0.208008223,0.001048029
0.949397023,0.013585444,0.203366788,0.001062388
0.945503262,0.014411798,0.198599777,1.08E-03
0.941473796,0.015269233,0.193723315,1.09E-03
0.937309854,0.016157622,0.188741455,1.10E-03
0.933012702,0.017077003,0.183659691,1.12E-03
0.92858365,0.018027356,0.178479435,1.13E-03
0.924024048,0.019008733,0.173197619,1.15E-03
0.919335284,0.020021309,0.167796843,1.16E-03
0.914518786,0.02106524,0.162271297,1.17E-03
0.909576022,0.022140601,0.156621873,0.001186286
0.904508497,0.023247295,0.150845076,0.001199899
0.899317755,0.024385219,0.144957453,0.001213386
0.894005377,0.025554285,0.138948166,0.001226821
0.888572981,0.026754524,0.13282456,0.001240052
0.883022222,0.027985963,0.126563844,0.001253069
0.87735479,0.02924863,0.120169527,0.001265959
0.871572413,0.030542516,0.113626958,0.001279281
0.865676851,0.031867629,0.106943996,0.001292099
0.8596699,0.033224001,0.100078527,0.001305217
0.853553391,0.034611644,0.093051168,0.00131814
0.847329185,0.036030606,0.085820274,0.001330817
0.84099918,0.037480833,0.07838761,0.001343591
0.834565303,0.03896215,0.070735376,0.001356314
0.828029514,0.040474383,0.062871456,0.001369509
0.821393805,0.042017364,0.054771168,0.001382632
0.814660196,0.043590994,0.046420186,0.001395856
0.807830738,0.045195176,0.03779452,0.001408677
0.800907512,0.046829806,0.028866822,0.001421722
0.793892626,0.048494819,0.019608921,0.001434725
0.786788218,0.050190151,0.009978332,0.00144827
0.779596452,0.051915706,-5.38E-05,0.001461853
0.772319518,0.053671326,-0.010551167,0.001475833
0.764959632,0.055456801,-0.021562483,0.001491817
0.757519037,0.057271188,-0.033090723,0.00150856
0.75,0.059113042,-0.04507916,0.001525334
0.74240481,0.06098115,-0.057582817,0.00154128
0.734735781,0.062877738,-0.070935563,0.001558192
0.72699525,0.064806952,-0.085786612,0.001583915
0.719185573,0.066770385,-0.102456384,0.001623382
0.711309131,0.068756073,-0.120248077,0.001672775
0.703368322,0.070744779,-0.137852898,0.001721692
0.695365564,0.072722217,-0.154392359,0.001763096
0.687303297,0.074686302,-0.169924569,0.001798013
0.679183975,0.076641358,-0.184984889,0.001830762
0.671010072,0.078589683,-0.199949197,0.001864109
0.662784077,0.080531346,-0.214933476,0.001899447
0.654508497,0.082465255,-0.229963267,0.001938288
0.646185852,0.084390427,-0.245035654,0.001981099
0.637818678,0.086305478,-0.260192184,0.002026938
0.629409523,0.088208936,-0.275463948,0.002077583
0.620960948,0.09009933,-0.290853197,0.00213267
0.612475527,0.091975115,-0.306390413,0.002189906
0.603955845,0.093834723,-0.32210492,0.00224776
0.595404498,0.09567667,-0.337984289,0.002306276
0.586824089,0.097499579,-0.354033738,0.002365888
0.578217233,0.099302111,-0.370315522,0.002425819
0.56958655,0.101082836,-0.386823164,0.002486893
0.560934672,0.10284008,-0.403532112,0.002549224
0.552264232,0.104572091,-0.420437344,0.002611501
0.543577871,0.106277225,-0.437542083,0.002673477
0.534878237,0.107953979,-0.454855311,0.002736569
0.526167978,0.109600886,-0.472412533,0.002800354
0.517449748,0.111216379,-0.490212508,0.002865255
0.508726203,0.112798628,-0.50821802,0.002932068
0.5,0.114345746,-0.52639449,0.002999855
0.491273797,0.115856033,-0.544746421,0.003067254
0.482550252,0.117328019,-0.563314584,0.003135195
0.473832022,0.118760309,-0.582126143,0.003205059
0.465121763,0.120151287,-0.601191121,0.003276513
0.456422129,0.121499082,-0.620473717,0.003349038
0.447735768,0.122801787,-0.639918746,0.003422653
0.439065328,0.124057645,-0.659505623,0.00349728
0.43041345,0.125265037,-0.679259816,0.003572353
0.421782767,0.126422467,-0.69917722,0.003648512
0.413175911,0.127528319,-0.719234779,0.003725807
0.404595502,0.128580894,-0.739418383,0.003803149
0.396044155,0.129578539,-0.759710369,0.003880258
0.387524473,0.130519687,-0.780071982,0.00395868
0.379039052,0.131402806,-0.80049776,0.004037629
0.370590477,0.132226495,-0.820986583,0.004116396
0.362181322,0.132989249,-0.841504023,0.004195691
0.353814148,0.133689491,-0.861994704,0.00427581
0.345491503,0.13432575,-0.882411429,0.004355563
0.337215923,0.134896674,-0.902717151,0.004434887
0.328989928,0.135400974,-0.922890029,0.004515453
0.320816025,0.13583751,-0.942916256,0.004597021
0.312696703,0.136205033,-0.962749313,0.004678823
0.304634436,0.13650223,-0.98231408,0.004760813
0.296631678,0.136727975,-1.001541543,0.004842857
0.288690869,0.136881189,-1.020370311,0.004924925
0.280814427,0.136960932,-1.038782499,0.005007794
0.27300475,0.136966361,-1.056734796,0.005091186
0.265264219,0.1368966,-1.074144479,0.00517432
0.25759519,0.136750782,-1.090928625,0.005257339
0.25,0.136528178,-1.10701561,0.005340646
0.242480963,0.136228187,-1.122336067,0.005423498
0.235040368,0.135850293,-1.136885804,0.005506459
0.227680482,0.135394137,-1.150600493,0.005590219
0.220403548,0.134859122,-1.163332284,0.005673194
0.213211782,0.134244665,-1.174929588,0.005754344
0.206107374,0.133550449,-1.185247037,0.005834052
0.199092488,0.132776366,-1.194187634,0.005912357
0.192169262,0.13192256,-1.201807586,0.005988971
0.185339804,0.130989307,-1.208179908,0.006064388
0.178606195,0.12997652,-1.213127459,0.006139413
0.171970486,0.128884138,-1.216498094,0.006213648
0.165434697,0.127712324,-1.218092187,0.006284599
0.15900082,0.126461193,-1.217666369,0.006353253
0.152670815,0.125131077,-1.215244532,0.006418747
0.146446609,0.123722492,-1.210766863,0.006479371
0.1403301,0.122236002,-1.204114013,0.006536798
0.134323149,0.120672404,-1.195317953,0.006591284
0.128427587,0.119032525,-1.184311611,0.006642503
0.12264521,0.11731683,-1.170875096,0.006689322
0.116977778,0.11552586,-1.15481415,0.006731358
0.111427019,0.113660428,-1.136000686,0.006766953
0.105994623,0.111721412,-1.114372752,0.006795131
0.100682245,0.109709927,-1.089975013,0.006817945
0.095491503,0.107627179,-1.06275687,0.006834845
0.090423978,0.105473903,-1.03250201,0.006843393
0.085481214,0.103251065,-0.999097627,0.006843332
0.080664716,0.100959814,-0.962463179,0.006833757
0.075975952,0.098601189,-0.922493338,0.006813493
0.07141635,0.096176503,-0.879251897,0.006783273
0.066987298,0.093687161,-0.832740914,0.006741716
0.062690146,0.091134171,-0.782809937,0.006687016
0.058526204,0.088518832,-0.729483399,0.006619268
0.054496738,0.085842499,-0.672796815,0.006537683
0.050602977,0.083106312,-0.612696941,0.006439714
0.046846106,0.080311649,-0.549311028,0.006325423
0.043227271,0.077459922,-0.482769893,0.006194062
0.039747573,0.074552292,-0.413096414,0.00604284
0.036408073,0.071590079,-0.34045917,0.005871394
0.033209787,0.068574679,-0.265115233,0.005678199
0.03015369,0.065507324,-0.187331356,0.005461677
0.027240712,0.062389294,-0.107399872,0.005220805
0.024471742,0.059222001,-0.025718845,0.00495708
0.021847622,0.05600687,0.057246727,0.004674494
0.019369152,0.052745176,0.141057437,0.004375559
0.017037087,0.049438327,0.225099418,0.004061107
0.014852137,0.046087921,0.308681198,0.003733602
0.012814968,0.042695046,0.391268382,0.00339678
0.0109262,0.039261239,0.472067312,0.003061868
0.009186408,0.035789177,0.550209999,0.00274143
0.007596123,0.032280834,0.625031681,0.002440247
0.00615583,0.028738858,0.695762304,0.002158269
0.004865966,0.025168141,0.76144388,0.001891239
0.003726924,0.021573319,0.821486156,0.001636359
0.002739052,0.017961757,0.875226897,0.001392412
0.001902651,0.014349087,0.921942194,0.001159219
0.001217975,0.010760086,0.961189763,0.000934682
0.000685233,0.0072458,0.992412952,0.000733595
0.000304586,0.003938275,1.015367372,0.000549806
7.62E-05,0.001203436,1.029559815,0.000399213
0,-2.38E-07,1.034436691,0.000334191
0.985147863,0.001073127,0.143240032,0.001509293
0.982962913,0.001078201,0.141905802,0.001515165
0.980630848,0.001083889,0.140506082,0.001521726
0.978152378,0.001090165,0.139073891,0.001528878
0.975528258,0.001096911,0.137642116,0.001536214
0.972759288,0.001103993,0.136251237,0.001543282
0.96984631,0.001111479,0.134891118,0.001549725
0.966790213,0.00111957,0.13354398,0.001556002
0.963591927,0.001128493,0.132181245,0.001562615
0.960252427,0.001138312,0.130816895,0.001569091
0.956772729,0.001149001,0.129463098,0.001576181
0.953153894,0.001160525,0.128151189,0.001582475
0.949397023,0.001172935,0.126861317,0.001588775
0.945503262,0.001186331,0.125597184,0.001595106
0.941473796,0.001200819,0.124360272,0.001601254
0.937309854,0.00121649,0.123148409,0.001607371
0.933012702,0.001233427,0.121947501,0.001613116
0.92858365,0.00125171,0.120766737,0.00161933
0.924024048,0.001271364,0.119608261,0.001625575
0.919335284,0.001292378,0.118486903,0.00163138
0.914518786,0.001314746,0.117416987,0.00163701
0.909576022,0.001338588,0.116376588,0.001642486
0.904508497,0.001364104,0.115367445,0.001648001
0.899317755,0.0013915,0.114373909,0.001653531
0.894005377,0.001420912,0.113387946,0.001658753
0.888572981,0.001452436,0.112401693,0.001664081
0.883022222,0.001486167,0.111424859,0.001669682
0.87735479,0.00152218,0.110466621,0.001675523
0.871572413,0.001560537,0.109521511,0.001680937
0.865676851,0.001601299,0.108590042,0.001686533
0.8596699,0.001644556,0.107676381,0.001692378
0.853553391,0.001690409,0.106779832,0.001697591
0.847329185,0.001738971,0.105881704,0.001703051
0.84099918,0.001790409,0.105001123,0.00170895
0.834565303,0.001844926,0.104111695,0.001714711
0.828029514,0.001902723,0.103199047,0.001720753
0.821393805,0.001963839,0.102284747,0.001726822
0.814660196,0.002028224,0.101362292,0.001733218
0.807830738,0.002095841,0.10046095,0.001739759
0.800907512,0.002166818,0.099570178,0.0017462
0.793892626,0.002241395,0.098657579,0.001752446
0.786788218,0.002319801,0.097717474,0.001759335
0.779596452,0.002402118,0.096756665,0.001766448
0.772319518,0.002488337,0.095781494,0.001773763
0.764959632,0.002578445,0.094791521,0.001781686
0.757519037,0.002672455,0.093778896,0.001789329
0.75,0.002770392,0.09276055,0.001796931
0.74240481,0.002872281,0.09173287,0.001805033
0.734735781,0.002978243,0.090693539,0.001813421
0.72699525,0.003088443,0.089615007,0.00182228
0.719185573,0.003203027,0.088480427,0.001831582
0.711309131,0.003321889,0.087308957,0.001841314
0.703368322,0.003444781,0.086126295,0.001851247
0.695365564,0.003571476,0.084939449,0.001860926
0.687303297,0.003702003,0.083738639,0.001870751
0.679183975,0.003836553,0.082506485,0.001881331
0.671010072,0.003975264,0.081221604,0.001892485
0.662784077,0.004118056,0.079888716,0.001903988
0.654508497,0.004264674,0.078523507,0.001915853
0.646185852,0.004414895,0.07712641,0.001927815
0.637818678,0.004568565,0.075702647,0.001939921
0.629409523,0.004725594,0.074242578,0.00195275
0.620960948,0.00488587,0.072752357,0.001966074
0.612475527,0.005049179,0.07122867,0.00197982
0.603955845,0.005215253,0.069679269,0.00199423
0.595404498,0.00538383,0.068116747,0.002008723
0.586824089,0.00555472,0.066519093,0.002023067
0.578217233,0.00572779,0.064875286,0.002037854
0.56958655,0.005902842,0.063195724,0.002053603
0.560934672,0.006079503,0.061484107,0.002070027
0.552264232,0.006257261,0.059768408,0.002086415
0.543577871,0.00643565,0.058072046,0.002102935
0.534878237,0.00661446,0.056365705,0.002119495
0.526167978,0.006793607,0.054615348,0.002136466
0.517449748,0.006972915,0.052828143,0.002154609
0.508726203,0.007151886,0.051021405,0.002173309
0.5,0.007329789,0.049213837,0.002191847
0.491273797,0.007505989,0.047441741,0.002210846
0.482550252,0.007680085,0.045718164,0.002230077
0.473832022,0.007851815,0.044004884,0.002249178
0.465121763,0.008020886,0.042302127,0.002268577
0.456422129,0.008186862,0.040621285,0.002288689
0.447735768,0.008349262,0.038962904,0.002309299
0.439065328,0.008507556,0.037339099,0.002330124
0.43041345,0.008661085,0.035781689,0.002351039
0.421782767,0.008809103,0.034326552,0.002371895
0.413175911,0.008950958,0.033005751,0.002392799
0.404595502,0.009086293,0.031820006,0.002413799
0.396044155,0.009214888,0.030726407,0.002434955
0.387524473,0.009336382,0.029753619,0.002456372
0.379039052,0.009449905,0.028965534,0.00247769
0.370590477,0.009554306,0.028454951,0.002497941
0.362181322,0.009648894,0.02833792,0.002516247
0.353814148,0.009733825,0.02855156,0.002533587
0.345491503,0.009809847,0.028898043,0.002552494
0.337215923,0.009876709,0.029491407,0.002573546
0.328989928,0.009931013,0.030931593,0.002592388
0.320816025,0.009968422,0.034248505,0.002598439
0.312696703,0.009987693,0.039481797,0.002587012
0.304634436,0.009999528,0.045656727,0.002565592
0.296631678,0.010017517,0.051679938,0.002542494
0.288690869,0.010052953,0.056465701,0.002522233
0.280814427,0.010111778,0.0598139,0.002505552
0.27300475,0.010198315,0.061545765,0.002498539
0.265264219,0.01031434,0.06129929,0.002501859
0.25759519,0.01045729,0.05972427,0.00251053
0.25,0.010623448,0.057409234,0.002523412
0.242480963,0.010810223,0.054359032,0.002538685
0.235040368,0.011016091,0.050629464,0.002556559
0.227680482,0.011239788,0.046169935,0.002577229
0.220403548,0.011479493,0.041013507,0.002600665
0.213211782,0.011732921,0.035238364,0.002626218
0.206107374,0.011997825,0.028925213,0.002653246
0.199092488,0.01227218,0.022095331,0.00268119
0.192169262,0.012554135,0.014737424,0.002710578
0.185339804,0.012841905,0.00683666,0.002741842
0.178606195,0.013133496,-0.001585193,0.002774219
0.171970486,0.013426844,-0.010507878,0.00280784
0.165434697,0.013720002,-0.019920657,0.002843024
0.15900082,0.014011023,-0.029816537,0.002880101
0.152670815,0.014298044,-0.040197177,0.002918964
0.146446609,0.014579272,-0.051092623,0.002960234
0.1403301,0.014852652,-0.062475202,0.003004109
0.134323149,0.015116219,-0.074311212,0.003050488
0.128427587,0.015368181,-0.086605112,0.003099361
0.12264521,0.015606796,-0.099371696,0.003150503
0.116977778,0.015830544,-0.112692875,0.003205103
0.111427019,0.016037816,-0.126604767,0.003263221
0.105994623,0.016226619,-0.141029481,0.00332457
0.100682245,0.016395224,-0.155973833,0.003389236
0.095491503,0.016541972,-0.171424551,0.00345764
0.090423978,0.016665152,-0.187347424,0.003529061
0.085481214,0.016763417,-0.203841971,0.003604434
0.080664716,0.016835307,-0.220894201,0.003684232
0.075975952,0.016879212,-0.238426906,0.003767443
0.07141635,0.016893989,-0.256587855,0.003856077
0.066987298,0.016878248,-0.275317578,0.003949734
0.062690146,0.016830532,-0.294518993,0.004047439
0.058526204,0.01674995,-0.314457064,0.004152977
0.054496738,0.016635046,-0.334927498,0.004265417
0.050602977,0.016484331,-0.355684358,0.004382707
0.046846106,0.016297078,-0.377044523,0.004509648
0.043227271,0.016071943,-0.398612379,0.004644255
0.039747573,0.015807828,-0.420166051,0.004785544
0.036408073,0.015504538,-0.442357885,0.004946492
0.033209787,0.015160548,-0.464204724,0.005125018
0.03015369,0.01477478,-0.48510026,0.005320923
0.027240712,0.014347374,-0.505855699,0.005552845
0.024471742,0.013876922,-0.524685922,0.005809311
0.021847622,0.013362959,-0.540854198,0.006085692
0.019369152,0.012806418,-0.556086573,0.006415627
0.017037087,0.012205263,-0.566418315,0.00676999
0.014852137,0.011558914,-0.569119671,0.007138939
0.012814968,0.01086898,-0.566235286,0.00756565
0.0109262,0.010133664,-0.550798921,0.007977038
0.009186408,0.009353421,-0.519812686,0.008316431
0.007596123,0.008531646,-0.476650229,0.008605978
0.00615583,0.00766697,-0.410300103,0.008763918
0.004865966,0.006760336,-0.316621821,0.008741642
0.003726924,0.0058177,-0.198892094,0.008544527
0.002739052,0.004844007,-0.05705854,0.008125543
0.001902651,0.003845534,0.107340496,0.00746029
0.001217975,0.002835554,0.285918225,0.006542671
0.000685233,0.001849501,0.455771834,0.005531987
0.000304586,0.000953965,0.597864204,0.004594864
7.62E-05,0.000268915,0.696500686,0.003886829
0,6.06E-06,0.732437869,0.003609936
0.985147863,0.003757871,0.234781818,1.01E-03
0.982962913,0.004006006,0.230659139,0.001031326
0.980630848,0.004270386,0.226378033,0.001052055
0.978152378,0.004550876,0.221956841,0.001073466
0.975528258,0.004847295,0.217411455,0.001095426
0.972759288,0.005159485,0.212753999,0.001117546
0.96984631,0.005487218,0.208010061,0.00113991
0.966790213,0.005830222,0.203192303,0.001162553
0.963591927,0.006188221,0.198334221,0.001184809
0.960252427,0.006561003,0.193441851,0.001207144
0.956772729,0.006948423,0.188517678,0.001229544
0.953153894,0.007350355,0.183567689,0.001251345
0.949397023,0.00776664,0.178587431,0.001273215
0.945503262,0.00819709,0.173588364,0.001295087
0.941473796,0.008641505,0.168580765,0.001316394
0.937309854,0.009099606,0.163552976,0.001338012
0.933012702,0.009571033,0.158544044,0.001359393
0.92858365,0.010055414,0.15357031,0.001380274
0.924024048,0.010552463,0.148619791,0.00140089
0.919335284,0.011062018,0.143713865,0.001420381
0.914518786,0.011583909,0.138815383,0.001440634
0.909576022,0.012117981,0.133953284,0.001460187
0.904508497,0.012664043,0.129106541,0.001479075
0.899317755,0.01322193,0.124255611,0.001497831
0.894005377,0.013791351,0.119430781,0.001516794
0.888572981,0.014371922,0.114626663,0.001535289
0.883022222,0.014963234,0.109865964,0.001554007
0.87735479,0.015565024,0.105148669,0.001571823
0.871572413,0.016177167,0.100457626,0.001589277
0.865676851,0.016799544,0.095785399,0.001606913
0.8596699,0.017431951,0.091100068,0.001624403
0.853553391,0.018074051,0.086439967,0.001641527
0.847329185,0.018725486,0.081794533,0.001658423
0.84099918,0.019385973,0.077162466,0.001675812
0.834565303,0.020055282,0.072559124,0.00169281
0.828029514,0.02073319,0.067952164,0.001709535
0.821393805,0.021419456,0.063343276,0.001726366
0.814660196,0.022113836,0.058727827,0.00174309
0.807830738,0.022816067,0.054093748,0.001759725
0.800907512,0.023525807,0.049450937,0.001776875
0.793892626,0.02424262,0.044813507,0.001794015
0.786788218,0.024966055,0.040172313,0.001810793
0.779596452,0.02569582,0.035542804,0.001828148
0.772319518,0.026431833,0.030902178,0.001844914
0.764959632,0.027174,0.026194803,0.001861989
0.757519037,0.027922037,0.021441807,0.00187982
0.75,0.028675414,0.016643914,0.001897944
0.74240481,0.029433585,0.011816031,0.001916556
0.734735781,0.030196076,0.006969755,0.001934902
0.72699525,0.030962498,0.002086271,0.001953262
0.719185573,0.031732475,-0.002823875,0.001972247
0.711309131,0.03250564,-0.007776854,0.001991604
0.703368322,0.033281645,-0.012802227,0.002010923
0.695365564,0.034060138,-0.017904245,0.002030828
0.687303297,0.034840621,-0.023053333,0.002051718
0.679183975,0.03562247,-0.028263379,0.002072786
0.671010072,0.036405027,-0.033542949,0.002094058
0.662784077,0.037187756,-0.038862709,0.002116159
0.654508497,0.037970217,-0.044240418,0.002138476
0.646185852,0.038751963,-0.049712492,0.002160918
0.637818678,0.039532394,-0.055273272,0.002184326
0.629409523,0.040310726,-0.0609019,0.002208693
0.620960948,0.041086189,-0.066585056,0.002233586
0.612475527,0.041858119,-0.072323113,0.002258515
0.603955845,0.042625985,-0.078148589,0.002283737
0.595404498,0.043389263,-0.084071442,0.002310018
0.586824089,0.044147179,-0.090094144,0.002337254
0.578217233,0.044898792,-0.096196453,0.002365476
0.56958655,0.045643156,-0.10235227,0.002394163
0.560934672,0.046379427,-0.108567992,0.002422357
0.552264232,0.047106891,-0.114861681,0.002451347
0.543577871,0.047824812,-0.121222565,0.002482103
0.534878237,0.048532307,-0.127663055,0.002513293
0.526167978,0.049228417,-0.134182679,0.002544602
0.517449748,0.04991217,-0.140757028,0.002576581
0.508726203,0.050582596,-0.14737387,0.002609382
0.5,0.051238749,-0.154045747,0.002642952
0.491273797,0.051879674,-0.160765724,0.002677517
0.482550252,0.052504355,-0.167509798,0.002712972
0.473832022,0.053111755,-0.17427268,0.002748425
0.465121763,0.053700847,-0.18105197,0.0027839
0.456422129,0.054270619,-0.187839448,0.002820058
0.447735768,0.054820088,-0.194623982,0.002857171
0.439065328,0.055348274,-0.201390619,0.002895179
0.43041345,0.055854063,-0.20812618,0.002933349
0.421782767,0.056336286,-0.214803125,0.002971695
0.413175911,0.056793822,-0.221382292,0.003010668
0.404595502,0.057225622,-0.227842989,0.003050098
0.396044155,0.057630712,-0.234182767,0.003089539
0.387524473,0.058008103,-0.240374672,0.003129032
0.379039052,0.058356524,-0.246335559,0.003168231
0.370590477,0.05867459,-0.251946697,0.003206365
0.362181322,0.058961193,-0.25712282,0.003242208
0.353814148,0.059215879,-0.261970836,0.003276738
0.345491503,0.059438791,-0.26656871,0.003312674
0.337215923,0.059629126,-0.270788589,0.003351759
0.328989928,0.059783675,-0.274072267,0.003388774
0.320816025,0.059898145,-0.275154244,0.00340865
0.312696703,0.059971004,-0.273496085,0.003406946
0.304634436,0.060011152,-0.270574741,0.003393456
0.296631678,0.060030583,-0.267940351,0.003376185
0.288690869,0.060038795,-0.266496406,0.003361356
0.280814427,0.060041458,-0.26694321,0.003353256
0.27300475,0.060042271,-0.269636914,0.003354381
0.265264219,0.060042335,-0.27432841,0.003366466
0.25759519,0.060038023,-0.28054714,0.003386586
0.25,0.060025622,-0.287800303,0.003410136
0.242480963,0.060002391,-0.295791953,0.003436958
0.235040368,0.059966438,-0.304483729,0.003467898
0.227680482,0.059915977,-0.313852013,0.003502524
0.220403548,0.059848906,-0.323833202,0.003540574
0.213211782,0.059763176,-0.334368606,0.003582416
0.206107374,0.059656753,-0.345403336,0.003627534
0.199092488,0.059527479,-0.356836212,0.003675815
0.192169262,0.05937334,-0.368597073,0.0037269
0.185339804,0.059192483,-0.380640264,0.003780097
0.178606195,0.058983201,-0.392960777,0.003835777
0.171970486,0.058743993,-0.405563364,0.003894415
0.165434697,0.058473128,-0.418377935,0.003955657
0.15900082,0.058168879,-0.431346703,0.004019744
0.152670815,0.057829733,-0.444406288,0.00408683
0.146446609,0.057454046,-0.457467139,0.00415531
0.1403301,0.057040389,-0.470466712,0.004225721
0.134323149,0.056587554,-0.483351727,0.004298387
0.128427587,0.056094319,-0.496086892,0.004372656
0.12264521,0.055559787,-0.508712269,0.004449951
0.116977778,0.054982918,-0.521140384,0.004529655
0.111427019,0.054362331,-0.533207141,0.004611324
0.105994623,0.053697095,-0.54483149,0.004695475
0.100682245,0.05298616,-0.555836953,0.004780611
0.095491503,0.052228581,-0.566112751,0.004867067
0.090423978,0.051423846,-0.575585696,0.004955713
0.085481214,0.050571122,-0.584025235,0.005044644
0.080664716,0.049669803,-0.591393885,0.005135126
0.075975952,0.048719641,-0.597611813,0.005228447
0.07141635,0.04771971,-0.602227714,0.00532161
0.066987298,0.046669564,-0.605123439,0.005417949
0.062690146,0.045568992,-0.605940108,0.005515035
0.058526204,0.044417303,-0.604179563,0.005612213
0.054496738,0.043214511,-0.599897741,0.005710815
0.050602977,0.04196064,-0.592646683,0.005810619
0.046846106,0.040655107,-0.581700797,0.005906559
0.043227271,0.039298271,-0.566991281,0.006001098
0.039747573,0.037890305,-0.547976097,0.006090784
0.036408073,0.036430905,-0.523781123,0.006168002
0.033209787,0.034920872,-0.494435594,0.006234979
0.03015369,0.033360661,-0.459269096,0.006285373
0.027240712,0.031750403,-0.417433004,0.006309476
0.024471742,0.0300914,-0.369000564,0.006306544
0.021847622,0.028384723,-0.313613649,0.006268876
0.019369152,0.026631287,-0.250585613,0.006183224
0.017037087,0.024833168,-0.18041139,0.006043382
0.014852137,0.022992805,-0.103386554,0.005835559
0.012814968,0.021112851,-0.019807595,0.00554011
0.0109262,0.019197012,0.069184588,0.005169468
0.009186408,0.017250731,0.162216678,0.004772247
0.007596123,0.015281017,0.257930092,0.004418216
0.00615583,0.013296304,0.354550994,0.00409751
0.004865966,0.011309151,0.44966587,0.003773966
0.003726924,0.009338402,0.540305877,0.003447727
0.002739052,0.007408431,0.624390502,0.003113762
0.001902651,0.005553429,0.700052933,0.00277236
0.001217975,0.003826986,0.764690139,0.002447029
0.000685233,0.002304282,0.816534549,0.002160895
0.000304586,0.001084036,0.854415448,0.001934082
7.62E-05,0.000281697,0.877506455,0.001786478
0,1.14E-11,0.885270049,0.0017349
0.985147863,0.00637581,0.22634238,0.000842536
0.982962913,0.006861823,0.221962683,0.000861757
0.980630848,0.007379353,0.217355891,0.000881587
0.978152378,0.007927966,0.212537565,0.000902123
0.975528258,0.008507462,0.207497643,0.000923172
0.972759288,0.0091177,0.20222557,0.000945024
0.96984631,0.009758357,0.196734618,0.000967497
0.966790213,0.010428868,0.191046634,0.000990804
0.963591927,0.011128645,0.185191111,0.001014493
0.960252427,0.011857193,0.179187313,0.001038371
0.956772729,0.012614193,0.173029275,0.0010623
0.953153894,0.013399336,0.166708612,0.001086746
0.949397023,0.01421217,0.160244944,0.001111474
0.945503262,0.01505204,0.15365226,0.001136287
0.941473796,0.015918198,0.146969138,1.16E-03
0.937309854,0.016810065,0.140205777,1.19E-03
0.933012702,0.017727244,0.133363553,1.21E-03
0.92858365,0.018669419,0.12642021,1.23E-03
0.924024048,0.019636161,0.119380994,1.26E-03
0.919335284,0.020626918,0.112266298,1.28E-03
0.914518786,0.021641122,0.105071308,1.30E-03
0.909576022,0.02267814,0.09780215,1.33E-03
0.904508497,0.02373728,0.090489597,1.35E-03
0.899317755,0.024817848,0.083144654,1.37E-03
0.894005377,0.025919212,0.075761394,1.40E-03
0.888572981,0.027040936,0.068349615,0.001418529
0.883022222,0.02818263,0.060886188,0.001439724
0.87735479,0.029343788,0.053361121,0.001461209
0.871572413,0.030523767,0.0457789,0.001482745
0.865676851,0.03172186,0.038178794,0.001504628
0.8596699,0.032937414,0.030547593,0.001526143
0.853553391,0.034169814,0.022867797,0.001547561
0.847329185,0.035418465,0.015158108,0.001569424
0.84099918,0.036682726,0.007413897,0.001591777
0.834565303,0.037962003,-0.000373134,0.001613506
0.828029514,0.039255651,-0.008216993,0.001636205
0.821393805,0.040563031,-1.61E-02,0.001659009
0.814660196,0.041883548,-0.024040992,0.00168151
0.807830738,0.043216582,-0.032033108,0.001705022
0.800907512,0.044561476,-0.040091646,0.001729127
0.793892626,0.045917497,-0.048228562,0.001753304
0.786788218,0.047283892,-0.05642132,0.001778307
0.779596452,0.048659955,-0.064685121,0.001803679
0.772319518,0.050045018,-0.073019216,0.001828863
0.764959632,0.051438457,-0.081457275,0.001854487
0.757519037,0.052839575,-0.090010669,0.001881161
0.75,0.054247533,-0.09864459,0.001908838
0.74240481,0.05566148,-0.107366524,0.001936132
0.734735781,0.057080595,-0.116200585,0.001963012
0.72699525,0.058504073,-0.125152739,0.001990943
0.719185573,0.059931148,-0.134215073,0.00201995
0.711309131,0.06136103,-0.143392311,0.002049362
0.703368322,0.062792883,-0.152706714,0.002079028
0.695365564,0.064225859,-0.162179334,0.002108862
0.687303297,0.065659039,-0.171810665,0.00213936
0.679183975,0.067091403,-0.181578759,0.002171061
0.671010072,0.068521882,-0.191500047,0.002203456
0.662784077,0.069949446,-0.201570708,0.002237365
0.654508497,0.071373082,-0.211787825,0.002271546
0.646185852,0.072791834,-0.222182406,0.002305774
0.637818678,0.07420463,-0.232764567,0.002341096
0.629409523,0.075610296,-0.243524655,0.002377711
0.620960948,0.077007649,-0.254460564,0.002415279
0.612475527,0.078395511,-0.265573272,0.002453884
0.603955845,0.079772704,-0.276868436,0.002492833
0.595404498,0.081138073,-0.28836664,0.00253273
0.586824089,0.082490367,-0.300074159,0.002574386
0.578217233,0.083828245,-0.311986411,0.002617009
0.56958655,0.085150357,-0.324103859,0.002659823
0.560934672,0.086455341,-0.336424156,0.002703967
0.552264232,0.087741786,-0.348933199,0.002750862
0.543577871,0.089008328,-0.361647895,0.002798747
0.534878237,0.090253475,-0.374573004,0.002846577
0.526167978,0.091475656,-0.387700969,0.002894986
0.517449748,0.092673321,-0.401002633,0.002945157
0.508726203,0.093844986,-0.414455367,0.002997177
0.5,0.094989239,-0.428105739,0.003049738
0.491273797,0.096104705,-0.441983768,0.003103434
0.482550252,0.097189765,-0.456049347,0.003158872
0.473832022,0.098242617,-0.470263936,0.003215297
0.465121763,0.099261474,-0.484611055,0.003271853
0.456422129,0.100244698,-0.499054279,0.003329387
0.447735768,0.101190764,-0.513600229,0.003388394
0.439065328,0.102098197,-0.528264131,0.003448419
0.43041345,0.102965363,-0.543023315,0.003508981
0.421782767,0.10379051,-0.557830418,0.003570144
0.413175911,0.104571958,-0.572650685,0.0036321
0.404595502,0.105308013,-0.587442057,0.003694426
0.396044155,0.10599703,-0.602159762,0.003757192
0.387524473,0.106637405,-0.616754304,0.003820139
0.379039052,0.107227531,-0.631169011,0.003882383
0.370590477,0.107765829,-0.645333354,0.003943274
0.362181322,0.108250861,-0.659170854,0.004003362
0.353814148,0.108681339,-0.672716838,0.00406314
0.345491503,0.109056301,-0.686029709,0.004124925
0.337215923,0.109374232,-0.69886921,0.004189295
0.328989928,0.109632101,-0.710420903,0.004249588
0.320816025,0.109825986,-0.719537092,0.004293277
0.312696703,0.109954445,-0.725938256,0.004316772
0.304634436,0.110023374,-0.7307885,0.004328956
0.296631678,0.110041899,-0.735737736,0.004339307
0.288690869,0.110016859,-0.742013425,0.004352759
0.280814427,0.109951809,-0.75031979,0.004374975
0.27300475,0.109849155,-0.76098271,0.00441213
0.265264219,0.109707723,-0.773662825,0.004461528
0.25759519,0.109523535,-0.787601178,0.004517635
0.25,0.109292595,-0.802151207,0.004578146
0.242480963,0.109012327,-0.817057671,0.004643543
0.235040368,0.108680899,-0.832284088,0.00471372
0.227680482,0.108296268,-0.84769014,0.004787633
0.220403548,0.107855985,-0.863017551,0.004863936
0.213211782,0.107357853,-0.878048184,0.004941302
0.206107374,0.106800117,-0.892684726,0.005020364
0.199092488,0.106181461,-0.906900117,0.005101925
0.192169262,0.105500571,-0.920602844,0.00518505
0.185339804,0.104755852,-0.933591674,0.005268369
0.178606195,0.103945861,-0.94565796,0.005351642
0.171970486,0.103069488,-0.956638992,0.005435026
0.165434697,0.102125914,-0.966424051,0.005517947
0.15900082,0.101114578,-0.974922402,0.00559933
0.152670815,0.100034815,-0.9820782,0.005679107
0.146446609,0.098886148,-0.987792052,0.005757934
0.1403301,0.097668217,-0.99190321,0.005836477
0.134323149,0.096380674,-0.99421027,0.005912175
0.128427587,0.095023412,-0.994486427,0.005984348
0.12264521,0.09359643,-0.992648901,0.006054901
0.116977778,0.092099842,-0.988707253,0.006122594
0.111427019,0.090533973,-0.982496566,0.006186435
0.105994623,0.088898987,-0.973781802,0.006246572
0.100682245,0.087195161,-0.96241194,0.00630205
0.095491503,0.085423029,-0.948234958,0.006351624
0.090423978,0.0835831,-0.93114006,0.006395406
0.085481214,0.081676214,-0.911101841,0.006434385
0.080664716,0.079703072,-0.887930422,0.006466496
0.075975952,0.07766407,-0.861347301,0.006489876
0.07141635,0.075560005,-0.831176207,0.006503593
0.066987298,0.073391772,-0.797276354,0.006505307
0.062690146,0.071160427,-0.759635716,0.006495396
0.058526204,0.068867402,-0.718282049,0.006473864
0.054496738,0.066513774,-0.673051748,0.006437946
0.050602977,0.064100703,-0.623845065,0.00638642
0.046846106,0.061629729,-0.570690684,0.00631785
0.043227271,0.059102439,-0.513620352,0.006230189
0.039747573,0.056520698,-0.452805982,0.006122892
0.036408073,0.053886631,-0.388455452,0.005995605
0.033209787,0.051202223,-0.320677302,0.005845946
0.03015369,0.048469697,-0.249562024,0.00566986
0.027240712,0.045691812,-0.175505095,0.005466168
0.024471742,0.042872184,-0.099185069,0.005236342
0.021847622,0.040014871,-0.0210632,0.004981936
0.019369152,0.037124575,0.058269105,0.004706945
0.017037087,0.034207133,0.138058263,0.004417789
0.014852137,0.031269108,0.217618882,0.004117021
0.012814968,0.028318266,0.296313881,0.003804925
0.0109262,0.025365323,0.373079106,0.003490831
0.009186408,0.022423201,0.447064425,0.003187649
0.007596123,0.019507263,0.517636063,0.002899646
0.00615583,0.016637988,0.583877702,0.002630771
0.004865966,0.013841725,0.644911503,0.002385418
0.003726924,0.011150971,0.700165285,0.002164969
0.002739052,0.008606695,0.749127531,0.001963406
0.001902651,0.006261924,0.791189949,0.001783713
0.001217975,0.004181209,0.82594269,0.00163046
0.000685233,0.002439027,0.853137427,0.001506875
0.000304586,0.001115032,0.872621717,0.001415872
7.62E-05,0.000283817,0.884332311,0.001360082
0,1.68E-09,0.888240616,0.001341208
0.985147863,0.000414134,0.150596935,1.74E-03
0.982962913,0.000324771,0.15152767,1.74E-03
0.980630848,0.000230452,0.152403384,1.73E-03
0.978152378,0.000131399,0.153231275,0.001725057
0.975528258,2.78E-05,0.154030383,0.001719557
0.972759288,-8.01E-05,0.15481546,0.001714379
0.96984631,-0.000192152,0.155589465,0.001709364
0.966790213,-0.000308044,0.156352702,0.001704657
0.963591927,-0.000427535,0.15711936,0.001699775
0.960252427,-0.000550331,0.157875646,0.001695158
0.956772729,-0.000676121,0.158647412,0.001690783
0.953153894,-0.000804573,0.15941566,0.001685873
0.949397023,-0.000935296,0.160179405,0.001681463
0.945503262,-0.001067844,0.160924175,0.001676936
0.941473796,-0.001201761,0.161643671,0.001672771
0.937309854,-0.001336709,0.162321722,0.001668832
0.933012702,-0.00147244,0.163001193,0.001665087
0.92858365,-0.001608703,0.163698894,0.001661386
0.924024048,-0.001745094,0.164391437,0.001657198
0.919335284,-0.001881102,0.165075752,0.001653442
0.914518786,-0.002016202,0.165732249,0.001649791
0.909576022,-0.002149985,0.166356513,0.001646329
0.904508497,-0.002282134,0.166975352,0.001643124
0.899317755,-0.002412316,0.167598697,0.001639741
0.894005377,-0.002540043,0.168209711,0.00163625
0.888572981,-0.002664708,0.168797429,0.001632849
0.883022222,-0.002785698,0.169328351,0.001629914
0.87735479,-0.002902569,0.169822764,0.001627006
0.871572413,-0.003014992,0.17027927,0.001624447
0.865676851,-0.003122644,0.170717681,0.001622077
0.8596699,-0.003225082,0.171146018,0.001619953
0.853553391,-0.003321783,0.17153846,0.0016174
0.847329185,-0.003412219,0.171882773,0.001615036
0.84099918,-0.003495876,0.172191884,0.001613284
0.834565303,-0.003572256,0.172456289,0.001611653
0.828029514,-0.00364086,0.172666406,0.001610137
0.821393805,-0.003701262,0.172820276,0.001608899
0.814660196,-0.003753087,0.172920176,0.001607989
0.807830738,-0.003795957,0.172990498,0.001607456
0.800907512,-0.003829425,0.173006252,0.001606973
0.793892626,-0.003852987,0.172962022,0.001606649
0.786788218,-0.003866149,0.172858101,0.001606659
0.779596452,-0.003868497,0.172680268,0.001607093
0.772319518,-0.003859673,0.172436452,0.001607979
0.764959632,-0.003839326,0.172138088,0.001609081
0.757519037,-0.003807087,0.171765265,0.00161061
0.75,-0.003762576,0.171312341,0.001612578
0.74240481,-0.003705432,0.170794813,0.001614769
0.734735781,-0.003635366,0.170194154,0.001617506
0.72699525,-0.003552138,0.169529581,0.001620633
0.719185573,-0.003455517,0.16879204,0.001624119
0.711309131,-0.003345194,0.167961852,0.00162804
0.703368322,-0.003220824,0.167054907,0.001632391
0.695365564,-0.003082093,0.166052894,0.001637419
0.687303297,-0.002928833,0.164959374,0.001643135
0.679183975,-0.002760974,0.163771508,0.001649222
0.671010072,-0.002578449,0.162484283,0.001655691
0.662784077,-0.002381136,0.161112033,0.001662896
0.654508497,-0.002168864,0.159651153,0.001670897
0.646185852,-0.001941529,0.158080482,0.001679396
0.637818678,-0.001699162,0.156398772,0.001688383
0.629409523,-0.001441911,0.154626915,0.001698131
0.620960948,-0.001169912,0.152773644,0.001708297
0.612475527,-0.000883153,0.150828692,0.001718515
0.603955845,-0.000581573,0.148765769,0.001729854
0.595404498,-0.000265155,0.146582936,0.001742304
0.586824089,6.59E-05,0.144284777,0.001755077
0.578217233,0.000411481,0.14186068,0.00176854
0.56958655,0.000771172,0.139317097,0.001783175
0.560934672,0.001144707,0.136674235,0.001798494
0.552264232,0.001531743,0.133922984,0.001814398
0.543577871,0.00193192,0.13106162,0.00183076
0.534878237,0.002344892,0.128075872,0.001847307
0.526167978,0.002770315,0.124962935,0.001865268
0.517449748,0.003207795,0.121748711,0.001884396
0.508726203,0.003656863,0.11841999,0.001903827
0.5,0.004117001,0.114956257,0.001923847
0.491273797,0.004587681,0.111376224,0.001944883
0.482550252,0.00506838,0.107681059,0.001966492
0.473832022,0.005558564,0.103853654,0.001988874
0.465121763,0.006057641,0.099899163,0.002012139
0.456422129,0.006564877,0.095820628,0.002036157
0.447735768,0.007079476,0.091631421,0.002060713
0.439065328,0.007600729,0.08734069,0.002085999
0.43041345,0.008128059,0.082931776,0.002112172
0.421782767,0.008660945,0.078376068,0.002139061
0.413175911,0.009198724,0.073665681,0.002166813
0.404595502,0.009740411,0.068820534,0.002195554
0.396044155,0.010284964,0.063867573,0.002224788
0.387524473,0.010831443,0.058816137,0.002254577
0.379039052,0.011379077,0.053653499,0.002285031
0.370590477,0.011927147,0.048362128,0.002316182
0.362181322,0.012474832,0.042946371,0.002348363
0.353814148,0.013021197,0.037411675,0.002381183
0.345491503,0.013565285,0.031754132,0.002414121
0.337215923,0.014106169,0.025984594,0.00244785
0.328989928,0.014642936,0.020107151,0.0024824
0.320816025,0.015174704,0.014107968,0.002517064
0.312696703,0.015700582,0.007995023,0.002552232
0.304634436,0.016219661,0.001757707,0.002588258
0.296631678,0.016731065,-0.004604581,0.002625192
0.288690869,0.017233836,-0.011090261,0.002662055
0.280814427,0.017726922,-0.017695409,0.002699138
0.27300475,0.018209319,-0.024395753,0.002736778
0.265264219,0.018680067,-0.031192462,0.00277429
0.25759519,0.019138249,-0.038087034,0.002812269
0.25,0.019583008,-0.045078805,0.002850362
0.242480963,0.020013452,-0.052174196,0.002887862
0.235040368,0.020428679,-0.059370245,0.002925406
0.227680482,0.020827852,-0.066661662,0.002963186
0.220403548,0.021210118,-0.074047116,0.003000719
0.213211782,0.021574644,-0.081537512,0.003037962
0.206107374,0.021920665,-0.089136321,0.003075493
0.199092488,0.022247313,-0.096829002,0.003113349
0.192169262,0.022553688,-0.104590809,0.003151483
0.185339804,0.022839001,-0.112419507,0.003190068
0.178606195,0.023102512,-0.120312555,0.00322922
0.171970486,0.023343559,-0.128290302,0.003269263
0.165434697,0.023561568,-0.13638143,0.003310514
0.15900082,0.023755726,-0.144562283,0.003352925
0.152670815,0.023925194,-0.152788508,0.003396808
0.146446609,0.024069287,-0.161047213,0.003442487
0.1403301,0.024187334,-0.169326384,0.003488678
0.134323149,0.024278773,-0.177632681,0.003536046
0.128427587,0.024343174,-0.185993334,0.003585094
0.12264521,0.024379969,-0.194384035,0.003635289
0.116977778,0.024388672,-0.202813947,0.003687077
0.111427019,0.024368933,-0.21132121,0.003741114
0.105994623,0.024320125,-0.219834715,0.003796635
0.100682245,0.024241737,-0.228333966,0.003854123
0.095491503,0.024133436,-0.236854108,0.003913706
0.090423978,0.023994657,-0.24529434,0.003974958
0.085481214,0.023825034,-0.253669234,0.00403806
0.080664716,0.023624382,-0.262031075,0.004104416
0.075975952,0.023392104,-0.270200093,0.004172513
0.07141635,0.023127888,-0.278165451,0.004242592
0.066987298,0.022831668,-0.28597567,0.004315994
0.062690146,0.022503002,-0.293430943,0.004390886
0.058526204,0.022141879,-0.300619976,0.004468717
0.054496738,0.021748397,-0.307670321,0.004552704
0.050602977,0.021321825,-0.314087681,0.004639185
0.046846106,0.020862016,-0.319846306,0.004729118
0.043227271,0.020369089,-0.325022907,0.004826386
0.039747573,0.019842424,-0.328962995,0.004926628
0.036408073,0.019282275,-0.331835725,0.005034358
0.033209787,0.018688977,-0.333859944,0.005160653
0.03015369,0.018061488,-0.333404216,0.005292764
0.027240712,0.017400043,-0.330762372,0.005436171
0.024471742,0.01670511,-0.325893308,0.00559896
0.021847622,0.015975726,-0.316684496,0.005761441
0.019369152,0.015212777,-0.303622821,0.005933805
0.017037087,0.014417066,-0.286607675,0.006130773
0.014852137,0.013586916,-0.26184829,0.006328406
0.012814968,0.012723388,-0.228890084,0.00654221
0.0109262,0.011827616,-0.188310343,0.006760129
0.009186408,0.010897556,-0.133911299,0.006854802
0.007596123,0.009934936,-0.0660918,0.006829546
0.00615583,0.008941916,0.013333682,0.006745739
0.004865966,0.007916288,0.113001857,0.00652638
0.003726924,0.00685996,0.230806678,0.006182993
0.002739052,0.005778015,0.36073698,0.005700012
0.001902651,0.004673201,0.500547735,0.00500203
0.001217975,0.003549628,0.643790774,0.00413155
0.000685233,0.002422272,0.777469505,0.003181419
0.000304586,0.001339326,0.884520172,0.002248617
7.62E-05,0.000431651,0.955243808,0.001527765
0,-2.66E-05,0.98186562,0.001199923
0.985147863,0.003075577,0.220861642,1.32E-03
0.982962913,0.003227635,0.218758599,1.33E-03
0.980630848,0.003390431,0.21654249,1.34E-03
0.978152378,0.003563964,0.214225385,1.35E-03
0.975528258,0.003748162,0.211834954,1.36E-03
0.972759288,0.003942902,0.209412946,1.37E-03
0.96984631,0.004148218,0.206958006,1.38E-03
0.966790213,0.004364296,0.204466459,1.39E-03
0.963591927,0.004591387,0.201913598,1.39E-03
0.960252427,0.004829592,0.199303107,1.40E-03
0.956772729,0.005078868,0.196662498,0.001413891
0.953153894,0.005339125,0.194015486,0.001423655
0.949397023,0.005610385,0.191374505,0.001432695
0.945503262,0.005892775,0.188710406,0.001442298
0.941473796,0.006186468,0.186048457,0.001451128
0.937309854,0.006491553,0.18335174,0.001460383
0.933012702,0.006808042,0.180659219,0.001469297
0.92858365,0.007135919,0.177975577,0.001477846
0.924024048,0.007475265,0.175297391,0.00148633
0.919335284,0.007826235,0.172620597,0.001494675
0.914518786,0.008189022,0.169933553,0.001502514
0.909576022,0.008563772,0.167238807,0.001510685
0.904508497,0.00895054,0.164531361,0.001518584
0.899317755,0.009349397,0.161829546,0.001526424
0.894005377,0.009760433,0.159114089,0.00153411
0.888572981,0.010183801,0.156401989,0.001541457
0.883022222,0.01061965,0.153662184,0.001548896
0.87735479,0.011068121,0.150909219,0.001555968
0.871572413,0.011529304,0.148130915,0.00156341
0.865676851,0.012003286,0.145335519,0.001570308
0.8596699,0.01249016,0.142515192,0.001577486
0.853553391,0.012990032,0.139672181,0.00158468
0.847329185,0.013502999,0.136805091,0.001591559
0.84099918,0.014029157,0.133904756,0.001598397
0.834565303,0.014568606,0.130962278,0.001605515
0.828029514,0.01512143,0.127993775,0.00161267
0.821393805,0.015687745,0.12498708,0.001619674
0.814660196,0.016267694,0.121919947,0.001626779
0.807830738,0.016861426,0.118790157,0.001634261
0.800907512,0.017468993,0.115599818,0.001641821
0.793892626,0.018090366,0.112344366,0.001650158
0.786788218,0.01872546,0.109031885,0.001658153
0.779596452,0.019374275,0.105659221,0.001666046
0.772319518,0.020036865,0.102226565,0.001674378
0.764959632,0.020713299,0.098695509,0.001683178
0.757519037,0.021403615,0.095083606,0.001692243
0.75,0.022107789,0.091377262,0.001701675
0.74240481,0.02282579,0.087568535,0.001711778
0.734735781,0.023557481,0.083657042,0.001721953
0.72699525,0.024302598,0.079639788,0.001732978
0.719185573,0.025060862,0.075545187,0.00174463
0.711309131,0.02583211,0.071351501,0.001756169
0.703368322,0.026616342,0.067042153,0.001768383
0.695365564,0.027413534,0.062598897,0.0017815
0.687303297,0.028223461,0.057994737,0.001795048
0.679183975,0.02904567,0.053272745,0.001809428
0.671010072,0.029879674,0.048425568,0.001824453
0.662784077,0.030725117,0.043440128,0.001840118
0.654508497,0.031581722,0.038315252,0.001856677
0.646185852,0.032449186,0.033036929,0.001874205
0.637818678,0.033327058,0.027597746,0.001892526
0.629409523,0.034214708,0.021993747,0.001911161
0.620960948,0.035111492,0.016221376,0.001930337
0.612475527,0.036016811,0.010305345,0.001950944
0.603955845,0.036930082,0.004233456,0.001972655
0.595404498,0.03785071,-0.002019184,0.001995148
0.586824089,0.03877802,-0.008457902,0.002018372
0.578217233,0.039711315,-0.01508182,0.002042939
0.56958655,0.04064984,-0.021894805,0.002068994
0.560934672,0.041592686,-0.028897497,0.002095365
0.552264232,0.042538856,-0.036086558,0.002121916
0.543577871,0.043487353,-0.04344877,0.002150178
0.534878237,0.044437326,-0.050983672,0.002180375
0.526167978,0.045388011,-0.058740692,0.002211187
0.517449748,0.046338502,-0.066736503,0.002242387
0.508726203,0.047287615,-0.074936854,0.002275088
0.5,0.048233998,-0.083323127,0.00230939
0.491273797,0.049176381,-0.09188971,0.00234418
0.482550252,0.050113716,-0.100650106,0.002379598
0.473832022,0.051045068,-0.109632286,0.002416512
0.465121763,0.051969315,-0.1188528,0.002454986
0.456422129,0.05288506,-0.128296533,0.002494488
0.447735768,0.053790789,-0.137929924,0.00253478
0.439065328,0.054685084,-0.147738632,0.002575938
0.43041345,0.055566681,-0.157739178,0.002618196
0.421782767,0.056434366,-0.167945492,0.002661628
0.413175911,0.057286829,-0.178363264,0.002705698
0.404595502,0.05812266,-0.188983591,0.002750646
0.396044155,0.058940433,-0.199794209,0.002796975
0.387524473,0.059738721,-0.210794274,0.002844154
0.379039052,0.060516055,-0.221980383,0.002891872
0.370590477,0.06127102,-0.233333944,0.002940311
0.362181322,0.062002176,-0.244849936,0.00298953
0.353814148,0.062708086,-0.256531953,0.003039103
0.345491503,0.063387365,-0.268365609,0.003088952
0.337215923,0.06403862,-0.280334898,0.003139394
0.328989928,0.064660447,-0.29244115,0.003190261
0.320816025,0.065251533,-0.30467703,0.003241027
0.312696703,0.065810533,-0.317031677,0.003291884
0.304634436,0.066336131,-0.329502845,0.003343255
0.296631678,0.066827055,-0.342082237,0.003395166
0.288690869,0.067281948,-0.35473796,0.003446849
0.280814427,0.067699462,-0.367426801,0.003498775
0.27300475,0.068078366,-0.380129793,0.003551223
0.265264219,0.068417537,-0.392860216,0.003603337
0.25759519,0.068715977,-0.405630288,0.003655925
0.25,0.0689727,-0.418418831,0.003710719
0.242480963,0.069186454,-0.431171532,0.003767032
0.235040368,0.069356059,-0.443834884,0.003823885
0.227680482,0.069480516,-0.456380548,0.003880947
0.220403548,0.06955901,-0.468808589,0.003938797
0.213211782,0.069590897,-0.481156837,0.00399805
0.206107374,0.069575429,-0.493405127,0.004058957
0.199092488,0.069511623,-0.505466375,0.004120831
0.192169262,0.069398653,-0.517293147,0.004182736
0.185339804,0.069235843,-0.528829905,0.00424542
0.178606195,0.069022614,-0.540056974,0.004309408
0.171970486,0.06875863,-0.550996444,0.004374333
0.165434697,0.068443429,-0.561604438,0.004439548
0.15900082,0.068076475,-0.571821574,0.004505288
0.152670815,0.067657471,-0.581628365,0.004572561
0.146446609,0.067186003,-0.590927011,0.004640568
0.1403301,0.066661661,-0.599634998,0.004708712
0.134323149,0.066084314,-0.607718807,0.004776751
0.128427587,0.065453783,-0.615087601,0.004844489
0.12264521,0.064770037,-0.621723455,0.004913094
0.116977778,0.064033255,-0.627633668,0.00498234
0.111427019,0.063243262,-0.632659363,0.005051617
0.105994623,0.062399887,-0.63670972,0.005121079
0.100682245,0.061503327,-0.639702999,0.005190859
0.095491503,0.060553425,-0.64139805,0.005260068
0.090423978,0.059550285,-0.641615887,0.005328218
0.085481214,0.058494331,-0.640319316,0.005396121
0.080664716,0.05738574,-0.637345683,0.005461122
0.075975952,0.056225044,-0.632700623,0.005526746
0.07141635,0.055012892,-0.626331702,0.005593817
0.066987298,0.053749093,-0.61769894,0.005659025
0.062690146,0.052433852,-0.606586685,0.005722807
0.058526204,0.051067719,-0.592787518,0.005784317
0.054496738,0.049650901,-0.575851051,0.005840146
0.050602977,0.048184232,-0.555858494,0.005892892
0.046846106,0.046668608,-0.532641531,0.005942743
0.043227271,0.045103927,-0.505408663,0.005983449
0.039747573,0.043490869,-0.474080414,0.006015282
0.036408073,0.041830223,-0.438390344,0.006036956
0.033209787,0.040122005,-0.397508699,0.006039227
0.03015369,0.038367127,-0.351445366,0.006021551
0.027240712,0.036566665,-0.300046735,0.005981082
0.024471742,0.03472101,-0.242680721,0.00590661
0.021847622,0.032831487,-0.179617817,0.005795772
0.019369152,0.030899449,-0.110955661,0.005641151
0.017037087,0.028925296,-0.036369661,0.00542498
0.014852137,0.026910219,0.043814495,0.005124688
0.012814968,0.024856117,0.128602747,0.004746632
0.0109262,0.022765012,0.217425461,0.004383229
0.009186408,0.020639419,0.309657937,0.004074435
0.007596123,0.018483024,0.403212844,0.003780263
0.00615583,0.016300778,0.496419008,0.00348312
0.004865966,0.014098102,0.587495577,0.003166666
0.003726924,0.011883793,0.674353849,0.002821856
0.002739052,0.009674464,0.754247988,0.002458356
0.001902651,0.007493197,0.825294212,0.002085363
0.001217975,0.005377206,0.885930749,0.001713733
0.000685233,0.003399075,0.934182488,0.001361376
0.000304586,0.001687651,0.968934546,0.001085956
7.62E-05,0.000460036,0.989897084,0.000908901
0,2.04E-10,0.996880284,0.000843335
0.985147863,0.005647623,0.187680443,0.001273769
0.982962913,0.006033604,0.185185956,0.001282108
0.980630848,0.006445394,0.18253595,0.001291308
0.978152378,0.006882825,0.179738963,0.001301137
0.975528258,0.00734585,0.176790088,0.00131143
0.972759288,0.007834497,0.173676585,0.001322161
0.96984631,0.008348676,0.170400235,0.001333631
0.966790213,0.008888146,0.166992364,0.001345762
0.963591927,0.009452593,0.163469465,0.001358536
0.960252427,0.010041803,0.159848828,0.001370838
0.956772729,0.010655694,0.156126951,0.001383392
0.953153894,0.011294261,0.152287916,0.001396293
0.949397023,0.011957381,0.148325795,0.001409705
0.945503262,0.01264473,0.144275433,0.001423657
0.941473796,0.013355918,0.140160351,0.001437027
0.937309854,0.014090661,0.135992059,0.001449993
0.933012702,0.014848933,0.131760321,0.001463026
0.92858365,0.015630811,0.127434189,0.001476102
0.924024048,0.016436271,0.122999874,0.001490068
0.919335284,0.017265007,0.118481112,0.00150359
0.914518786,0.018116626,0.11390542,0.001517505
0.909576022,0.018990803,0.109283038,0.001531359
0.904508497,0.019887429,0.104597934,0.001543906
0.899317755,0.020806448,0.099843859,1.56E-03
0.894005377,0.021747759,0.095006625,1.57E-03
0.888572981,0.022711097,0.090094257,1.58E-03
0.883022222,0.023696173,0.085117691,1.60E-03
0.87735479,0.02470273,0.080091845,1.61E-03
0.871572413,0.025730628,0.074989366,1.62E-03
0.865676851,0.026779791,0.069789819,1.63E-03
0.8596699,0.027850047,0.064506136,0.001646607
0.853553391,0.028941039,0.059131588,0.001659083
0.847329185,0.030052315,0.053702566,0.001671827
0.84099918,0.031183522,0.04821088,0.001683476
0.834565303,0.032334615,0.042628935,0.001694296
0.828029514,0.033505591,0.036933662,0.001705569
0.821393805,0.034696385,0.031119813,0.001716986
0.814660196,0.035906579,0.02518073,0.001727822
0.807830738,0.037135692,0.019131895,0.001738798
0.800907512,0.03838329,0.012975057,0.001748895
0.793892626,0.039649091,0.006695664,0.001758391
0.786788218,0.040932891,0.000292681,0.001768335
0.779596452,0.042234398,-0.006258802,0.00177776
0.772319518,0.043553202,-0.012964855,0.001786327
0.764959632,0.044888821,-0.019819943,0.001794713
0.757519037,0.046240773,-0.02683913,0.001802669
0.75,0.047608645,-0.034012206,0.001810594
0.74240481,0.048992017,-0.041346477,0.001818593
0.734735781,0.050390416,-0.048857982,0.001826267
0.72699525,0.051803301,-0.056540648,0.00183433
0.719185573,0.05323008,-0.064407287,0.001842916
0.711309131,0.054670165,-0.072463944,0.001852158
0.703368322,0.056122956,-0.080719938,0.001862766
0.695365564,0.057587817,-0.089211561,0.001874077
0.687303297,0.059064062,-0.097935307,0.001886563
0.679183975,0.060550798,-0.106864956,0.001900683
0.671010072,0.062047095,-0.116002151,0.001915891
0.662784077,0.063552122,-0.125361351,0.001933018
0.654508497,0.065065112,-0.134950719,0.00195347
0.646185852,0.066585324,-0.144798591,0.001977123
0.637818678,0.068111817,-0.154936143,0.002002944
0.629409523,0.069643379,-0.165363468,0.002031294
0.620960948,0.071178737,-0.176061613,0.002062992
0.612475527,0.072716712,-0.187036453,0.002096221
0.603955845,0.074256184,-0.198337079,0.002129987
0.595404498,0.075796029,-0.209981939,0.002165312
0.586824089,0.077334951,-0.221951352,0.002202968
0.578217233,0.078871567,-0.234250734,0.002242285
0.56958655,0.080404485,-0.246902827,0.002282715
0.560934672,0.081932281,-0.259909607,0.002324683
0.552264232,0.083453539,-0.273295901,0.002367532
0.543577871,0.084966822,-0.287076977,0.002411813
0.534878237,0.086470397,-0.30123888,0.002458197
0.526167978,0.087962378,-0.315766602,0.002506207
0.517449748,0.089440939,-0.330655743,0.002555553
0.508726203,0.090904364,-0.345909844,0.002607145
0.5,0.092351006,-0.361558026,0.002660383
0.491273797,0.093779149,-0.377615711,0.002714919
0.482550252,0.09518683,-0.394075372,0.002771071
0.473832022,0.096571992,-0.410913193,0.002828957
0.465121763,0.097932655,-0.428117533,0.002888456
0.456422129,0.099266903,-0.445714356,0.002950025
0.447735768,0.100572888,-0.463717075,0.003013291
0.439065328,0.101848629,-0.482118132,0.003078194
0.43041345,0.103091989,-0.50090619,0.003144866
0.421782767,0.104300808,-0.520067904,0.003212822
0.413175911,0.105473012,-0.539585022,0.003281184
0.404595502,0.10660653,-0.559462795,0.003350864
0.396044155,0.107699376,-0.579702121,0.003422578
0.387524473,0.108749433,-0.600271875,0.003495854
0.379039052,0.109754499,-0.621135547,0.003569951
0.370590477,0.110712459,-0.642276095,0.003644939
0.362181322,0.111621252,-0.663661139,0.003721031
0.353814148,0.112478887,-0.685269901,0.00379778
0.345491503,0.113283427,-0.707081139,0.003875017
0.337215923,0.11403294,-0.729069282,0.00395305
0.328989928,0.114725522,-0.751201342,0.004032388
0.320816025,0.115359358,-0.773429999,0.004113331
0.312696703,0.115932512,-0.795707461,0.004195047
0.304634436,0.116443176,-0.817971254,0.004278063
0.296631678,0.11688965,-0.840155444,0.004362892
0.288690869,0.117270355,-0.862230991,0.004449181
0.280814427,0.117583846,-0.884193917,0.004536429
0.27300475,0.117828676,-0.905979268,0.004624509
0.265264219,0.118003281,-0.927504516,0.004714149
0.25759519,0.118106283,-0.948677654,0.004805443
0.25,0.118136375,-0.969408632,0.004897351
0.242480963,0.118092336,-0.9896212,0.004989475
0.235040368,0.117973121,-1.009241709,0.00508246
0.227680482,0.117777743,-1.028180588,0.005175827
0.220403548,0.117505316,-1.046358046,0.005269163
0.213211782,0.117155142,-1.063688264,0.00536232
0.206107374,0.116726504,-1.080081434,0.005455509
0.199092488,0.11621887,-1.095463463,0.005548622
0.192169262,0.115631801,-1.109750646,0.005641085
0.185339804,0.1149648,-1.122825153,0.005732858
0.178606195,0.114217524,-1.134539169,0.005824117
0.171970486,0.113389781,-1.144711088,0.005913585
0.165434697,0.112481313,-1.153205207,0.006000955
0.15900082,0.111492135,-1.160007707,0.006086337
0.152670815,0.110422332,-1.165016068,0.006169465
0.146446609,0.10927205,-1.168072116,0.006250942
0.1403301,0.108041692,-1.168988725,0.006329437
0.134323149,0.106731599,-1.167634082,0.006404496
0.128427587,0.10534212,-1.163995052,0.006476906
0.12264521,0.10387385,-1.157950489,0.00654578
0.116977778,0.102327274,-1.149257785,0.006609945
0.111427019,0.100702888,-1.137759829,0.006669314
0.105994623,0.099001476,-1.123332115,0.00672285
0.100682245,0.09722381,-1.105843241,0.006769214
0.095491503,0.095370827,-1.085259676,0.006809184
0.090423978,0.093443633,-1.061509081,0.006842618
0.085481214,0.09144302,-1.034378313,0.006867652
0.080664716,0.089369865,-1.003729857,0.006883925
0.075975952,0.087225275,-0.969456795,0.006890219
0.07141635,0.085010223,-0.931403156,0.006884217
0.066987298,0.082725884,-0.889563011,0.006866512
0.062690146,0.080373614,-0.843906952,0.006836314
0.058526204,0.077954458,-0.794286011,0.006791244
0.054496738,0.075469759,-0.740719317,0.006730872
0.050602977,0.072920961,-0.683250729,0.006653516
0.046846106,0.070309423,-0.621886637,0.006557651
0.043227271,0.06763671,-0.556804369,0.00644342
0.039747573,0.06490445,-0.488155061,0.006309422
0.036408073,0.062114002,-0.416002086,0.006153081
0.033209787,0.059266911,-0.340475518,0.005972115
0.03015369,0.05636501,-0.261926012,0.005764227
0.027240712,0.053410425,-0.180896542,0.005529339
0.024471742,0.050405344,-0.097778006,0.005267834
0.021847622,0.047352329,-0.013075197,0.004980083
0.019369152,0.044254263,0.072559613,0.004673422
0.017037087,0.041114031,0.158614022,0.0043524
0.014852137,0.037935317,0.244321615,0.004019415
0.012814968,0.034723062,0.328785593,0.003678017
0.0109262,0.031482441,0.411327614,0.003338237
0.009186408,0.028220375,0.491171935,0.003009343
0.007596123,0.024947295,0.567249619,0.002699455
0.00615583,0.021675688,0.638801898,0.002410818
0.004865966,0.01842219,0.705117486,0.002143951
0.003726924,0.015212092,0.765327696,0.001893737
0.002739052,0.012080281,0.818793923,0.001662102
0.001902651,0.009076531,0.865044249,0.001451233
0.001217975,0.006277683,0.903531227,0.001264147
0.000685233,0.003797753,0.933810408,0.001104667
0.000304586,0.001795778,0.955618812,0.000979548
7.62E-05,0.00046861,0.968777156,0.000898248
0,4.16E-10,0.973175737,0.000869845
0.985147863,-0.001082764,0.173342656,0.002122296
0.982962913,-0.001383371,0.180198622,0.002081237
0.980630848,-0.00170055,0.186936351,0.002041488
0.978152378,-0.002033518,0.193541529,0.002002411
0.975528258,-0.002381254,0.20001092,1.96E-03
0.972759288,-0.002742663,0.206272041,1.93E-03
0.96984631,-0.003116695,0.212359378,1.89E-03
0.966790213,-0.003502354,0.218275536,1.86E-03
0.963591927,-0.003898613,0.224036508,1.82E-03
0.960252427,-0.004304335,0.229653678,1.79E-03
0.956772729,-0.004718305,0.235100839,0.001757617
0.953153894,-0.00513925,0.240384937,0.001725807
0.949397023,-0.005565889,0.245505248,0.001695257
0.945503262,-0.005996879,0.250449701,0.001665196
0.941473796,-0.006430863,0.255220676,0.001636025
0.937309854,-0.006866503,0.259822924,0.00160764
0.933012702,-0.007302495,0.264262572,0.001579859
0.92858365,-0.007737501,0.268568489,0.001552431
0.924024048,-0.008170026,0.272706335,0.001525484
0.919335284,-0.008598404,0.276680014,0.001498865
0.914518786,-0.009020934,0.280448577,0.001473282
0.909576022,-0.009436049,0.284029089,0.001448348
0.904508497,-0.009842349,0.287432891,0.001424033
0.899317755,-0.010238422,0.29067035,0.001400025
0.894005377,-0.010622633,0.293746222,0.001376206
0.888572981,-0.010993154,0.296620848,0.001353104
0.883022222,-0.011348115,0.299287348,0.001330838
0.87735479,-0.0116858,0.301731966,0.001309196
0.871572413,-0.01200462,0.303963989,0.001288156
0.865676851,-0.012302997,0.30598453,0.001267919
0.8596699,-0.012579291,0.307790756,0.001248401
0.853553391,-0.01283182,0.309373806,0.00122958
0.847329185,-0.013058898,0.310732798,0.001211425
0.84099918,-0.013258804,0.311849102,0.001194067
0.834565303,-0.013429795,0.312716294,0.00117761
0.828029514,-0.013570131,0.313310929,0.001162158
0.821393805,-0.013678167,0.313642021,0.001147911
0.814660196,-0.013752327,0.313698667,0.00113485
0.807830738,-0.013791043,0.313448585,0.001122729
0.800907512,-0.013792664,0.312895503,0.001112065
0.793892626,-0.013755482,0.312020065,0.00110286
0.786788218,-0.013677807,0.310786815,0.001095284
0.779596452,-0.013558042,0.309163115,0.001089512
0.772319518,-0.013394655,0.307130505,0.001085703
0.764959632,-0.013186179,0.30464807,0.001084276
0.757519037,-0.01293154,0.30169444,0.001085485
0.75,-0.012629872,0.298264841,0.001089006
0.74240481,-0.012280119,0.294300933,0.001094624
0.734735781,-0.011879488,0.289619871,0.001103429
0.72699525,-0.011424437,0.283910701,0.001118941
0.719185573,-0.010912741,0.2769715,0.001143686
0.711309131,-0.010349604,0.268921581,0.00117702
0.703368322,-0.009743072,0.26001379,0.001217744
0.695365564,-0.009102132,0.250563707,0.001264818
0.687303297,-0.00843742,0.241021118,0.001315651
0.679183975,-0.007761113,0.232009728,0.001363856
0.671010072,-0.007081914,0.223913424,0.001404991
0.662784077,-0.006400334,0.216575042,0.001441024
0.654508497,-0.005712833,0.2096387,0.001475248
0.646185852,-0.005017497,0.20290088,0.001508467
0.637818678,-0.004314481,0.196293703,0.001540902
0.629409523,-0.003604975,0.189830874,0.001572701
0.620960948,-0.002889889,0.18354644,0.00160366
0.612475527,-0.002169648,0.177417391,0.001634003
0.603955845,-0.001444539,0.171396521,0.001663787
0.595404498,-0.000714907,0.165478001,0.001693032
0.586824089,1.88E-05,0.159639647,0.001722293
0.578217233,0.000756294,0.153868518,0.001751442
0.56958655,0.001496989,0.148155448,0.001780051
0.560934672,0.002240489,0.142474833,0.001808555
0.552264232,0.002986345,0.136817848,0.001837525
0.543577871,0.003734096,0.13119373,0.001866595
0.534878237,0.00448324,0.125573045,0.001895683
0.526167978,0.005233267,0.119958371,0.001925
0.517449748,0.005983606,0.114335544,0.001954493
0.508726203,0.006733582,0.108704537,0.001984204
0.5,0.00748247,0.103083899,0.002014296
0.491273797,0.00822961,0.097470669,0.002044675
0.482550252,0.008974446,0.091844918,0.002075184
0.473832022,0.00971644,0.086204503,0.002106063
0.465121763,0.010454991,0.080531277,0.002137296
0.456422129,0.01118934,0.074837794,0.002168936
0.447735768,0.011918705,0.069144013,0.002200709
0.439065328,0.012642395,0.063436093,0.002232362
0.43041345,0.013359825,0.057693399,0.002264252
0.421782767,0.01407046,0.051908668,0.002296952
0.413175911,0.01477363,0.046078385,0.002330433
0.404595502,0.015468407,0.040217842,0.002364223
0.396044155,0.016153857,0.034361651,0.002398129
0.387524473,0.016829186,0.028502812,0.00243217
0.379039052,0.017493813,0.02261811,0.002466046
0.370590477,0.018147218,0.016696398,0.002500171
0.362181322,0.018788739,0.010728977,0.002534943
0.353814148,0.019417567,0.004721934,0.002570285
0.345491503,0.020032885,-0.001310124,0.002605876
0.337215923,0.020633879,-0.00736546,0.002641322
0.328989928,0.021219715,-0.013435326,0.002676579
0.320816025,0.0217896,-0.019489784,0.00271207
0.312696703,0.022342833,-0.025527483,0.002747636
0.304634436,0.022878852,-0.031588465,0.002782597
0.296631678,0.023397121,-0.037682745,0.002817507
0.288690869,0.023897016,-0.043801022,0.002852639
0.280814427,0.024377776,-0.049940327,0.002887446
0.27300475,0.024838694,-0.056088826,0.002922044
0.265264219,0.025279069,-0.062239721,0.002955993
0.25759519,0.02569821,-0.068385801,0.002989894
0.25,0.026095497,-0.074506258,0.003023903
0.242480963,0.026470312,-0.080609873,0.003057094
0.235040368,0.026822048,-0.086690627,0.003090472
0.227680482,0.027150177,-0.092738056,0.003124052
0.220403548,0.02745415,-0.098756527,0.003157498
0.213211782,0.027733411,-0.104719459,0.003191456
0.206107374,0.027987501,-0.11063711,0.003225527
0.199092488,0.028215985,-0.116507702,0.00326013
0.192169262,0.02841848,-0.122335838,0.003295437
0.185339804,0.02859468,-0.128158978,0.003331705
0.178606195,0.028744078,-0.133945625,0.003369256
0.171970486,0.028866035,-0.139626899,0.003407373
0.165434697,0.028960072,-0.145176845,0.003445395
0.15900082,0.029025906,-0.150592739,0.003484022
0.152670815,0.029063437,-0.155913914,0.003523546
0.146446609,0.029072659,-0.161231813,0.003564147
0.1403301,0.029053181,-0.166489418,0.00360601
0.134323149,0.029004438,-0.171576738,0.00364908
0.128427587,0.028926087,-0.176466461,0.003692262
0.12264521,0.028817947,-0.181135727,0.003735846
0.116977778,0.028680022,-0.185627267,0.003780298
0.111427019,0.028512461,-0.190045248,0.003826354
0.105994623,0.028314959,-0.194287506,0.00387398
0.100682245,0.02808711,-0.198231748,0.003922391
0.095491503,0.027828807,-0.201844428,0.003971464
0.090423978,0.027540018,-0.205088021,0.004020613
0.085481214,0.027220923,-0.208016682,0.004070576
0.080664716,0.026871902,-0.210800402,0.004123675
0.075975952,0.02649263,-0.213218598,0.004178728
0.07141635,0.026082736,-0.215065388,0.004234555
0.066987298,0.025642297,-0.216356666,0.004291807
0.062690146,0.025171266,-0.216915412,0.004349701
0.058526204,0.024669893,-0.216715924,0.004407332
0.054496738,0.024138788,-0.216086494,0.004469954
0.050602977,0.023577581,-0.21454222,0.004534725
0.046846106,0.022986066,-0.211781938,0.004599455
0.043227271,0.02236468,-0.207969154,0.004668355
0.039747573,0.021713184,-0.202548237,0.004737795
0.036408073,0.021031816,-0.19531583,0.004806672
0.033209787,0.020321495,-0.186770486,0.004885737
0.03015369,0.019581602,-0.175774364,0.004968082
0.027240712,0.018812083,-0.161750501,0.005048229
0.024471742,0.018013945,-0.145244352,0.005138237
0.021847622,0.017186383,-0.124626308,0.005222468
0.019369152,0.01632958,-0.098943718,0.005288615
0.017037087,0.015445121,-0.069524473,0.005363936
0.014852137,0.014531846,-0.033036788,0.005449869
0.012814968,0.013590041,0.012026884,0.005606755
0.0109262,0.012621951,0.063523686,0.005730158
0.009186408,0.011625638,0.125342588,0.005685149
0.007596123,0.010601061,0.198814938,0.005520107
0.00615583,0.009551264,0.281997772,0.005333217
0.004865966,0.008474481,0.379178578,0.005121927
0.003726924,0.007370637,0.488042873,0.004733108
0.002739052,0.006244192,0.603217322,0.004173693
0.001902651,0.005097434,0.720587087,0.003472362
0.001217975,0.003931335,0.83344439,0.002671651
0.000685233,0.002751086,0.930045997,0.00179503
0.000304586,0.001590761,0.998539135,0.001008112
7.62E-05,0.00055125,1.033728348,0.000384114
0,-9.24E-06,1.040873515,0.000156386
0.985147863,0.001547802,0.191873927,0.001865482
0.982962913,0.00148599,0.195988463,0.001837751
0.980630848,0.001423311,0.199984897,0.001811285
0.978152378,0.001360231,0.203895448,0.00178518
0.975528258,0.001297479,0.20769745,0.001759486
0.972759288,0.00123587,0.211382801,0.001734274
0.96984631,0.001176278,0.214937614,0.001709574
0.966790213,0.001119631,0.218362739,0.00168545
0.963591927,0.001066924,0.221619843,0.001661731
0.960252427,0.001019112,0.224725892,0.00163932
0.956772729,0.000976994,0.227700198,0.001617254
0.953153894,0.000941341,0.230563659,0.001595467
0.949397023,0.000913066,0.233336217,0.001573613
0.945503262,0.000893403,0.235984178,0.001551926
0.941473796,0.000883698,0.238454887,0.001530642
0.937309854,0.000885225,0.240759946,1.51E-03
0.933012702,0.000898968,0.242909332,1.49E-03
0.92858365,0.000925864,0.244923056,1.47E-03
0.924024048,0.000966959,0.246814233,1.45E-03
0.919335284,0.001023593,0.248560755,1.43E-03
0.914518786,0.001097192,0.250145587,1.41E-03
0.909576022,0.001189149,0.251544636,0.001391831
0.904508497,0.001300702,0.252769471,0.001372979
0.899317755,0.001433074,0.25382995,0.001354198
0.894005377,0.001587556,0.254717866,0.001335597
0.888572981,0.001765599,0.255410112,0.001317266
0.883022222,0.001968709,0.255902616,0.001298943
0.87735479,0.002198344,0.25618158,0.001280975
0.871572413,0.002455818,0.256237115,0.001263062
0.865676851,0.002742423,0.25605169,0.001245542
0.8596699,0.003059483,0.255653147,0.001228155
0.853553391,0.003408402,0.255019086,0.001210635
0.847329185,0.003790603,0.254128791,0.001193379
0.84099918,0.00420752,0.252966014,0.001176297
0.834565303,0.004660621,0.251515092,0.001159438
0.828029514,0.005151369,0.249775728,0.001142643
0.821393805,0.005681208,0.24771228,0.001126472
0.814660196,0.006251517,0.245310653,0.001111487
0.807830738,0.006863669,0.242576154,0.001097601
0.800907512,0.007518938,0.239481386,0.001085251
0.793892626,0.008218494,0.236003622,0.001074668
0.786788218,0.008963449,0.232123877,0.001066024
0.779596452,0.00975513,0.227803947,0.001059469
0.772319518,0.010595033,0.222983061,0.00105562
0.764959632,0.01148464,0.217604495,0.001055543
0.757519037,0.012424624,0.211633291,0.00105972
0.75,0.013414856,0.205100852,0.001067629
0.74240481,0.014455478,0.197924898,0.001078653
0.734735781,0.015549921,0.189827235,0.001093996
0.72699525,0.016704005,0.180236621,0.001119854
0.719185573,0.017921503,0.16879215,0.001161595
0.711309131,0.019190635,0.155877252,0.001217007
0.703368322,0.020492153,0.142404746,0.001278028
0.695365564,0.021808476,0.129148219,0.001338124
0.687303297,0.023132408,0.11637871,0.001395864
0.679183975,0.024459631,0.104219836,0.0014497
0.671010072,0.025786995,0.092693771,0.001498673
0.662784077,0.027114647,0.08163745,0.001544393
0.654508497,0.028444273,0.070827378,0.001588555
0.646185852,0.029776557,0.060113264,0.001631972
0.637818678,0.031110688,0.049454548,0.001675185
0.629409523,0.032445161,0.03888243,0.001717729
0.620960948,0.033778758,0.028401688,0.001758932
0.612475527,0.035110709,0.017980737,0.001799479
0.603955845,0.036440347,0.00757816,0.001840603
0.595404498,0.037766894,-0.002818849,0.00188268
0.586824089,0.039089324,-0.013226245,0.001924609
0.578217233,0.040406515,-0.023655767,0.001965959
0.56958655,0.041717412,-0.034106616,0.002007479
0.560934672,0.043021025,-0.04459257,0.002049387
0.552264232,0.044316371,-0.055142039,0.002091468
0.543577871,0.045602423,-0.065745359,0.002134833
0.534878237,0.046878058,-0.076413583,0.002178559
0.526167978,0.048142142,-0.087148034,0.002222159
0.517449748,0.049393543,-0.097962349,0.002266193
0.508726203,0.050631133,-0.108871076,0.00231096
0.5,0.05185379,-0.119872027,0.002356232
0.491273797,0.053060331,-0.130970408,0.002402242
0.482550252,0.054249488,-0.142161857,0.002449228
0.473832022,0.055419987,-0.153437289,0.002497019
0.465121763,0.056570583,-0.164806499,0.002545032
0.456422129,0.057700069,-0.176276408,0.002593527
0.447735768,0.058807251,-0.18785023,0.002642875
0.439065328,0.059890875,-0.199533102,0.002692545
0.43041345,0.060949574,-0.211301353,0.002742798
0.421782767,0.061982025,-0.22314574,0.002793786
0.413175911,0.062986962,-0.235062153,0.002845213
0.404595502,0.063963179,-0.247059718,0.00289681
0.396044155,0.064909505,-0.259139363,0.002948617
0.387524473,0.065824761,-0.271297971,0.003000918
0.379039052,0.066707774,-0.283558012,0.003053909
0.370590477,0.067557422,-0.295929517,0.003107331
0.362181322,0.068372349,-0.308373816,0.003161122
0.353814148,0.069151115,-0.320844306,0.003215163
0.345491503,0.069892377,-0.333311089,0.003268678
0.337215923,0.070595,-0.345777229,0.003321707
0.328989928,0.07125805,-0.358266634,0.00337503
0.320816025,0.071880615,-0.370793741,0.003428273
0.312696703,0.072461581,-0.383348466,0.00348084
0.304634436,0.072999747,-0.395884008,0.003533839
0.296631678,0.073494024,-0.408362835,0.003587296
0.288690869,0.073943404,-0.42075699,0.003640986
0.280814427,0.074346966,-0.433075326,0.003694529
0.27300475,0.074703873,-0.44530301,0.00374812
0.265264219,0.0750133,-0.457420326,0.003801948
0.25759519,0.075274496,-0.469447233,0.003856327
0.25,0.075486737,-0.481367166,0.003912024
0.242480963,0.075649151,-0.493109619,0.003968584
0.235040368,0.075760905,-0.504638818,0.004025343
0.227680482,0.07582133,-0.515909915,0.004082837
0.220403548,0.075829854,-0.52691408,0.004140463
0.213211782,0.075786057,-0.537665756,0.00419888
0.206107374,0.075689603,-0.548147681,0.004257865
0.199092488,0.075539916,-0.558304964,0.004317448
0.192169262,0.07533658,-0.56810149,0.004377424
0.185339804,0.075079287,-0.577493323,0.00443752
0.178606195,0.074767669,-0.586429743,0.004498323
0.171970486,0.074401561,-0.594896127,0.004559297
0.165434697,0.073980868,-0.60285584,0.004620413
0.15900082,0.073505324,-0.610239396,0.00468118
0.152670815,0.072974911,-0.617002084,0.004742363
0.146446609,0.072389683,-0.623091486,0.004803988
0.1403301,0.071749639,-0.628451049,0.004864315
0.134323149,0.071055049,-0.63311438,0.00492516
0.128427587,0.070306052,-0.637015818,0.004986444
0.12264521,0.069502521,-0.639970901,0.005047338
0.116977778,0.06864467,-0.641929021,0.005107747
0.111427019,0.067732764,-0.642759475,0.005166087
0.105994623,0.066767128,-0.642357015,0.005223466
0.100682245,0.065748438,-0.640875887,0.005281522
0.095491503,0.064677072,-0.638154684,0.005338928
0.090423978,0.063553032,-0.633901612,0.005394836
0.085481214,0.062376816,-0.628047277,0.005450346
0.080664716,0.061148843,-0.620375859,0.005503519
0.075975952,0.059869473,-0.610701796,0.005553764
0.07141635,0.058539633,-0.599080213,0.005603067
0.066987298,0.057159874,-0.585247909,0.005649839
0.062690146,0.055730585,-0.568924101,0.005693094
0.058526204,0.054252791,-0.550207237,0.005735348
0.054496738,0.0527269,-0.528658927,0.005773668
0.050602977,0.051153079,-0.503776276,0.005804801
0.046846106,0.049532278,-0.475576779,0.005830049
0.043227271,0.047865112,-0.443627914,0.005845027
0.039747573,0.046152225,-0.407621346,0.005846816
0.036408073,0.04439507,-0.367892984,0.005839973
0.033209787,0.042594046,-0.323773139,0.005817804
0.03015369,0.040749267,-0.2746488,0.005772578
0.027240712,0.038861843,-0.220656904,0.005703572
0.024471742,0.036932399,-0.161459299,0.005602781
0.021847622,0.034961639,-0.096813506,0.00545921
0.019369152,0.032951193,-0.027367785,0.005269449
0.017037087,0.03090179,0.046931757,0.005017709
0.014852137,0.028813869,0.125999164,0.00468146
0.012814968,0.026688724,0.209022982,0.004318658
0.0109262,0.024527934,0.295712487,0.004018253
0.009186408,0.022333114,0.384810905,0.003743206
0.007596123,0.020106301,0.474860891,0.003465691
0.00615583,0.01785089,0.564119565,0.003177466
0.004865966,0.01557068,0.65067143,0.002867664
0.003726924,0.013269648,0.732857461,0.00252539
0.002739052,0.010957589,0.808226545,0.002156906
0.001902651,0.008650677,0.874675438,0.00177375
0.001217975,0.006372635,0.930688773,0.00137497
0.000685233,0.004175227,0.974525783,0.001044712
0.000304586,0.002174737,1.005411151,0.000759217
7.62E-05,0.000625807,1.023250227,0.000550022
0,2.40E-08,1.028953549,0.000469024
0.985147863,0.004040411,0.175017303,0.001628541
0.982962913,0.004205878,0.177587339,0.001608417
0.980630848,0.004385399,0.180040649,0.001588835
0.978152378,0.004579416,0.18239678,0.00156955
0.975528258,0.004788573,0.184630972,0.001550819
0.972759288,0.005013634,0.186735864,0.001532509
0.96984631,0.005255404,0.188679785,0.001514845
0.966790213,0.005514551,0.190477032,0.001497997
0.963591927,0.005791717,0.192138143,0.001481732
0.960252427,0.006087572,0.193668557,0.00146579
0.956772729,0.006402856,0.195065317,0.001449815
0.953153894,0.006738364,0.196334164,0.001434487
0.949397023,0.007094923,0.197473639,0.001419772
0.945503262,0.007473433,0.198464019,0.001404566
0.941473796,0.00787482,0.199309653,0.001390047
0.937309854,0.008300067,0.200008962,0.001376145
0.933012702,0.008750173,0.200540197,0.001361879
0.92858365,0.00922617,0.200899534,0.001348046
0.924024048,0.009729098,0.201086105,0.001335046
0.919335284,0.010259914,0.201086255,0.001322248
0.914518786,0.010819526,0.200919966,0.001309692
0.909576022,0.011408871,0.200586026,0.001297274
0.904508497,0.012029072,0.200068682,0.001284809
0.899317755,0.01268139,0.199356608,0.001272893
0.894005377,0.013367096,0.19841999,0.001261256
0.888572981,0.014087382,0.197262325,0.001250104
0.883022222,0.014843388,0.195870746,1.24E-03
0.87735479,0.015636276,0.194234267,1.23E-03
0.871572413,0.016467144,0.192345286,1.22E-03
0.865676851,0.017337088,0.190210112,1.21E-03
0.8596699,0.018247224,0.187796437,0.001200971
0.853553391,0.019198767,0.185105629,0.001192529
0.847329185,0.020192962,0.182115082,0.001184852
0.84099918,0.021231077,0.178792916,0.001178065
0.834565303,0.022314296,0.175137055,0.001171984
0.828029514,0.023443801,0.171107335,0.001167041
0.821393805,0.02462075,0.16668745,0.001162715
0.814660196,0.025846264,0.161851093,0.001159528
0.807830738,0.027121437,0.156562207,0.001157744
0.800907512,0.028447336,0.150791032,0.001157381
0.793892626,0.029824848,0.144517196,0.001158117
0.786788218,0.031254818,0.137703891,0.001159935
0.779596452,0.032738309,0.130283741,0.001162978
0.772319518,0.034276884,0.122145822,0.001168324
0.764959632,0.035872197,0.113176922,0.001176932
0.757519037,0.037524598,0.103336486,0.001188845
0.75,0.039232079,0.092705132,0.001202913
0.74240481,0.040993071,0.081280796,0.001216767
0.734735781,0.042811404,0.068578217,0.001232402
0.72699525,0.044698835,0.053519361,0.001261207
0.719185573,0.046661823,0.035387455,0.001315592
0.711309131,0.048680031,0.015029864,0.001391476
0.703368322,0.050712037,-0.005171103,0.001466719
0.695365564,0.052724075,-0.023427156,0.001525109
0.687303297,0.054716171,-0.03989777,0.001569506
0.679183975,0.056698847,-0.055543805,0.001607254
0.671010072,0.058680401,-0.071062191,0.00164266
0.662784077,0.060661621,-0.086608683,0.001677086
0.654508497,0.062641087,-0.10217934,0.001710786
0.646185852,0.064617604,-0.117795912,0.00174396
0.637818678,0.066589928,-0.133508497,0.001776271
0.629409523,0.068556882,-0.149341884,0.001808365
0.620960948,0.070517136,-0.165245961,0.001842704
0.612475527,0.072469177,-0.181187106,0.00187984
0.603955845,0.074411413,-0.197194584,0.001919838
0.595404498,0.076342266,-0.213280206,0.001964739
0.586824089,0.07826021,-0.229472576,0.002014268
0.578217233,0.080163722,-0.245815065,0.00206748
0.56958655,0.08205129,-0.262343177,0.002124567
0.560934672,0.083921455,-0.279088322,0.002185388
0.552264232,0.085772753,-0.296089951,0.002248672
0.543577871,0.087603516,-0.313370736,0.002313451
0.534878237,0.089411742,-0.330915749,0.002379421
0.526167978,0.091195427,-0.348687275,0.002446442
0.517449748,0.092952819,-0.366680613,0.002514095
0.508726203,0.094682432,-0.384950745,0.002582145
0.5,0.096382835,-0.403552763,0.002651298
0.491273797,0.098052181,-0.422460603,0.002721734
0.482550252,0.099688315,-0.441627679,0.002792928
0.473832022,0.101289102,-0.461019351,0.002864511
0.465121763,0.102852672,-0.480636599,0.0029367
0.456422129,0.104377441,-0.500521269,0.003009905
0.447735768,0.105861843,-0.520700913,0.003084239
0.439065328,0.107303949,-0.541158765,0.003160041
0.43041345,0.10870168,-0.561862745,0.003236834
0.421782767,0.110053028,-0.582784506,0.003314173
0.413175911,0.111356124,-0.603907584,0.003392672
0.404595502,0.11260921,-0.625236369,0.003472796
0.396044155,0.113810579,-0.646775461,0.003553567
0.387524473,0.114958353,-0.668501118,0.003634776
0.379039052,0.116050628,-0.690377834,0.003716387
0.370590477,0.117085622,-0.712373079,0.003798216
0.362181322,0.118061617,-0.73445473,0.003880949
0.353814148,0.118977023,-0.756615012,0.003964551
0.345491503,0.119830259,-0.778850581,0.004047995
0.337215923,0.120619685,-0.801116755,0.00413179
0.328989928,0.121343703,-0.823357331,0.004216721
0.320816025,0.122000835,-0.8455504,0.004301627
0.312696703,0.12258958,-0.86766061,0.004386477
0.304634436,0.123108597,-0.889631372,0.00447317
0.296631678,0.123556513,-0.911416109,0.004560972
0.288690869,0.123931891,-0.932936828,0.004648576
0.280814427,0.12423339,-0.954082223,0.004736585
0.27300475,0.124459891,-0.974786988,0.004825645
0.265264219,0.124610445,-0.995061909,0.004914889
0.25759519,0.124684313,-1.014892913,0.005004695
0.25,0.124680589,-1.034204913,0.00509487
0.242480963,0.124598286,-1.052878676,0.005185213
0.235040368,0.124436571,-1.070793789,0.005275646
0.227680482,0.124194774,-1.087870818,0.005365725
0.220403548,0.123872351,-1.104077211,0.005456116
0.213211782,0.12346899,-1.119369279,0.005546954
0.206107374,0.122984179,-1.133629127,0.005636479
0.199092488,0.122417402,-1.146696237,0.005725361
0.192169262,0.121768362,-1.158428675,0.005813434
0.185339804,0.121036896,-1.168703536,0.005899191
0.178606195,0.120223004,-1.177435936,0.005983136
0.171970486,0.119326888,-1.184599856,0.00606578
0.165434697,0.118348649,-1.190142347,0.006145911
0.15900082,0.117288482,-1.193977875,0.006224967
0.152670815,0.116146781,-1.195951425,0.006301487
0.146446609,0.114923736,-1.195798486,0.006375717
0.1403301,0.113619674,-1.193470658,0.006447322
0.134323149,0.112235125,-1.188905085,0.006514608
0.128427587,0.110770542,-1.181887762,0.00657831
0.12264521,0.109226584,-1.1723084,0.006637838
0.116977778,0.107604063,-1.160073598,0.006691975
0.111427019,0.105903725,-1.145086487,0.006740491
0.105994623,0.104126537,-1.127324977,0.006783801
0.100682245,0.10227348,-1.106664216,0.006821284
0.095491503,0.100345205,-1.082857658,0.006851763
0.090423978,0.098342565,-1.055739945,0.006874186
0.085481214,0.096266648,-1.025204106,0.006886822
0.080664716,0.094118556,-0.991217754,0.006889232
0.075975952,0.091899711,-0.953884443,0.006882832
0.07141635,0.089611409,-0.913117819,0.006866233
0.066987298,0.08725446,-0.868668371,0.006837197
0.062690146,0.084829955,-0.820434933,0.006795183
0.058526204,0.082339192,-0.768390187,0.006738093
0.054496738,0.079783492,-0.712578427,0.006664733
0.050602977,0.077164511,-0.653204175,0.006575735
0.046846106,0.074483705,-0.590317075,0.006470394
0.043227271,0.071742139,-0.523841855,0.006346625
0.039747573,0.068941149,-0.453908575,0.006202037
0.036408073,0.066082189,-0.38069953,0.006035319
0.033209787,0.063166726,-0.304407362,0.005844443
0.03015369,0.060196391,-0.225408852,0.005628143
0.027240712,0.05717288,-0.144192269,0.005386662
0.024471742,0.054097854,-0.061026992,0.005119603
0.021847622,0.050972928,0.02365818,0.00482903
0.019369152,0.047800177,0.109254087,0.004521267
0.017037087,0.044582002,0.195040454,0.004200185
0.014852137,0.041320598,0.28048488,0.00386508
0.012814968,0.038019183,0.364725364,0.003520598
0.0109262,0.034682073,0.446827359,0.003182341
0.009186408,0.031313515,0.526181001,0.002857962
0.007596123,0.027919374,0.601928746,0.002550991
0.00615583,0.024507917,0.673158707,0.002266213
0.004865966,0.021088706,0.739293621,0.001999163
0.003726924,0.017676928,0.799559321,0.001743046
0.002739052,0.014298599,0.853107595,0.001503948
0.001902651,0.010992202,0.899402267,0.001283685
0.001217975,0.007820293,0.937990681,0.001080906
0.000685233,0.004893437,0.968415937,0.000900048
0.000304586,0.002401305,0.990378513,0.000750024
7.62E-05,0.000647265,1.00366749,0.000645683
0,3.99E-11,1.008121696,0.000606986
0.985147863,0.000238193,0.158725222,0.001801566
0.982962913,0.000121522,0.159048194,0.001799286
0.980630848,-2.48E-06,0.15935319,0.001797101
0.978152378,-0.000133652,0.159637928,0.00179547
0.975528258,-0.000271856,0.159928497,0.001794175
0.972759288,-0.000416946,0.160225591,0.001792415
0.96984631,-0.000568681,0.160540272,0.001790811
0.966790213,-0.000726747,0.160849296,0.001789241
0.963591927,-0.000890798,0.16111792,0.001788148
0.960252427,-0.001060669,0.161378755,0.001787498
0.956772729,-0.001236322,0.161646829,0.0017869
0.953153894,-0.001417734,0.161975841,0.001785972
0.949397023,-0.001604679,0.162345847,0.001785207
0.945503262,-0.001796774,0.162748015,0.001783749
0.941473796,-0.001993622,0.163138435,0.001782631
0.937309854,-0.002194952,0.163525751,0.001781487
0.933012702,-0.002400595,0.163944429,0.001781022
0.92858365,-0.002610381,0.164394195,0.00177969
0.924024048,-0.002823983,0.164871251,0.001778905
0.919335284,-0.003040953,0.165359613,0.001777511
0.914518786,-0.00326082,0.165818071,0.001776105
0.909576022,-0.00348331,0.166271576,0.001775728
0.904508497,-0.003708276,0.166733302,0.001775156
0.899317755,-0.003935586,0.16723556,0.001774414
0.894005377,-0.004164888,0.1677576,0.001773181
0.888572981,-0.004395668,0.168289242,0.001772264
0.883022222,-0.004627403,0.168785197,0.001771539
0.87735479,-0.004859749,0.169270514,0.001770832
0.871572413,-0.005092522,0.16974803,0.001770727
0.865676851,-0.005325531,0.170240212,0.001770463
0.8596699,-0.005558435,0.170756778,0.001769827
0.853553391,-0.005790748,0.171255964,0.001769243
0.847329185,-0.006021988,0.171735364,0.001769092
0.84099918,-0.006251776,0.172192361,0.001769357
0.834565303,-0.006479836,0.172632732,0.001769246
0.828029514,-0.006705896,0.173062697,0.00176939
0.821393805,-0.006929598,0.173481177,0.001769737
0.814660196,-0.007150526,0.173884425,0.001770372
0.807830738,-0.007368272,0.174263687,0.001771064
0.800907512,-0.007582503,0.174601399,0.001771746
0.793892626,-0.007792966,0.17492462,0.00177311
0.786788218,-0.007999407,0.175234307,0.001774513
0.779596452,-0.008201517,0.175524109,0.001776013
0.772319518,-0.008398934,0.175790792,0.00177777
0.764959632,-0.008591301,0.176023383,0.001779459
0.757519037,-0.008778273,0.176225318,0.0017816
0.75,-0.008959519,0.176389919,0.001784018
0.74240481,-0.009134717,0.176499346,0.001786647
0.734735781,-0.009303663,0.176578676,0.001789672
0.72699525,-0.00946624,0.176627318,0.001793174
0.719185573,-0.009622341,0.176652416,0.001796806
0.711309131,-0.009771698,0.176654828,0.001800272
0.703368322,-0.009913916,0.176611787,0.001804312
0.695365564,-0.010048633,0.176507375,0.001809046
0.687303297,-0.010175716,0.176340272,0.001813922
0.679183975,-0.010295245,0.176137049,0.0018192
0.671010072,-0.010407289,0.175916132,0.001824804
0.662784077,-0.010511788,0.175661896,0.001830339
0.654508497,-0.010608544,0.17537938,0.001836509
0.646185852,-0.010697387,0.17506906,0.001843199
0.637818678,-0.010778204,0.17470894,0.001850096
0.629409523,-0.010850939,0.174303855,0.001857341
0.620960948,-0.010915551,0.173846236,0.001865009
0.612475527,-0.010972106,0.173340781,0.001873155
0.603955845,-0.011020741,0.172803349,0.001881584
0.595404498,-0.011061604,0.172230081,0.001890272
0.586824089,-0.011094825,0.171619863,0.00189931
0.578217233,-0.011120518,0.170989579,0.001908548
0.56958655,-0.011138818,0.170335304,0.001918229
0.560934672,-0.011149922,0.169653651,0.001929031
0.552264232,-0.011154067,0.168955642,0.001939929
0.543577871,-0.011151502,0.168246851,0.00195059
0.534878237,-0.011142464,0.167516632,0.001961619
0.526167978,-0.011127179,0.166776492,0.001973189
0.517449748,-0.011105904,0.16603702,0.001985088
0.508726203,-0.011078963,0.165279932,0.0019973
0.5,-0.011046739,0.164517501,0.002009695
0.491273797,-0.011009626,0.163783381,0.002022729
0.482550252,-0.010968078,0.163068011,0.002035954
0.473832022,-0.010922577,0.162384167,0.002049175
0.465121763,-0.010873598,0.161751398,0.002062565
0.456422129,-0.010821572,0.161174671,0.002076221
0.447735768,-0.010766889,0.160655514,0.00209006
0.439065328,-0.010709977,0.160202591,0.002103993
0.43041345,-0.010651418,0.159837328,0.002118159
0.421782767,-0.010591864,0.159583681,0.002132551
0.413175911,-0.010531936,0.159476289,0.002146436
0.404595502,-0.010472132,0.159530265,0.002159893
0.396044155,-0.010412845,0.159745581,0.00217362
0.387524473,-0.010354619,0.160148539,0.002187624
0.379039052,-0.010298348,0.160814409,0.00220087
0.370590477,-0.010245152,0.161850137,0.002212279
0.362181322,-0.010195848,0.163331971,0.002221668
0.353814148,-0.010150026,0.165190223,0.002229302
0.345491503,-0.010106749,0.167315784,0.002237647
0.337215923,-0.010066445,0.169767299,0.002248656
0.328989928,-0.010033402,0.173430183,0.002255389
0.320816025,-0.010014703,0.179237183,0.002245385
0.312696703,-0.010010221,0.187292156,0.002214535
0.304634436,-0.010005427,0.196635996,0.002170468
0.296631678,-0.009978686,0.20563333,0.002123489
0.288690869,-0.009913076,0.213063434,0.002080255
0.280814427,-0.009798676,0.218520092,0.002043888
0.27300475,-0.00962847,0.221817474,0.002018271
0.265264219,-0.009399187,0.222942288,0.002006767
0.25759519,-0.009115459,0.222163677,0.002002939
0.25,-0.008782516,0.220333737,0.002003888
0.242480963,-0.00840428,0.217634322,0.002009649
0.235040368,-0.007983057,0.213971322,0.002018494
0.227680482,-0.007521165,0.209419057,0.002031519
0.220403548,-0.007021515,0.203972194,0.002047722
0.213211782,-0.006487432,0.197726315,0.002066795
0.206107374,-0.005922146,0.190715749,0.002088246
0.199092488,-0.005328791,0.182978345,0.002111788
0.192169262,-0.004710398,0.174506334,0.002137168
0.185339804,-0.004070001,0.165305433,0.002164449
0.178606195,-0.003410779,0.155392508,0.002193365
0.171970486,-0.002735858,0.144773889,0.002224018
0.165434697,-0.002048316,0.133450896,0.00225636
0.15900082,-0.001351241,0.121425323,0.002290592
0.152670815,-0.000647588,0.108669485,0.002327052
0.146446609,5.96E-05,0.09518112,0.002366249
0.1403301,0.000767284,0.080955129,0.002408546
0.134323149,0.001472472,0.065961861,0.002454326
0.128427587,0.002172135,0.05019521,0.002503538
0.12264521,0.002863228,0.0336497,0.002556227
0.116977778,0.003542923,0.016286368,0.002612929
0.111427019,0.004208293,-0.001896869,0.002673219
0.105994623,0.00485655,-0.020923607,0.00273737
0.100682245,0.00548512,-0.040867921,0.002805659
0.095491503,0.006091275,-0.061739661,0.002878149
0.090423978,0.006672532,-0.083635693,0.002955559
0.085481214,0.007226504,-0.106644785,0.003038866
0.080664716,0.007750329,-0.130700203,0.00312708
0.075975952,0.008241518,-0.155844551,0.0032213
0.07141635,0.008697797,-0.182145246,0.003321514
0.066987298,0.009116717,-0.209562438,0.003426989
0.062690146,0.009496426,-0.23834072,0.0035403
0.058526204,0.009834936,-0.268559162,0.003662664
0.054496738,0.010129798,-0.300038777,0.003792015
0.050602977,0.010379392,-0.333110687,0.003932198
0.046846106,0.010581781,-0.367727317,0.004084002
0.043227271,0.0107347,-0.403569911,0.004244009
0.039747573,0.010837032,-0.441167708,0.004419375
0.036408073,0.010887057,-0.480259918,0.004611089
0.033209787,0.010882914,-0.520331704,0.004816987
0.03015369,0.010824244,-0.562452378,0.005059846
0.027240712,0.010709262,-0.605601019,0.005346148
0.024471742,0.010536097,-0.648282393,0.005668916
0.021847622,0.010305034,-0.691978618,0.006056272
0.019369152,0.010014546,-0.734297815,0.006495246
0.017037087,0.009663498,-0.772456018,0.006966535
0.014852137,0.009253638,-0.809276055,0.007524291
0.012814968,0.008783642,-0.838876999,0.008134753
0.0109262,0.008252635,-0.85500237,0.008745865
0.009186408,0.007663982,-0.859600528,0.009395555
0.007596123,0.007017823,-0.844709179,0.009983609
0.00615583,0.006314522,-0.797758153,0.01039211
0.004865966,0.005560264,-0.720871411,0.010655846
0.003726924,0.004761814,-0.610756964,0.010718677
0.002739052,0.003925896,-0.464005127,0.010463097
0.001902651,0.003064934,-0.282879661,0.009802375
0.001217975,0.002204448,-0.0864462,0.00883425
0.000685233,0.001389323,0.096888787,0.007857825
0.000304586,0.000684611,0.249071131,0.006971223
7.62E-05,0.000184887,0.352472151,0.006325406
0,-7.24E-10,0.38983172,0.006082149
0.985147863,0.002894448,0.219118328,1.39E-03
0.982962913,0.003018447,0.216686881,1.40E-03
0.980630848,0.00315075,0.21414197,1.42E-03
0.978152378,0.003291392,0.211498335,1.43E-03
0.975528258,0.003440314,0.208776514,1.44E-03
0.972759288,0.003597436,0.205998672,1.45E-03
0.96984631,0.003762716,0.203174045,1.46E-03
0.966790213,0.003936146,0.20031169,1.48E-03
0.963591927,0.004117734,0.197416734,1.49E-03
0.960252427,0.004307446,0.194481009,0.001501448
0.956772729,0.004505195,0.191536578,0.001514099
0.953153894,0.004710882,0.188589671,0.001526497
0.949397023,0.004924437,0.185649826,0.001538764
0.945503262,0.005145833,0.182718477,0.001550937
0.941473796,0.005375062,0.179797486,0.001562792
0.937309854,0.005612131,0.176890726,0.001574359
0.933012702,0.005857079,0.173984664,0.001585957
0.92858365,0.006109967,0.171078271,0.001597317
0.924024048,0.006370782,0.168168615,0.001608702
0.919335284,0.006639409,0.165269474,0.0016204
0.914518786,0.00691571,0.162407551,0.001631419
0.909576022,0.007199622,0.159564154,0.001641789
0.904508497,0.007491212,0.156745842,0.001652735
0.899317755,0.007790556,0.153937989,0.001663392
0.894005377,0.008097697,0.151127141,0.001673733
0.888572981,0.008412571,0.148335729,0.001684105
0.883022222,0.00873509,0.14555127,0.001694054
0.87735479,0.009065219,0.142786675,0.001703928
0.871572413,0.009402986,0.140033081,0.001713782
0.865676851,0.009748432,0.137285309,0.00172387
0.8596699,0.010101602,0.134545115,0.001733245
0.853553391,0.010462513,0.131788713,0.001742746
0.847329185,0.010831197,0.12903371,0.001752414
0.84099918,0.011207637,0.126255212,0.001762188
0.834565303,0.011591742,0.123469691,0.001772318
0.828029514,0.011983402,0.120701764,0.001782033
0.821393805,0.012382558,0.117914115,0.001791378
0.814660196,0.012789257,0.115118491,0.001801479
0.807830738,0.013203568,0.112306181,0.001811204
0.800907512,0.01362551,0.109457302,0.001821083
0.793892626,0.014055007,0.106585988,0.001831447
0.786788218,0.014491953,0.1036824,0.00184156
0.779596452,0.014936272,0.10073838,0.001851596
0.772319518,0.015387935,0.09777398,0.001862172
0.764959632,0.015846923,0.09475739,0.001873055
0.757519037,0.016313154,0.091686207,0.001884311
0.75,0.016786441,0.088573779,0.001896025
0.74240481,0.017266557,0.085405684,0.001907748
0.734735781,0.017753307,0.082196185,0.001919454
0.72699525,0.018246556,0.078937373,0.0019318
0.719185573,0.018746164,0.075629476,0.001944887
0.711309131,0.019251941,0.072257927,0.001958006
0.703368322,0.019763613,0.068820511,0.001971081
0.695365564,0.020280863,0.065325781,0.00198478
0.687303297,0.020803435,0.061787448,0.001999168
0.679183975,0.021331139,0.058172017,0.002013561
0.671010072,0.021863802,0.054453591,0.00202808
0.662784077,0.022401132,0.05064885,0.002043692
0.654508497,0.022942651,0.046763813,0.002060387
0.646185852,0.023487835,0.042810401,0.002077394
0.637818678,0.024036185,0.038781393,0.00209506
0.629409523,0.024587241,0.03467305,0.002113003
0.620960948,0.025140547,0.030484941,0.002130726
0.612475527,0.02569559,0.026210393,0.002149243
0.603955845,0.026251802,0.021861685,0.002169139
0.595404498,0.026808592,0.017441497,0.002189506
0.586824089,0.02736536,0.012933792,0.002209875
0.578217233,0.027921504,0.008340426,0.002231315
0.56958655,0.0284764,0.003661662,0.002253966
0.560934672,0.029029317,-0.001104204,0.002276819
0.552264232,0.029579377,-0.005941291,0.002300206
0.543577871,0.030125673,-0.010826454,0.002324576
0.534878237,0.030667402,-0.015757312,0.002349327
0.526167978,0.031203879,-0.020755208,0.002373989
0.517449748,0.031734417,-0.025833195,0.002399471
0.508726203,0.032258154,-0.030975255,0.002426153
0.5,0.032774059,-0.036168465,0.002453451
0.491273797,0.033281081,-0.041399372,0.002481444
0.482550252,0.033778162,-0.046645235,0.00251041
0.473832022,0.034264231,-0.051884782,0.00253976
0.465121763,0.034738249,-0.057109475,0.002568812
0.456422129,0.035199236,-0.062310907,0.002598656
0.447735768,0.035646299,-0.067496082,0.002629454
0.439065328,0.036078532,-0.072659941,0.002660867
0.43041345,0.036494763,-0.077773115,0.002692706
0.421782767,0.036893584,-0.08277892,0.002724666
0.413175911,0.037273673,-0.087614728,0.002756275
0.404595502,0.037634005,-0.092267013,0.002787799
0.396044155,0.037973785,-0.096761184,0.002819398
0.387524473,0.038292134,-0.10108474,0.002851626
0.379039052,0.038587644,-0.105107506,0.002883837
0.370590477,0.038858484,-0.108671934,0.002913831
0.362181322,0.039103225,-0.111676332,0.002940246
0.353814148,0.039321641,-0.114119319,0.002965288
0.345491503,0.039514297,-0.11637475,0.00299352
0.337215923,0.03968063,-0.118268252,0.003024431
0.328989928,0.03981631,-0.118485761,0.003048646
0.320816025,0.039913905,-0.115728977,0.003052451
0.312696703,0.039972587,-0.109814331,0.003028749
0.304634436,0.040005579,-0.102109135,0.002986018
0.296631678,0.040032697,-0.095066122,0.002940972
0.288690869,0.04007017,-0.089722765,0.002897953
0.280814427,0.040126853,-0.086827355,0.002866581
0.27300475,0.040209801,-0.087466877,0.002850976
0.265264219,0.040319214,-0.090944374,0.002846972
0.25759519,0.040449506,-0.096137834,0.002852224
0.25,0.040595056,-0.102760126,0.002864329
0.242480963,0.040752184,-0.110596718,0.002880522
0.235040368,0.040918221,-0.119492083,0.002902259
0.227680482,0.041090267,-0.129496916,0.002928262
0.220403548,0.041265087,-0.140442301,0.002959528
0.213211782,0.04143955,-0.152293626,0.00299578
0.206107374,0.041610216,-0.16498466,0.003036224
0.199092488,0.041773589,-0.178389347,0.00308043
0.192169262,0.041926489,-0.192412123,0.003128234
0.185339804,0.042066156,-0.207078501,0.003179806
0.178606195,0.042190141,-0.222450384,0.003235444
0.171970486,0.042295635,-0.2384763,0.003295231
0.165434697,0.042379588,-0.255058565,0.003358938
0.15900082,0.042439218,-0.272129767,0.003425646
0.152670815,0.04247197,-0.289672572,0.003495547
0.146446609,0.042475608,-0.307733987,0.003569871
0.1403301,0.042447881,-0.326292684,0.003648561
0.134323149,0.042386124,-0.345243557,0.003730584
0.128427587,0.042287978,-0.364484431,0.003816369
0.12264521,0.042151263,-0.383934404,0.003905266
0.116977778,0.041974003,-0.403608953,0.003997432
0.111427019,0.041754583,-0.423511049,0.004093809
0.105994623,0.041491041,-0.443522482,0.00419383
0.100682245,0.041181579,-0.463603625,0.004298144
0.095491503,0.04082465,-0.483657736,0.004406944
0.090423978,0.040418312,-0.503451926,0.004519026
0.085481214,0.039961072,-0.522896199,0.004635366
0.080664716,0.039451592,-0.541777769,0.00475503
0.075975952,0.038888316,-0.559853044,0.004877011
0.07141635,0.038270374,-0.577098698,0.005004314
0.066987298,0.037596677,-0.593111628,0.005134633
0.062690146,0.03686591,-0.607490083,0.005267719
0.058526204,0.036077664,-0.620137887,0.005406706
0.054496738,0.035230954,-0.630507692,0.005549488
0.050602977,0.03432495,-0.638152108,0.005697841
0.046846106,0.033359722,-0.642828705,0.005855061
0.043227271,0.03233447,-0.643315528,0.006010372
0.039747573,0.031248819,-0.639166769,0.006166374
0.036408073,0.030103364,-0.630037698,0.00631854
0.033209787,0.028898136,-0.614780894,0.006458333
0.03015369,0.027633879,-0.593000164,0.0065842
0.027240712,0.026312235,-0.564515603,0.006695707
0.024471742,0.024933781,-0.528002707,0.006779098
0.021847622,0.02349974,-0.482649807,0.006824033
0.019369152,0.022012681,-0.42842765,0.006824541
0.017037087,0.020475453,-0.365118064,0.006769782
0.014852137,0.018891788,-0.292932073,0.006650013
0.012814968,0.017266819,-0.21261258,0.006455757
0.0109262,0.015607137,-0.125563201,0.006188371
0.009186408,0.01392063,-0.033059214,0.005856531
0.007596123,0.012216922,0.063568686,0.005466501
0.00615583,0.010509757,0.161505134,0.005034357
0.004865966,0.008817482,0.257465879,0.004633215
0.003726924,0.007162174,0.349797569,0.004304907
0.002739052,0.005571639,0.435990588,0.003984567
0.001902651,0.004083776,0.513056671,0.003676889
0.001217975,0.002745496,0.578639925,0.00339575
0.000685233,0.001611245,0.631198105,0.003156795
0.000304586,0.000740204,0.669590176,0.002973757
7.62E-05,0.000189019,0.692978887,0.002858278
0,2.02E-09,0.70083595,0.002818764
0.985147863,0.00545381,0.169711025,0.00126649
0.982962913,0.005810953,0.166956712,0.001276902
0.980630848,0.006191513,0.164051156,0.001287755
0.978152378,0.006595072,0.161029929,0.001298701
0.975528258,0.007021535,0.157873528,0.001309892
0.972759288,0.007470892,0.154549982,0.001321667
0.96984631,0.007943053,0.151063993,0.001334303
0.966790213,0.008437689,0.14744231,0.001347301
0.963591927,0.008954395,0.143705776,0.001361191
0.960252427,0.00949283,0.139876044,0.001374901
0.956772729,0.01005279,0.135952972,0.00138847
0.953153894,0.01063411,0.131927595,0.001402682
0.949397023,0.011236585,0.127802104,0.001417066
0.945503262,0.011859938,0.123581772,0.001431274
0.941473796,0.012503812,0.119279418,0.001446372
0.937309854,0.013167914,0.114906657,0.001461079
0.933012702,0.013851952,0.110461942,0.001475987
0.92858365,0.014555695,0.105936988,0.00149064
0.924024048,0.015278829,0.10134224,0.001506299
0.919335284,0.016020979,0.096694661,0.001520911
0.914518786,0.01678168,0.091994395,0.001536308
0.909576022,0.017560539,0.087269521,0.001551395
0.904508497,0.018357389,0.08249381,0.001566134
0.899317755,0.019172097,0.077663546,0.001581056
0.894005377,0.020004508,0.072756745,1.60E-03
0.888572981,0.020854216,0.067771872,1.61E-03
0.883022222,0.021720724,0.062751387,1.63E-03
0.87735479,0.022603545,0.057697594,1.64E-03
0.871572413,0.023502389,0.052593712,1.66E-03
0.865676851,0.02441703,0.047449692,1.67E-03
0.8596699,0.025347219,0.04223819,1.69E-03
0.853553391,0.026292563,0.036965895,1.70E-03
0.847329185,0.027252623,0.031651556,0.001717162
0.84099918,0.028226967,0.026286159,0.001732881
0.834565303,0.029215318,0.02086369,0.001747934
0.828029514,0.03021747,0.015378559,0.001763616
0.821393805,0.031233152,0.009799392,0.001779559
0.814660196,0.032261924,0.004137676,0.001795618
0.807830738,0.033303224,-0.001591266,0.001811495
0.800907512,0.034356533,-0.007384154,0.001827361
0.793892626,0.035421505,-0.013249305,0.00184416
0.786788218,0.03649787,-0.01919841,0.001861491
0.779596452,0.037585326,-0.025263256,0.001878455
0.772319518,0.038683381,-0.031448761,0.001895891
0.764959632,0.039791397,-0.03771167,0.001914342
0.757519037,0.040908797,-0.044077238,0.001932757
0.75,0.042035098,-0.050554856,0.001951015
0.74240481,0.04316989,-0.05714233,0.001970286
0.734735781,0.04431272,-0.063867427,0.001990583
0.72699525,0.045462996,-0.070722696,0.002011221
0.719185573,0.046620068,-0.077705102,0.002031757
0.711309131,0.047783236,-0.084856343,0.00205239
0.703368322,0.048951833,-0.092134493,0.002074705
0.695365564,0.050125175,-0.099537182,0.002098465
0.687303297,0.051302562,-0.107109578,0.002122012
0.679183975,0.052483301,-0.114834043,0.002145997
0.671010072,0.053666679,-0.12272551,0.00217099
0.662784077,0.054851933,-0.130817391,0.00219674
0.654508497,0.056038183,-0.139091051,0.002223467
0.646185852,0.057224433,-0.147524581,0.00225131
0.637818678,0.058409707,-0.156140523,0.00227984
0.629409523,0.059593095,-0.164944696,0.002309549
0.620960948,0.060773691,-0.173953032,0.002340288
0.612475527,0.061950523,-0.183169289,0.002371327
0.603955845,0.063122505,-0.192589473,0.002403717
0.595404498,0.064288477,-0.202218126,0.002438257
0.586824089,0.065447239,-0.212063475,0.002473383
0.578217233,0.06659752,-0.222116956,0.002508011
0.56958655,0.067738011,-0.232358014,0.002544658
0.560934672,0.068867428,-0.242791533,0.002583125
0.552264232,0.069984532,-0.253431072,0.002622566
0.543577871,0.071088103,-0.26429177,0.002663169
0.534878237,0.072176822,-0.275385856,0.002704953
0.526167978,0.073249155,-0.286702947,0.002746961
0.517449748,0.074303502,-0.298200566,0.002790831
0.508726203,0.075338323,-0.309869238,0.002836809
0.5,0.076352153,-0.32172829,0.00288379
0.491273797,0.077343551,-0.333796182,0.002931126
0.482550252,0.078310974,-0.346062426,0.002979512
0.473832022,0.0792526,-0.358471502,0.003029894
0.465121763,0.080166636,-0.370989435,0.003081743
0.456422129,0.081051383,-0.383616527,0.003133709
0.447735768,0.081905258,-0.396360023,0.003185837
0.439065328,0.082726727,-0.409205761,0.003239876
0.43041345,0.083514075,-0.422121568,0.003295349
0.421782767,0.084265396,-0.435060913,0.003351185
0.413175911,0.084978828,-0.447966627,0.003406995
0.404595502,0.085652643,-0.460801772,0.003462996
0.396044155,0.086285243,-0.473563574,0.00351968
0.387524473,0.086875134,-0.486219326,0.003577975
0.379039052,0.087420363,-0.498638765,0.003636064
0.370590477,0.087918702,-0.510646494,0.003691234
0.362181322,0.088368222,-0.522119211,0.003743109
0.353814148,0.088767836,-0.53309982,0.003794741
0.345491503,0.089117241,-0.54381222,0.003849537
0.337215923,0.089415336,-0.554038465,0.003908679
0.328989928,0.089658137,-0.562623614,0.00396239
0.320816025,0.08983929,-0.567990529,0.003992802
0.312696703,0.08995624,-0.56952219,0.003990682
0.304634436,0.090019502,-0.568799541,0.003971408
0.296631678,0.09004409,-0.568457608,0.003950277
0.288690869,0.090041614,-0.570376862,0.003935709
0.280814427,0.090019392,-0.575521208,0.003935155
0.27300475,0.089980902,-0.584233965,0.003954903
0.265264219,0.089923782,-0.595932282,0.003990909
0.25759519,0.089841278,-0.609436133,0.004036522
0.25,0.089728113,-0.6240275,0.004088794
0.242480963,0.089580964,-0.63944302,0.004147313
0.235040368,0.089396943,-0.655554157,0.004211643
0.227680482,0.089172949,-0.672222408,0.00428077
0.220403548,0.088905993,-0.689272324,0.004353981
0.213211782,0.088593141,-0.706480471,0.004430933
0.206107374,0.088231569,-0.723619462,0.00451071
0.199092488,0.087818827,-0.740540916,0.004591828
0.192169262,0.087352969,-0.757180148,0.004673885
0.185339804,0.086832358,-0.773484375,0.004757776
0.178606195,0.086255403,-0.78936605,0.004843815
0.171970486,0.085620577,-0.804729949,0.004931339
0.165434697,0.084926544,-0.819453318,0.005019302
0.15900082,0.084171908,-0.83336335,0.005107285
0.152670815,0.083355554,-0.846312913,0.005195038
0.146446609,0.082476656,-0.858232103,0.005282576
0.1403301,0.081534718,-0.869058913,0.005370195
0.134323149,0.080529239,-0.878698784,0.005457969
0.128427587,0.079459362,-0.88699689,0.005545151
0.12264521,0.078324477,-0.893684507,0.005629974
0.116977778,0.077124379,-0.898635877,0.005712213
0.111427019,0.075859254,-0.901994986,0.005795657
0.105994623,0.07452943,-0.903618864,0.005877901
0.100682245,0.073134342,-0.903052198,0.005958891
0.095491503,0.071673564,-0.89999267,0.006037807
0.090423978,0.07014714,-0.89422815,0.006109946
0.085481214,0.068555522,-0.885710278,0.006178285
0.080664716,0.066899647,-0.874463311,0.00624497
0.075975952,0.065179871,-0.860177734,0.006306901
0.07141635,0.063396282,-0.842427864,0.006361751
0.066987298,0.061549418,-0.820903467,0.006407773
0.062690146,0.059640087,-0.795412071,0.006442717
0.058526204,0.057669468,-0.765963335,0.006467336
0.054496738,0.055639097,-0.732503974,0.006481211
0.050602977,0.053550081,-0.694739968,0.00648075
0.046846106,0.051403734,-0.652463313,0.006463582
0.043227271,0.049201938,-0.605635955,0.006427818
0.039747573,0.046946896,-0.554312911,0.006371483
0.036408073,0.044641292,-0.49867877,0.006293827
0.033209787,0.042288281,-0.438989248,0.006194351
0.03015369,0.039891259,-0.375448269,0.006071014
0.027240712,0.037454057,-0.308263322,0.00592076
0.024471742,0.034981263,-0.237831852,0.005741739
0.021847622,0.032478767,-0.164822501,0.005534055
0.019369152,0.029953363,-0.090110704,0.005298644
0.017037087,0.027412742,-0.014274542,0.005038242
0.014852137,0.024866524,0.061864295,0.004759869
0.012814968,0.022326164,0.137304049,0.004473993
0.0109262,0.019804575,0.211336786,0.004184561
0.009186408,0.017317177,0.283084824,0.003894716
0.007596123,0.01488313,0.351478672,0.003613912
0.00615583,0.012524567,0.415720277,0.003350079
0.004865966,0.010266854,0.475165868,0.003105883
0.003726924,0.008139454,0.529153935,0.00288352
0.002739052,0.006176823,0.576949741,0.002687317
0.001902651,0.004416872,0.618043568,0.002520389
0.001217975,0.002899657,0.652081192,0.002382962
0.000685233,0.001665456,0.678786132,0.002274762
0.000304586,0.000751812,0.697970065,0.002196483
7.62E-05,0.00018977,0.709520346,0.002149065
0,2.85E-10,0.713376837,0.00213318
0.985147863,-0.000738845,0.172036538,2.09E-03
0.982962913,-0.000996051,0.175783192,2.07E-03
0.980630848,-0.001268828,0.179444487,0.002052789
0.978152378,-0.001556722,0.183037058,0.002032927
0.975528258,-0.001859237,0.186552935,0.002014003
0.972759288,-0.002175846,0.18998797,0.001995884
0.96984631,-0.00250607,0.193363297,0.001978506
0.966790213,-0.002849467,0.196684058,0.001961557
0.963591927,-0.003205598,0.199995383,0.001945163
0.960252427,-0.00357387,0.203274166,0.001928686
0.956772729,-0.003953548,0.206512876,0.001912731
0.953153894,-0.004343857,0.209664591,0.001896943
0.949397023,-0.004744119,0.212761053,0.001882059
0.945503262,-0.005153739,0.215782404,0.001867264
0.941473796,-0.005572136,0.218778894,0.001853057
0.937309854,-0.005998656,0.22172421,0.001839352
0.933012702,-0.006432608,0.224636812,0.00182536
0.92858365,-0.006873282,0.227524514,0.001811644
0.924024048,-0.007319881,0.230365628,0.00179853
0.919335284,-0.007771566,0.233169332,0.001785266
0.914518786,-0.008227447,0.235901488,0.001772301
0.909576022,-0.008686678,0.238580503,0.001760003
0.904508497,-0.009148447,0.241183194,0.001747688
0.899317755,-0.009611931,0.24375197,0.001735838
0.894005377,-0.010076322,0.246236722,0.001724009
0.888572981,-0.010540798,0.248687873,0.001712259
0.883022222,-0.011004551,0.251068925,0.001701095
0.87735479,-0.011466678,0.25340567,0.001690277
0.871572413,-0.011926221,0.255680256,0.001679391
0.865676851,-0.012382188,0.257868281,0.001668955
0.8596699,-0.012833706,0.259985304,0.001658793
0.853553391,-0.01327998,0.262025984,0.001648816
0.847329185,-0.013720236,0.26400896,0.00163951
0.84099918,-0.01415359,0.265941447,0.001630111
0.834565303,-0.014579057,0.267792772,0.001620685
0.828029514,-0.014995645,0.269562394,0.001611632
0.821393805,-0.015402426,0.271243966,0.001603095
0.814660196,-0.015798535,0.272835288,0.001594923
0.807830738,-0.016183119,0.274336146,0.001587036
0.800907512,-0.016555367,0.275752902,0.001579446
0.793892626,-0.016914511,0.277087936,0.001572378
0.786788218,-0.0172598,0.278346191,0.001565612
0.779596452,-0.017590396,0.279528734,0.00155887
0.772319518,-0.017905409,0.280609153,0.001552518
0.764959632,-0.018203935,0.281590006,0.001546666
0.757519037,-0.018485172,0.282470121,0.001541175
0.75,-0.018748385,0.283248837,0.00153603
0.74240481,-0.018992865,0.283918867,0.001531472
0.734735781,-0.019217937,0.284473157,0.001527514
0.72699525,-0.019422954,0.284937017,0.001523764
0.719185573,-0.019607297,0.285292636,0.00152035
0.711309131,-0.019770371,0.285531022,0.001517682
0.703368322,-0.019911608,0.285673822,0.001515367
0.695365564,-0.020030464,0.285704433,0.00151341
0.687303297,-0.020126397,0.285610961,0.001512247
0.679183975,-0.020198878,0.285411026,0.001511629
0.671010072,-0.020247415,0.285087688,0.00151125
0.662784077,-0.020271593,0.284630672,0.001511459
0.654508497,-0.020271085,0.28406252,0.001512539
0.646185852,-0.020245585,0.283368801,0.001514327
0.637818678,-0.020194803,0.282547693,0.001516704
0.629409523,-0.020118476,0.281604993,0.001519693
0.620960948,-0.020016373,0.280523732,0.001523351
0.612475527,-0.019888372,0.279316714,0.001527616
0.603955845,-0.01973442,0.277970613,0.00153265
0.595404498,-0.019554488,0.276494404,0.001538583
0.586824089,-0.01934853,0.274898867,0.001545158
0.578217233,-0.019116492,0.273164744,0.001552239
0.56958655,-0.01885838,0.2712771,0.001560184
0.560934672,-0.018574316,0.269242608,0.001569199
0.552264232,-0.018264508,0.267066459,0.001579076
0.543577871,-0.017929206,0.264743716,0.001589487
0.534878237,-0.017568738,0.26226912,0.00160064
0.526167978,-0.017183495,0.259656024,0.001612885
0.517449748,-0.01677387,0.256908758,0.001626094
0.508726203,-0.016340242,0.254015394,0.001639917
0.5,-0.015883,0.250967097,0.001654473
0.491273797,-0.015402598,0.247756608,0.001670176
0.482550252,-0.014899684,0.244389606,0.00168683
0.473832022,-0.014374971,0.240878971,0.001704198
0.465121763,-0.013829168,0.237222335,0.001722366
0.456422129,-0.013262938,0.233416472,0.001741482
0.447735768,-0.012676933,0.22945677,0.001761447
0.439065328,-0.012071871,0.225331954,0.001782222
0.43041345,-0.011448567,0.221037275,0.001804054
0.421782767,-0.010807877,0.216576136,0.001826897
0.413175911,-0.010150724,0.211945773,0.001850675
0.404595502,-0.009478173,0.207155206,0.001875291
0.396044155,-0.008791322,0.202207762,0.001900488
0.387524473,-0.008091231,0.197107999,0.001926572
0.379039052,-0.007378924,0.191857545,0.001953668
0.370590477,-0.006655413,0.186446905,0.001981572
0.362181322,-0.005921757,0.1808654,0.002010239
0.353814148,-0.005179067,0.175109013,0.002039373
0.345491503,-0.004428458,0.169176876,0.002069331
0.337215923,-0.003671129,0.163072193,0.002100575
0.328989928,-0.002908372,0.156797356,0.002132418
0.320816025,-0.002141467,0.150361085,0.002164965
0.312696703,-0.001371714,0.143755193,0.002197949
0.304634436,-0.000600411,0.136990899,0.002231439
0.296631678,0.000171168,0.130082924,0.002265745
0.288690869,0.000941811,0.123009809,0.002300366
0.280814427,0.001710383,0.11574289,0.002335004
0.27300475,0.00247573,0.108267743,0.00237013
0.265264219,0.003236475,0.10060054,0.00240602
0.25759519,0.003991096,0.092771013,0.002442138
0.25,0.004738161,0.084783827,0.002478026
0.242480963,0.005476357,0.076640186,0.002513958
0.235040368,0.006204489,0.068329685,0.002549843
0.227680482,0.006921366,0.059834836,0.002585664
0.220403548,0.007625688,0.051161734,0.002621705
0.213211782,0.008316145,0.042323101,0.002658004
0.206107374,0.008991502,0.033316589,0.002694594
0.199092488,0.009650513,0.024141194,0.00273195
0.192169262,0.010292004,0.014788613,0.002770234
0.185339804,0.010914831,0.00524821,0.002809436
0.178606195,0.011517688,-0.004462672,0.002850108
0.171970486,0.01209934,-0.014334244,0.002892172
0.165434697,0.012658649,-0.02436294,0.002935665
0.15900082,0.013194481,-0.03455132,0.002980196
0.152670815,0.013705842,-0.044931477,0.003026426
0.146446609,0.014191726,-0.055509161,0.003074654
0.1403301,0.014650965,-0.066254402,0.003124498
0.134323149,0.015082544,-0.077191025,0.003176051
0.128427587,0.015485457,-0.088310241,0.003229434
0.12264521,0.015858595,-0.099575404,0.003284666
0.116977778,0.016201052,-0.110999574,0.003341901
0.111427019,0.016511968,-0.122587391,0.003400862
0.105994623,0.01679041,-0.134315092,0.003461701
0.100682245,0.017035723,-0.146261191,0.003525363
0.095491503,0.017247082,-0.158400952,0.003591873
0.090423978,0.017423439,-0.170644647,0.003660383
0.085481214,0.017564106,-0.183026806,0.003732006
0.080664716,0.017668333,-0.195500388,0.003806109
0.075975952,0.017735332,-0.207997913,0.003882529
0.07141635,0.017764751,-0.220663738,0.003963048
0.066987298,0.017755904,-0.233407661,0.004047253
0.062690146,0.017707949,-0.246055912,0.004134134
0.058526204,0.017620633,-0.258785086,0.004226348
0.054496738,0.017493265,-0.271397098,0.004323042
0.050602977,0.01732513,-0.283663031,0.004422398
0.046846106,0.01711624,-0.29591426,0.004529861
0.043227271,0.016865845,-0.307723406,0.004643626
0.039747573,0.016573195,-0.318648371,0.004761182
0.036408073,0.01623853,-0.32915354,0.004892584
0.033209787,0.015861085,-0.338430326,0.00503625
0.03015369,0.015440292,-0.345764594,0.005188754
0.027240712,0.014976891,-0.352000436,0.005367913
0.024471742,0.014470023,-0.35566414,0.005565456
0.021847622,0.013919228,-0.355221179,0.005769613
0.019369152,0.013325821,-0.352471687,0.006008517
0.017037087,0.012688514,-0.344020626,0.006260024
0.014852137,0.012006688,-0.32767955,0.006511193
0.012814968,0.011282361,-0.304686796,0.006796001
0.0109262,0.01051438,-0.270661926,0.007062284
0.009186408,0.009702659,-0.221625717,0.007228697
0.007596123,0.008850755,-0.161107613,0.00733097
0.00615583,0.007958044,-0.082425165,0.007331529
0.004865966,0.00702456,0.019435289,0.007161883
0.003726924,0.006055596,0.138361755,0.006809883
0.002739052,0.005056278,0.273152894,0.006290773
0.001902651,0.004031871,0.420442686,0.005561798
0.001217975,0.002993164,0.571913377,0.004644528
0.000685233,0.001971488,0.710273701,0.003686192
0.000304586,0.001031039,0.820671731,0.002834016
7.62E-05,0.000296571,0.892773971,0.002187435
0,-8.59E-06,0.91835022,0.001931901
0.985147863,0.001896422,0.194728231,0.001824334
0.982962913,0.001877942,0.196118624,0.001813108
0.980630848,0.001859571,0.197357328,0.001802709
0.978152378,0.001841719,0.198424411,0.001793896
0.975528258,0.001824489,0.199389206,0.001786054
0.972759288,0.001807911,0.200311435,0.001779087
0.96984631,0.001792152,0.20121959,0.001771626
0.966790213,0.001777681,0.202062407,0.00176398
0.963591927,0.001765062,0.202816832,0.001757106
0.960252427,0.001754755,0.203469453,1.75E-03
0.956772729,0.001746952,0.204057206,1.75E-03
0.953153894,0.001741784,0.204617082,1.74E-03
0.949397023,0.001739491,0.205174173,1.73E-03
0.945503262,0.001740589,0.205704958,1.73E-03
0.941473796,0.001745663,0.20617741,1.72E-03
0.937309854,0.001755265,0.206587777,1.72E-03
0.933012702,0.001769791,0.206938677,1.71E-03
0.92858365,0.001789619,0.207248852,1.71E-03
0.924024048,0.001815154,0.207531979,0.001704417
0.919335284,0.001846869,0.207765486,0.001699993
0.914518786,0.001885256,0.207961526,0.001695359
0.909576022,0.001930824,0.208108737,0.001691081
0.904508497,0.001984085,0.208220982,0.001686708
0.899317755,0.002045568,0.208279636,0.001682485
0.894005377,0.002115804,0.208289918,0.001678302
0.888572981,0.002195315,0.208242116,0.001674423
0.883022222,0.002284627,0.208151226,0.001670831
0.87735479,0.00238427,0.208001758,0.001666611
0.871572413,0.002494779,0.207795471,0.001663019
0.865676851,0.00261669,0.207527112,0.001659491
0.8596699,0.002750543,0.207205969,0.001655969
0.853553391,0.002896885,0.206821289,0.001652394
0.847329185,0.003056268,0.206363463,0.001649202
0.84099918,0.003229242,0.205838936,0.001646069
0.834565303,0.003416361,0.205244634,0.001643249
0.828029514,0.003618174,0.204568891,0.001640391
0.821393805,0.003835244,0.203815718,0.00163745
0.814660196,0.004068146,0.202965252,0.001634887
0.807830738,0.004317475,0.202006113,0.001632939
0.800907512,0.004583742,0.20095172,0.001631333
0.793892626,0.004867283,0.199799869,0.00162987
0.786788218,0.005168354,0.198558959,0.001628544
0.779596452,0.005487312,0.197236933,0.001627222
0.772319518,0.005824785,0.195808812,0.00162632
0.764959632,0.006181466,0.194244479,0.001625767
0.757519037,0.006557897,0.192539493,0.00162594
0.75,0.006954208,0.190707358,0.001626625
0.74240481,0.00737042,0.188761595,0.001627571
0.734735781,0.007806674,0.186711445,0.001628858
0.72699525,0.008263404,0.184528686,0.001630366
0.719185573,0.00874111,0.182205986,0.0016326
0.711309131,0.009240133,0.179728202,0.001635727
0.703368322,0.009760582,0.177087402,0.001639133
0.695365564,0.010302471,0.174283859,0.001643135
0.687303297,0.010865819,0.171320331,0.001648296
0.679183975,0.011450636,0.168210797,0.001654128
0.671010072,0.012056914,0.164941779,0.001660207
0.662784077,0.012684632,0.161490702,0.001667206
0.654508497,0.013333772,0.157867743,0.00167548
0.646185852,0.014004293,0.154053411,0.001684168
0.637818678,0.014695984,0.150026057,0.001693466
0.629409523,0.015408421,0.145809823,0.00170441
0.620960948,0.016141119,0.141418902,0.001716182
0.612475527,0.016893693,0.136844621,0.001728817
0.603955845,0.017665806,0.132073567,0.001742455
0.595404498,0.018457096,0.127094362,0.001756843
0.586824089,0.019267113,0.121893785,0.001772171
0.578217233,0.020095308,0.11645875,0.001788879
0.56958655,0.020941096,0.110785153,0.001806961
0.560934672,0.021803648,0.104882501,0.001826138
0.552264232,0.022682009,0.098763239,0.001846474
0.543577871,0.023575215,0.092430292,0.001868071
0.534878237,0.024482422,0.085868654,0.001890597
0.526167978,0.0254029,0.079052162,0.001914026
0.517449748,0.026335808,0.071967853,0.001939131
0.508726203,0.027279951,0.064631904,0.001965664
0.5,0.028233995,0.05705098,0.0019932
0.491273797,0.029196642,0.049233869,0.002021643
0.482550252,0.030166728,0.041172385,0.002051481
0.473832022,0.031143154,0.032842474,0.00208289
0.465121763,0.032124681,0.024234801,0.002115394
0.456422129,0.03310978,0.015364232,0.002149127
0.447735768,0.034096867,0.006235735,0.002184133
0.439065328,0.035084439,-0.003139431,0.002220437
0.43041345,0.03607111,-0.012775781,0.002258122
0.421782767,0.037055499,-0.022707336,0.002296857
0.413175911,0.038036009,-0.032934908,0.002336448
0.404595502,0.039010737,-0.043408395,0.00237769
0.396044155,0.039977809,-0.05410123,0.002420319
0.387524473,0.040935607,-0.065023329,0.002463345
0.379039052,0.041882734,-0.076221233,0.002506898
0.370590477,0.042817735,-0.08772256,0.002551952
0.362181322,0.043738815,-0.099501744,0.002598584
0.353814148,0.044643912,-0.111517085,0.002645617
0.345491503,0.0455311,-0.123758156,0.002692612
0.337215923,0.046398692,-0.13621734,0.002740633
0.328989928,0.047245157,-0.148915378,0.002789503
0.320816025,0.048068864,-0.161866722,0.002838868
0.312696703,0.048867964,-0.17504888,0.002888342
0.304634436,0.049640558,-0.188420947,0.002937851
0.296631678,0.0503849,-0.201960244,0.00298792
0.288690869,0.051099418,-0.215673842,0.003038702
0.280814427,0.051782656,-0.229578238,0.003089959
0.27300475,0.052433068,-0.243660855,0.003142358
0.265264219,0.053049014,-0.2579129,0.003195594
0.25759519,0.053628957,-0.272316149,0.0032498
0.25,0.05417131,-0.286833964,0.003305659
0.242480963,0.05467451,-0.301444568,0.00336307
0.235040368,0.055137126,-0.316130406,0.003421611
0.227680482,0.055557752,-0.330865486,0.003481499
0.220403548,0.055935077,-0.345636469,0.003543125
0.213211782,0.056267924,-0.360429466,0.00360619
0.206107374,0.056555041,-0.375217141,0.003670062
0.199092488,0.056795283,-0.389983188,0.003735233
0.192169262,0.056987647,-0.404703154,0.003802265
0.185339804,0.057131074,-0.419351535,0.0038705
0.178606195,0.05722469,-0.433939411,0.00394036
0.171970486,0.057267641,-0.44843326,0.004011834
0.165434697,0.057258827,-0.462743922,0.004084348
0.15900082,0.057197374,-0.476810702,0.004158289
0.152670815,0.05708256,-0.490576648,0.004233371
0.146446609,0.056913699,-0.504007022,0.004309205
0.1403301,0.056690395,-0.517113133,0.004386191
0.134323149,0.056412164,-0.529837799,0.00446396
0.128427587,0.056078419,-0.542121249,0.004543307
0.12264521,0.055688889,-0.553943147,0.004624755
0.116977778,0.055243061,-0.565165261,0.004706853
0.111427019,0.054740368,-0.575659981,0.004789744
0.105994623,0.054180657,-0.58536169,0.004873709
0.100682245,0.053563596,-0.594071513,0.004957292
0.095491503,0.052889054,-0.601758077,0.005041314
0.090423978,0.052157234,-0.60841169,0.005127231
0.085481214,0.051367732,-0.613744201,0.00521288
0.080664716,0.050520391,-0.617542256,0.005298528
0.075975952,0.049615445,-0.619668265,0.005384497
0.07141635,0.048652881,-0.619735313,0.005468446
0.066987298,0.047633153,-0.617899653,0.005554178
0.062690146,0.046556795,-0.614044446,0.005642817
0.058526204,0.045423349,-0.607431984,0.00572996
0.054496738,0.044232893,-0.597750428,0.005816032
0.050602977,0.042985905,-0.584686567,0.005899287
0.046846106,0.041682524,-0.567668543,0.005975172
0.043227271,0.040323683,-0.546802261,0.006047571
0.039747573,0.038910287,-0.521760671,0.006113969
0.036408073,0.037442214,-0.491587104,0.006166214
0.033209787,0.035920273,-0.456159736,0.006204954
0.03015369,0.034345398,-0.415084525,0.00622554
0.027240712,0.032717849,-0.367498766,0.006216927
0.024471742,0.0310389,-0.313468832,0.006177154
0.021847622,0.029310087,-0.25288154,0.006100345
0.019369152,0.027532406,-0.185278619,0.005972937
0.017037087,0.025707801,-0.111043349,0.005784912
0.014852137,0.02383886,-0.030672342,0.005519115
0.012814968,0.021928145,0.055102625,0.005170749
0.0109262,0.019978969,0.145451378,0.004777355
0.009186408,0.017996106,0.23947786,0.004424455
0.007596123,0.015986049,0.33508414,0.004112716
0.00615583,0.013956409,0.430468779,0.003802174
0.004865966,0.011917801,0.523728576,0.0034769
0.003726924,0.009887734,0.611910501,0.003137725
0.002739052,0.00788938,0.692863275,0.00278681
0.001902651,0.005954935,0.764974414,0.002432515
0.001217975,0.004136666,0.826064137,0.002096741
0.000685233,0.002512973,0.874547998,0.001802426
0.000304586,0.001192778,0.909587746,0.001569752
7.62E-05,0.000312145,0.93073433,0.001418753
0,1.01E-09,0.937802326,0.001366135
0.985147863,0.004402533,0.129954201,0.001807952
0.982962913,0.004612492,0.130775564,0.001798644
0.980630848,0.004837576,0.131425541,0.001790521
0.978152378,0.00507791,0.131907829,0.00178381
0.975528258,0.005333498,0.13224146,0.001777758
0.972759288,0.005604291,0.132471647,0.001772792
0.96984631,0.005890245,0.132632402,0.001767856
0.966790213,0.00619153,0.132692973,0.001762974
0.963591927,0.006508397,0.132652325,0.001758661
0.960252427,0.006841105,0.132489439,0.001754722
0.956772729,0.00718986,0.132212921,0.001751003
0.953153894,0.007554848,0.131823351,0.001748225
0.949397023,0.007936249,0.131309991,0.00174525
0.945503262,0.008334178,0.130705067,0.00174368
0.941473796,0.008748707,0.130011754,0.001741743
0.937309854,0.009179905,0.129231357,0.001740215
0.933012702,0.009627988,0.128389583,0.001738432
0.92858365,0.010093211,0.127455403,0.001737589
0.924024048,0.010575846,0.126429981,0.001736457
0.919335284,0.011076169,0.125310896,0.001735446
0.914518786,0.011594438,0.124087482,0.001734583
0.909576022,0.012130912,0.122766113,0.001734315
0.904508497,0.012685765,0.121340995,0.001734207
0.899317755,0.01325909,0.119836546,0.001734345
0.894005377,0.013851019,0.118261861,0.001734325
0.888572981,0.014461834,0.116610319,0.001734602
0.883022222,0.015091959,0.114857108,0.00173455
0.87735479,0.015741835,0.112978111,0.001734721
0.871572413,0.016411715,0.110971458,0.001735592
0.865676851,0.017101746,0.108868956,0.001736939
0.8596699,0.017812064,0.106653556,0.001737875
0.853553391,0.01854283,0.104328572,1.74E-03
0.847329185,0.01929422,0.101903156,1.74E-03
0.84099918,0.020066433,0.099375854,1.74E-03
0.834565303,0.020859749,0.096725797,1.74E-03
0.828029514,0.021674527,0.093944759,1.75E-03
0.821393805,0.022511129,0.09101486,0.001746757
0.814660196,0.023369729,0.087928573,0.001749011
0.807830738,0.024250359,0.084695629,0.001751533
0.800907512,0.025153038,0.081315419,0.001753623
0.793892626,0.02607791,0.077803096,0.001756044
0.786788218,0.027025198,0.074120637,0.00175858
0.779596452,0.027995108,0.07025919,0.001761265
0.772319518,0.028987707,0.066214023,0.001764033
0.764959632,0.03000294,0.061977756,0.001766918
0.757519037,0.031040747,0.057567133,0.00176994
0.75,0.032101108,0.052957013,0.001773452
0.74240481,0.033184044,0.048138535,0.001776649
0.734735781,0.034289556,0.043096794,0.001779348
0.72699525,0.035417477,0.037813429,0.001782065
0.719185573,0.036567556,0.032302559,0.001784458
0.711309131,0.037739542,0.026559276,0.001787577
0.703368322,0.038933201,0.020568921,0.001790926
0.695365564,0.040148333,0.014307524,0.001793725
0.687303297,0.041384652,0.007767619,0.00179697
0.679183975,0.04264168,0.000956036,0.001800553
0.671010072,0.043918825,-0.006130082,0.001804268
0.662784077,0.045215473,-0.013499965,0.001809122
0.654508497,0.046531001,-0.021158623,0.001815361
0.646185852,0.047864775,-0.029119004,0.001822434
0.637818678,0.049216095,-0.037400147,0.001830117
0.629409523,0.050584192,-0.046001007,0.001839217
0.620960948,0.051968266,-0.054920867,0.001851179
0.612475527,0.053367386,-0.064173746,0.001865547
0.603955845,0.054780498,-0.073768443,0.001882262
0.595404498,0.05620648,-0.083708035,0.001902533
0.586824089,0.057644152,-0.09400387,0.001926575
0.578217233,0.059092227,-0.104665124,0.001953872
0.56958655,0.060549395,-0.115721614,0.001983747
0.560934672,0.062014268,-0.12718497,0.002016511
0.552264232,0.063485426,-0.139072689,0.002052028
0.543577871,0.064961381,-0.151413977,0.002089761
0.534878237,0.066440478,-0.164221247,0.002129712
0.526167978,0.067920866,-0.177481803,0.002171645
0.517449748,0.06940073,-0.191198658,0.002214782
0.508726203,0.070878109,-0.20536648,0.002259933
0.5,0.072350997,-0.219986549,0.002306979
0.491273797,0.073817451,-0.23507469,0.002355078
0.482550252,0.075275579,-0.250650484,0.002405384
0.473832022,0.076723543,-0.266745585,0.002458342
0.465121763,0.078159225,-0.283368736,0.002513526
0.456422129,0.079580093,-0.300493966,0.002570549
0.447735768,0.080983502,-0.318081707,0.002629253
0.439065328,0.082367061,-0.336120339,0.00268952
0.43041345,0.083728638,-0.35465294,0.002751581
0.421782767,0.085066127,-0.373711646,0.002815744
0.413175911,0.086377043,-0.393276537,0.002882549
0.404595502,0.087658667,-0.413305581,0.002951542
0.396044155,0.088908363,-0.433776875,0.003021218
0.387524473,0.090123633,-0.454688073,0.003091507
0.379039052,0.091302139,-0.476045155,0.003163446
0.370590477,0.092441484,-0.497829432,0.00323774
0.362181322,0.093539167,-0.520019054,0.003313881
0.353814148,0.094592688,-0.54259837,0.003390923
0.345491503,0.095599627,-0.56553524,0.003469061
0.337215923,0.096557571,-0.588825911,0.003548361
0.328989928,0.0974642,-0.612438938,0.003629034
0.320816025,0.098317088,-0.63629672,0.00371182
0.312696703,0.099113736,-0.660310461,0.003796745
0.304634436,0.099851847,-0.684425957,0.003882324
0.296631678,0.100529361,-0.708622638,0.003968961
0.288690869,0.101144505,-0.732919256,0.004057614
0.280814427,0.101695456,-0.757283732,0.004148666
0.27300475,0.10218024,-0.781642349,0.004241931
0.265264219,0.102596909,-0.805921809,0.004337012
0.25759519,0.102943662,-0.830014802,0.004433523
0.25,0.103218676,-0.853790493,0.004531751
0.242480963,0.103420389,-0.877161602,0.004630347
0.235040368,0.103547473,-0.900099867,0.004728846
0.227680482,0.103598879,-0.922605524,0.004828748
0.220403548,0.103573674,-0.944630895,0.004931071
0.213211782,0.103470599,-0.966016503,0.005034391
0.206107374,0.103288398,-0.986581897,0.00513714
0.199092488,0.10302612,-1.006183005,0.005238935
0.192169262,0.102683091,-1.024760407,0.00534016
0.185339804,0.10225894,-1.042277579,0.00544141
0.178606195,0.101753314,-1.058650893,0.005542699
0.171970486,0.101165722,-1.073771066,0.005643305
0.165434697,0.100495913,-1.087514367,0.005742901
0.15900082,0.099743638,-1.099638322,0.005841374
0.152670815,0.09890865,-1.109922784,0.00593726
0.146446609,0.097990991,-1.118372189,0.006030654
0.1403301,0.096990765,-1.124916888,0.006122288
0.134323149,0.095908259,-1.129405617,0.006212796
0.128427587,0.094743927,-1.13161117,0.006300197
0.12264521,0.093498093,-1.131278865,0.006383345
0.116977778,0.092171167,-1.128348775,0.006463841
0.111427019,0.090763818,-1.122774228,0.006539798
0.105994623,0.089276653,-1.114310703,0.006609762
0.100682245,0.087710536,-1.102885158,0.006676411
0.095491503,0.08606636,-1.088337579,0.006737668
0.090423978,0.084344674,-1.070398659,0.006791499
0.085481214,0.082546373,-1.048899692,0.006836982
0.080664716,0.080672447,-1.023653566,0.006873037
0.075975952,0.078723915,-0.994560084,0.0068994
0.07141635,0.076702137,-0.961615733,0.006915853
0.066987298,0.07460834,-0.924663493,0.006920007
0.062690146,0.072443582,-0.883534414,0.006910704
0.058526204,0.070209303,-0.838193706,0.006887229
0.054496738,0.067906885,-0.788548231,0.006847567
0.050602977,0.065537737,-0.734564849,0.006790619
0.046846106,0.063103615,-0.67634688,0.006715392
0.043227271,0.060606253,-0.613940904,0.006619659
0.039747573,0.05804744,-0.547435143,0.006502492
0.036408073,0.055429288,-0.477071809,0.006362682
0.033209787,0.05275406,-0.403084757,0.006198453
0.03015369,0.05002416,-0.325693947,0.006006764
0.027240712,0.047242308,-0.24531777,0.005785735
0.024471742,0.044411942,-0.162676567,0.005536305
0.021847622,0.041536917,-0.07829788,0.005258587
0.019369152,0.038621461,0.007286436,0.004953776
0.017037087,0.035670955,0.093236693,0.004632505
0.014852137,0.032691703,0.178753924,0.004303516
0.012814968,0.029690658,0.263227057,0.003966473
0.0109262,0.026677385,0.345612898,0.003628417
0.009186408,0.023664219,0.424938233,0.003301526
0.007596123,0.020665645,0.500492423,0.002990774
0.00615583,0.017700531,0.571431121,0.002699401
0.004865966,0.014794653,0.636793095,0.002434631
0.003726924,0.01198046,0.695962555,0.002196394
0.002739052,0.00929941,0.748411058,0.001978611
0.001902651,0.006806732,0.793539007,0.001783508
0.001217975,0.004573037,0.830876141,0.001616357
0.000685233,0.002683373,0.860130139,0.001480989
0.000304586,0.001232943,0.881135165,0.001380806
7.62E-05,0.000314922,0.893778252,0.001318827
0,5.14E-09,0.897995967,0.001297831
0.985147863,-0.002945575,0.194351021,0.00254554
0.982962913,-0.003517642,0.207108324,0.002472504
0.980630848,-0.004122152,0.219403611,0.002403987
0.978152378,-0.004757657,0.2312386,0.002338097
0.975528258,-0.005422797,0.2426734,0.002275174
0.972759288,-0.006116194,0.253753358,0.002215211
0.96984631,-0.006836326,0.264496934,0.002156506
0.966790213,-0.007581533,0.274898719,0.002100106
0.963591927,-0.008350073,0.284969388,0.002045284
0.960252427,-0.009140134,0.294724646,0.001992454
0.956772729,-0.009949818,0.304149767,0.001940552
0.953153894,-0.010777143,0.31327132,0.001889833
0.949397023,-0.011620065,0.322070835,1.84E-03
0.945503262,-0.012476439,0.330569868,1.79E-03
0.941473796,-0.013344036,0.33873574,1.75E-03
0.937309854,-0.014220643,0.34659965,1.70E-03
0.933012702,-0.015104133,0.354169252,0.001659911
0.92858365,-0.015992288,0.361455805,0.001617285
0.924024048,-0.016882842,0.368472859,0.001575854
0.919335284,-0.017773331,0.375217118,0.001535283
0.914518786,-0.01866124,0.381680066,0.001495357
0.909576022,-0.019544002,0.387849055,0.001456606
0.904508497,-0.020419008,0.393739947,0.001418865
0.899317755,-0.02128358,0.399331943,0.001382023
0.894005377,-0.02213507,0.404625898,0.001346195
0.888572981,-0.022970914,0.409626869,0.001311377
0.883022222,-0.023788493,0.414334126,0.001277482
0.87735479,-0.024585156,0.418762129,0.001244288
0.871572413,-0.025358185,0.422892076,0.001212149
0.865676851,-0.026104812,0.426725797,0.001180597
0.8596699,-0.026822265,0.43025685,0.001149901
0.853553391,-0.02750778,0.433462227,0.001120365
0.847329185,-0.02815855,0.43635804,0.001091873
0.84099918,-0.028771838,0.438922684,0.001064335
0.834565303,-0.029344929,0.441171317,0.001037653
0.828029514,-0.029875135,0.44307814,0.001012203
0.821393805,-0.030359634,0.444631887,0.000988037
0.814660196,-0.030795498,0.44582304,0.00096502
0.807830738,-0.031179778,0.446616574,0.000943623
0.800907512,-0.031509845,0.44701548,0.000924118
0.793892626,-0.03178336,0.447006523,0.000906243
0.786788218,-0.031998004,0.446568239,0.000890138
0.779596452,-0.032151123,0.44569974,0.000876223
0.772319518,-0.032239764,0.444334033,0.000864452
0.764959632,-0.032261054,0.442420727,0.000855405
0.757519037,-0.032212908,0.439937974,0.000849548
0.75,-0.032093842,0.436867645,0.000846502
0.74240481,-0.03190211,0.433156607,0.000846056
0.734735781,-0.031633494,0.428589443,0.00084933
0.72699525,-0.031282367,0.422821696,0.00086041
0.719185573,-0.030844793,0.415633483,0.000882673
0.711309131,-0.030328132,0.407118186,0.000915464
0.703368322,-0.029744472,0.397518572,0.000957703
0.695365564,-0.029107331,0.387169987,0.001008554
0.687303297,-0.028432807,0.376638882,0.001064199
0.679183975,-0.02773923,0.36666324,0.001116884
0.671010072,-0.027039709,0.357704773,0.001161646
0.662784077,-0.026334513,0.349638571,0.001199981
0.654508497,-0.025617822,0.342042566,0.001235637
0.646185852,-0.024886498,0.334636428,0.001270495
0.637818678,-0.024140808,0.327382946,0.001304579
0.629409523,-0.023382711,0.320341484,0.001337374
0.620960948,-0.022613551,0.31353407,0.00136876
0.612475527,-0.02183342,0.306941728,0.001399148
0.603955845,-0.021042122,0.300498725,0.001429005
0.595404498,-0.020239642,0.294142098,0.001458054
0.586824089,-0.019426404,0.287862587,0.001486664
0.578217233,-0.018602978,0.281669388,0.001515336
0.56958655,-0.017769879,0.275547203,0.001543771
0.560934672,-0.016927593,0.269474111,0.001571763
0.552264232,-0.016076599,0.263449563,0.001599868
0.543577871,-0.01521739,0.257468342,0.001627995
0.534878237,-0.014350474,0.251501468,0.001655691
0.526167978,-0.013476359,0.245538917,0.001683441
0.517449748,-0.012595629,0.239580066,0.001711903
0.508726203,-0.011708939,0.233626746,0.001740711
0.5,-0.010816976,0.227671737,0.0017693
0.491273797,-0.009920426,0.221705128,0.001797858
0.482550252,-0.00901996,0.215726684,0.001826698
0.473832022,-0.008116246,0.209724884,0.001855877
0.465121763,-0.007210003,0.203696902,0.001885652
0.456422129,-0.00630203,0.197647185,0.001915622
0.447735768,-0.005393139,0.191567678,0.001945635
0.439065328,-0.004484117,0.185461186,0.00197596
0.43041345,-0.00357573,0.179329531,0.002006764
0.421782767,-0.002668733,0.173154305,0.002037856
0.413175911,-0.001763922,0.166928752,0.002068992
0.404595502,-0.000862148,0.160662132,0.002100446
0.396044155,3.57E-05,0.154339257,0.002132607
0.387524473,0.000928812,0.147967088,0.002165041
0.379039052,0.001816056,0.141562722,0.002197498
0.370590477,0.00269647,0.135133292,0.002230182
0.362181322,0.00356919,0.128671053,0.002262811
0.353814148,0.004433499,0.122154991,0.002295293
0.345491503,0.005288672,0.115563511,0.002328366
0.337215923,0.006133775,0.108900477,0.002362041
0.328989928,0.006967616,0.102199072,0.002395409
0.320816025,0.007789061,0.095481962,0.002428229
0.312696703,0.008597207,0.088749181,0.002460823
0.304634436,0.009391325,0.081982073,0.002493142
0.296631678,0.010170722,0.075145204,0.002525008
0.288690869,0.010934509,0.068249473,0.002557321
0.280814427,0.011681699,0.061322241,0.002589778
0.27300475,0.012411343,0.054357767,0.002621516
0.265264219,0.013122544,0.047360643,0.002653107
0.25759519,0.013814454,0.040347127,0.002685411
0.25,0.01448628,0.033304089,0.002717996
0.242480963,0.015137156,0.026236487,0.002750628
0.235040368,0.015766218,0.019156741,0.002783829
0.227680482,0.016372678,0.012068996,0.002817917
0.220403548,0.01695575,0.004980173,0.002852519
0.213211782,0.017514697,-0.002122538,0.002887839
0.206107374,0.018048852,-0.00924218,0.00292434
0.199092488,0.018557417,-0.016367645,0.002961369
0.192169262,0.01903962,-0.023479329,0.002999238
0.185339804,0.019494785,-0.030571489,0.003037791
0.178606195,0.019922205,-0.037634216,0.003077025
0.171970486,0.020321256,-0.044665337,0.00311719
0.165434697,0.020691406,-0.051660273,0.003158168
0.15900082,0.021032072,-0.058612557,0.00319994
0.152670815,0.021342757,-0.065537485,0.003242563
0.146446609,0.021623039,-0.072448903,0.003286462
0.1403301,0.021872262,-0.079303324,0.003331247
0.134323149,0.022089861,-0.08607041,0.003377193
0.128427587,0.0222754,-0.092755229,0.003424
0.12264521,0.022428346,-0.099314064,0.003471606
0.116977778,0.022548329,-0.10574716,0.003520494
0.111427019,0.022635087,-0.112068749,0.003570594
0.105994623,0.02268816,-0.11821889,0.003621453
0.100682245,0.022707288,-0.124218456,0.00367372
0.095491503,0.022692286,-0.130074156,0.0037279
0.090423978,0.02264263,-0.135664167,0.003783113
0.085481214,0.022558066,-0.140973603,0.003839644
0.080664716,0.022438481,-0.146002286,0.003897708
0.075975952,0.022283558,-0.150635386,0.003956374
0.07141635,0.022093336,-0.154970038,0.004017373
0.066987298,0.021867813,-0.15902497,0.004082069
0.062690146,0.021606314,-0.162459011,0.004147958
0.058526204,0.021308652,-0.165218186,0.004215343
0.054496738,0.020974836,-0.167271356,0.004285054
0.050602977,0.020604566,-0.168318714,0.004354553
0.046846106,0.020198211,-0.168493808,0.004427001
0.043227271,0.019756021,-0.167818727,0.004504347
0.039747573,0.019277299,-0.165594955,0.004582047
0.036408073,0.018762304,-0.161882459,0.004662825
0.033209787,0.018211236,-0.156576333,0.004751581
0.03015369,0.017623325,-0.148571353,0.004839182
0.027240712,0.016999182,-0.138075802,0.004931402
0.024471742,0.016339174,-0.124838059,0.00503332
0.021847622,0.015642268,-0.107101303,0.005125206
0.019369152,0.014909433,-0.085018509,0.005209945
0.017037087,0.014141215,-0.058485563,0.005298422
0.014852137,0.013336269,-0.024102231,0.005377501
0.012814968,0.012496147,0.017823675,0.005524873
0.0109262,0.011621717,0.067824531,0.005681181
0.009186408,0.010711077,0.129557693,0.005690041
0.007596123,0.009766329,0.202420388,0.005603312
0.00615583,0.008789277,0.286431467,0.005459924
0.004865966,0.007778024,0.384930209,0.005179213
0.003726924,0.006735184,0.494907692,0.004746022
0.002739052,0.005665973,0.610772363,0.004156567
0.001902651,0.004573293,0.728370238,0.003424707
0.001217975,0.003461953,0.840100796,0.002605839
0.000685233,0.002349304,0.933633049,0.001767797
0.000304586,0.001287105,0.997991069,0.001024989
7.62E-05,0.000397869,1.03035194,0.000488142
0,-1.82E-06,1.038296595,0.000257477
0.985147863,-0.000312787,0.152908006,0.002436003
0.982962913,-0.00064666,0.164229675,0.002370609
0.980630848,-0.000997768,0.175177144,0.00230752
0.978152378,-0.001364729,0.18572295,0.002246937
0.975528258,-0.001746299,0.195889306,0.002189062
0.972759288,-0.002141227,0.205724657,0.002133372
0.96984631,-0.002548191,0.215225324,0.002079793
0.966790213,-0.002965807,0.224407424,0.002027622
0.963591927,-0.003392625,0.233298,0.001976827
0.960252427,-0.003827154,0.241896454,0.001927595
0.956772729,-0.004267747,0.250206641,0.001880155
0.953153894,-0.004712659,0.25821979,0.001833288
0.949397023,-0.005160099,0.265932176,0.001787732
0.945503262,-0.005608214,0.273355125,0.001743434
0.941473796,-0.006055101,0.280471769,0.001700414
0.937309854,-0.006498799,0.287296216,0.00165866
0.933012702,-0.006937338,0.293826306,0.001617436
0.92858365,-0.007368731,0.300065356,0.00157767
0.924024048,-0.007790933,0.306029175,0.001538723
0.919335284,-0.008201798,0.311705966,0.00150061
0.914518786,-0.008599119,0.317098112,0.001463699
0.909576022,-0.00898063,0.32220441,0.0014275
0.904508497,-0.009344031,0.327012312,0.001392224
0.899317755,-0.009686962,0.331525548,0.001357747
0.894005377,-0.010007035,0.335740439,0.001324185
0.888572981,-0.010301782,0.339641007,1.29E-03
0.883022222,-0.010568687,0.343226857,1.26E-03
0.87735479,-0.010805221,0.346482804,1.23E-03
0.871572413,-0.011008992,0.349418305,0.001199474
0.865676851,-0.01117767,0.352018318,0.001170734
0.8596699,-0.011308871,0.354314501,0.001142655
0.853553391,-0.011399947,0.356265841,0.001115396
0.847329185,-0.011448105,0.357846151,0.001089205
0.84099918,-0.011450574,0.359048155,0.001064111
0.834565303,-0.011404877,0.359856731,0.001039943
0.828029514,-0.011308644,0.360294654,0.001016802
0.821393805,-0.011159429,0.36031156,0.000994992
0.814660196,-0.010954531,0.359872182,0.000973737
0.807830738,-0.010691117,0.359000959,0.000953731
0.800907512,-0.010366524,0.357622944,0.000935147
0.793892626,-0.009978493,0.355732909,0.00091808
0.786788218,-0.009524918,0.35331658,0.000902219
0.779596452,-0.009003391,0.35034149,0.000887666
0.772319518,-0.008410882,0.346720043,0.000874781
0.764959632,-0.007744208,0.342348996,0.000864381
0.757519037,-0.007001466,0.337199731,0.000856927
0.75,-0.00618251,0.331282375,0.000851638
0.74240481,-0.005287415,0.324551594,0.000847174
0.734735781,-0.004310884,0.316718522,0.000844381
0.72699525,-0.003242907,0.307122174,0.000851397
0.719185573,-0.002074919,0.295334185,0.000877099
0.711309131,-0.000823558,0.281767913,0.000920735
0.703368322,0.000479879,0.267482648,0.000972839
0.695365564,0.00180755,0.253399639,0.001025725
0.687303297,0.003148038,0.239887653,0.001077339
0.679183975,0.004496275,0.227078068,0.001126313
0.671010072,0.005848484,0.215001687,0.00117157
0.662784077,0.007205523,0.203492244,0.001214154
0.654508497,0.008570337,0.192277487,0.001256273
0.646185852,0.009944525,0.18117369,0.00129968
0.637818678,0.0113271,0.170163975,0.001344181
0.629409523,0.012716366,0.159262784,0.001388586
0.620960948,0.014110923,0.148471419,0.001432624
0.612475527,0.015510061,0.13776284,0.001476029
0.603955845,0.016913226,0.127087417,0.001519264
0.595404498,0.018319655,0.116424651,0.001562875
0.586824089,0.019728352,0.105761074,0.001606423
0.578217233,0.021138214,0.095082355,0.001649553
0.56958655,0.022548159,0.084394036,0.001692843
0.560934672,0.02395715,0.07366818,0.001735944
0.552264232,0.025364114,0.062884934,0.001779058
0.543577871,0.026768027,0.05205229,0.001822319
0.534878237,0.028167845,0.041143143,0.00186553
0.526167978,0.029562526,0.030134064,0.001909272
0.517449748,0.030950899,0.019030615,0.001953913
0.508726203,0.032331559,0.007831527,0.001998489
0.5,0.03370314,-0.003460403,0.002043363
0.491273797,0.035064366,-0.014845953,0.002088895
0.482550252,0.036414094,-0.026350554,0.00213517
0.473832022,0.037751164,-0.037996039,0.002182202
0.465121763,0.039074205,-0.049779677,0.00223006
0.456422129,0.040381655,-0.061683299,0.002278698
0.447735768,0.041671975,-0.073695389,0.00232773
0.439065328,0.042943767,-0.085823733,0.002376899
0.43041345,0.044195734,-0.098072346,0.002427052
0.421782767,0.045426577,-0.110458171,0.002478207
0.413175911,0.046634875,-0.122984071,0.002529983
0.404595502,0.047819131,-0.135635174,0.002582279
0.396044155,0.048977896,-0.148411216,0.002634899
0.387524473,0.050109728,-0.161315076,0.002688035
0.379039052,0.051213217,-0.174332036,0.002741947
0.370590477,0.052286986,-0.187464307,0.002796012
0.362181322,0.053329602,-0.200717431,0.002850058
0.353814148,0.05433966,-0.21408405,0.002904396
0.345491503,0.055315801,-0.227555723,0.002958953
0.337215923,0.056256605,-0.241129535,0.003013729
0.328989928,0.05716072,-0.254789051,0.00306929
0.320816025,0.058026808,-0.268532414,0.003124408
0.312696703,0.058853447,-0.282328263,0.00317878
0.304634436,0.059639272,-0.296138354,0.00323336
0.296631678,0.060383075,-0.309947104,0.003288529
0.288690869,0.061083811,-0.323780461,0.003343598
0.280814427,0.061740542,-0.337679822,0.003398397
0.27300475,0.06235222,-0.351629708,0.003454129
0.265264219,0.062917512,-0.365558752,0.003511485
0.25759519,0.063435241,-0.379433432,0.003569332
0.25,0.063904305,-0.393217855,0.003627753
0.242480963,0.0643237,-0.406891143,0.003687172
0.235040368,0.064692589,-0.420441151,0.003747429
0.227680482,0.065010181,-0.433857184,0.003808417
0.220403548,0.065275763,-0.447149636,0.003870187
0.213211782,0.06548875,-0.460317995,0.003933221
0.206107374,0.065648398,-0.473321898,0.003997522
0.199092488,0.065753892,-0.486114581,0.0040623
0.192169262,0.0658046,-0.498650041,0.004127688
0.185339804,0.065799897,-0.510863044,0.004194313
0.178606195,0.065739261,-0.522719283,0.004261455
0.171970486,0.065622358,-0.53420245,0.004328471
0.165434697,0.065448833,-0.545260459,0.00439612
0.15900082,0.065218465,-0.555905964,0.004464369
0.152670815,0.064931166,-0.566124231,0.004533175
0.146446609,0.064586607,-0.575806103,0.004603018
0.1403301,0.064184556,-0.584922405,0.004673124
0.134323149,0.063724953,-0.593406752,0.004743501
0.128427587,0.063207559,-0.601122918,0.00481428
0.12264521,0.062632331,-0.607996042,0.004885239
0.116977778,0.061999456,-0.613941874,0.004955144
0.111427019,0.061308999,-0.618908201,0.005023892
0.105994623,0.060561327,-0.622952905,0.00509379
0.100682245,0.059756844,-0.626000594,0.005164565
0.095491503,0.05889535,-0.627786049,0.005234587
0.090423978,0.057977051,-0.628120283,0.005304119
0.085481214,0.057002265,-0.62685938,0.005372936
0.080664716,0.055971139,-0.623834131,0.005439821
0.075975952,0.054884285,-0.619035616,0.005506547
0.07141635,0.053742295,-0.612269519,0.005572501
0.066987298,0.052545247,-0.603150818,0.005635911
0.062690146,0.05129384,-0.591657528,0.005698832
0.058526204,0.049988687,-0.577515051,0.00575951
0.054496738,0.048629922,-0.560230794,0.005814974
0.050602977,0.047218437,-0.539851725,0.005868036
0.046846106,0.045754912,-0.515984327,0.005915952
0.043227271,0.044239473,-0.488013159,0.005953288
0.039747573,0.042673149,-0.455986257,0.005982411
0.036408073,0.041056674,-0.419480978,0.00599922
0.033209787,0.039390281,-0.377800433,0.005996209
0.03015369,0.037675198,-0.331132425,0.005974521
0.027240712,0.035912321,-0.279059288,0.005928388
0.024471742,0.034102001,-0.221017496,0.005847465
0.021847622,0.032245636,-0.157219979,0.005727743
0.019369152,0.030344468,-0.087746892,0.005559659
0.017037087,0.028399319,-0.012389006,0.005324442
0.014852137,0.02641191,0.068199272,0.005004681
0.012814968,0.024384341,0.152989727,0.004628521
0.0109262,0.022318653,0.241851674,0.004290642
0.009186408,0.020217456,0.333729775,0.003996204
0.007596123,0.018084867,0.426685746,0.003706652
0.00615583,0.0159264,0.518757185,0.003408045
0.004865966,0.013748211,0.608341352,0.003087768
0.003726924,0.011560717,0.69315283,0.002739496
0.002739052,0.009381829,0.770623825,0.002375082
0.001902651,0.00723618,0.839044971,0.002007219
0.001217975,0.005164006,0.896839657,0.001650095
0.000685233,0.00324085,0.942332839,0.001328286
0.000304586,0.001594958,0.974795715,0.00106396
7.62E-05,0.000430994,0.994064977,0.000884344
0,8.68E-11,1.000425642,0.000819316
0.985147863,0.002125847,0.140703404,0.002207308
0.982962913,0.002014235,0.149536672,0.002154228
0.980630848,0.001900122,0.15807563,0.002103081
0.978152378,0.00178463,0.166319652,0.002053806
0.975528258,0.001668854,0.174286108,0.00200703
0.972759288,0.001553863,0.181997285,0.001961182
0.96984631,0.001440769,0.189490653,0.001916924
0.966790213,0.001330819,0.196747155,0.001873477
0.963591927,0.001225431,0.203769154,0.001831214
0.960252427,0.001126108,0.210519993,0.001789753
0.956772729,0.001034353,0.217014505,0.0017499
0.953153894,0.00095165,0.223256063,0.001710689
0.949397023,0.000879523,0.229250953,0.001672867
0.945503262,0.000819597,2.35E-01,0.001635308
0.941473796,0.000773622,0.240492306,0.001598931
0.937309854,0.000743424,0.245709897,0.001563407
0.933012702,0.000730826,0.250667108,0.001528744
0.92858365,0.000737604,0.255357484,0.001495
0.924024048,0.000765561,2.60E-01,0.001461752
0.919335284,0.000816647,0.263975512,0.001429243
0.914518786,0.000893061,0.26787795,0.001397426
0.909576022,0.000997103,0.271475436,0.001366226
0.904508497,0.001131025,0.274758443,0.001336091
0.899317755,0.001296885,0.277732934,0.001306871
0.894005377,0.001496743,0.28041198,0.001278352
0.888572981,0.001732759,0.282783984,0.001250354
0.883022222,0.002007288,0.284839255,0.001223272
0.87735479,0.002322757,0.286559739,0.001196617
0.871572413,0.00268159,0.287932758,0.00117065
0.865676851,0.00308616,0.288943472,0.001145607
0.8596699,0.003538874,0.289576881,0.001121249
0.853553391,0.00404217,0.289864989,1.10E-03
0.847329185,0.004598549,0.28970885,1.07E-03
0.84099918,0.005210547,0.289148481,1.05E-03
0.834565303,0.005880676,0.288151874,0.001031417
0.828029514,0.006611433,0.286687947,0.001010979
0.821393805,0.007405309,0.284746584,0.000991672
0.814660196,0.00826485,0.28229191,0.000973534
0.807830738,0.009192636,0.279290158,0.000956701
0.800907512,0.010191265,0.275701066,0.00094174
0.793892626,0.011263115,0.271499567,0.000929214
0.786788218,0.012410469,0.266653735,0.000919169
0.779596452,0.013635642,0.261095385,0.000911648
0.772319518,0.014941498,0.254722255,0.000907544
0.764959632,0.016331204,0.247405773,0.000907774
0.757519037,0.017807057,0.239033686,0.000913477
0.75,0.019368149,0.229664502,0.000923403
0.74240481,0.021012444,0.219268647,0.00093435
0.734735781,0.022745191,0.207393714,0.000946048
0.72699525,0.024583002,0.1927574,0.000972602
0.719185573,0.026543506,0.17426808,0.00103285
0.711309131,0.028596855,0.152684443,0.001124398
0.703368322,0.030676539,0.130979128,0.001218948
0.695365564,0.032727552,0.111716527,0.00129262
0.687303297,0.034747355,0.094826539,0.001346679
0.679183975,0.036757796,0.078959951,0.001392408
0.671010072,0.038772231,0.063231499,0.001435639
0.662784077,0.040793572,0.04741339,0.001477195
0.654508497,0.042819478,0.031561244,0.001516828
0.646185852,0.04484862,0.015694907,0.001554804
0.637818678,0.046879746,-0.000201637,0.001590996
0.629409523,0.048911693,-0.016172131,0.001625563
0.620960948,0.050943184,-0.032227723,0.001658526
0.612475527,0.052972815,-0.048392001,0.001690547
0.603955845,0.054999117,-0.064683577,0.001722351
0.595404498,0.057020581,-0.081108833,0.001754001
0.586824089,0.059035681,-0.09767942,0.001785773
0.578217233,0.061042874,-0.114401907,0.001819205
0.56958655,0.063040533,-0.131261746,0.001855604
0.560934672,0.065026898,-0.148290643,0.001894989
0.552264232,0.067000244,-0.165490919,0.001937978
0.543577871,0.068958777,-0.182847106,0.001986176
0.534878237,0.070900662,-0.200371534,0.002040597
0.526167978,0.07282413,-0.218109157,0.002100605
0.517449748,0.07472734,-0.236109397,0.002165141
0.508726203,0.076608479,-0.254426892,0.002233322
0.5,0.078465694,-0.273084996,0.002304168
0.491273797,0.080296943,-0.292082238,0.002376646
0.482550252,0.082100052,-0.31140469,0.002450107
0.473832022,0.083872918,-0.3310342,0.002524456
0.465121763,0.085613567,-0.350981384,0.002599451
0.456422129,0.087320167,-0.37127724,0.002675006
0.447735768,0.088990749,-0.391927393,0.002751499
0.439065328,0.090623094,-0.412900033,0.002829202
0.43041345,0.092214892,-0.43415454,0.002907624
0.421782767,0.093763978,-0.455679279,0.002986061
0.413175911,0.095268367,-0.477489096,0.003065233
0.404595502,0.096726207,-0.499598332,0.003145709
0.396044155,0.098135521,-0.522004786,0.003227026
0.387524473,0.099494132,-0.544684539,0.003308868
0.379039052,0.100799929,-0.567598637,0.00339244
0.370590477,0.102050823,-0.590725521,0.003476701
0.362181322,0.103244799,-0.614043851,0.003560584
0.353814148,0.10437993,-0.637522121,0.003644739
0.345491503,0.105454322,-0.661127936,0.003730499
0.337215923,0.106466095,-0.684843635,0.0038175
0.328989928,0.107413536,-0.70865479,0.00390435
0.320816025,0.108294827,-0.732507347,0.003990778
0.312696703,0.109108201,-0.756331104,0.004077969
0.304634436,0.109852043,-0.780073611,0.004166607
0.296631678,0.110524822,-0.803710712,0.004255782
0.288690869,0.111125117,-0.827228518,0.004345647
0.280814427,0.111651611,-0.850576783,0.004437172
0.27300475,0.112102857,-0.873666877,0.004530762
0.265264219,0.112477485,-0.896423729,0.00462528
0.25759519,0.112774298,-0.918785952,0.00471946
0.25,0.112992098,-0.940658139,0.004814052
0.242480963,0.113129911,-0.96195929,0.004909776
0.235040368,0.113186866,-0.982629475,0.005005981
0.227680482,0.113162201,-1.002629767,0.005102776
0.220403548,0.11305533,-1.021916507,0.005200377
0.213211782,0.1128656,-1.040381317,0.005298135
0.206107374,0.112592143,-1.057840755,0.005395288
0.199092488,0.112234384,-1.074141184,0.005491174
0.192169262,0.111791973,-1.08918571,0.005585528
0.185339804,0.111264824,-1.102965214,0.005679239
0.178606195,0.110653027,-1.115438568,0.005772867
0.171970486,0.109956478,-1.126431975,0.005865196
0.165434697,0.10917503,-1.135750782,0.005954928
0.15900082,0.108308786,-1.143306337,0.006042475
0.152670815,0.107357848,-1.149043267,0.006128986
0.146446609,0.106322505,-1.152852544,0.006214529
0.1403301,0.105203237,-1.154473016,0.006294062
0.134323149,0.104000405,-1.153725774,0.006370473
0.128427587,0.102714568,-1.150670397,0.006446417
0.12264521,0.101346397,-1.145173149,0.006517542
0.116977778,0.099896387,-1.136971538,0.006583542
0.111427019,0.098365232,-1.125924352,0.006644872
0.105994623,0.096753769,-1.111890732,0.006700262
0.100682245,0.095062822,-1.094757349,0.006749051
0.095491503,0.0932935,-1.07449527,0.0067911
0.090423978,0.091446852,-1.050956666,0.006826051
0.085481214,0.0895237,-1.023940332,0.006852644
0.080664716,0.087525136,-0.993343987,0.006870038
0.075975952,0.085452305,-0.959033761,0.006876428
0.07141635,0.08330628,-0.920913072,0.006870848
0.066987298,0.081088454,-0.878986034,0.006854133
0.062690146,0.078800124,-0.833156296,0.006824126
0.058526204,0.076442407,-0.783317689,0.006778744
0.054496738,0.074016753,-0.729498801,0.006717347
0.050602977,0.071524598,-0.671690523,0.006638947
0.046846106,0.06896732,-0.609921752,0.006541776
0.043227271,0.066346603,-0.544361191,0.006424991
0.039747573,0.063664122,-0.475156482,0.006287395
0.036408073,0.060921546,-0.402462008,0.00612665
0.033209787,0.058120731,-0.326522662,0.005941546
0.03015369,0.05526361,-0.247695569,0.005730458
0.027240712,0.052352098,-0.166363567,0.005491936
0.024471742,0.049388242,-0.08289385,0.005224732
0.021847622,0.046374834,0.002148929,0.004931949
0.019369152,0.043315227,0.088027373,0.004621092
0.017037087,0.040212837,0.174114112,0.00429669
0.014852137,0.037072069,0.259598126,0.003961274
0.012814968,0.033898197,0.343615719,0.003620582
0.0109262,0.030696821,0.425566972,0.003283769
0.009186408,0.027475891,0.504557158,0.002959505
0.007596123,0.024246475,0.579592564,0.002653998
0.00615583,0.021021726,0.649959474,0.002370649
0.004865966,0.017819924,0.714963887,0.002108297
0.003726924,0.014668259,0.773721752,0.001862694
0.002739052,0.011603604,0.82565799,0.001635955
0.001902651,0.008678,0.870323252,0.001430401
0.001217975,0.005969567,0.907258171,0.001249242
0.000685233,0.003589603,0.936125447,0.001096399
0.000304586,0.001687129,0.956781325,0.000977795
7.62E-05,0.000438166,0.96917287,0.000901637
0,1.90E-09,0.973300495,0.000875252
