x,y,cp,dun
0.985147863,0.003632655,0.12936955,0.000218247
0.982962913,0.004006751,0.125576503,0.000237054
0.980630848,0.00440513,0.121493158,0.000257795
0.978152378,0.004827411,0.117110261,0.000280762
0.975528258,0.005273071,0.11244627,0.000306106
0.972759288,0.00574156,0.107521091,0.000334568
0.96984631,0.006232411,0.102345817,0.000366209
0.966790213,0.006745171,0.096928751,0.000400648
0.963591927,0.007279392,0.091301033,0.000438118
0.960252427,0.007834739,0.085477532,0.000477503
0.956772729,0.008410933,0.079433381,0.000517302
0.953153894,0.009007603,0.073214321,0.000558253
0.949397023,0.009624154,0.066818428,0.00059892
0.945503262,0.010259841,0.06027676,0.000639047
0.941473796,0.010913984,0.053648529,0.00067907
0.937309854,0.011586105,0.046914367,0.000718612
0.933012702,0.012275814,0.040109424,0.000757755
0.92858365,0.012982673,0.033228115,0.000796837
0.924024048,0.013706161,0.026297024,0.000835554
0.919335284,0.014445708,0.019305324,0.000873727
0.914518786,0.015200704,0.012296072,0.000911783
0.909576022,0.015970428,0.005279213,0.000949669
0.904508497,0.016754093,-0.001716806,0.00098689
0.899317755,0.017551011,-0.008690504,0.001023462
0.894005377,0.0183607,-0.015615934,0.001059496
0.888572981,0.019182803,-0.022534686,0.001094728
0.883022222,0.020016851,-0.029436381,0.001129828
0.87735479,0.020862132,-0.036327696,0.001164813
0.871572413,0.021717868,-0.043164409,0.00119912
0.865676851,0.022583314,-0.049964715,0.001233071
0.8596699,0.023457828,-0.056696819,0.001266564
0.853553391,0.024340821,-0.063384163,0.001299313
0.847329185,0.02523168,-0.070028932,0.001331916
0.84099918,0.026129795,-0.076629197,0.001364126
0.834565303,0.027034557,-0.083186926,0.001395963
0.828029514,0.027945321,-0.08969773,0.001427624
0.821393805,0.028861388,-0.096166491,0.001459163
0.814660196,0.029782057,-0.102579136,0.001490672
0.807830738,0.030706645,-0.108940111,0.001521824
0.800907512,0.031634582,-0.115251884,0.001552809
0.793892626,0.032565331,-0.121528464,0.001582963
0.786788218,0.033498305,-0.127798341,0.001613501
0.779596452,0.034432822,-0.134030055,0.001644503
0.772319518,0.035368177,-0.140215946,0.001675169
0.764959632,0.036303685,-0.146377509,0.001705558
0.757519037,0.037238668,-0.152509406,0.001735637
0.75,0.038172472,-0.158600966,0.001766324
0.74240481,0.039104443,-0.164664428,0.001797226
0.734735781,0.040033934,-0.170695413,0.00182802
0.72699525,0.040960314,-0.176690996,0.001858621
0.719185573,0.04188296,-0.182661811,0.001888892
0.711309131,0.042801323,-0.188615229,0.001919826
0.703368322,0.043714874,-0.19456792,0.001950763
0.695365564,0.044623021,-0.200534734,0.00198139
0.687303297,0.045525019,-0.20648784,0.002013188
0.679183975,0.046420071,-0.212417423,0.002045221
0.671010072,0.047307466,-0.218328202,0.00207664
0.662784077,0.048186621,-0.224210718,0.002108517
0.654508497,0.049057016,-0.230077659,0.002140785
0.646185852,0.049918102,-0.235956939,0.002172541
0.637818678,0.050769259,-0.24183726,0.002204762
0.629409523,0.051609849,-0.24772931,0.002238146
0.620960948,0.052439244,-0.253625007,0.002271783
0.612475527,0.053256745,-0.25951863,0.002305174
0.603955845,0.054061653,-0.265395505,0.002339053
0.595404498,0.054853329,-0.271258648,0.002373385
0.586824089,0.055631205,-0.277127573,0.002407456
0.578217233,0.056394771,-0.283001126,0.002441659
0.56958655,0.057143512,-0.288874693,0.002476488
0.560934672,0.057876862,-0.294773975,0.002512097
0.552264232,0.058594293,-0.300716515,0.002548224
0.543577871,0.059295192,-0.306691736,0.002584615
0.534878237,0.059978825,-0.312667831,0.002621306
0.526167978,0.060644425,-0.318622806,0.002658236
0.517449748,0.061291321,-0.324567901,0.002695068
0.508726203,0.061919101,-0.330516145,0.002732499
0.5,0.062527453,-0.336494743,0.002770727
0.491273797,0.063115945,-0.342518443,0.00280949
0.482550252,0.063683942,-0.348579431,0.002848338
0.473832022,0.064230727,-0.35466181,0.002887096
0.465121763,0.064755683,-0.360755,0.002926378
0.456422129,0.065258366,-0.366851759,0.002966729
0.447735768,0.065738408,-0.372985439,0.003007432
0.439065328,0.066195375,-0.379180627,0.003048375
0.43041345,0.066628711,-0.385424884,0.003089941
0.421782767,0.06703782,-0.391692391,0.00313195
0.413175911,0.067422197,-0.397982009,0.003174083
0.404595502,0.067781466,-0.404320799,0.003216086
0.396044155,0.068115312,-0.410734911,0.00325882
0.387524473,0.068423426,-0.417237342,0.003302663
0.379039052,0.068705485,-0.423865611,0.003346784
0.370590477,0.068961166,-0.430680896,0.003390997
0.362181322,0.069190078,-0.437679233,0.003437041
0.353814148,0.069391478,-0.444773684,0.003483805
0.345491503,0.069564493,-0.451899785,0.003528842
0.337215923,0.069708969,-0.459166088,0.003572331
0.328989928,0.069825862,-0.467056996,0.003618903
0.320816025,0.069916829,-0.476232094,0.003675055
0.312696703,0.069981792,-0.486852035,0.003743336
0.304634436,0.070015171,-0.498230286,0.003818776
0.296631678,0.070010203,-0.509391133,0.003894588
0.288690869,0.069961371,-0.519651297,0.003968825
0.280814427,0.069865661,-0.52870563,0.004040126
0.27300475,0.06972117,-0.536397907,0.004105727
0.265264219,0.069526603,-0.54267493,0.004164639
0.25759519,0.069282348,-0.547709965,0.004218604
0.25,0.068989616,-0.551791644,0.004269082
0.242480963,0.068649525,-0.55512448,0.004316367
0.235040368,0.06826278,-0.557765064,0.004360365
0.227680482,0.067829987,-0.55969388,0.004402156
0.220403548,0.067351865,-0.560947566,0.004441947
0.213211782,0.066829223,-0.561555204,0.004478529
0.206107374,0.06626297,-0.561523802,0.004513023
0.199092488,0.065654069,-0.560902927,0.00454718
0.192169262,0.06500333,-0.559709438,0.004579805
0.185339804,0.06431149,-0.557884766,0.004610213
0.178606195,0.06357945,-0.555392295,0.004639271
0.171970486,0.062808251,-0.55225108,0.004666366
0.165434697,0.061999085,-0.5485397,0.004691927
0.15900082,0.061153218,-0.544316679,0.004717418
0.152670815,0.060271717,-0.539542577,0.004742566
0.146446609,0.059355473,-0.534172956,0.004766425
0.1403301,0.058405549,-0.528173267,0.004789563
0.134323149,0.057423067,-0.521524815,0.00481135
0.128427587,0.056409221,-0.514252392,0.004831941
0.12264521,0.055365366,-0.506396909,0.004852099
0.116977778,0.054292722,-0.497929404,0.004871415
0.111427019,0.053192377,-0.488795077,0.00488964
0.105994623,0.052065622,-0.479004686,0.004907023
0.100682245,0.050913711,-0.468516768,0.004923535
0.095491503,0.049737871,-0.457307133,0.00493891
0.090423978,0.048539535,-0.445429076,0.004954025
0.085481214,0.04732006,-0.432847412,0.00496832
0.080664716,0.046080521,-0.419464545,0.004981431
0.075975952,0.044822326,-0.405325458,0.00499477
0.07141635,0.043546765,-0.390363489,0.00500802
0.066987298,0.042254832,-0.374398914,0.00501936
0.062690146,0.04094785,-0.357451919,0.005030144
0.058526204,0.039627224,-0.339463936,0.005040263
0.054496738,0.038294015,-0.320248288,0.005048082
0.050602977,0.036949757,-0.299957868,0.005056457
0.046846106,0.035595931,-0.278516341,0.005065682
0.043227271,0.034233132,-0.255472738,0.005071789
0.039747573,0.032862564,-0.230789874,0.005076736
0.036408073,0.031485721,-0.204372313,0.005079656
0.033209787,0.030103433,-0.175777465,0.005075623
0.03015369,0.028717328,-0.145259865,0.005069827
0.027240712,0.027329177,-0.112816794,0.005062514
0.024471742,0.02593885,-0.07730179,0.00504093
0.021847622,0.024547264,-0.038649433,0.005000765
0.019369152,0.023156115,0.003331019,0.004932347
0.017037087,0.021765654,0.049411899,0.004811994
0.014852137,0.020377597,0.099315266,0.004653504
0.012814968,0.018994434,0.153173704,0.004529918
0.0109262,0.017615014,0.213217752,0.004464155
0.009186408,0.016239891,0.279831707,0.004399207
0.007596123,0.014872003,0.351852647,0.004330815
0.00615583,0.013510423,0.430729307,0.004238495
0.004865966,0.012156816,0.515673385,0.004062669
0.003726924,0.010816281,0.60449183,0.003780499
0.002739052,0.009487844,0.696991812,0.003368787
0.001902651,0.008172415,0.790167044,0.002837156
0.001217975,0.006877431,0.87746073,0.002202798
0.000685233,0.005612931,0.951767514,0.001511525
0.000304586,0.004434273,1.006133155,0.000862419
7.62E-05,0.003355601,1.032965844,0.000316857
0,0.00293498,1.041947452,9.47E-05
0.985147863,0.006461777,0.249234779,0.000176887
0.982962913,0.007091788,0.244464164,0.000195435
0.980630848,0.007762156,0.239347344,0.000214751
0.978152378,0.008472231,0.23387717,0.000235086
0.975528258,0.009221346,0.228043092,0.000256665
0.972759288,0.010008852,0.221844559,0.00028033
0.96984631,0.010834175,0.215277715,0.000306633
0.966790213,0.011696733,0.208332535,0.000336145
0.963591927,0.012595923,0.201027069,0.000369863
0.960252427,0.01353093,0.193366715,0.000407504
0.956772729,0.014500854,0.185366573,0.00044786
0.953153894,0.015504786,0.177044231,0.000489322
0.949397023,0.016541863,0.168399641,0.00053034
0.945503262,0.017611205,0.159453372,0.000570903
0.941473796,0.018711953,0.150229812,0.00061067
0.937309854,0.019843287,0.140734815,0.000649874
0.933012702,0.021004428,0.130987462,0.000688868
0.92858365,0.022194488,0.121004046,0.000727923
0.924024048,0.023412531,0.110807765,0.000766714
0.919335284,0.024657516,0.100422021,0.000805016
0.914518786,0.025928438,0.08986318,0.000842669
0.909576022,0.027224276,0.079160118,0.000880189
0.904508497,0.02854403,0.068331625,0.000916684
0.899317755,0.029886726,0.05739396,0.000952224
0.894005377,0.031251467,0.046350127,0.000987001
0.888572981,0.032637398,0.035219076,0.001020736
0.883022222,0.034043591,0.023997136,0.001053038
0.87735479,0.035468864,0.012712141,0.001084563
0.871572413,0.036912038,0.001390085,0.001114691
0.865676851,0.038371995,-0.009960143,0.001143327
0.8596699,0.0398478,-0.021325219,0.001170607
0.853553391,0.041338544,-0.032707729,0.001196988
0.847329185,0.042843295,-0.044123903,0.001222042
0.84099918,0.044360893,-0.055550208,0.001246066
0.834565303,0.045890222,-0.066962721,0.001268832
0.828029514,0.047430155,-0.078347122,0.00129132
0.821393805,0.048979682,-0.089662852,0.001314893
0.814660196,0.050537829,-0.100906085,0.001340138
0.807830738,0.052103584,-0.112076052,0.001367737
0.800907512,0.053675933,-0.123193475,0.001397745
0.793892626,0.05525387,-0.13428994,0.001429885
0.786788218,0.056836337,-0.145349777,0.001464748
0.779596452,0.058422221,-0.156378175,0.001502917
0.772319518,0.060010377,-0.167352183,0.001544017
0.764959632,0.061599722,-0.178284166,0.001587816
0.757519037,0.063189253,-0.18921449,0.001634531
0.75,0.064777954,-0.200150436,0.001682936
0.74240481,0.066364795,-0.211111876,0.001731967
0.734735781,0.067948726,-0.222106196,0.001781384
0.72699525,0.069528659,-0.233140953,0.001830288
0.719185573,0.071103523,-0.244209351,0.001877992
0.711309131,0.072672247,-0.255306497,0.00192572
0.703368322,0.074233759,-0.266422977,0.001973376
0.695365564,0.075786983,-0.277564354,0.002020104
0.687303297,0.077330827,-0.288740838,0.002066598
0.679183975,0.078864203,-0.299934173,0.002113145
0.671010072,0.080386081,-0.311139627,0.002158755
0.662784077,0.081895496,-0.322401213,0.002204095
0.654508497,0.08339153,-0.333723446,0.002250484
0.646185852,0.084873147,-0.345101769,0.002297684
0.637818678,0.086339059,-0.356520623,0.002344699
0.629409523,0.08778794,-0.367962713,0.002391318
0.620960948,0.089218637,-0.379413079,0.002438188
0.612475527,0.090630194,-0.390890999,0.002485682
0.603955845,0.092021738,-0.402444363,0.002533537
0.595404498,0.093392292,-0.41406922,0.002581996
0.586824089,0.094740685,-0.425741985,0.002631615
0.578217233,0.096065692,-0.437458757,0.002681748
0.56958655,0.097366186,-0.449223368,0.002731981
0.560934672,0.098641141,-0.461040529,0.002782692
0.552264232,0.099889556,-0.472914716,0.002834228
0.543577871,0.101110418,-0.484845804,0.002886339
0.534878237,0.102302595,-0.496854849,0.002938387
0.526167978,0.103464976,-0.508912089,0.00299102
0.517449748,0.104596484,-0.521006172,0.003044734
0.508726203,0.105696062,-0.533161389,0.003099058
0.5,0.1067627,-0.545374627,0.003153582
0.491273797,0.107795402,-0.557636507,0.003208521
0.482550252,0.108793148,-0.569957256,0.003264247
0.473832022,0.10975495,-0.582342517,0.003320765
0.465121763,0.110679816,-0.594787517,0.003377486
0.456422129,0.1115667,-0.607289767,0.003433977
0.447735768,0.112414585,-0.619843382,0.003491515
0.439065328,0.113222489,-0.632430142,0.003550169
0.43041345,0.113989465,-0.64505386,0.003608884
0.421782767,0.114714609,-0.657729147,0.003667156
0.413175911,0.115397029,-0.670451776,0.003725569
0.404595502,0.116035814,-0.683216726,0.003783759
0.396044155,0.116630065,-0.69601911,0.003842619
0.387524473,0.117178988,-0.708854338,0.003902702
0.379039052,0.117681905,-0.721763553,0.003963026
0.370590477,0.118138197,-0.73483605,0.00402255
0.362181322,0.118547158,-0.74807562,0.004083096
0.353814148,0.118907726,-0.761370959,0.004143986
0.345491503,0.119218728,-0.77462856,0.004203151
0.337215923,0.119479551,-0.787984632,0.004260832
0.328989928,0.119690647,-0.801934808,0.004321484
0.320816025,0.11985299,-0.817139815,0.004391176
0.312696703,0.119965769,-0.833681197,0.004472598
0.304634436,0.120024392,-0.850832179,0.004561942
0.296631678,0.120022624,-0.867575966,0.004652905
0.288690869,0.119955629,-0.883195827,0.004741666
0.280814427,0.119820662,-0.897364207,0.004826831
0.27300475,0.119615827,-0.909831892,0.004905779
0.265264219,0.119339827,-0.920490095,0.004978283
0.25759519,0.118992756,-0.929502241,0.005046192
0.25,0.118575649,-0.937169075,0.005110632
0.242480963,0.11808947,-0.943695957,0.005171585
0.235040368,0.117534939,-0.949144016,0.005230028
0.227680482,0.116912633,-0.95352054,0.005286315
0.220403548,0.116223281,-0.956896626,0.005340871
0.213211782,0.115467468,-0.959287284,0.00539404
0.206107374,0.11464573,-0.960560306,0.005444511
0.199092488,0.113758764,-0.96059836,0.005491745
0.192169262,0.112807433,-0.959461467,0.005537242
0.185339804,0.111792745,-0.957257467,0.005580582
0.178606195,0.11071589,-0.954009098,0.005621769
0.171970486,0.10957793,-0.949682235,0.005661738
0.165434697,0.108379674,-0.944213715,0.005699135
0.15900082,0.107122094,-0.937534802,0.005733938
0.152670815,0.105806282,-0.929594096,0.005766313
0.146446609,0.104433374,-0.920383024,0.0057962
0.1403301,0.103004706,-0.909936195,0.0058241
0.134323149,0.101521662,-0.898252997,0.005849753
0.128427587,0.099985432,-0.885276509,0.005872655
0.12264521,0.098397301,-0.870988406,0.005893283
0.116977778,0.09675873,-0.855365955,0.005911512
0.111427019,0.095070944,-0.838316906,0.005927
0.105994623,0.093335283,-0.819814243,0.005939929
0.100682245,0.09155332,-0.799850279,0.005949906
0.095491503,0.089726391,-0.778324281,0.005955739
0.090423978,0.087855867,-0.755195664,0.005958305
0.085481214,0.085943429,-0.730465083,0.005958719
0.080664716,0.083990515,-0.704007002,0.00595458
0.075975952,0.08199846,-0.675737175,0.005945932
0.07141635,0.079969033,-0.645674966,0.005933917
0.066987298,0.077903792,-0.613678284,0.005916112
0.062690146,0.075804102,-0.579654383,0.005892397
0.058526204,0.073671893,-0.543706792,0.005864383
0.054496738,0.071508725,-0.50566073,0.005830265
0.050602977,0.069315713,-0.46523489,0.005788219
0.046846106,0.067094547,-0.422462025,0.005738807
0.043227271,0.064846998,-0.37723469,0.0056795
0.039747573,0.062574367,-0.329340021,0.00560777
0.036408073,0.060278701,-0.278999135,0.00552575
0.033209787,0.057961995,-0.226174651,0.005432049
0.03015369,0.055625108,-0.170445285,0.005319633
0.027240712,0.053269596,-0.11184245,0.005187933
0.024471742,0.050897446,-0.050441338,0.005033568
0.021847622,0.048509822,0.013932524,0.004848492
0.019369152,0.046108549,0.080971276,0.004631551
0.017037087,0.043696163,0.150343772,0.004382772
0.014852137,0.04127392,0.222093356,0.004102769
0.012814968,0.038843519,0.295876141,0.003813427
0.0109262,0.036407854,0.371284388,0.003545741
0.009186408,0.033969124,0.447682877,0.003306608
0.007596123,0.031530028,0.524359167,0.003079097
0.00615583,0.029094802,0.600224633,0.002846575
0.004865966,0.026668804,0.67404353,0.002600289
0.003726924,0.024258989,0.744445776,0.002330111
0.002739052,0.021875679,0.81003294,0.002038583
0.001902651,0.019536985,0.869107265,0.001734628
0.001217975,0.017274154,0.920017566,0.001431012
0.000685233,0.015143097,0.961325388,0.001141872
0.000304586,0.013258051,0.991706144,0.000887837
7.62E-05,0.011856179,1.010137899,0.000702954
0,0.011312496,1.016281169,0.000632443
0.985147863,0.009328207,0.299253353,0.000111163
0.982962913,0.010216739,0.297748566,0.00010443
0.980630848,0.011162079,0.296111879,9.81E-05
0.978152378,0.012163394,0.294305705,9.23E-05
0.975528258,0.01321978,0.292302098,8.70E-05
0.972759288,0.014330418,0.290080801,8.17E-05
0.96984631,0.015494355,0.287622903,7.61E-05
0.966790213,0.016710652,0.284905547,7.01E-05
0.963591927,0.017978324,0.281901449,6.33E-05
0.960252427,0.019296226,0.278577608,5.53E-05
0.956772729,0.020663201,0.274895785,4.58E-05
0.953153894,0.022078065,0.270818217,3.42E-05
0.949397023,0.023539708,0.266298527,2.05E-05
0.945503262,0.025047028,0.261298293,6.46E-06
0.941473796,0.026598848,0.255789023,1.76E-05
0.937309854,0.028193813,0.249732073,4.11E-05
0.933012702,0.029830549,0.243098872,6.72E-05
0.92858365,0.031507728,0.235857872,9.47E-05
0.924024048,0.033224102,0.227990523,0.000123281
0.919335284,0.034978459,0.219480503,0.000152865
0.914518786,0.036769509,0.210323978,0.000183676
0.909576022,0.038595828,0.20052487,0.000216201
0.904508497,0.040455948,0.190088467,0.000250895
0.899317755,0.042348458,0.179037422,0.000289568
0.894005377,0.04427194,0.16741273,0.000335096
0.888572981,0.046225033,0.155241327,0.000389046
0.883022222,0.048206334,0.142564047,0.000449896
0.87735479,0.050214506,0.129411568,0.000512761
0.871572413,0.05224822,0.115789346,0.000574155
0.865676851,0.054306065,0.101750242,0.000634338
0.8596699,0.056386417,0.087336309,0.000694197
0.853553391,0.058487702,0.072574779,0.000753522
0.847329185,0.0606084,0.057538208,0.000812663
0.84099918,0.062747224,0.0422345,0.000871561
0.834565303,0.064902961,0.026691662,0.000929892
0.828029514,0.06707418,0.010940167,0.00098821
0.821393805,0.06925935,-0.004987829,0.00104554
0.814660196,0.071456891,-0.021068503,0.001101631
0.807830738,0.073665295,-0.037277988,0.001157272
0.800907512,0.07588321,-0.053585229,0.001211339
0.793892626,0.078109242,-0.069999227,0.001264559
0.786788218,0.080341978,-0.086500043,0.001316319
0.779596452,0.082579773,-0.103080883,0.001365692
0.772319518,0.084821005,-0.119703972,0.001413986
0.764959632,0.087064159,-0.136373978,0.00146066
0.757519037,0.08930802,-0.153111212,0.001505127
0.75,0.091551366,-0.169918155,0.001547903
0.74240481,0.09379274,-0.186804238,0.001589596
0.734735781,0.096030489,-0.203755844,0.001630071
0.72699525,0.098262911,-0.220751795,0.001668693
0.719185573,0.100488445,-0.237780001,0.001706298
0.711309131,0.1027057,-0.25483223,0.001744268
0.703368322,0.104913343,-0.271899136,0.001783341
0.695365564,0.107109968,-0.288982262,0.001824198
0.687303297,0.109294082,-0.306081904,0.001868178
0.679183975,0.111464175,-0.323180952,0.001916732
0.671010072,0.113618741,-0.340302105,0.001969723
0.662784077,0.115756233,-0.35746731,0.00202717
0.654508497,0.117875097,-0.374707107,0.002089062
0.646185852,0.119973755,-0.392053352,0.002153765
0.637818678,0.122050648,-0.409522543,0.002219504
0.629409523,0.124104234,-0.427121557,0.002285841
0.620960948,0.12613297,-0.444854836,0.002352934
0.612475527,0.128135415,-0.462708763,0.002420776
0.603955845,0.130110125,-0.480725372,0.002488366
0.595404498,0.132055547,-0.498904637,0.002555744
0.586824089,0.133970036,-0.517208067,0.002623493
0.578217233,0.135851931,-0.535615656,0.002691578
0.56958655,0.137699645,-0.554139965,0.002759592
0.560934672,0.139511762,-0.57279886,0.002827483
0.552264232,0.141286923,-0.591607947,0.002896733
0.543577871,0.143023598,-0.610570517,0.002967435
0.534878237,0.144720073,-0.629669443,0.003037953
0.526167978,0.146374652,-0.648872547,0.003108148
0.517449748,0.147985753,-0.668166341,0.003179264
0.508726203,0.149551982,-0.687573796,0.003251626
0.5,0.151072038,-0.707126197,0.003325243
0.491273797,0.152544509,-0.726829106,0.003400223
0.482550252,0.153967719,-0.746654542,0.003475473
0.473832022,0.155340035,-0.766567092,0.003551115
0.465121763,0.15665993,-0.786551841,0.003627162
0.456422129,0.157925978,-0.80661572,0.003703133
0.447735768,0.159136842,-0.826766247,0.003779089
0.439065328,0.160291191,-0.846989759,0.003856245
0.43041345,0.16138761,-0.867274986,0.003934301
0.421782767,0.162424711,-0.887621461,0.004012177
0.413175911,0.163401207,-0.908024389,0.004089924
0.404595502,0.164315715,-0.928441056,0.004168801
0.396044155,0.165166944,-0.948851569,0.004248533
0.387524473,0.165953668,-0.969258024,0.004328244
0.379039052,0.166674687,-0.989669075,0.004407728
0.370590477,0.167328864,-1.010088994,0.004487383
0.362181322,0.167915047,-1.030465631,0.00456826
0.353814148,0.168432002,-1.050722479,0.004649922
0.345491503,0.168878551,-1.070828041,0.004730361
0.337215923,0.169253873,-1.090909818,0.004809173
0.328989928,0.169557697,-1.111430456,0.004892274
0.320816025,0.169790241,-1.13283981,0.004985419
0.312696703,0.169950427,-1.155120103,0.005089387
0.304634436,0.170034048,-1.177537401,0.005199347
0.296631678,0.170036103,-1.199160837,0.005309702
0.288690869,0.169952691,-1.219322739,0.005417698
0.280814427,0.169781434,-1.237643298,0.005522182
0.27300475,0.169520987,-1.253900297,0.005621386
0.265264219,0.169170266,-1.268007506,0.005713535
0.25759519,0.168729346,-1.280107705,0.005799811
0.25,0.16819901,-1.290422859,0.005882476
0.242480963,0.167580082,-1.299080237,0.005962552
0.235040368,0.166873087,-1.306073686,0.006039273
0.227680482,0.166078345,-1.311499222,0.006112117
0.220403548,0.165196295,-1.315344675,0.006181903
0.213211782,0.164227496,-1.317427234,0.006248737
0.206107374,0.163172597,-1.31758315,0.006311607
0.199092488,0.162032446,-1.315928844,0.00637143
0.192169262,0.160807903,-1.312506236,0.00642798
0.185339804,0.159499825,-1.307268019,0.006480543
0.178606195,0.158109206,-1.300176636,0.006529271
0.171970486,0.156637117,-1.291209208,0.006574566
0.165434697,0.155084426,-1.280263507,0.006615391
0.15900082,0.153452041,-1.26724127,0.00665186
0.152670815,0.151741086,-1.252095803,0.006683699
0.146446609,0.149952776,-1.234817551,0.006711008
0.1403301,0.14808849,-1.215448917,0.006733931
0.134323149,0.146149753,-1.194040485,0.00675192
0.128427587,0.144137852,-1.170518641,0.006764801
0.12264521,0.142053842,-1.144728043,0.006772632
0.116977778,0.139899028,-1.116577009,0.006773261
0.111427019,0.137674886,-1.086032373,0.006765862
0.105994623,0.13538301,-1.0531643,0.006752385
0.100682245,0.133025284,-1.018101592,0.006734147
0.095491503,0.130603483,-0.980843318,0.006709752
0.090423978,0.128118913,-0.941238437,0.006677276
0.085481214,0.125572998,-0.899191552,0.00663616
0.080664716,0.122967408,-0.854671862,0.006586356
0.075975952,0.120303841,-0.807685092,0.006527091
0.07141635,0.117584222,-0.758374,0.006458799
0.066987298,0.114810724,-0.706847425,0.006382047
0.062690146,0.111985001,-0.653028864,0.006295038
0.058526204,0.109108612,-0.596869252,0.00619711
0.054496738,0.106183472,-0.53842148,0.006087972
0.050602977,0.103211459,-0.477725689,0.005965715
0.046846106,0.100194466,-0.414873659,0.005829899
0.043227271,0.097134712,-0.349995748,0.005681416
0.039747573,0.0940344,-0.2832107,0.00551835
0.036408073,0.090895418,-0.214738145,0.005340171
0.033209787,0.087720002,-0.144775845,0.005148958
0.03015369,0.084510476,-0.073442816,0.00494469
0.027240712,0.081268891,-0.000902637,0.004725879
0.024471742,0.077997528,0.072562629,0.004492433
0.021847622,0.074699011,0.146583748,0.004244032
0.019369152,0.071376133,0.220807328,0.003980387
0.017037087,0.068031961,0.294799519,0.003702881
0.014852137,0.064670051,0.368098152,0.00341696
0.012814968,0.061294402,0.440177877,0.003130751
0.0109262,0.057909558,0.510533954,0.002851377
0.009186408,0.054520818,0.578649349,0.002580442
0.007596123,0.051135629,0.643814115,0.002321484
0.00615583,0.047763842,0.70539653,0.002080319
0.004865966,0.044418034,0.762811252,0.001854096
0.003726924,0.041116229,0.815372552,0.001638458
0.002739052,0.037885832,0.862424765,0.001436741
0.001902651,0.03476732,0.90343112,0.001247751
0.001217975,0.031824257,0.937830162,0.001071512
0.000685233,0.029163515,0.965133348,0.00091432
0.000304586,0.026955837,0.98492755,0.000785876
7.62E-05,0.025446551,0.996927752,0.000699263
0,0.024901653,1.000949977,0.000668243
0.985147863,0.003974449,0.1200387,0.000114677
0.982962913,0.004396996,0.116523876,0.000133483
0.980630848,0.0048462,0.112718544,0.000153799
0.978152378,0.005321657,0.108605219,0.000175539
0.975528258,0.005823024,0.104164009,0.000198973
0.972759288,0.006349937,0.099362414,0.000224225
0.96984631,0.006901835,0.094187222,0.000251537
0.966790213,0.007478065,0.088654022,0.000281755
0.963591927,0.008077968,0.082762292,0.000315091
0.960252427,0.008700993,0.076539484,0.000352369
0.956772729,0.009346554,0.070011469,0.000394578
0.953153894,0.010014066,0.063210989,0.000441881
0.949397023,0.010702838,0.05613972,0.00049143
0.945503262,0.011412136,0.048847225,0.000542542
0.941473796,0.012141226,0.041343915,0.000592945
0.937309854,0.012889499,0.03365886,0.000642708
0.933012702,0.013656391,0.025813138,0.000691665
0.92858365,0.01444126,0.017831862,0.000740606
0.924024048,0.015243359,0.009742285,0.000789138
0.919335284,0.016061865,0.001565206,0.000837294
0.914518786,0.01689598,-0.006657406,0.000884856
0.909576022,0.01774494,-0.014915976,0.000931885
0.904508497,0.018608017,-0.023192196,0.00097829
0.899317755,0.019484409,-0.031474663,0.001024373
0.894005377,0.020373272,-0.039740918,0.001069688
0.888572981,0.02127369,-0.047957486,0.001114149
0.883022222,0.022184821,-0.056124447,0.001157534
0.87735479,0.023105948,-0.064243423,0.001200209
0.871572413,0.024036373,-0.072298317,0.001242167
0.865676851,0.024975392,-0.080309077,0.00128371
0.8596699,0.025922191,-0.088262475,0.00132469
0.853553391,0.02687592,-0.096158915,0.001364848
0.847329185,0.027835745,-0.103989096,0.001404704
0.84099918,0.028800767,-0.111750597,0.001444215
0.834565303,0.029770098,-0.11942937,0.001483228
0.828029514,0.030742888,-0.127007788,0.001521407
0.821393805,0.031718375,-0.134514918,0.001558931
0.814660196,0.032695821,-0.141957989,0.001596436
0.807830738,0.03367449,-0.149320338,0.001633585
0.800907512,0.034653517,-0.156627747,0.001670304
0.793892626,0.035632079,-0.163850361,0.00170661
0.786788218,0.036609327,-0.17100672,0.001742635
0.779596452,0.03758449,-0.178091122,0.001778562
0.772319518,0.038556793,-0.185104881,0.001814356
0.764959632,0.039525446,-0.19206189,0.001850136
0.757519037,0.04048958,-0.198941989,0.001885717
0.75,0.041448319,-0.205755717,0.00192037
0.74240481,0.042400839,-0.212485205,0.001955064
0.734735781,0.043346447,-0.219130927,0.0019902
0.72699525,0.044284484,-0.225710309,0.00202511
0.719185573,0.045214272,-0.232244463,0.00205998
0.711309131,0.046135015,-0.238736647,0.002094309
0.703368322,0.047045885,-0.245157346,0.002128729
0.695365564,0.047946104,-0.251510222,0.002164174
0.687303297,0.048834954,-0.257804794,0.002199439
0.679183975,0.049711752,-0.264060218,0.002233654
0.671010072,0.050575764,-0.270262259,0.00226786
0.662784077,0.051426192,-0.276388391,0.002303035
0.654508497,0.052262208,-0.282434366,0.002338478
0.646185852,0.05308306,-0.28840247,0.00237314
0.637818678,0.053888178,-0.29431204,0.002407434
0.629409523,0.054677021,-0.300179737,0.002442354
0.620960948,0.055449021,-0.305984566,0.002477927
0.612475527,0.056203445,-0.311753908,0.002513493
0.603955845,0.056939529,-0.317462954,0.002549063
0.595404498,0.05765658,-0.323091818,0.002584265
0.586824089,0.058353997,-0.328666082,0.002619124
0.578217233,0.059031248,-0.33420238,0.002654787
0.56958655,0.059687774,-0.339689367,0.002691248
0.560934672,0.060322876,-0.345124816,0.002727276
0.552264232,0.060935849,-0.350476576,0.002763518
0.543577871,0.061526047,-0.355745768,0.002799974
0.534878237,0.0620929,-0.360944816,0.002836184
0.526167978,0.062635909,-0.366061579,0.002872724
0.517449748,0.063154599,-0.371090164,0.002910277
0.508726203,0.063648449,-0.376067441,0.002947376
0.5,0.064117001,-0.38099835,0.002983924
0.491273797,0.06455977,-0.385854481,0.003021003
0.482550252,0.064976221,-0.390622128,0.003058661
0.473832022,0.065365811,-0.395305694,0.003096022
0.465121763,0.065728045,-0.399895348,0.003133187
0.456422129,0.06606253,-0.404389176,0.003170551
0.447735768,0.066368906,-0.408795197,0.003208264
0.439065328,0.06664683,-0.413111697,0.003246414
0.43041345,0.066895942,-0.417336216,0.00328467
0.421782767,0.067115881,-0.421473843,0.003322531
0.413175911,0.067306318,-0.425523549,0.003360173
0.404595502,0.06746689,-0.429470624,0.003397832
0.396044155,0.067597255,-0.433292421,0.003435807
0.387524473,0.067697123,-0.436988644,0.003473871
0.379039052,0.06776626,-0.440565363,0.003511787
0.370590477,0.067804487,-0.444020996,0.003549796
0.362181322,0.067811643,-0.447361121,0.003587973
0.353814148,0.067787519,-0.45057777,0.003625828
0.345491503,0.067731903,-0.45365262,0.003663413
0.337215923,0.067644648,-0.456583973,0.003700912
0.328989928,0.067525637,-0.459362514,0.003738483
0.320816025,0.067374799,-0.461970735,0.003776
0.312696703,0.067192121,-0.464411004,0.003812964
0.304634436,0.066977578,-0.466688906,0.003849242
0.296631678,0.066731212,-0.468812041,0.003884783
0.288690869,0.066453109,-0.470766193,0.003920348
0.280814427,0.066143346,-0.47254113,0.003955705
0.27300475,0.065802038,-0.474150246,0.003990484
0.265264219,0.065429345,-0.475599038,0.004024937
0.25759519,0.065025382,-0.476870498,0.004058786
0.25,0.064590239,-0.477950778,0.004091429
0.242480963,0.064124097,-0.478814764,0.004123494
0.235040368,0.063627114,-0.479451381,0.004155059
0.227680482,0.063099493,-0.479853614,0.004185848
0.220403548,0.062541532,-0.479989662,0.004215084
0.213211782,0.061953599,-0.479866888,0.004242932
0.206107374,0.06133616,-0.479526994,0.004270336
0.199092488,0.060689746,-0.478983988,0.004297721
0.192169262,0.060014732,-0.478212112,0.004325
0.185339804,0.059311437,-0.477191962,0.00435184
0.178606195,0.058580288,-0.475911461,0.004378145
0.171970486,0.057821693,-0.474336745,0.004404318
0.165434697,0.057036086,-0.472443768,0.004430454
0.15900082,0.056224022,-0.470227033,0.004456389
0.152670815,0.055386071,-0.467675707,0.00448207
0.146446609,0.05452284,-0.464797163,0.004507493
0.1403301,0.053635068,-0.461607897,0.00453292
0.134323149,0.052723408,-0.458094436,0.004558506
0.128427587,0.051788479,-0.454257264,0.004584186
0.12264521,0.050831059,-0.450120007,0.004610525
0.116977778,0.049851711,-0.445616837,0.004637288
0.111427019,0.048850864,-0.440656684,0.0046639
0.105994623,0.04782919,-0.435208947,0.004690184
0.100682245,0.046787417,-0.429236691,0.004715609
0.095491503,0.045726365,-0.42277713,0.004740965
0.090423978,0.044647075,-0.415925028,0.004767671
0.085481214,0.043550242,-0.408582139,0.004794844
0.080664716,0.042436287,-0.400588965,0.004821891
0.075975952,0.041305988,-0.39190819,0.004849014
0.07141635,0.040160149,-0.382460485,0.004874906
0.066987298,0.038999622,-0.372258498,0.004900367
0.062690146,0.037825639,-0.36147836,0.004928289
0.058526204,0.036638932,-0.349937605,0.004957291
0.054496738,0.035439757,-0.33734159,0.004986123
0.050602977,0.034228982,-0.323692479,0.005016154
0.046846106,0.033007314,-0.30875914,0.005045537
0.043227271,0.031775302,-0.292351165,0.005073684
0.039747573,0.030534267,-0.274695202,0.005104957
0.036408073,0.029284932,-0.255430156,0.005136968
0.033209787,0.028027433,-0.234046304,0.00516655
0.03015369,0.026763006,-0.210717283,0.00519824
0.027240712,0.025492338,-0.184908093,0.005226892
0.024471742,0.024215488,-0.155955062,0.005245812
0.021847622,0.022934034,-0.124176219,0.005259358
0.019369152,0.021648731,-0.088864221,0.005255197
0.017037087,0.020359199,-0.04888244,0.005215205
0.014852137,0.019067264,-0.005086835,0.005147743
0.012814968,0.017773613,0.044176198,0.005071545
0.0109262,0.016477036,0.100949537,0.005046647
0.009186408,0.015179604,0.164231677,0.005033426
0.007596123,0.01388223,0.235167656,0.004900386
0.00615583,0.012583195,0.315325589,0.004773422
0.004865966,0.011285321,0.403261509,0.004659673
0.003726924,0.009990382,0.498817417,0.004412518
0.002739052,0.00869596,0.60172234,0.00400201
0.001902651,0.007404207,0.707812,0.003449711
0.001217975,0.006121186,0.811138482,0.002779894
0.000685233,0.004854309,0.904062354,0.001996879
0.000304586,0.003591421,0.977650909,0.001232653
7.62E-05,0.002406017,1.023732814,0.000571231
0,0.001698734,1.037639098,0.000227609
0.985147863,0.006828555,0.243787714,9.03E-05
0.982962913,0.007508554,0.239408494,0.000106848
0.980630848,0.008231836,0.234652107,0.000124288
0.978152378,0.008997652,0.22950135,0.000142695
0.975528258,0.009805308,0.223937328,0.000162195
0.972759288,0.010654007,0.217941028,0.000182855
0.96984631,0.011542898,0.211505723,0.000204792
0.966790213,0.012471122,0.204624068,0.000228414
0.963591927,0.013437767,0.197304022,0.00025434
0.960252427,0.014441959,0.189531688,0.000282543
0.956772729,0.015482791,0.181331918,0.000315154
0.953153894,0.016559376,0.172709348,0.000352482
0.949397023,0.017670767,0.163688162,0.000395707
0.945503262,0.018816053,0.154269548,0.000442745
0.941473796,0.019994188,0.144473868,0.00049135
0.937309854,0.021203993,0.134306879,0.00053913
0.933012702,0.022444269,0.12379717,0.000585422
0.92858365,0.023713829,0.112984167,0.000630943
0.924024048,0.025011662,0.101880504,0.000675784
0.919335284,0.026336784,0.090502154,0.000720167
0.914518786,0.027688142,0.078877861,0.000763953
0.909576022,0.029064488,0.06704054,0.000807086
0.904508497,0.030464576,0.055006067,0.000849608
0.899317755,0.031887172,0.042825481,0.000891157
0.894005377,0.033331205,0.03048711,0.000931756
0.888572981,0.034795616,0.018035408,0.000971416
0.883022222,0.036279264,0.005460015,0.001009973
0.87735479,0.037780821,-0.007200096,0.001047304
0.871572413,0.039298929,-0.019913583,0.001083256
0.865676851,0.0408323,-0.032669947,0.001117295
0.8596699,0.042379774,-0.045466612,0.001149861
0.853553391,0.043940198,-0.058273653,0.001180779
0.847329185,0.045512423,-0.071072856,0.00121174
0.84099918,0.047095205,-0.083795818,0.001243101
0.834565303,0.048687343,-0.09642882,0.001275526
0.828029514,0.050287621,-0.108970663,0.001311077
0.821393805,0.051894805,-0.121414589,0.00134921
0.814660196,0.053507702,-0.133797998,0.001389695
0.807830738,0.055125053,-0.146119528,0.001433291
0.800907512,0.056745619,-0.158364604,0.001479796
0.793892626,0.058368136,-0.170529787,0.001529835
0.786788218,0.059991379,-0.182626837,0.001582595
0.779596452,0.061614215,-0.19468815,0.00163684
0.772319518,0.06323552,-0.206749748,0.001692352
0.764959632,0.064854124,-0.218809972,0.001748245
0.757519037,0.066468807,-0.230863411,0.001803563
0.75,0.068078359,-0.242919933,0.00185789
0.74240481,0.06968154,-0.254949219,0.001911043
0.734735781,0.071277128,-0.266948989,0.001963908
0.72699525,0.072863885,-0.278919695,0.002015858
0.719185573,0.074440634,-0.290859158,0.002065932
0.711309131,0.076006237,-0.302751718,0.002115833
0.703368322,0.077559554,-0.314609749,0.002165327
0.695365564,0.079099482,-0.32644557,0.00221381
0.687303297,0.080624923,-0.33825764,0.002262393
0.679183975,0.082134777,-0.350049029,0.002311571
0.671010072,0.08362791,-0.361828244,0.002361076
0.662784077,0.085103144,-0.373593276,0.002411032
0.654508497,0.086559289,-0.385333914,0.00246058
0.646185852,0.087995133,-0.397052972,0.002509661
0.637818678,0.089409487,-0.408743181,0.002559211
0.629409523,0.090801137,-0.420382176,0.002608985
0.620960948,0.09216898,-0.431979961,0.002658239
0.612475527,0.093512005,-0.443551693,0.002707851
0.603955845,0.094829245,-0.455097414,0.002758811
0.595404498,0.096119731,-0.466639953,0.002809721
0.586824089,0.097382317,-0.478204853,0.002860557
0.578217233,0.09861588,-0.489735799,0.002912607
0.56958655,0.099819292,-0.501230557,0.002964413
0.560934672,0.100991412,-0.512710181,0.003015191
0.552264232,0.102131118,-0.524149624,0.00306647
0.543577871,0.103237355,-0.535516182,0.003118767
0.534878237,0.104309186,-0.546846518,0.00317177
0.526167978,0.105345773,-0.558142792,0.003225836
0.517449748,0.10634618,-0.569421041,0.003279847
0.508726203,0.10730931,-0.580684136,0.003332894
0.5,0.108234001,-0.591875951,0.003386265
0.491273797,0.109119206,-0.602955207,0.003440489
0.482550252,0.10996408,-0.613956448,0.003494799
0.473832022,0.110767899,-0.624911347,0.003549336
0.465121763,0.111529876,-0.63582284,0.00360409
0.456422129,0.112249066,-0.646674237,0.003658404
0.447735768,0.112924486,-0.657427857,0.003713392
0.439065328,0.113555205,-0.668061849,0.003768888
0.43041345,0.114140368,-0.678562161,0.003823911
0.421782767,0.114679178,-0.688914716,0.003878302
0.413175911,0.115170906,-0.699113224,0.003932698
0.404595502,0.115614926,-0.709175433,0.003986632
0.396044155,0.116010698,-0.719125501,0.004040929
0.387524473,0.116357655,-0.728963129,0.00409586
0.379039052,0.116655049,-0.738646753,0.004150519
0.370590477,0.116901989,-0.748110524,0.004203978
0.362181322,0.117097736,-0.757314114,0.004256468
0.353814148,0.117241781,-0.766264417,0.004307494
0.345491503,0.117333799,-0.774972797,0.00435806
0.337215923,0.117373481,-0.783440906,0.00440937
0.328989928,0.11736041,-0.791658712,0.00446081
0.320816025,0.117294071,-0.799594686,0.00451092
0.312696703,0.117174067,-0.807207342,0.004560245
0.304634436,0.117000078,-0.814479485,0.004608835
0.296631678,0.116771889,-0.82140637,0.00465656
0.288690869,0.116489362,-0.827981036,0.00470382
0.280814427,0.116152323,-0.834188256,0.004751057
0.27300475,0.115760561,-0.839987963,0.00479839
0.265264219,0.115313997,-0.845349395,0.004846062
0.25759519,0.114812545,-0.85025639,0.004893085
0.25,0.114256155,-0.854691002,0.004938889
0.242480963,0.113644883,-0.858614921,0.004984297
0.235040368,0.112978814,-0.861977112,0.005029742
0.227680482,0.112258019,-0.864751381,0.005074493
0.220403548,0.111482717,-0.86692178,0.005118288
0.213211782,0.110653201,-0.868476225,0.005160997
0.206107374,0.109769849,-0.869436326,0.005203042
0.199092488,0.108833168,-0.869804046,0.005245049
0.192169262,0.107843545,-0.869518357,0.005286846
0.185339804,0.106801122,-0.868495827,0.005327695
0.178606195,0.105706206,-0.866652901,0.00536741
0.171970486,0.104559293,-0.863925725,0.005405736
0.165434697,0.103361026,-0.860343724,0.005442567
0.15900082,0.102112288,-0.855973878,0.005478452
0.152670815,0.100813822,-0.85077134,0.005513349
0.146446609,0.099466128,-0.844639377,0.005547144
0.1403301,0.098069875,-0.837519134,0.005580164
0.134323149,0.096625819,-0.829335719,0.00561162
0.128427587,0.095134656,-0.820032782,0.005640835
0.12264521,0.093597327,-0.809611216,0.00566853
0.116977778,0.092014839,-0.798015179,0.005694317
0.111427019,0.090388002,-0.785172507,0.005717749
0.105994623,0.088717873,-0.771092641,0.005740045
0.100682245,0.087005575,-0.755716787,0.005760753
0.095491503,0.08525188,-0.738899566,0.005778397
0.090423978,0.083457795,-0.720598182,0.00579382
0.085481214,0.081624495,-0.70073468,0.005806921
0.080664716,0.079752857,-0.679154789,0.005815942
0.075975952,0.077844037,-0.655852842,0.00582223
0.07141635,0.07589937,-0.630770327,0.005825867
0.066987298,0.073919739,-0.603676767,0.005824428
0.062690146,0.071906258,-0.574531086,0.005818561
0.058526204,0.069860377,-0.543279371,0.005808384
0.054496738,0.067782995,-0.509642699,0.005790998
0.050602977,0.065675318,-0.473624262,0.005767387
0.046846106,0.063538941,-0.435211694,0.005738048
0.043227271,0.061374638,-0.394030973,0.005698518
0.039747573,0.059183387,-0.349961842,0.005648303
0.036408073,0.056966799,-0.303032953,0.005587689
0.033209787,0.054725687,-0.252875415,0.005511014
0.03015369,0.052461142,-0.199441041,0.005416647
0.027240712,0.050174945,-0.142900789,0.005304437
0.024471742,0.047867896,-0.082878743,0.005165775
0.021847622,0.045540873,-0.019340444,0.004994737
0.019369152,0.043195659,0.047353311,0.004788573
0.017037087,0.040833134,0.117225765,0.004539464
0.014852137,0.038454152,0.190167457,0.004252438
0.012814968,0.036060584,0.265614676,0.003957468
0.0109262,0.033653676,0.343465371,0.003684003
0.009186408,0.03123444,0.422961067,0.003436015
0.007596123,0.028804913,0.503117066,0.003200124
0.00615583,0.02636719,0.582909794,0.002956663
0.004865966,0.023923324,0.661071529,0.002692788
0.003726924,0.02147598,0.736115591,0.002398778
0.002739052,0.019030754,0.806289402,0.002080713
0.001902651,0.016596391,0.869813544,0.001747184
0.001217975,0.014185625,0.925074894,0.001407558
0.000685233,0.011829654,0.970253198,0.001076787
0.000304586,0.009608155,1.003735481,0.000773566
7.62E-05,0.007745114,1.024396677,0.00053019
0,0.006912997,1.031415443,0.000423761
0.985147863,0.009735885,0.276850113,0.000161766
0.982962913,0.010677512,0.275548213,0.00015439
0.980630848,0.011679071,0.274282271,0.000146495
0.978152378,0.012739555,0.273020932,0.00013844
0.975528258,0.013857801,0.271721064,0.000130596
0.972759288,0.015032723,0.270335108,0.000123126
0.96984631,0.016263295,0.268817626,0.000116136
0.966790213,0.017548534,0.267124568,0.000109736
0.963591927,0.018887364,0.265214391,0.000104061
0.960252427,0.02027843,0.263045284,9.86E-05
0.956772729,0.021720418,0.260578219,9.31E-05
0.953153894,0.023211856,0.257776233,8.69E-05
0.949397023,0.024751441,0.254600613,7.98E-05
0.945503262,0.026337737,0.251006317,7.11E-05
0.941473796,0.027969365,0.246935378,6.03E-05
0.937309854,0.029645033,0.242329083,4.67E-05
0.933012702,0.031363375,0.237126899,3.02E-05
0.92858365,0.033122962,0.231267707,1.17E-05
0.924024048,0.034922093,0.224714577,1.62E-05
0.919335284,0.036759099,0.217429107,4.58E-05
0.914518786,0.038632309,0.20936103,7.72E-05
0.909576022,0.040540386,0.200488969,0.000110241
0.904508497,0.042481869,0.190787495,0.000144449
0.899317755,0.044455278,0.180263628,0.000180275
0.894005377,0.046458889,0.168916551,0.000217895
0.888572981,0.048490987,0.156784339,0.000258944
0.883022222,0.050549911,0.143895561,0.000305872
0.87735479,0.052634115,0.130322751,0.000363501
0.871572413,0.054742053,0.116120399,0.000432537
0.865676851,0.056872148,0.101342076,0.000506466
0.8596699,0.059022775,0.086004543,0.00057824
0.853553391,0.061192313,0.070160264,0.000647305
0.847329185,0.06337909,0.053883138,0.000715098
0.84099918,0.065581439,0.03722854,0.000782051
0.834565303,0.067797625,0.020248539,0.000849011
0.828029514,0.070026043,0.002993622,0.000915383
0.821393805,0.072265122,-0.014482237,0.00098068
0.814660196,0.074513291,-0.032149817,0.001045198
0.807830738,0.076768965,-0.049964601,0.001108451
0.800907512,0.079030485,-0.067901551,0.001170476
0.793892626,0.081296258,-0.085937797,0.001230875
0.786788218,0.083564647,-0.104039355,0.001288778
0.779596452,0.085834034,-0.122199932,0.001344608
0.772319518,0.088102838,-0.140404551,0.001398854
0.764959632,0.090369452,-0.158646332,0.001450746
0.757519037,0.09263221,-0.17690951,0.001500706
0.75,0.09488945,-0.195157634,0.001549324
0.74240481,0.097139608,-0.213396853,0.001596357
0.734735781,0.099381193,-0.231608612,0.001643495
0.72699525,0.101612731,-0.249780035,0.001691346
0.719185573,0.103832677,-0.267893099,0.00174109
0.711309131,0.106039357,-0.285920324,0.001794649
0.703368322,0.108231078,-0.303860351,0.001852266
0.695365564,0.110406246,-0.32173326,0.001913495
0.687303297,0.112563317,-0.339575021,0.001978202
0.679183975,0.114700758,-0.357428835,0.002045894
0.671010072,0.11681708,-0.375314455,0.002115923
0.662784077,0.118910797,-0.393246058,0.002187357
0.654508497,0.120980439,-0.411247031,0.00225864
0.646185852,0.123024464,-0.429327662,0.002329056
0.637818678,0.125041161,-0.447457125,0.002399396
0.629409523,0.12702883,-0.465598117,0.002469681
0.620960948,0.12898594,-0.483751279,0.002538887
0.612475527,0.130911046,-0.501947921,0.002607673
0.603955845,0.132802819,-0.520212651,0.002676692
0.595404498,0.134659819,-0.538524221,0.002746108
0.586824089,0.136480422,-0.556862156,0.002815707
0.578217233,0.138262947,-0.575222486,0.00288514
0.56958655,0.140005821,-0.593599633,0.002954611
0.560934672,0.141707634,-0.611988332,0.003025536
0.552264232,0.14336704,-0.630399357,0.003097039
0.543577871,0.144982631,-0.648857465,0.003167553
0.534878237,0.146552907,-0.667360677,0.003237823
0.526167978,0.148076331,-0.685861532,0.003310431
0.517449748,0.149551415,-0.704335289,0.003383681
0.508726203,0.150976749,-0.722812739,0.003456022
0.5,0.152350996,-0.741291996,0.003528573
0.491273797,0.153672815,-0.759738582,0.003602697
0.482550252,0.154940782,-0.77815865,0.003676402
0.473832022,0.156153499,-0.796527738,0.003750156
0.465121763,0.15730966,-0.814820376,0.00382424
0.456422129,0.158408054,-0.833043492,0.00389831
0.447735768,0.159447551,-0.851229145,0.003972402
0.439065328,0.160427044,-0.86936206,0.004047009
0.43041345,0.161345169,-0.887403443,0.00412188
0.421782767,0.162200511,-0.905294954,0.004196489
0.413175911,0.162991809,-0.922975571,0.004270715
0.404595502,0.163717953,-0.940426683,0.004344872
0.396044155,0.164377996,-0.957676668,0.00441865
0.387524473,0.164971028,-0.974729592,0.004491829
0.379039052,0.165496058,-0.991536426,0.00456481
0.370590477,0.165951996,-1.008030987,0.0046382
0.362181322,0.166337901,-1.024187479,0.004710952
0.353814148,0.166652893,-1.03998434,0.004783181
0.345491503,0.166896163,-1.055388374,0.004856005
0.337215923,0.167067016,-1.070365092,0.004929258
0.328989928,0.167164713,-1.08488481,0.005001734
0.320816025,0.167188498,-1.098882728,0.005073662
0.312696703,0.167137696,-1.112296357,0.005145814
0.304634436,0.167011765,-1.125109164,0.005217865
0.296631678,0.166810227,-1.137309045,0.005289345
0.288690869,0.166532748,-1.148873789,0.005359992
0.280814427,0.166178882,-1.159727895,0.005430218
0.27300475,0.165748015,-1.169740379,0.005500485
0.265264219,0.165239696,-1.178797177,0.005569591
0.25759519,0.164653693,-1.186866788,0.005636219
0.25,0.163990028,-1.193962424,0.005701593
0.242480963,0.163248884,-1.200088515,0.005767389
0.235040368,0.162430356,-1.205207258,0.005832355
0.227680482,0.161534209,-1.209245476,0.005895092
0.220403548,0.160560308,-1.212091251,0.005955788
0.213211782,0.159508726,-1.213579596,0.006014519
0.206107374,0.158379706,-1.213596433,0.006071025
0.199092488,0.157173649,-1.212198599,0.006125856
0.192169262,0.155891078,-1.209413743,0.006178038
0.185339804,0.154532334,-1.20515535,0.006227632
0.178606195,0.1530979,-1.199338029,0.006275206
0.171970486,0.151588374,-1.191895176,0.006320293
0.165434697,0.150004181,-1.182709011,0.006361659
0.15900082,0.148345822,-1.171672203,0.006399517
0.152670815,0.146614022,-1.158710474,0.006433051
0.146446609,0.144809595,-1.143793214,0.00646251
0.1403301,0.142933582,-1.12696204,0.006488259
0.134323149,0.140987097,-1.108222645,0.0065102
0.128427587,0.138970958,-1.08743442,0.006528383
0.12264521,0.136885853,-1.064443229,0.006541658
0.116977778,0.134732792,-1.039165013,0.006548264
0.111427019,0.132512862,-1.01154672,0.006547803
0.105994623,0.130227333,-0.981629895,0.006541665
0.100682245,0.127877676,-0.949451437,0.006529899
0.095491503,0.125465146,-0.914941938,0.006510649
0.090423978,0.122990858,-0.878025553,0.006483813
0.085481214,0.120456178,-0.838679859,0.006450183
0.080664716,0.117862445,-0.796840934,0.006407929
0.075975952,0.115210864,-0.75245876,0.006356229
0.07141635,0.112502952,-0.705555805,0.006295591
0.066987298,0.109740226,-0.656112611,0.006224475
0.062690146,0.106924053,-0.604127471,0.006141702
0.058526204,0.104056143,-0.549699464,0.0060481
0.054496738,0.101138169,-0.492849599,0.005943017
0.050602977,0.098171565,-0.433616008,0.005824371
0.046846106,0.095158095,-0.372156041,0.005693025
0.043227271,0.092099425,-0.308479151,0.005548235
0.039747573,0.088996813,-0.242610087,0.005387267
0.036408073,0.085851762,-0.174776063,0.005210866
0.033209787,0.082665956,-0.105167663,0.005019331
0.03015369,0.079441067,-0.03391806,0.004812362
0.027240712,0.076178957,0.038667671,0.004589894
0.024471742,0.072881641,0.112201379,0.004351666
0.021847622,0.069550842,0.186378735,0.004097158
0.019369152,0.066188352,0.260820142,0.003826038
0.017037087,0.062796168,0.335067973,0.003542353
0.014852137,0.059376287,0.408653422,0.003252995
0.012814968,0.055930662,0.481083952,0.002965529
0.0109262,0.05246154,0.55179793,0.002684486
0.009186408,0.04897252,0.620069491,0.002413078
0.007596123,0.045467568,0.6852252,0.002155892
0.00615583,0.041951158,0.746692282,0.001914276
0.004865966,0.038430234,0.803714118,0.001683211
0.003726924,0.034913688,0.855634834,0.001462604
0.002739052,0.031413608,0.901954746,0.001250703
0.001902651,0.027953385,0.941920203,0.001045162
0.001217975,0.024574296,0.97505742,0.000848706
0.000685233,0.021352743,1.000995819,0.000665378
0.000304586,0.018453567,1.019451435,0.000504492
7.62E-05,0.016241579,1.03034953,0.00038487
0,0.015359525,1.03391462,0.000338057
0.985147863,0.004764951,0.102711843,4.30E-05
0.982962913,0.005296513,0.09918192,6.41E-05
0.980630848,0.005860324,0.09515521,8.73E-05
0.978152378,0.006455631,0.090581807,0.000112939
0.975528258,0.007081785,0.085395292,0.000140685
0.972759288,0.007738043,0.079565947,0.000171381
0.96984631,0.008423478,0.073046926,0.000204798
0.966790213,0.009137082,0.065846804,0.000241974
0.963591927,0.009877822,0.057977365,0.000284733
0.960252427,0.010644664,0.049497836,0.000336906
0.956772729,0.011436557,0.04047312,0.000401947
0.953153894,0.012252398,0.030962159,0.000477548
0.949397023,0.013091013,0.020966392,0.000554614
0.945503262,0.01395118,0.010532218,0.000628825
0.941473796,0.014831652,-0.000277089,0.000700826
0.937309854,0.015731242,-0.011374146,0.000771811
0.933012702,0.016648687,-0.022704497,0.000842324
0.92858365,0.017582771,-0.03421555,0.000912581
0.924024048,0.018532305,-0.045850904,0.000981867
0.919335284,0.019496106,-0.057577599,0.001050361
0.914518786,0.020472889,-0.06935159,0.001117958
0.909576022,0.021461198,-0.081118914,0.001184844
0.904508497,0.022459496,-0.092828698,0.001250045
0.899317755,0.023466318,-0.104439828,0.001313887
0.894005377,0.024480324,-0.11593127,0.001376459
0.888572981,0.025500279,-0.12727949,0.001437608
0.883022222,0.02652483,-0.138475728,0.001497709
0.87735479,0.02755255,-0.149496883,0.001556272
0.871572413,0.028581998,-0.160334725,0.001613368
0.865676851,0.02961174,-0.170941156,0.001669152
0.8596699,0.030640437,-0.181335196,0.001724001
0.853553391,0.031666786,-0.191484069,0.001777419
0.847329185,0.032689446,-0.201416677,0.001829382
0.84099918,0.033706953,-0.211099179,0.001880577
0.834565303,0.034717827,-0.220495841,0.001930849
0.828029514,0.035720636,-0.229624771,0.001979155
0.821393805,0.036713974,-0.238431816,0.00202646
0.814660196,0.037696481,-0.246904469,0.002073295
0.807830738,0.038666807,-0.255042747,0.002118301
0.800907512,0.039623704,-0.26285133,0.002161599
0.793892626,0.040565922,-0.270310202,0.002204511
0.786788218,0.041492199,-0.277412709,0.002246144
0.779596452,0.042401124,-0.284105122,0.002286257
0.772319518,0.043291287,-0.290353978,0.002324708
0.764959632,0.04416137,-0.296120385,0.002361463
0.757519037,0.045010321,-0.301397082,0.00239671
0.75,0.045837232,-0.306195057,0.002430746
0.74240481,0.046640879,-0.310434678,0.00246452
0.734735781,0.047419285,-0.313902113,0.002495925
0.72699525,0.048170205,-0.316269601,0.00252015
0.719185573,0.04889239,-0.31745954,0.002536344
0.711309131,0.049587902,-0.317607874,0.002547173
0.703368322,0.050259783,-0.316981221,0.002552601
0.695365564,0.050911495,-0.315986259,0.002552607
0.687303297,0.051547483,-0.315097793,0.002550848
0.679183975,0.05217289,-0.314893777,0.002553372
0.671010072,0.052791329,-0.315640094,0.002562703
0.662784077,0.053402445,-0.317147219,0.002576364
0.654508497,0.05400389,-0.31906902,0.002592013
0.646185852,0.05459405,-0.32117207,0.002609314
0.637818678,0.055172222,-0.323396147,0.002627295
0.629409523,0.055738222,-0.325783633,0.002645287
0.620960948,0.056291777,-0.328299787,0.00266535
0.612475527,0.056832498,-0.330948641,0.002687373
0.603955845,0.05735997,-0.333769043,0.002709613
0.595404498,0.057873709,-0.336728802,0.00273233
0.586824089,0.058373078,-0.339774315,0.002756225
0.578217233,0.058857336,-0.342885843,0.00278101
0.56958655,0.059325813,-0.346033714,0.002806832
0.560934672,0.059778039,-0.34920506,0.002832789
0.552264232,0.060213609,-0.352428289,0.002858598
0.543577871,0.060632118,-0.355704379,0.002885173
0.534878237,0.061033097,-0.35902064,0.002912665
0.526167978,0.061416054,-0.362370968,0.002940625
0.517449748,0.061780519,-0.365747442,0.002969274
0.508726203,0.06212599,-0.369144601,0.002998401
0.5,0.062451988,-0.372563952,0.003027796
0.491273797,0.06275805,-0.375994373,0.003057695
0.482550252,0.063043728,-0.37943145,0.003088201
0.473832022,0.063308608,-0.382878941,0.003118994
0.465121763,0.063552295,-0.386333837,0.003149806
0.456422129,0.063774327,-0.389796524,0.003180965
0.447735768,0.063974264,-0.393254279,0.003213196
0.439065328,0.064151678,-0.396693241,0.003246038
0.43041345,0.06430614,-0.400107503,0.003278463
0.421782767,0.064437221,-0.403490133,0.003310567
0.413175911,0.064544526,-0.406825894,0.003343685
0.404595502,0.064627763,-0.410115175,0.003377801
0.396044155,0.064686671,-0.413377883,0.003411437
0.387524473,0.064721006,-0.416617051,0.00344475
0.379039052,0.064730474,-0.419821673,0.003478573
0.370590477,0.064714762,-0.422986999,0.003512771
0.362181322,0.064673606,-0.426111997,0.00354702
0.353814148,0.064606701,-0.429179465,0.003581543
0.345491503,0.064513759,-0.432174864,0.003615939
0.337215923,0.064394548,-0.435087579,0.003650318
0.328989928,0.064248894,-0.437915512,0.003684853
0.320816025,0.064076684,-0.440668678,0.003719421
0.312696703,0.063877826,-0.443355634,0.003754023
0.304634436,0.063652175,-0.445960359,0.003788578
0.296631678,0.063399559,-0.448456139,0.003822557
0.288690869,0.063119894,-0.450850103,0.003855685
0.280814427,0.062813151,-0.453145826,0.003888278
0.27300475,0.062479372,-0.455344003,0.003921236
0.265264219,0.062118614,-0.457452816,0.003954557
0.25759519,0.061730844,-0.459460365,0.003987187
0.25,0.061315972,-0.461330273,0.004018802
0.242480963,0.060874005,-0.463050398,0.004049582
0.235040368,0.060405021,-0.464610669,0.004079856
0.227680482,0.059909183,-0.466016746,0.004109752
0.220403548,0.059386725,-0.46727681,0.004138862
0.213211782,0.058837818,-0.468376132,0.004167889
0.206107374,0.058262668,-0.469324035,0.004196837
0.199092488,0.057661549,-0.470131579,0.004225126
0.192169262,0.057034654,-0.470764852,0.004253595
0.185339804,0.056382173,-0.471202206,0.004282634
0.178606195,0.055704396,-0.471440911,0.004311395
0.171970486,0.055001622,-0.47145072,0.004339992
0.165434697,0.054274194,-0.471230949,0.004369071
0.15900082,0.053522551,-0.470802025,0.004398452
0.152670815,0.052747082,-0.470145755,0.00442767
0.146446609,0.051948181,-0.469255055,0.004457169
0.1403301,0.051126371,-0.468130736,0.004487138
0.134323149,0.050282084,-0.466750403,0.004517192
0.128427587,0.049415749,-0.465111304,0.004547894
0.12264521,0.048527943,-0.463221908,0.004579179
0.116977778,0.047619078,-0.461027525,0.004610584
0.111427019,0.046689529,-0.45847413,0.004642341
0.105994623,0.045739892,-0.455549737,0.004674505
0.100682245,0.044770717,-0.452217573,0.004706369
0.095491503,0.043782628,-0.448509607,0.004738692
0.090423978,0.042776462,-0.444490125,0.004772541
0.085481214,0.04175269,-0.440047273,0.004807058
0.080664716,0.040711658,-0.435071338,0.004841902
0.075975952,0.039654063,-0.429549005,0.004877471
0.07141635,0.03858047,-0.4233809,0.004912627
0.066987298,0.037491504,-0.416550877,0.004948496
0.062690146,0.036388167,-0.409168469,0.00498662
0.058526204,0.035270994,-0.401045116,0.005025389
0.054496738,0.034140351,-0.392022901,0.005064852
0.050602977,0.032997189,-0.382182732,0.005107345
0.046846106,0.03184194,-0.371224136,0.005150811
0.043227271,0.030674984,-0.358952029,0.005195266
0.039747573,0.02949743,-0.345534868,0.00524472
0.036408073,0.028309641,-0.330495649,0.005295568
0.033209787,0.027111817,-0.313466956,0.005346875
0.03015369,0.025905207,-0.294656722,0.005403908
0.027240712,0.024690118,-0.27333006,0.005459988
0.024471742,0.023466673,-0.248963231,0.005512086
0.021847622,0.022236469,-0.2219659,0.005567105
0.019369152,0.020999616,-0.191122774,0.005610094
0.017037087,0.019755806,-0.155411173,0.005630684
0.014852137,0.018506956,-0.115547386,0.005636813
0.012814968,0.017253056,-0.069645213,0.005618541
0.0109262,0.015993511,-0.015878872,0.005615543
0.009186408,0.014730988,0.044704683,0.005670459
0.007596123,0.013465256,0.114241474,0.005593628
0.00615583,0.012194669,0.19431083,0.00536689
0.004865966,0.010922378,0.283730657,0.005220246
0.003726924,0.009648622,0.383758147,0.005033283
0.002739052,0.00837076,0.494147669,0.004653763
0.001902651,0.007091736,0.610528703,0.004112937
0.001217975,0.005819755,0.727655252,0.003435688
0.000685233,0.004540752,0.838349588,0.002604116
0.000304586,0.003250365,0.933199364,0.001718101
7.62E-05,0.002123855,0.999234124,0.000999736
0,0.001108547,1.028918109,0.000433842
0.985147863,0.007682021,0.217476195,8.21E-05
0.982962913,0.008475356,0.2143462,7.30E-05
0.980630848,0.009317799,0.210871972,6.27E-05
0.978152378,0.010208188,0.207011289,5.08E-05
0.975528258,0.011145273,0.202712901,3.71E-05
0.972759288,0.012127838,0.197960768,1.71E-05
0.96984631,0.013154657,0.19268622,8.10E-06
0.966790213,0.014224546,0.186799666,2.99E-05
0.963591927,0.015336208,0.180277795,5.36E-05
0.960252427,0.016488315,0.173081303,7.98E-05
0.956772729,0.017679449,0.165168363,0.000107791
0.953153894,0.018908102,0.156524241,0.000137778
0.949397023,0.020172662,0.147123243,0.000169523
0.945503262,0.021471496,0.136975034,0.000203639
0.941473796,0.022802933,0.126081695,0.000240563
0.937309854,0.024165429,0.114465123,0.000282298
0.933012702,0.025557449,0.102198493,0.000334001
0.92858365,0.026977341,0.089335208,0.000398767
0.924024048,0.028423383,0.07591755,0.000471569
0.919335284,0.029893742,0.061965653,0.000543104
0.914518786,0.031386756,0.047527244,0.000610023
0.909576022,0.032900677,0.032656288,0.000674577
0.904508497,0.034433912,0.017404895,0.000737102
0.899317755,0.035984618,0.001848325,0.00079884
0.894005377,0.037550848,-0.013924659,0.000859999
0.888572981,0.039130582,-0.029836683,0.000920526
0.883022222,0.040722009,-0.045821428,0.000980935
0.87735479,0.042323583,-0.061826123,0.001041533
0.871572413,0.043933864,-0.077796634,0.001102546
0.865676851,0.045551081,-0.093656204,0.001166288
0.8596699,0.047173138,-0.109358797,0.001233681
0.853553391,0.048797887,-0.124854219,0.001304603
0.847329185,0.050423411,-0.140141631,0.001378349
0.84099918,0.052048193,-0.15526312,0.001454318
0.834565303,0.053670801,-0.170223416,0.001531233
0.828029514,0.055289581,-0.18502849,0.001608246
0.821393805,0.056902584,-0.199626877,0.001683723
0.814660196,0.058507836,-0.213964419,0.001757366
0.807830738,0.060103489,-0.227998562,0.001827951
0.800907512,0.061687908,-0.241708471,0.001895639
0.793892626,0.063259492,-0.255058779,0.001961988
0.786788218,0.064816641,-0.268023127,0.002024886
0.779596452,0.066357587,-0.280582596,0.002085262
0.772319518,0.06788057,-0.292643242,0.002143704
0.764959632,0.069384043,-0.304197125,0.002198737
0.757519037,0.070866841,-0.315259994,0.002251636
0.75,0.072327909,-0.325846778,0.002303446
0.74240481,0.073765585,-0.335870307,0.002354018
0.734735781,0.075176573,-0.344942344,0.002400938
0.72699525,0.076557273,-0.352532823,0.002438264
0.719185573,0.077906089,-0.358531631,0.002463724
0.711309131,0.079228033,-0.363517791,0.002481059
0.703368322,0.080529764,-0.368338821,0.002496443
0.695365564,0.081816964,-0.373550688,0.002513408
0.687303297,0.083091774,-0.379318531,0.002533002
0.679183975,0.084355226,-0.385748843,0.002555812
0.671010072,0.085607752,-0.392874902,0.002582313
0.662784077,0.086848035,-0.400509303,0.002612898
0.654508497,0.088073818,-0.408394946,0.002646495
0.646185852,0.089283219,-0.416413298,0.002679611
0.637818678,0.090475364,-0.424556985,0.002712897
0.629409523,0.091649735,-0.432874213,0.002747943
0.620960948,0.092805652,-0.441385402,0.002784917
0.612475527,0.093942013,-0.450039551,0.002822963
0.603955845,0.095057474,-0.458780827,0.002861044
0.595404498,0.096150841,-0.467604841,0.002899085
0.586824089,0.097221214,-0.476498286,0.002938848
0.578217233,0.098267868,-0.485449129,0.002980297
0.56958655,0.09929001,-0.494508869,0.003021549
0.560934672,0.100286679,-0.503700939,0.003062536
0.552264232,0.101256831,-0.512987111,0.003105231
0.543577871,0.102199437,-0.522332348,0.003150055
0.534878237,0.103113394,-0.531738356,0.003194303
0.526167978,0.103997557,-0.541161991,0.003238776
0.517449748,0.104850898,-0.550577674,0.003284141
0.508726203,0.105672578,-0.560014336,0.003329898
0.5,0.106461908,-0.569521778,0.0033761
0.491273797,0.107218171,-0.57910595,0.003423779
0.482550252,0.10794028,-0.588738228,0.00347193
0.473832022,0.108626991,-0.598362417,0.003519942
0.465121763,0.109277202,-0.607932586,0.003567957
0.456422129,0.10989009,-0.61745071,0.003616309
0.447735768,0.110465042,-0.626965805,0.003665397
0.439065328,0.11100143,-0.63651002,0.003714744
0.43041345,0.111498374,-0.646064437,0.003764544
0.421782767,0.111954875,-0.655589423,0.003814919
0.413175911,0.112370006,-0.665054708,0.003865276
0.404595502,0.112742922,-0.674436435,0.003915437
0.396044155,0.113072854,-0.683728978,0.003966051
0.387524473,0.113359086,-0.692938902,0.004016057
0.379039052,0.113600917,-0.702053332,0.004065425
0.370590477,0.113797668,-0.711043873,0.004115669
0.362181322,0.113948719,-0.719911725,0.004165596
0.353814148,0.114053407,-0.72865505,0.004214407
0.345491503,0.114111088,-0.737231756,0.004263438
0.337215923,0.114121187,-0.74560953,0.004312558
0.328989928,0.114083192,-0.753796946,0.004360194
0.320816025,0.113996652,-0.761805818,0.004407703
0.312696703,0.113861224,-0.769624198,0.004455727
0.304634436,0.11367642,-0.777218308,0.004503435
0.296631678,0.113441738,-0.784546293,0.004550861
0.288690869,0.113156765,-0.791573613,0.004598417
0.280814427,0.112821152,-0.798276885,0.004645392
0.27300475,0.112434625,-0.804634626,0.004692144
0.265264219,0.11199703,-0.810642338,0.004739296
0.25759519,0.111508179,-0.816277657,0.004786541
0.25,0.110967901,-0.821509642,0.00483339
0.242480963,0.11037613,-0.826314957,0.00487963
0.235040368,0.109732849,-0.830675769,0.00492513
0.227680482,0.109038044,-0.83457715,0.004970407
0.220403548,0.108291863,-0.83799192,0.005016056
0.213211782,0.107494337,-0.840887521,0.005061622
0.206107374,0.106645476,-0.8432158,0.005106741
0.199092488,0.105745428,-0.84492387,0.005151412
0.192169262,0.104794441,-0.845981798,0.005194953
0.185339804,0.103792856,-0.846384731,0.005236999
0.178606195,0.102741178,-0.846126344,0.005279199
0.171970486,0.101639817,-0.845188273,0.005321359
0.165434697,0.100489002,-0.843522586,0.005362322
0.15900082,0.09928919,-0.841068025,0.00540261
0.152670815,0.098040831,-0.837735184,0.005441928
0.146446609,0.096744387,-0.833478545,0.005480227
0.1403301,0.095400534,-0.828288522,0.005517348
0.134323149,0.094009949,-0.822117596,0.005552522
0.128427587,0.092573268,-0.814931844,0.005586484
0.12264521,0.091091374,-0.806739049,0.005620338
0.116977778,0.089565027,-0.797462125,0.00565295
0.111427019,0.087994714,-0.786953808,0.005683436
0.105994623,0.086381223,-0.775128976,0.005712113
0.100682245,0.084725429,-0.761906249,0.00573817
0.095491503,0.083028149,-0.747232805,0.005761763
0.090423978,0.081290574,-0.731161131,0.005784326
0.085481214,0.079513791,-0.713599409,0.005804433
0.080664716,0.077698446,-0.694360706,0.005821418
0.075975952,0.075845597,-0.673408504,0.005836582
0.07141635,0.073956295,-0.650603316,0.005848309
0.066987298,0.072031264,-0.625744289,0.005855533
0.062690146,0.070071703,-0.5988401,0.005859478
0.058526204,0.068078768,-0.569743974,0.00585897
0.054496738,0.066053144,-0.538163081,0.005851824
0.050602977,0.06399599,-0.504101441,0.005839718
0.046846106,0.061908632,-0.467408392,0.005820353
0.043227271,0.059791671,-0.427751537,0.005790365
0.039747573,0.05764642,-0.385175927,0.005751419
0.036408073,0.055474223,-0.339549983,0.005701869
0.033209787,0.053275626,-0.290458567,0.005635855
0.03015369,0.051051821,-0.237952183,0.005553579
0.027240712,0.048804265,-0.181994635,0.00545258
0.024471742,0.046533421,-0.122167955,0.00532386
0.021847622,0.044240495,-0.05866408,0.005164352
0.019369152,0.041927066,0.008377229,0.004967788
0.017037087,0.039593399,0.079036242,0.004722235
0.014852137,0.037240462,0.15303625,0.004431909
0.012814968,0.034869816,0.2299694,0.004125708
0.0109262,0.032482078,0.309776564,0.003837947
0.009186408,0.030078353,0.391574081,0.003577689
0.007596123,0.027660313,0.474299561,0.003333698
0.00615583,0.025229129,0.557038841,0.003082908
0.004865966,0.022785691,0.638490594,0.002809629
0.003726924,0.020331603,0.717000505,0.002504391
0.002739052,0.017871053,0.790697683,0.002174347
0.001902651,0.015408574,0.85785252,0.001826094
0.001217975,0.012950833,0.916719366,0.001469573
0.000685233,0.010519134,0.965310839,0.00112027
0.000304586,0.008163332,1.002086616,0.000792608
7.62E-05,0.006052833,1.025709079,0.000513241
0,0.004947948,1.034235465,0.000370145
0.985147863,0.010687047,0.254126409,0.000193043
0.982962913,0.011749144,0.25280384,0.000185705
0.980630848,0.012876838,0.251599284,0.000177799
0.978152378,0.014068811,0.250493131,0.000169012
0.975528258,0.015323772,0.249454025,0.000159405
0.972759288,0.016640182,0.248442666,0.000149985
0.96984631,0.018016354,0.247415642,0.000141362
0.966790213,0.019450477,0.246324908,0.000133149
0.963591927,0.020940764,0.245110172,0.000125073
0.960252427,0.022485541,0.243691828,0.00011773
0.956772729,0.024083067,0.241966049,0.000111797
0.953153894,0.025731466,0.239824579,0.000107591
0.949397023,0.027428696,0.237184992,0.000103591
0.945503262,0.029172703,0.234005348,9.75E-05
0.941473796,0.030961445,0.230233913,8.79E-05
0.937309854,0.032792904,0.225761089,7.48E-05
0.933012702,0.034665156,0.220466761,5.74E-05
0.92858365,0.036576019,0.214244955,3.61E-05
0.924024048,0.038523322,0.207029015,1.33E-05
0.919335284,0.040504826,0.198745053,3.04E-05
0.914518786,0.042518391,0.189309031,6.75E-05
0.909576022,0.044561837,0.178686911,0.000107531
0.904508497,0.046633026,0.166860966,0.000149843
0.899317755,0.048729729,0.153851499,0.00019523
0.894005377,0.050849572,0.139700908,0.000245744
0.888572981,0.052990219,0.124479641,0.00030706
0.883022222,0.055149454,0.10833021,0.000388826
0.87735479,0.057325188,0.091353475,0.000486587
0.871572413,0.059515329,0.073590369,0.000582891
0.865676851,0.061717754,0.055123142,0.000673495
0.8596699,0.063930148,0.036067008,0.000762033
0.853553391,0.066150249,0.016558198,0.00084994
0.847329185,0.068375769,-0.003302762,0.000937299
0.84099918,0.070604475,-0.02340459,0.001023479
0.834565303,0.072834115,-0.043642323,0.001108149
0.828029514,0.075062549,-0.063935999,0.001190957
0.821393805,0.07728778,-0.084205296,0.001271687
0.814660196,0.079507817,-0.104375034,0.001350442
0.807830738,0.081720669,-0.124390745,0.001425851
0.800907512,0.083924256,-0.144207952,0.00149845
0.793892626,0.086116545,-0.163751093,0.001568321
0.786788218,0.088295366,-0.182976309,0.001634398
0.779596452,0.090458446,-0.201802221,0.001696768
0.772319518,0.092603449,-0.22013336,0.001754556
0.764959632,0.094728561,-0.237940991,0.001808168
0.757519037,0.096832768,-0.255244533,0.001858735
0.75,0.09891514,-0.272093336,0.001907719
0.74240481,0.100973485,-0.288319713,0.001956628
0.734735781,0.103002711,-0.303394499,0.002000628
0.72699525,0.104997302,-0.316624854,0.002033136
0.719185573,0.106955841,-0.327930982,0.002053195
0.711309131,0.108888037,-0.338314077,0.002066735
0.703368322,0.110806867,-0.34914211,0.002086416
0.695365564,0.112720975,-0.361191636,0.002119928
0.687303297,0.114629796,-0.374393493,0.002164807
0.679183975,0.116527906,-0.388309495,0.00221541
0.671010072,0.118411312,-0.402615965,0.002269387
0.662784077,0.120277349,-0.417153633,0.002326105
0.654508497,0.122124052,-0.431835368,0.002383984
0.646185852,0.123949558,-0.446638199,0.002441222
0.637818678,0.125752508,-0.461578669,0.002497683
0.629409523,0.12753181,-0.47668714,0.002554484
0.620960948,0.129286213,-0.49197449,0.002612711
0.612475527,0.13101416,-0.507412287,0.002672229
0.603955845,0.132713914,-0.52295675,0.002731297
0.595404498,0.134383877,-0.5385896,0.002789935
0.586824089,0.136022697,-0.554329171,0.002849074
0.578217233,0.137629203,-0.570205908,0.002908979
0.56958655,0.139202178,-0.58623623,0.002969398
0.560934672,0.140740118,-0.602409847,0.003031085
0.552264232,0.1422414,-0.618670754,0.003094484
0.543577871,0.143704445,-0.635011871,0.00315867
0.534878237,0.145127799,-0.651449904,0.003223272
0.526167978,0.146510115,-0.66797234,0.003289209
0.517449748,0.147850065,-0.684561179,0.003355865
0.508726203,0.14914626,-0.701264176,0.003421846
0.5,0.150397326,-0.718078611,0.003488111
0.491273797,0.151601892,-0.734960461,0.003556172
0.482550252,0.152758513,-0.751909623,0.003624843
0.473832022,0.153865703,-0.768910777,0.003694235
0.465121763,0.154922021,-0.785915359,0.003764801
0.456422129,0.155926105,-0.802903943,0.003835787
0.447735768,0.156876656,-0.819904205,0.003905862
0.439065328,0.157772408,-0.836892219,0.003976612
0.43041345,0.158612099,-0.853847015,0.004048214
0.421782767,0.159394495,-0.870766113,0.004120039
0.413175911,0.160118387,-0.887643932,0.004191715
0.404595502,0.160782526,-0.904435901,0.00426303
0.396044155,0.161385611,-0.921100547,0.004334191
0.387524473,0.161926431,-0.937594559,0.004405518
0.379039052,0.162403903,-0.953892558,0.004477001
0.370590477,0.162817016,-0.970013925,0.004548177
0.362181322,0.163164895,-0.985952137,0.004619336
0.353814148,0.163446487,-1.00164817,0.004690757
0.345491503,0.16366064,-1.017025588,0.004762124
0.337215923,0.163806357,-1.032035325,0.004832764
0.328989928,0.163882736,-1.046629133,0.004903198
0.320816025,0.163889032,-1.060788901,0.004973955
0.312696703,0.163824595,-1.074501259,0.005045262
0.304634436,0.163688751,-1.087728976,0.005116907
0.296631678,0.163480741,-1.100428567,0.005187714
0.288690869,0.163199935,-1.112538425,0.005257562
0.280814427,0.162845747,-1.123977915,0.005327642
0.27300475,0.162417616,-1.134682384,0.005398643
0.265264219,0.161915141,-1.144642957,0.005468537
0.25759519,0.161337898,-1.153791438,0.005536878
0.25,0.16068552,-1.162024051,0.005604575
0.242480963,0.15995774,-1.169243266,0.005671744
0.235040368,0.159154379,-1.175394305,0.005736987
0.227680482,0.15827532,-1.180487866,0.005800748
0.220403548,0.15732062,-1.184514314,0.00586368
0.213211782,0.156290327,-1.187398704,0.005925469
0.206107374,0.155184428,-1.189011056,0.005985574
0.199092488,0.154003013,-1.189224493,0.006044218
0.192169262,0.152746315,-1.187984901,0.006100582
0.185339804,0.151414468,-1.185254157,0.006154225
0.178606195,0.150007783,-1.180940414,0.00620489
0.171970486,0.148526745,-1.174947779,0.006252358
0.165434697,0.146971862,-1.167266997,0.006296785
0.15900082,0.14534386,-1.157925813,0.00633862
0.152670815,0.143643441,-1.146836195,0.006377956
0.146446609,0.141870994,-1.133809617,0.006414131
0.1403301,0.140026986,-1.11868371,0.006445675
0.134323149,0.138112164,-1.101385996,0.00647109
0.128427587,0.136127465,-1.081931505,0.006490715
0.12264521,0.134074092,-1.0604016,0.006507159
0.116977778,0.131953288,-1.036775641,0.006520328
0.111427019,0.129765807,-1.010910831,0.00652711
0.105994623,0.127512494,-0.982679998,0.006526902
0.100682245,0.125194375,-0.951976073,0.006520266
0.095491503,0.122812493,-0.918728969,0.006506526
0.090423978,0.120368075,-0.882940946,0.006485224
0.085481214,0.117862525,-0.844609038,0.006455853
0.080664716,0.11529711,-0.803692962,0.006417039
0.075975952,0.112673177,-0.760222617,0.006369432
0.07141635,0.109992302,-0.714216979,0.00631325
0.066987298,0.107255707,-0.665597852,0.006246643
0.062690146,0.104464634,-0.614350896,0.006169112
0.058526204,0.101620632,-0.560504154,0.006080527
0.054496738,0.098725016,-0.504042147,0.005979078
0.050602977,0.095779169,-0.445040214,0.005863857
0.046846106,0.092784768,-0.38361726,0.005734954
0.043227271,0.089743203,-0.319772085,0.005590771
0.039747573,0.086655833,-0.253594964,0.005430273
0.036408073,0.083524312,-0.185360204,0.005253741
0.033209787,0.080350165,-0.115281544,0.005061176
0.03015369,0.077134896,-0.043492278,0.004852704
0.027240712,0.073880241,0.029719859,0.00462871
0.024471742,0.070587714,0.104016501,0.004388664
0.021847622,0.067258611,0.179115915,0.004131326
0.019369152,0.06389435,0.254622634,0.003856652
0.017037087,0.060496702,0.330027223,0.003568713
0.014852137,0.057067526,0.404794097,0.003274116
0.012814968,0.053608544,0.478363312,0.002981149
0.0109262,0.050121866,0.550127242,0.0026956
0.009186408,0.046609539,0.619443746,0.002420236
0.007596123,0.043073187,0.685737519,0.002158559
0.00615583,0.039515969,0.748305792,0.001912171
0.004865966,0.035942646,0.806351024,0.00167583
0.003726924,0.032358013,0.859240086,0.001449007
0.002739052,0.028770343,0.906357809,0.001230386
0.001902651,0.025194336,0.946989187,0.001017783
0.001217975,0.021653067,0.980724607,0.00081177
0.000685233,0.018196265,1.007127592,0.000615789
0.000304586,0.014950961,1.025851689,0.0004377
7.62E-05,0.012268959,1.036823925,0.000295094
0,0.011086385,1.040354802,0.000233393
0.985147863,0.00450332,0.114558868,0.000185381
0.982962913,0.005002431,0.109880212,0.000200481
0.980630848,0.005533286,0.104908624,0.000216587
0.978152378,0.006095467,0.099620507,0.000233614
0.975528258,0.006688651,0.093999128,0.000252023
0.972759288,0.007312457,0.08803588,0.000272124
0.96984631,0.007966241,0.081747998,0.000294335
0.966790213,0.008649295,0.075167147,0.000318637
0.963591927,0.009360889,0.06833355,0.000345473
0.960252427,0.010100383,0.061257854,0.000374744
0.956772729,0.010867133,0.053960144,0.000406585
0.953153894,0.011660522,0.046421139,0.000440053
0.949397023,0.012479893,0.038633947,0.000474393
0.945503262,0.013324587,0.03060189,0.000508555
0.941473796,0.014193948,0.022387669,0.000542245
0.937309854,0.015087173,0.014086158,0.000575619
0.933012702,0.016003464,0.005792191,0.000610396
0.92858365,0.016941991,-0.002473137,0.000647374
0.924024048,0.017901973,-0.010774719,0.000687278
0.919335284,0.018882623,-0.019132953,0.000730078
0.914518786,0.019883142,-0.027580232,0.000774806
0.909576022,0.020902702,-0.036124618,0.000821399
0.904508497,0.021940494,-0.044752711,0.000868852
0.899317755,0.022995672,-0.053443119,0.000916963
0.894005377,0.024067413,-0.062200676,0.000965565
0.888572981,0.025154861,-0.071001151,0.001014246
0.883022222,0.026257171,-0.07982525,0.001062982
0.87735479,0.027373413,-0.0886797,0.001111525
0.871572413,0.02850269,-0.097538834,0.001159733
0.865676851,0.029644081,-0.106389335,0.001207452
0.8596699,0.030796758,-0.115229859,0.001254411
0.853553391,0.031959894,-0.124069725,0.001300379
0.847329185,0.033132599,-0.132889237,0.001345642
0.84099918,0.034313908,-0.141674581,0.001389964
0.834565303,0.035502803,-0.150435975,0.001433569
0.828029514,0.036698367,-0.159129859,0.001475969
0.821393805,0.037899766,-0.167780707,0.001517314
0.814660196,0.039106212,-0.176400485,0.001558135
0.807830738,0.040316877,-0.18498378,0.001598535
0.800907512,0.041530856,-0.193537245,0.001638235
0.793892626,0.042747209,-0.202043418,0.001677434
0.786788218,0.043965015,-0.210504116,0.001716398
0.779596452,0.045183296,-0.218923004,0.001754933
0.772319518,0.046401093,-0.227272152,0.001792895
0.764959632,0.047617517,-0.235551467,0.001831282
0.757519037,0.048831888,-0.243797284,0.001869084
0.75,0.050043523,-0.252028137,0.001906378
0.74240481,0.051251657,-0.260257789,0.001943653
0.734735781,0.052455194,-0.26847321,0.001980983
0.72699525,0.053653041,-0.276621718,0.002018811
0.719185573,0.054844217,-0.284695193,0.002056605
0.711309131,0.05602802,-0.292715394,0.002094449
0.703368322,0.057203798,-0.300720827,0.002131766
0.695365564,0.058370837,-0.308726271,0.002169207
0.687303297,0.059528269,-0.316714152,0.002206619
0.679183975,0.060675242,-0.324686358,0.002244434
0.671010072,0.061810884,-0.33264451,0.002282624
0.662784077,0.062934286,-0.340579588,0.002320767
0.654508497,0.064044541,-0.348465533,0.002359233
0.646185852,0.065140845,-0.356300151,0.002397981
0.637818678,0.066222536,-0.364121863,0.002436446
0.629409523,0.067289002,-0.371950727,0.002475479
0.620960948,0.068339542,-0.379795879,0.002514933
0.612475527,0.069373266,-0.387631895,0.00255457
0.603955845,0.070389237,-0.395428188,0.002594239
0.595404498,0.071386682,-0.403191822,0.002633942
0.586824089,0.072365012,-0.410959516,0.002673652
0.578217233,0.073323712,-0.418751433,0.00271378
0.56958655,0.074262169,-0.426555649,0.002755031
0.560934672,0.075179522,-0.434368198,0.002796628
0.552264232,0.076074902,-0.442179926,0.002838261
0.543577871,0.076947565,-0.449974727,0.002879957
0.534878237,0.077796913,-0.457764394,0.002921614
0.526167978,0.078622419,-0.465567338,0.002963896
0.517449748,0.079423532,-0.473383626,0.00300759
0.508726203,0.080199615,-0.481229777,0.003051044
0.5,0.080950034,-0.489105392,0.003094268
0.491273797,0.081674181,-0.497012186,0.003138237
0.482550252,0.082371467,-0.504953377,0.003182711
0.473832022,0.08304132,-0.512926071,0.003227046
0.465121763,0.083683201,-0.520929661,0.003271746
0.456422129,0.084296579,-0.528983237,0.003316975
0.447735768,0.084880973,-0.537097741,0.003362487
0.439065328,0.085435924,-0.545279562,0.003408398
0.43041345,0.085961004,-0.553542626,0.003454819
0.421782767,0.086455822,-0.561914722,0.003501502
0.413175911,0.086919979,-0.570424453,0.003548316
0.404595502,0.087353007,-0.579070995,0.003595807
0.396044155,0.087754433,-0.587849793,0.003643924
0.387524473,0.088123918,-0.59680716,0.003691728
0.379039052,0.088461298,-0.606041092,0.003739706
0.370590477,0.088766501,-0.615657414,0.003790227
0.362181322,0.089039248,-0.625690371,0.003843869
0.353814148,0.08927858,-0.63601352,0.003896448
0.345491503,0.089483267,-0.646484576,0.003945072
0.337215923,0.08965344,-0.657330983,0.003990532
0.328989928,0.089791218,-0.669673035,0.004042175
0.320816025,0.089900029,-0.68499393,0.004114379
0.312696703,0.089979729,-0.703631141,0.00421274
0.304634436,0.090019871,-0.724053593,0.004326686
0.296631678,0.090007728,-0.744100353,0.004442784
0.288690869,0.089932825,-0.762261651,0.004555291
0.280814427,0.089789636,-0.777830837,0.004661615
0.27300475,0.089574623,-0.790365212,0.004756634
0.265264219,0.089285337,-0.799671977,0.00483663
0.25759519,0.088922604,-0.806147614,0.004904119
0.25,0.088489169,-0.810508893,0.004963852
0.242480963,0.087987524,-0.813334119,0.005019327
0.235040368,0.087419211,-0.814824151,0.005069672
0.227680482,0.086785343,-0.814813835,0.005115703
0.220403548,0.086087116,-0.813297298,0.005158308
0.213211782,0.085326078,-0.810416069,0.005195975
0.206107374,0.084504005,-0.806267655,0.005229219
0.199092488,0.083622782,-0.800935205,0.005259907
0.192169262,0.082684163,-0.794462999,0.005287754
0.185339804,0.081689715,-0.786836591,0.005312466
0.178606195,0.080641112,-0.77805287,0.005334147
0.171970486,0.079540168,-0.768119629,0.005352178
0.165434697,0.078388821,-0.757098613,0.005367357
0.15900082,0.077189133,-0.745073881,0.005380249
0.152670815,0.075943161,-0.732075359,0.005390575
0.146446609,0.074652824,-0.718113226,0.005398797
0.1403301,0.073320126,-0.703218418,0.005404821
0.134323149,0.071947137,-0.68740862,0.005408283
0.128427587,0.070535793,-0.670661476,0.005409247
0.12264521,0.069088122,-0.652995751,0.005408047
0.116977778,0.067606248,-0.634427926,0.005404822
0.111427019,0.066092187,-0.614925185,0.005399476
0.105994623,0.064548037,-0.59451395,0.005392052
0.100682245,0.062976025,-0.573233268,0.00538221
0.095491503,0.061378238,-0.5510389,0.005369926
0.090423978,0.059756781,-0.527940005,0.00535568
0.085481214,0.058113963,-0.504002722,0.005340096
0.080664716,0.056451865,-0.479149413,0.005322372
0.075975952,0.054772495,-0.453347153,0.005302203
0.07141635,0.053078157,-0.42668094,0.005280908
0.066987298,0.051370878,-0.399033036,0.005257704
0.062690146,0.049652495,-0.370278172,0.005231536
0.058526204,0.047925249,-0.3404866,0.005203546
0.054496738,0.046191238,-0.309561865,0.005172643
0.050602977,0.044452345,-0.277361765,0.00513775
0.046846106,0.042710953,-0.244065971,0.005101343
0.043227271,0.040969184,-0.209572768,0.005062573
0.039747573,0.039228493,-0.173490698,0.005017367
0.036408073,0.037491006,-0.13595311,0.004967759
0.033209787,0.035758854,-0.096827642,0.004912789
0.03015369,0.034033365,-0.055676653,0.004846084
0.027240712,0.032316748,-0.012634684,0.00476854
0.024471742,0.030611369,0.032237898,0.004677863
0.021847622,0.0289181,0.079785651,0.004557116
0.019369152,0.02723897,0.129743512,0.004394923
0.017037087,0.025576617,0.181764436,0.004194253
0.014852137,0.023931592,0.237182417,0.003985673
0.012814968,0.022305866,0.295979587,0.00384283
0.0109262,0.020702862,0.357843299,0.003764192
0.009186408,0.019122801,0.423804037,0.003689878
0.007596123,0.017567569,0.493448009,0.003598457
0.00615583,0.016042255,0.565338184,0.003480704
0.004865966,0.014547851,0.639959903,0.003286631
0.003726924,0.013087141,0.716385018,0.002997528
0.002739052,0.011669616,0.791549382,0.002631621
0.001902651,0.010303358,0.863255104,0.002195925
0.001217975,0.009000375,0.928090639,0.001709082
0.000685233,0.007791834,0.980144952,0.001193067
0.000304586,0.00674057,1.015357074,0.000740816
7.62E-05,0.005968011,1.03288827,0.000395366
0,0.005669108,1.037454536,0.000256085
0.985147863,0.007401646,0.239522761,8.65E-05
0.982962913,0.008161888,0.235236115,0.000102155
0.980630848,0.008970611,0.230582091,0.000118645
0.978152378,0.009827063,0.225542762,0.000135933
0.975528258,0.01073048,0.220102187,0.000154369
0.972759288,0.011680157,0.21422598,0.000173568
0.96984631,0.012675255,0.207918496,0.000194459
0.966790213,0.013715014,0.201146589,0.000216538
0.963591927,0.014798565,0.19391369,0.00024084
0.960252427,0.015924803,0.186215831,0.000267706
0.956772729,0.017092643,0.17805414,0.000297916
0.953153894,0.018300954,0.169451606,0.000333359
0.949397023,0.019548681,0.16042627,0.000375106
0.945503262,0.020834822,0.150980998,0.000422309
0.941473796,0.022158293,0.14112873,0.000472054
0.937309854,0.02351808,0.130861821,0.000521624
0.933012702,0.024913099,0.120212394,0.000570517
0.92858365,0.02634223,0.109179305,0.000618577
0.924024048,0.02780424,0.097801619,0.00066676
0.919335284,0.029297845,0.086105767,0.000714845
0.914518786,0.030821825,0.074105936,0.00076315
0.909576022,0.032375025,0.061843023,0.000811211
0.904508497,0.033956269,0.049319522,0.000859295
0.899317755,0.035564313,0.036564794,0.000907627
0.894005377,0.037197766,0.023618924,0.000955432
0.888572981,0.038855212,0.010515421,0.001002633
0.883022222,0.040535391,-0.002743661,0.001049114
0.87735479,0.042237176,-0.016120383,0.001094634
0.871572413,0.043959435,-0.029625012,0.001139066
0.865676851,0.04570092,-0.043231687,0.001183145
0.8596699,0.047460146,-0.056922355,0.001226242
0.853553391,0.049235681,-0.070653845,0.001266928
0.847329185,0.051026145,-0.084432481,0.001306429
0.84099918,0.052830422,-0.098240322,0.001344595
0.834565303,0.054647367,-0.112091959,0.001381528
0.828029514,0.056475719,-0.125994116,0.001417107
0.821393805,0.058314051,-0.139903697,0.001450916
0.814660196,0.060160922,-0.153813926,0.00148333
0.807830738,0.062014983,-0.167735616,0.001513298
0.800907512,0.063874958,-0.181666775,0.001541571
0.793892626,0.06573956,-0.195591219,0.001569921
0.786788218,0.067607568,-0.209485166,0.001597399
0.779596452,0.069477774,-0.223356762,0.00162477
0.772319518,0.071348982,-0.23716381,0.001654118
0.764959632,0.073219861,-0.250906045,0.001685684
0.757519037,0.075088913,-0.264577688,0.001721043
0.75,0.076954678,-0.27814012,0.001760923
0.74240481,0.07881588,-0.291622,0.001804545
0.734735781,0.080671443,-0.305071015,0.001852182
0.72699525,0.08252031,-0.318525789,0.001904007
0.719185573,0.084361256,-0.332010176,0.001958686
0.711309131,0.086192822,-0.345526654,0.002014081
0.703368322,0.088013556,-0.359069568,0.002070616
0.695365564,0.089822164,-0.372634573,0.002127181
0.687303297,0.091617475,-0.386234893,0.002182877
0.679183975,0.093398345,-0.399872368,0.002238578
0.671010072,0.095163597,-0.413553503,0.002294083
0.662784077,0.096911998,-0.427277057,0.002348568
0.654508497,0.098642323,-0.441036266,0.00240239
0.646185852,0.100353356,-0.454842357,0.002456286
0.637818678,0.102043811,-0.468692609,0.002510615
0.629409523,0.103712454,-0.482570679,0.002565224
0.620960948,0.105358049,-0.496485655,0.002619696
0.612475527,0.106979349,-0.510439499,0.002673987
0.603955845,0.108575131,-0.52442109,0.002728268
0.595404498,0.110144193,-0.538427387,0.00278282
0.586824089,0.111685355,-0.552468415,0.002838198
0.578217233,0.113197503,-0.566548765,0.002894751
0.56958655,0.114679488,-0.580680353,0.002951387
0.560934672,0.116130155,-0.594870359,0.003008655
0.552264232,0.117548381,-0.609101768,0.003066946
0.543577871,0.118933027,-0.623367372,0.003125125
0.534878237,0.120282886,-0.63769596,0.003182464
0.526167978,0.12159679,-0.652072614,0.003240665
0.517449748,0.122873678,-0.666465015,0.003299936
0.508726203,0.124112614,-0.68090655,0.003359862
0.5,0.125312717,-0.695453177,0.003420217
0.491273797,0.126472982,-0.710103817,0.00348094
0.482550252,0.127592153,-0.724817302,0.003542216
0.473832022,0.128669054,-0.739563003,0.003603915
0.465121763,0.129702605,-0.754336732,0.003665711
0.456422129,0.130691873,-0.769152178,0.00372762
0.447735768,0.131636046,-0.78402878,0.003789909
0.439065328,0.132534274,-0.798985847,0.003852248
0.43041345,0.133385661,-0.814027175,0.003914712
0.421782767,0.13418936,-0.829159798,0.003977752
0.413175911,0.134944544,-0.844394985,0.004041132
0.404595502,0.135650362,-0.859738947,0.004103961
0.396044155,0.136305985,-0.875196886,0.004166517
0.387524473,0.136910721,-0.890808594,0.004229184
0.379039052,0.137463989,-0.906665086,0.004292594
0.370590477,0.137965291,-0.922869334,0.004357509
0.362181322,0.138413949,-0.939423476,0.004423944
0.353814148,0.138808628,-0.956123864,0.004490024
0.345491503,0.139147798,-0.972808986,0.004552963
0.337215923,0.139431272,-0.989809863,0.004613098
0.328989928,0.139660678,-1.008296781,0.004679579
0.320816025,0.139838403,-1.029732014,0.004767232
0.312696703,0.139964125,-1.054357398,0.004881792
0.304634436,0.140028647,-1.080488335,0.005012402
0.296631678,0.140020709,-1.105915204,0.005145297
0.288690869,0.139931679,-1.129120024,0.005273297
0.280814427,0.139756723,-1.149404354,0.005394652
0.27300475,0.139493381,-1.166340338,0.005506477
0.265264219,0.139139336,-1.179703564,0.005604275
0.25759519,0.138695094,-1.189824086,0.005689937
0.25,0.138162631,-1.197256273,0.005767165
0.242480963,0.137544048,-1.202546337,0.005838344
0.235040368,0.136840997,-1.206048417,0.005904483
0.227680482,0.136054632,-1.207762294,0.005965958
0.220403548,0.135186166,-1.207518777,0.006023342
0.213211782,0.13423694,-1.20542707,0.00607659
0.206107374,0.133208333,-1.201582857,0.006124893
0.199092488,0.132101812,-1.195955092,0.00616873
0.192169262,0.130918997,-1.188544958,0.006208162
0.185339804,0.129661572,-1.179430607,0.006242553
0.178606195,0.128331287,-1.168689829,0.006272674
0.171970486,0.126930043,-1.156383161,0.006299782
0.165434697,0.125459607,-1.142509306,0.006323607
0.15900082,0.123921653,-1.127070938,0.006343135
0.152670815,0.122318029,-1.110073993,0.006358959
0.146446609,0.120650578,-1.091500573,0.006370845
0.1403301,0.118921085,-1.071317952,0.006378701
0.134323149,0.11713149,-1.049545923,0.006382319
0.128427587,0.115283857,-1.026201809,0.006381538
0.12264521,0.113380275,-1.001302215,0.006376376
0.116977778,0.111422959,-0.974977635,0.00636787
0.111427019,0.109414265,-0.947315487,0.006356759
0.105994623,0.107356103,-0.91819523,0.006341725
0.100682245,0.105250278,-0.887498359,0.006321939
0.095491503,0.103098885,-0.85520129,0.006297507
0.090423978,0.100904115,-0.821263767,0.006268019
0.085481214,0.098668232,-0.785750405,0.006232868
0.080664716,0.09639383,-0.748846579,0.006194177
0.075975952,0.094083363,-0.710529958,0.006151961
0.07141635,0.091738744,-0.670634903,0.006103479
0.066987298,0.089362209,-0.629167417,0.00605037
0.062690146,0.086956183,-0.586133221,0.005992198
0.058526204,0.084522746,-0.541376132,0.005926929
0.054496738,0.08206421,-0.494947335,0.005854411
0.050602977,0.079583324,-0.446974472,0.005776413
0.046846106,0.077082274,-0.397275757,0.005690144
0.043227271,0.074563253,-0.345791282,0.005594345
0.039747573,0.072029134,-0.292736352,0.005491598
0.036408073,0.069482315,-0.237976481,0.005379094
0.033209787,0.066924792,-0.181285168,0.005252567
0.03015369,0.064359397,-0.122884205,0.005113389
0.027240712,0.061789049,-0.062844713,0.004960534
0.024471742,0.059215949,-0.000975969,0.004788947
0.021847622,0.056643228,0.062505269,0.004598844
0.019369152,0.054074665,0.127272931,0.004391402
0.017037087,0.051513132,0.193396682,0.004161147
0.014852137,0.0489623,0.260659106,0.003905345
0.012814968,0.046427298,0.328341995,0.003635102
0.0109262,0.04391267,0.396354282,0.003370563
0.009186408,0.041423531,0.464535643,0.00312982
0.007596123,0.03896752,0.532004907,0.002919725
0.00615583,0.036554325,0.598027305,0.002720021
0.004865966,0.034195744,0.661710802,0.002520274
0.003726924,0.031908607,0.722011977,0.002318586
0.002739052,0.029716971,0.777663879,0.002109603
0.001902651,0.027654196,0.82748134,0.001896112
0.001217975,0.025768063,0.870315741,0.001687063
0.000685233,0.024127219,0.905001027,0.001495806
0.000304586,0.022825352,0.930538224,0.00133906
7.62E-05,0.021974979,0.946154665,0.001234915
0,0.02167743,0.951403745,0.001198258
0.985147863,0.010375239,0.24376962,0.000211127
0.982962913,0.011402875,0.242157386,0.000205673
0.980630848,0.012496272,0.240633016,0.000199155
0.978152378,0.013654345,0.239200254,0.000192147
0.975528258,0.014875835,0.237855973,0.000184857
0.972759288,0.01615954,0.236576913,0.000177015
0.96984631,0.017504296,0.235339118,0.000168849
0.966790213,0.018908933,0.234116089,0.000160725
0.963591927,0.020372239,0.232887492,0.000152717
0.960252427,0.021892908,0.231635958,0.00014429
0.956772729,0.023469554,0.230343405,0.000135125
0.953153894,0.025100807,0.228977485,0.000125252
0.949397023,0.026785229,0.227480493,0.000115246
0.945503262,0.02852141,0.225763059,0.000105943
0.941473796,0.030307876,0.223715808,9.82E-05
0.937309854,0.0321431,0.221235065,9.18E-05
0.933012702,0.034025615,0.218249243,8.56E-05
0.92858365,0.035953841,0.214723149,7.86E-05
0.924024048,0.037926152,0.210632703,6.95E-05
0.919335284,0.039940837,0.2059324,5.77E-05
0.914518786,0.04199626,0.200564162,4.22E-05
0.909576022,0.04409071,0.194454811,2.28E-05
0.904508497,0.04622255,0.187532555,9.44E-06
0.899317755,0.048390114,0.179761275,3.20E-05
0.894005377,0.050591821,0.171094697,6.67E-05
0.888572981,0.052826055,0.161489895,0.000102812
0.883022222,0.055091139,0.150930667,0.000140133
0.87735479,0.057385339,0.13941366,0.000178864
0.871572413,0.05970693,0.126961375,0.000219814
0.865676851,0.062054114,0.11360241,0.000264573
0.8596699,0.064425121,0.099390113,0.000316874
0.853553391,0.066818161,0.084406573,0.000381823
0.847329185,0.069231526,0.06872933,0.000458488
0.84099918,0.071663593,0.052395085,0.000537773
0.834565303,0.074112716,0.035450558,0.000614219
0.828029514,0.076577222,0.017948667,0.000688625
0.821393805,0.079055333,-3.65E-05,0.000762266
0.814660196,0.081545395,-0.018428883,0.00083546
0.807830738,0.084045558,-0.037179336,0.00090827
0.800907512,0.086553966,-0.056229091,0.000980632
0.793892626,0.089068804,-0.075518074,0.001052305
0.786788218,0.091588383,-0.094997243,0.001122632
0.779596452,0.094111204,-0.114660462,0.001191165
0.772319518,0.096635706,-0.134467963,0.001258133
0.764959632,0.099160164,-0.154389738,0.00132352
0.757519037,0.101682737,-0.174416747,0.001387446
0.75,0.104201647,-0.19451036,0.001449604
0.74240481,0.10671517,-0.214655627,0.001509406
0.734735781,0.109221685,-0.234856442,0.001567152
0.72699525,0.111719548,-0.255111059,0.001623336
0.719185573,0.114207047,-0.275397068,0.001678599
0.711309131,0.116682502,-0.295723353,0.001731889
0.703368322,0.119144216,-0.31608465,0.001783398
0.695365564,0.121590512,-0.33648791,0.001834155
0.687303297,0.12401978,-0.356917976,0.001884998
0.679183975,0.126430391,-0.377355921,0.001936679
0.671010072,0.128820678,-0.397801679,0.001989795
0.662784077,0.131189004,-0.418244812,0.002045669
0.654508497,0.133533725,-0.438661782,0.002106193
0.646185852,0.135853082,-0.459074008,0.00217127
0.637818678,0.138145331,-0.479504122,0.002240502
0.629409523,0.140408781,-0.499977855,0.002313513
0.620960948,0.142641812,-0.520519686,0.002389549
0.612475527,0.144842937,-0.541175385,0.002466907
0.603955845,0.147010696,-0.561997275,0.002543983
0.595404498,0.14914338,-0.58297419,0.002621288
0.586824089,0.15123917,-0.604039672,0.002699651
0.578217233,0.153296303,-0.625175307,0.002777623
0.56958655,0.155313218,-0.646408744,0.002854777
0.560934672,0.157288543,-0.667770449,0.002932048
0.552264232,0.159220905,-0.689268789,0.003009185
0.543577871,0.161108693,-0.710900157,0.003086895
0.534878237,0.162950153,-0.732632015,0.003165547
0.526167978,0.164743558,-0.754433421,0.003244745
0.517449748,0.166487307,-0.776297643,0.003324257
0.508726203,0.16817995,-0.798235362,0.003404733
0.5,0.169820112,-0.820258131,0.003484797
0.491273797,0.171406399,-0.842371952,0.003564862
0.482550252,0.172937442,-0.864598001,0.003645929
0.473832022,0.174411919,-0.886965879,0.003727555
0.465121763,0.175828366,-0.909443694,0.003809646
0.456422129,0.177185157,-0.931964271,0.00389211
0.447735768,0.178480708,-0.954486506,0.003974479
0.439065328,0.179713669,-0.977019504,0.004056677
0.43041345,0.180882966,-0.999600232,0.004140018
0.421782767,0.181987662,-1.022278449,0.004223778
0.413175911,0.183026566,-1.045057911,0.004307351
0.404595502,0.183998239,-1.067880787,0.004391069
0.396044155,0.184901285,-1.090671665,0.004475217
0.387524473,0.18573457,-1.113449673,0.004559086
0.379039052,0.186497237,-1.136316498,0.004643899
0.370590477,0.187188546,-1.159363474,0.004731327
0.362181322,0.18780755,-1.182550352,0.004820595
0.353814148,0.188352646,-1.205631637,0.004908721
0.345491503,0.188822146,-1.228415278,0.004993423
0.337215923,0.189215394,-1.251267394,0.005076755
0.328989928,0.189533474,-1.275293554,0.005167215
0.320816025,0.189778409,-1.301697676,0.005277225
0.312696703,0.189948531,-1.330432277,0.005409477
0.304634436,0.190037188,-1.36001291,0.005554958
0.296631678,0.190034994,-1.388314341,0.005700274
0.288690869,0.189934659,-1.413918804,0.005839265
0.280814427,0.189733157,-1.436292648,0.005971041
0.27300475,0.18942884,-1.455159451,0.0060936
0.265264219,0.189020549,-1.470377797,0.006203988
0.25759519,0.188508437,-1.482124926,0.006302123
0.25,0.187894114,-1.490790849,0.006391329
0.242480963,0.187179412,-1.49700411,0.006476151
0.235040368,0.186365784,-1.501101361,0.006556304
0.227680482,0.185454281,-1.502881769,0.006628652
0.220403548,0.184445886,-1.502044575,0.006695883
0.213211782,0.183341721,-1.498831811,0.006759186
0.206107374,0.18214314,-1.493339704,0.006816372
0.199092488,0.180851685,-1.485527969,0.006867028
0.192169262,0.179469,-1.475454649,0.006912953
0.185339804,0.177996719,-1.463200937,0.006952826
0.178606195,0.17643626,-1.448711743,0.006987315
0.171970486,0.174789184,-1.431969093,0.007016923
0.165434697,0.173057182,-1.412985178,0.007040997
0.15900082,0.171241976,-1.391790521,0.007059071
0.152670815,0.169345379,-1.368455712,0.007071815
0.146446609,0.167369353,-1.34304057,0.0070795
0.1403301,0.165315749,-1.315509095,0.007081147
0.134323149,0.163186229,-1.285812397,0.007076839
0.128427587,0.160982624,-1.253933111,0.007066491
0.12264521,0.158706933,-1.219872407,0.007049316
0.116977778,0.15636122,-1.18367686,0.007024858
0.111427019,0.153947726,-1.145462063,0.006993936
0.105994623,0.151468827,-1.105329547,0.006957229
0.100682245,0.148926719,-1.063272934,0.006913521
0.095491503,0.146323416,-1.019257533,0.006862776
0.090423978,0.143661215,-0.973339066,0.006805555
0.085481214,0.140942462,-0.92554219,0.006740942
0.080664716,0.13816929,-0.875828193,0.006668563
0.075975952,0.135344082,-0.824255535,0.006589086
0.07141635,0.132469433,-0.77092202,0.006501644
0.066987298,0.129547776,-0.715814548,0.006405006
0.062690146,0.126581608,-0.658983739,0.006300339
0.058526204,0.123573784,-0.600587488,0.006187253
0.054496738,0.120527116,-0.540692652,0.006064365
0.050602977,0.117444209,-0.479294721,0.0059319
0.046846106,0.114328067,-0.416530966,0.005789695
0.043227271,0.111181899,-0.352561198,0.005638061
0.039747573,0.108008638,-0.287430557,0.005475947
0.036408073,0.104811394,-0.22128197,0.0053035
0.033209787,0.101593825,-0.154274506,0.005121703
0.03015369,0.098359657,-0.086561305,0.004929983
0.027240712,0.0951127,-0.018293934,0.004728106
0.024471742,0.091857437,0.050248193,0.004516736
0.021847622,0.08859894,0.118750836,0.004295173
0.019369152,0.085342515,0.186966477,0.004062857
0.017037087,0.082094242,0.254584653,0.00382017
0.014852137,0.078861452,0.321166305,0.003569809
0.012814968,0.075652476,0.386350005,0.003315672
0.0109262,0.072476987,0.449737254,0.00306321
0.009186408,0.069346847,0.510882228,0.002819646
0.007596123,0.066276766,0.569313823,0.002589234
0.00615583,0.063285293,0.624474176,0.00237252
0.004865966,0.060395712,0.675808999,0.002171089
0.003726924,0.057637489,0.722797618,0.001988664
0.002739052,0.055048254,0.764941913,0.001824651
0.001902651,0.052675861,0.801668299,0.001677463
0.001217975,0.050579404,0.832477849,0.001550023
0.000685233,0.048828632,0.856951297,0.001446095
0.000304586,0.047499871,0.87473703,0.001368554
7.62E-05,0.046666044,0.885531674,0.001320337
0,0.046381345,0.8891507,0.001303947
0.985147863,0.005194865,0.095208707,6.59E-05
0.982962913,0.005790507,0.090635133,8.13E-05
0.980630848,0.006423757,0.085704081,9.79E-05
0.978152378,0.007093946,0.08036778,0.000115828
0.975528258,0.007800305,0.074590604,0.00013539
0.972759288,0.008542089,0.068342346,0.000156529
0.96984631,0.009318473,0.061633484,0.000179428
0.966790213,0.010128614,0.054473477,0.000203958
0.963591927,0.010971625,0.046883611,0.000230485
0.960252427,0.011846567,0.038873677,0.000259126
0.956772729,0.012752442,0.030490748,0.000291206
0.953153894,0.01368828,0.021719476,0.000327022
0.949397023,0.014653133,0.012578337,0.000368468
0.945503262,0.015646116,0.003038474,0.000415127
0.941473796,0.016666216,-0.006876463,0.000465945
0.937309854,0.017712329,-0.017116051,0.000517654
0.933012702,0.018783279,-0.027506258,0.000569204
0.92858365,0.019877942,-0.037924917,0.000621696
0.924024048,0.020995238,-0.048381823,0.000677358
0.919335284,0.022134192,-0.058997914,0.000736741
0.914518786,0.02329369,-0.069837266,0.000799467
0.909576022,0.024472485,-0.080888071,0.000864716
0.904508497,0.025669309,-0.09212394,0.000930778
0.899317755,0.02688292,-0.103504447,0.000997394
0.894005377,0.02811208,-0.114996919,0.001064405
0.888572981,0.029355622,-0.126543525,0.001130497
0.883022222,0.030612319,-0.138157667,0.001195934
0.87735479,0.031880942,-0.149785456,0.001260639
0.871572413,0.03316023,-0.161418715,0.001323975
0.865676851,0.034448954,-0.173036619,0.001385761
0.8596699,0.035745878,-0.184614865,0.001446481
0.853553391,0.037049739,-0.196132184,0.001506234
0.847329185,0.03835931,-0.207590348,0.001563777
0.84099918,0.039673329,-0.218982578,0.001619848
0.834565303,0.040990527,-0.230282311,0.001675117
0.828029514,0.042309684,-0.241474746,0.0017289
0.821393805,0.043629618,-0.252587989,0.001781452
0.814660196,0.04494916,-0.263604435,0.001833257
0.807830738,0.04626712,-0.274527067,0.001884353
0.800907512,0.047582175,-0.285354554,0.001934917
0.793892626,0.04889302,-0.296067362,0.001984939
0.786788218,0.050198371,-0.306642148,0.002034342
0.779596452,0.051497038,-0.317098984,0.002082859
0.772319518,0.052787838,-0.327430994,0.002130833
0.764959632,0.054069608,-0.337631475,0.002178845
0.757519037,0.055341207,-0.347708277,0.00222587
0.75,0.056601493,-0.357668584,0.002271807
0.74240481,0.057849367,-0.367503987,0.002318384
0.734735781,0.059083767,-0.377206098,0.002365461
0.72699525,0.060303648,-0.386815546,0.002411639
0.719185573,0.061507906,-0.396326565,0.002456952
0.711309131,0.062695336,-0.405701395,0.002502148
0.703368322,0.063864721,-0.41493588,0.002547473
0.695365564,0.065014939,-0.424008217,0.002592756
0.687303297,0.066145076,-0.432923977,0.002637485
0.679183975,0.067254225,-0.441725114,0.002681966
0.671010072,0.068341459,-0.450414508,0.002726595
0.662784077,0.069405785,-0.45897626,0.002771053
0.654508497,0.070446174,-0.467395587,0.002815213
0.646185852,0.071461642,-0.475686978,0.00285872
0.637818678,0.072451229,-0.483823043,0.002902453
0.629409523,0.073413976,-0.491765317,0.002946853
0.620960948,0.074349028,-0.499563428,0.00298986
0.612475527,0.075255663,-0.507227226,0.003032601
0.603955845,0.076133229,-0.514731808,0.003076637
0.595404498,0.076980971,-0.522135054,0.003119575
0.586824089,0.077798003,-0.529417546,0.00316201
0.578217233,0.078583385,-0.536511042,0.0032051
0.56958655,0.079336285,-0.543405523,0.003247508
0.560934672,0.080056058,-0.550135712,0.003288868
0.552264232,0.080742137,-0.556711888,0.003331136
0.543577871,0.08139393,-0.563110408,0.003374606
0.534878237,0.0820108,-0.569333601,0.003417391
0.526167978,0.082592108,-0.57539132,0.003458586
0.517449748,0.083137252,-0.581273206,0.003499486
0.508726203,0.083645705,-0.586963738,0.003541224
0.5,0.084117002,-0.592471833,0.003582543
0.491273797,0.084550681,-0.597800769,0.003623393
0.482550252,0.084946269,-0.602932605,0.003664246
0.473832022,0.085303313,-0.607858497,0.003704988
0.465121763,0.085621405,-0.612581605,0.003745448
0.456422129,0.085900214,-0.617098327,0.003785886
0.447735768,0.086139455,-0.62142026,0.003825377
0.439065328,0.086338852,-0.625553363,0.003864021
0.43041345,0.08649808,-0.629460971,0.00390303
0.421782767,0.086616787,-0.633105282,0.003942268
0.413175911,0.086694724,-0.636486065,0.003980386
0.404595502,0.086731849,-0.639626598,0.0040178
0.396044155,0.08672825,-0.642569139,0.004055422
0.387524473,0.086683997,-0.64533917,0.004092714
0.379039052,0.086598907,-0.647902039,0.004129207
0.370590477,0.08647266,-0.650183091,0.00416502
0.362181322,0.08630508,-0.652134067,0.004200138
0.353814148,0.086096279,-0.653776807,0.004234328
0.345491503,0.08584659,-0.655168512,0.00426792
0.337215923,0.085556365,-0.656339473,0.004300954
0.328989928,0.085225757,-0.657284342,0.004332953
0.320816025,0.084854827,-0.657982999,0.004364697
0.312696703,0.0844437,-0.658401303,0.004396814
0.304634436,0.083992564,-0.658496907,0.004427325
0.296631678,0.083501659,-0.658265574,0.004455135
0.288690869,0.082971288,-0.657718563,0.004482269
0.280814427,0.082401888,-0.656836087,0.004508712
0.27300475,0.081793999,-0.655661608,0.004533506
0.265264219,0.081148218,-0.654229155,0.004557703
0.25759519,0.080465033,-0.652510128,0.004582172
0.25,0.079744836,-0.650476864,0.004605743
0.242480963,0.078988113,-0.648121157,0.004627897
0.235040368,0.078195381,-0.645416734,0.00464925
0.227680482,0.0773672,-0.642348216,0.004670128
0.220403548,0.076504211,-0.638895226,0.004690894
0.213211782,0.075607167,-0.635064708,0.004710315
0.206107374,0.074676878,-0.63091283,0.004729073
0.199092488,0.073714265,-0.626470445,0.004748511
0.192169262,0.072720091,-0.621704772,0.004768009
0.185339804,0.071694949,-0.616562613,0.004786562
0.178606195,0.070639504,-0.610988189,0.004803993
0.171970486,0.069554612,-0.604952034,0.004820532
0.165434697,0.0684413,-0.598513681,0.004836713
0.15900082,0.067300761,-0.591764214,0.004853011
0.152670815,0.066134009,-0.584692167,0.004869323
0.146446609,0.064941785,-0.577223656,0.004885619
0.1403301,0.063724929,-0.569310511,0.00490163
0.134323149,0.062484396,-0.560914528,0.004916487
0.128427587,0.061221169,-0.552029629,0.004930434
0.12264521,0.059936409,-0.542698476,0.004944464
0.116977778,0.058631281,-0.532920213,0.004958362
0.111427019,0.057306736,-0.522631568,0.004971577
0.105994623,0.055963882,-0.511847803,0.004984469
0.100682245,0.0546039,-0.500546125,0.004997311
0.095491503,0.053227758,-0.488656711,0.005009247
0.090423978,0.051836631,-0.47619335,0.005021274
0.085481214,0.05043177,-0.463153841,0.005032862
0.080664716,0.049014172,-0.449436777,0.005043501
0.075975952,0.047585021,-0.435075594,0.005054552
0.07141635,0.046145626,-0.420072809,0.005065996
0.066987298,0.044696834,-0.404239258,0.005076507
0.062690146,0.043239693,-0.38753199,0.005086971
0.058526204,0.041775538,-0.369953187,0.005097541
0.054496738,0.040305255,-0.351278331,0.005106384
0.050602977,0.038830035,-0.331545234,0.005115044
0.046846106,0.037351395,-0.310823636,0.005125544
0.043227271,0.035869978,-0.288694162,0.005134297
0.039747573,0.034386734,-0.265061065,0.005141786
0.036408073,0.03290317,-0.239988533,0.005150324
0.033209787,0.031419885,-0.212928438,0.005154912
0.03015369,0.029937899,-0.183785699,0.005155553
0.027240712,0.028458978,-0.152762407,0.005155882
0.024471742,0.026983475,-0.118995322,0.005145909
0.021847622,0.02551212,-0.082169415,0.005120726
0.019369152,0.024046931,-0.042670196,0.005081387
0.017037087,0.0225879,0.000844482,0.005001641
0.014852137,0.021135554,0.048493967,0.004870818
0.012814968,0.019692369,0.100111455,0.00472911
0.0109262,0.018258239,0.157511695,0.004642094
0.009186408,0.016833543,0.221507516,0.00457916
0.007596123,0.015421789,0.290879728,0.00450448
0.00615583,0.014022724,0.366810073,0.004432827
0.004865966,0.012636076,0.450212755,0.004309444
0.003726924,0.011266876,0.538520335,0.004085566
0.002739052,0.009916613,0.631452161,0.00372999
0.001902651,0.008586144,0.727245061,0.003240894
0.001217975,0.007285403,0.820251377,0.002654787
0.000685233,0.006032909,0.903471626,0.001988574
0.000304586,0.004867666,0.969812562,0.001313167
7.62E-05,0.003883066,1.010407892,0.000788179
0,0.003461967,1.023826442,0.000550271
0.985147863,0.008152939,0.211953973,5.92E-05
0.982962913,0.009014617,0.208762158,5.10E-05
0.980630848,0.009930533,0.205252014,4.14E-05
0.978152378,0.010899806,0.2013872,3.09E-05
0.975528258,0.011921575,0.197154757,1.65E-05
0.972759288,0.012994828,0.192520076,5.18E-06
0.96984631,0.014118282,0.187405777,2.16E-05
0.966790213,0.015290519,0.181791969,4.04E-05
0.963591927,0.016510277,0.175648465,6.17E-05
0.960252427,0.017776492,0.168932716,8.48E-05
0.956772729,0.019088082,0.161613814,0.000109628
0.953153894,0.020443844,0.153663397,0.000136106
0.949397023,0.021842227,0.145068119,0.000164365
0.945503262,0.023281684,0.135808656,0.000194251
0.941473796,0.024760646,0.125894414,0.000226747
0.937309854,0.026277701,0.115314464,0.000262344
0.933012702,0.027831357,0.104094509,0.000303738
0.92858365,0.029420191,0.092263793,0.000354261
0.924024048,0.031042719,0.079857889,0.000415731
0.919335284,0.032697513,0.066899963,0.000482732
0.914518786,0.03438303,0.053382131,0.000548383
0.909576022,0.036097602,0.039352737,0.00061177
0.904508497,0.037839594,0.024848774,0.000673544
0.899317755,0.039607297,0.009908702,0.0007346
0.894005377,0.041399041,-0.005403048,0.000795476
0.888572981,0.043213108,-0.021046472,0.000855902
0.883022222,0.045047869,-0.036978526,0.000915366
0.87735479,0.046901785,-0.053161403,0.000973784
0.871572413,0.048773275,-0.069569564,0.001031453
0.865676851,0.05066071,-0.086148705,0.001088033
0.8596699,0.052562308,-0.102875371,0.001143913
0.853553391,0.054476323,-0.119694056,0.001197673
0.847329185,0.056401063,-0.136578671,0.001249342
0.84099918,0.058334884,-0.153510119,0.001300073
0.834565303,0.060276165,-0.170453547,0.001349009
0.828029514,0.062223278,-0.187409881,0.0013962
0.821393805,0.064174618,-0.204345632,0.001443244
0.814660196,0.066128594,-0.221215367,0.001490861
0.807830738,0.068083572,-0.237977402,0.001538919
0.800907512,0.07003787,-0.254598008,0.001588688
0.793892626,0.071989828,-0.271057447,0.001642529
0.786788218,0.07393783,-0.287353568,0.001701012
0.779596452,0.075880327,-0.303521528,0.001763589
0.772319518,0.077815778,-0.319607149,0.001830094
0.764959632,0.079742617,-0.335634995,0.001899479
0.757519037,0.081659232,-0.351599776,0.001969986
0.75,0.08356401,-0.367502679,0.002040206
0.74240481,0.085455423,-0.383363548,0.002109178
0.734735781,0.087332012,-0.399169376,0.002177201
0.72699525,0.089192326,-0.414904734,0.002244274
0.719185573,0.091034863,-0.430573187,0.002309382
0.711309131,0.092858078,-0.446155627,0.002373439
0.703368322,0.094660458,-0.461631717,0.002437807
0.695365564,0.096440545,-0.476998593,0.002501075
0.687303297,0.098196965,-0.492260885,0.002562706
0.679183975,0.099928356,-0.507419025,0.002623465
0.671010072,0.101633385,-0.522475612,0.002684289
0.662784077,0.103310695,-0.537441104,0.002745501
0.654508497,0.104958977,-0.552306016,0.00280685
0.646185852,0.106576865,-0.567063039,0.002867727
0.637818678,0.1081629,-0.581699365,0.002928347
0.629409523,0.10971569,-0.596176457,0.002989613
0.620960948,0.111233954,-0.610509502,0.003050111
0.612475527,0.112716586,-0.624736777,0.003108978
0.603955845,0.114162602,-0.638864286,0.003168705
0.595404498,0.115570869,-0.652880402,0.003230234
0.586824089,0.116940122,-0.666785032,0.003291475
0.578217233,0.118269117,-0.680583977,0.003351066
0.56958655,0.119556622,-0.694256183,0.003410665
0.560934672,0.120801444,-0.707757147,0.003470456
0.552264232,0.122002437,-0.721053585,0.003531077
0.543577871,0.123158547,-0.734161853,0.003592244
0.534878237,0.124268844,-0.747124972,0.003652495
0.526167978,0.125332499,-0.759957677,0.003711459
0.517449748,0.126348629,-0.772644387,0.003771002
0.508726203,0.127316157,-0.785159408,0.003830696
0.5,0.128233995,-0.797456724,0.003890159
0.491273797,0.129101197,-0.809511413,0.003949463
0.482550252,0.129917008,-0.821352569,0.004008211
0.473832022,0.1306808,-0.833007049,0.004066968
0.465121763,0.131391899,-0.844483936,0.004126144
0.456422129,0.132049452,-0.855748692,0.004184898
0.447735768,0.132652508,-0.866742606,0.004242442
0.439065328,0.13320023,-0.87742524,0.004299096
0.43041345,0.133692057,-0.887794753,0.004354536
0.421782767,0.134127564,-0.89789393,0.004409895
0.413175911,0.134506341,-0.907745577,0.004465523
0.404595502,0.134827875,-0.917326173,0.004520859
0.396044155,0.135091546,-0.926593549,0.004575631
0.387524473,0.135296815,-0.935527969,0.004629004
0.379039052,0.1354432,-0.94409636,0.004680617
0.370590477,0.13553028,-0.95225502,0.004731526
0.362181322,0.135557718,-0.959977678,0.004782171
0.353814148,0.135525293,-0.967278471,0.004831197
0.345491503,0.135432908,-0.974198597,0.0048793
0.337215923,0.135280576,-0.980759302,0.004926555
0.328989928,0.135068131,-0.986914147,0.004974152
0.320816025,0.134795263,-0.992587514,0.005022105
0.312696703,0.134461745,-0.997728248,0.005067999
0.304634436,0.134067487,-1.002302372,0.005112082
0.296631678,0.133612629,-1.006324808,0.00515605
0.288690869,0.133097448,-1.009822249,0.005199662
0.280814427,0.132522162,-1.012774289,0.005242339
0.27300475,0.131886895,-1.015147526,0.005284351
0.265264219,0.131191813,-1.016954293,0.005325793
0.25759519,0.1304372,-1.018161867,0.005366901
0.25,0.129623318,-1.018678819,0.00540644
0.242480963,0.128750547,-1.018473332,0.005444686
0.235040368,0.127819358,-1.017574049,0.005482095
0.227680482,0.126830239,-1.015992018,0.005518438
0.220403548,0.125783747,-1.013702109,0.005554
0.213211782,0.124680525,-1.010686589,0.005588947
0.206107374,0.123521107,-1.006898196,0.005622016
0.199092488,0.12230602,-1.002283339,0.005653384
0.192169262,0.121035969,-0.996796237,0.005684072
0.185339804,0.119711712,-0.990407866,0.005713291
0.178606195,0.118334122,-0.983143798,0.005740517
0.171970486,0.116904204,-0.975025553,0.00576685
0.165434697,0.115422847,-0.966002539,0.005792093
0.15900082,0.113890856,-0.956015949,0.005815133
0.152670815,0.112309227,-0.945038707,0.005836807
0.146446609,0.110678981,-0.933023187,0.005856783
0.1403301,0.109001131,-0.919947031,0.005874617
0.134323149,0.107276909,-0.905846038,0.005890977
0.128427587,0.105507479,-0.890660426,0.005905217
0.12264521,0.103693821,-0.874301439,0.005917178
0.116977778,0.101837148,-0.856766161,0.005927422
0.111427019,0.099938748,-0.837987693,0.005935169
0.105994623,0.097999734,-0.817888986,0.005939699
0.100682245,0.096021496,-0.796498557,0.005942336
0.095491503,0.094005489,-0.773774416,0.005942245
0.090423978,0.091952841,-0.749584913,0.005938676
0.085481214,0.089864996,-0.723941185,0.005932944
0.080664716,0.087743489,-0.696806923,0.005924119
0.075975952,0.085589501,-0.668006586,0.00591064
0.07141635,0.083404468,-0.63752197,0.005893199
0.066987298,0.081190074,-0.605342251,0.00587179
0.062690146,0.078947649,-0.571287915,0.005844463
0.058526204,0.076678738,-0.535403336,0.005812684
0.054496738,0.074385241,-0.497752691,0.005777182
0.050602977,0.072068238,-0.458000814,0.005734753
0.046846106,0.069728841,-0.415950436,0.005684373
0.043227271,0.067368842,-0.371642589,0.005626051
0.039747573,0.064989607,-0.324845945,0.005556048
0.036408073,0.06259273,-0.275554674,0.005473942
0.033209787,0.060180527,-0.224060084,0.005382612
0.03015369,0.057754321,-0.170015594,0.005276534
0.027240712,0.05531507,-0.113129033,0.005151042
0.024471742,0.052864779,-0.053606588,0.005005266
0.021847622,0.050405139,0.00861839,0.004833743
0.019369152,0.047937633,0.073562871,0.004632214
0.017037087,0.045464978,0.140733068,0.004400982
0.014852137,0.042989405,0.209986096,0.004138703
0.012814968,0.040512217,0.281292367,0.003853916
0.0109262,0.0380361,0.354264468,0.003578232
0.009186408,0.03556443,0.428378347,0.003334939
0.007596123,0.03310051,0.502965635,0.003113201
0.00615583,0.030649378,0.577009336,0.002890062
0.004865966,0.028218227,0.649316688,0.002661886
0.003726924,0.025816138,0.718675915,0.002418468
0.002739052,0.023456429,0.783679444,0.002153472
0.001902651,0.021160681,0.842827185,0.001872974
0.001217975,0.018967001,0.89436194,0.001589923
0.000685233,0.016941554,0.936684865,0.001321201
0.000304586,0.01520353,0.968348828,0.001088666
7.62E-05,0.013962172,0.988027008,0.000923362
0,0.013498,0.994707425,0.000862076
0.985147863,0.011219911,0.187778255,0.000279557
0.982962913,0.012356369,0.185545054,0.000279655
0.980630848,0.013564314,0.183514273,0.000278726
0.978152378,0.014842439,0.181688967,0.000274163
0.975528258,0.016189354,0.18006434,0.000267279
0.972759288,0.017603683,0.178617762,0.000258944
0.96984631,0.019083997,0.177313547,0.000249848
0.966790213,0.020628853,0.176113833,0.000241038
0.963591927,0.02223665,0.174975259,0.000232921
0.960252427,0.023905654,0.173860293,0.000225836
0.956772729,0.025634162,0.172742996,0.00021953
0.953153894,0.027420312,0.171605652,0.000213612
0.949397023,0.029262342,0.17044498,0.000207675
0.945503262,0.031158304,0.169263833,0.000201346
0.941473796,0.03310647,0.168071353,0.0001939
0.937309854,0.035105047,0.166876251,0.000184916
0.933012702,0.037152262,0.165684614,0.00017363
0.92858365,0.039246055,0.164501395,0.00015953
0.924024048,0.041384261,0.163307179,0.000143715
0.919335284,0.043564703,0.162024539,0.000129926
0.914518786,0.04578533,0.160469307,0.000117433
0.909576022,0.048044227,0.158368573,0.000107453
0.904508497,0.050339446,0.155462177,0.00010046
0.899317755,0.052668905,0.151618712,9.35E-05
0.894005377,0.055030483,0.146812867,8.33E-05
0.888572981,0.057421988,0.140986583,6.70E-05
0.883022222,0.059841406,0.13400728,4.38E-05
0.87735479,0.062286716,0.125731946,1.85E-05
0.871572413,0.064755828,0.116077522,2.91E-05
0.865676851,0.067246631,0.104963291,7.06E-05
0.8596699,0.069756873,0.092353431,0.000117086
0.853553391,0.072284394,0.078251475,0.000165433
0.847329185,0.074827137,0.062695408,0.000217014
0.84099918,0.077383127,0.04578817,0.000276098
0.834565303,0.079950342,0.027653511,0.000351974
0.828029514,0.082526711,0.008473767,0.000449625
0.821393805,0.085110139,-0.011648406,0.000554276
0.814660196,0.087698488,-0.032636052,0.000653002
0.807830738,0.090289689,-0.054343061,0.000747782
0.800907512,0.092881724,-0.076621526,0.000840637
0.793892626,0.095472598,-0.099363799,0.00093147
0.786788218,0.098060313,-0.12246684,0.001021244
0.779596452,0.10064292,-0.145825243,0.001108753
0.772319518,0.103218537,-0.169356673,0.001193551
0.764959632,0.105785202,-0.193003127,0.001276551
0.757519037,0.108341005,-0.21670168,0.001357287
0.75,0.110884021,-0.240395961,0.001435548
0.74240481,0.113412253,-0.264056093,0.001511236
0.734735781,0.115923619,-0.287635655,0.0015853
0.72699525,0.118416108,-0.311090008,0.001658452
0.719185573,0.12088799,-0.334405582,0.001730459
0.711309131,0.123337717,-0.35757721,0.00180285
0.703368322,0.125763645,-0.380586833,0.001878227
0.695365564,0.128163919,-0.403408753,0.001956911
0.687303297,0.130536481,-0.426032162,0.002039404
0.679183975,0.132879313,-0.448456188,0.002126195
0.671010072,0.135190686,-0.470732531,0.002215454
0.662784077,0.137469061,-0.492933972,0.002305171
0.654508497,0.139712935,-0.515096154,0.002394593
0.646185852,0.141920631,-0.537206765,0.002483556
0.637818678,0.144090287,-0.559233822,0.002571406
0.629409523,0.146220164,-0.581150046,0.002657289
0.620960948,0.148308575,-0.602965912,0.002742159
0.612475527,0.150354012,-0.62467394,0.00282687
0.603955845,0.152355026,-0.646276954,0.002910607
0.595404498,0.154310063,-0.667789262,0.002992602
0.586824089,0.156217458,-0.689189627,0.003074417
0.578217233,0.158075581,-0.710428463,0.003157452
0.56958655,0.159882931,-0.731517947,0.003240122
0.560934672,0.161638121,-0.752473653,0.003321304
0.552264232,0.16333982,-0.773297401,0.003401481
0.543577871,0.164986696,-0.794000541,0.003481589
0.534878237,0.166577361,-0.814566428,0.003563525
0.526167978,0.168110459,-0.834982219,0.003645663
0.517449748,0.169584657,-0.855251315,0.003726459
0.508726203,0.170998618,-0.875369484,0.003806988
0.5,0.172350999,-0.895293137,0.003888673
0.491273797,0.173640518,-0.914998141,0.003969678
0.482550252,0.174865922,-0.934466207,0.004049332
0.473832022,0.176025999,-0.953675727,0.004128409
0.465121763,0.177119624,-0.972608762,0.004207093
0.456422129,0.178145807,-0.991270578,0.004285365
0.447735768,0.179103705,-1.00968467,0.00436331
0.439065328,0.179992449,-1.027856422,0.004441269
0.43041345,0.180810989,-1.045744398,0.004519321
0.421782767,0.181558155,-1.06326826,0.004596142
0.413175911,0.182232878,-1.080359366,0.004671477
0.404595502,0.182834323,-1.097007589,0.004745727
0.396044155,0.183361879,-1.113249673,0.004819596
0.387524473,0.183815022,-1.129094239,0.004894212
0.379039052,0.18419301,-1.144498077,0.004968161
0.370590477,0.184495004,-1.159376934,0.005040933
0.362181322,0.184720219,-1.173642057,0.005113371
0.353814148,0.184868037,-1.187253011,0.005184981
0.345491503,0.184938117,-1.200244632,0.005254948
0.337215923,0.184930258,-1.212657675,0.005323867
0.328989928,0.184844162,-1.224465687,0.005392991
0.320816025,0.184679291,-1.235551706,0.005462368
0.312696703,0.184435119,-1.245814165,0.005530853
0.304634436,0.184111305,-1.255193487,0.005597269
0.296631678,0.183707724,-1.263680273,0.005661785
0.288690869,0.183224423,-1.271294454,0.005725687
0.280814427,0.182661535,-1.27801879,0.005788709
0.27300475,0.182018972,-1.283759331,0.005850506
0.265264219,0.181296637,-1.288447599,0.005910704
0.25759519,0.180494563,-1.292070083,0.00596924
0.25,0.179612868,-1.294588559,0.006026424
0.242480963,0.17865177,-1.295872648,0.006080461
0.235040368,0.177611659,-1.295843642,0.006132489
0.227680482,0.176492918,-1.294527308,0.006183973
0.220403548,0.175295913,-1.291964368,0.006233719
0.213211782,0.174021195,-1.288075814,0.006279931
0.206107374,0.1726693,-1.282771992,0.006323492
0.199092488,0.171240708,-1.275997687,0.006364517
0.192169262,0.169736025,-1.267704526,0.006403014
0.185339804,0.168155973,-1.257830158,0.006439104
0.178606195,0.166501238,-1.246319127,0.006471839
0.171970486,0.164772649,-1.23314626,0.006500974
0.165434697,0.162971165,-1.21827569,0.006526127
0.15900082,0.161097675,-1.201659776,0.00654764
0.152670815,0.159153206,-1.183284573,0.006565738
0.146446609,0.157138903,-1.163131443,0.006579994
0.1403301,0.155055775,-1.141121238,0.006589819
0.134323149,0.152904864,-1.117187142,0.006594612
0.128427587,0.150687379,-1.09129482,0.006594549
0.12264521,0.1484046,-1.063402508,0.006589006
0.116977778,0.146057837,-1.033544848,0.006577945
0.111427019,0.143648675,-1.001766768,0.006562166
0.105994623,0.141178531,-0.968000227,0.006540952
0.100682245,0.138648588,-0.932141292,0.006513495
0.095491503,0.13606024,-0.894143566,0.006479419
0.090423978,0.133415068,-0.853975996,0.00643758
0.085481214,0.130714638,-0.811661599,0.006387427
0.080664716,0.127960773,-0.767306809,0.006329651
0.075975952,0.125155379,-0.720933596,0.006265068
0.07141635,0.122299952,-0.672465589,0.006192287
0.066987298,0.119396152,-0.621908567,0.006110396
0.062690146,0.116445854,-0.56930232,0.006019174
0.058526204,0.113450768,-0.514617098,0.005917411
0.054496738,0.110412678,-0.457910742,0.00580521
0.050602977,0.107333733,-0.399312918,0.00568282
0.046846106,0.104215883,-0.338827319,0.005548329
0.043227271,0.101061079,-0.276519023,0.00540114
0.039747573,0.097871687,-0.212661795,0.005242387
0.036408073,0.094649877,-0.147370235,0.005072204
0.033209787,0.091397604,-0.080649047,0.004889628
0.03015369,0.088117265,-0.012719999,0.00469403
0.027240712,0.084811499,0.056183073,0.004485628
0.024471742,0.081483011,0.125788674,0.004262594
0.021847622,0.078134959,0.195726889,0.004025728
0.019369152,0.074770792,0.265630472,0.003775369
0.017037087,0.071393786,0.335189099,0.003513303
0.014852137,0.068007648,0.40407036,0.003244101
0.012814968,0.064616997,0.471794817,0.002974661
0.0109262,0.061227899,0.537810991,0.002713335
0.009186408,0.05784775,0.601561347,0.002462813
0.007596123,0.054485714,0.6624581,0.002223301
0.00615583,0.051153884,0.719883792,0.001999203
0.004865966,0.047868193,0.773295684,0.001790439
0.003726924,0.044650055,0.822125405,0.001591467
0.002739052,0.041530941,0.865753213,0.001404682
0.001902651,0.038558598,0.903622345,0.001232946
0.001217975,0.035803224,0.935218124,0.001077495
0.000685233,0.033368769,0.960156742,0.000940072
0.000304586,0.031405219,0.97813767,0.000829546
7.62E-05,0.030103245,0.988973996,0.000756664
0,0.029643285,0.992590762,0.000731019
0.985147863,0.006803437,0.033979991,0.000137164
0.982962913,0.007618328,0.031405625,0.000125266
0.980630848,0.00848241,0.028584564,0.000113419
0.978152378,0.009394254,0.025419046,0.000100505
0.975528258,0.010352257,0.021752386,8.63E-05
0.972759288,0.011354817,0.017394036,7.02E-05
0.96984631,0.012400265,0.012192641,4.95E-05
0.966790213,0.01348698,0.006104235,1.43E-05
0.963591927,0.014613193,-0.001023477,2.33E-05
0.960252427,0.015777056,-0.009217327,6.01E-05
0.956772729,0.01697668,-0.018505718,0.000102319
0.953153894,0.01821015,-0.028998429,0.000148996
0.949397023,0.019475559,-0.040841069,0.00020091
0.945503262,0.020770968,-0.054112548,0.00026495
0.941473796,0.02209433,-0.068646019,0.000362603
0.937309854,0.023443375,-0.084288855,0.000499653
0.933012702,0.02481572,-0.101107204,0.000634368
0.92858365,0.026209101,-0.118976593,0.000757223
0.924024048,0.027621431,-0.137658827,0.000877045
0.919335284,0.029050632,-0.156996616,0.000995782
0.914518786,0.0304945,-0.176797406,0.001112956
0.909576022,0.031950605,-0.196925366,0.001228922
0.904508497,0.033416522,-0.217231214,0.001342332
0.899317755,0.034889814,-0.237594873,0.001453206
0.894005377,0.0363681,-0.257905793,0.001560779
0.888572981,0.037848998,-0.278082822,0.001666067
0.883022222,0.039330078,-0.298039095,0.001768761
0.87735479,0.040808938,-0.317726933,0.00186831
0.871572413,0.042283155,-0.337061818,0.001964955
0.865676851,0.043750337,-0.3560263,0.002059384
0.8596699,0.04520811,-0.374553516,0.002151676
0.853553391,0.046654108,-0.392622927,0.002241785
0.847329185,0.048085985,-0.410193921,0.002328784
0.84099918,0.049501354,-0.427254843,0.002413673
0.834565303,0.05089783,-0.443729407,0.002497413
0.828029514,0.052273037,-0.459603731,0.002578773
0.821393805,0.053624577,-0.474815951,0.002657359
0.814660196,0.05495007,-0.489297399,0.00273344
0.807830738,0.056247241,-0.503032301,0.002806868
0.800907512,0.057513977,-0.515975608,0.002877992
0.793892626,0.058748199,-0.528120789,0.002946005
0.786788218,0.059947784,-0.539411529,0.00301142
0.779596452,0.061110449,-0.54974192,0.003075217
0.772319518,0.062233872,-0.558979823,0.003136084
0.764959632,0.063316008,-0.56707486,0.003190917
0.757519037,0.064355216,-0.57409362,0.00324335
0.75,0.065350049,-0.579794595,0.00329328
0.74240481,0.066298394,-0.584322656,0.003341142
0.734735781,0.067196883,-0.587166399,0.003382149
0.72699525,0.068041413,-0.586831618,0.003408821
0.719185573,0.068830681,-0.583427502,0.003418793
0.711309131,0.069568677,-0.577846574,0.003412791
0.703368322,0.070261615,-0.57046444,0.003393364
0.695365564,0.070916535,-0.56205927,0.003362233
0.687303297,0.071542766,-0.55403455,0.00332538
0.679183975,0.072150952,-0.547762268,0.003298685
0.671010072,0.072749565,-0.543963985,0.003287881
0.662784077,0.073337466,-0.542074142,0.003287901
0.654508497,0.073910725,-0.541180685,0.003292033
0.646185852,0.074466176,-0.54063295,0.003297521
0.637818678,0.075003101,-0.540318248,0.003305454
0.629409523,0.075521971,-0.540394778,0.003316025
0.620960948,0.076022813,-0.540907816,0.003328492
0.612475527,0.07650503,-0.541742931,0.003343275
0.603955845,0.076967672,-0.542800067,0.003359328
0.595404498,0.077409917,-0.544011131,0.003375738
0.586824089,0.077831316,-0.545379532,0.003392523
0.578217233,0.078231606,-0.546921195,0.003410998
0.56958655,0.078610435,-0.54862153,0.003431501
0.560934672,0.078967229,-0.550449906,0.003453002
0.552264232,0.079301286,-0.552381595,0.003475347
0.543577871,0.079611988,-0.554379574,0.003498916
0.534878237,0.079898846,-0.556425894,0.003521989
0.526167978,0.080161455,-0.558511068,0.003544787
0.517449748,0.080399411,-0.560634051,0.0035687
0.508726203,0.080612271,-0.56279365,0.003593997
0.5,0.080799578,-0.564975017,0.003619944
0.491273797,0.08096091,-0.567166182,0.003645968
0.482550252,0.081095904,-0.569350462,0.003672306
0.473832022,0.081204247,-0.571544771,0.003699063
0.465121763,0.081285618,-0.573753139,0.003726283
0.456422129,0.081339652,-0.57594639,0.003753877
0.447735768,0.081365962,-0.578120415,0.003781196
0.439065328,0.081364203,-0.580265348,0.003808909
0.43041345,0.081334059,-0.582365136,0.00383749
0.421782767,0.081275265,-0.58441641,0.003866328
0.413175911,0.081187578,-0.586420136,0.003894725
0.404595502,0.081070747,-0.58836309,0.003923062
0.396044155,0.08092452,-0.590227155,0.003952021
0.387524473,0.080748715,-0.592010253,0.003980875
0.379039052,0.080543196,-0.593718476,0.004008764
0.370590477,0.080307879,-0.595345867,0.004036369
0.362181322,0.080042713,-0.59689072,0.004064608
0.353814148,0.07974762,-0.598366312,0.004092914
0.345491503,0.07942249,-0.59976105,0.004120773
0.337215923,0.079067267,-0.60105128,0.004148384
0.328989928,0.078681915,-0.602233613,0.004175213
0.320816025,0.078266415,-0.603296577,0.00420128
0.312696703,0.077820797,-0.604230376,0.00422706
0.304634436,0.07734513,-0.605038155,0.004252644
0.296631678,0.076839499,-0.605711833,0.004278151
0.288690869,0.076304056,-0.606243681,0.004303587
0.280814427,0.075738941,-0.606650421,0.004327557
0.27300475,0.075144302,-0.606918305,0.004351388
0.265264219,0.074520356,-0.607029606,0.004375572
0.25759519,0.073867308,-0.606978763,0.004399245
0.25,0.073185377,-0.606760063,0.004422589
0.242480963,0.072474847,-0.606366254,0.00444619
0.235040368,0.071735996,-0.605788251,0.00446957
0.227680482,0.070969121,-0.605005828,0.004492749
0.220403548,0.070174594,-0.604010382,0.004515962
0.213211782,0.069352851,-0.602809876,0.004539189
0.206107374,0.068504356,-0.601417876,0.004562407
0.199092488,0.067629699,-0.599867826,0.004585585
0.192169262,0.066729307,-0.598136435,0.00460905
0.185339804,0.065803499,-0.596169778,0.004632835
0.178606195,0.064852701,-0.593933187,0.004656522
0.171970486,0.063877442,-0.591407465,0.004680068
0.165434697,0.062878344,-0.588608519,0.00470324
0.15900082,0.061856164,-0.585576189,0.0047264
0.152670815,0.060811596,-0.582301876,0.004750074
0.146446609,0.059745268,-0.578785506,0.00477385
0.1403301,0.058657939,-0.575065137,0.004797883
0.134323149,0.057550239,-0.571100097,0.004822581
0.128427587,0.056422648,-0.566807963,0.004847788
0.12264521,0.055275779,-0.56214794,0.00487269
0.116977778,0.05411037,-0.557098544,0.004897156
0.111427019,0.052927219,-0.551673551,0.00492147
0.105994623,0.051727307,-0.545960194,0.004946747
0.100682245,0.050511511,-0.539943281,0.004972591
0.095491503,0.049280361,-0.533515152,0.004998628
0.090423978,0.048034653,-0.526660885,0.005025724
0.085481214,0.04677517,-0.51933138,0.005053077
0.080664716,0.045502559,-0.51142169,0.005080003
0.075975952,0.044217744,-0.502967815,0.005107498
0.07141635,0.042921712,-0.493940028,0.005135381
0.066987298,0.041615205,-0.484246951,0.005162992
0.062690146,0.040299348,-0.474044863,0.005193055
0.058526204,0.038975128,-0.463269855,0.005225805
0.054496738,0.037642827,-0.451576027,0.005258865
0.050602977,0.036303241,-0.438932581,0.00529371
0.046846106,0.034957296,-0.425231283,0.005329716
0.043227271,0.033605537,-0.410173367,0.00536531
0.039747573,0.032249167,-0.393977455,0.005404552
0.036408073,0.030889362,-0.376565551,0.005448309
0.033209787,0.029526226,-0.357242551,0.005491587
0.03015369,0.028160744,-0.336139453,0.005538731
0.027240712,0.026794081,-0.313078093,0.005589623
0.024471742,0.025426096,-0.287003002,0.005634427
0.021847622,0.024057919,-0.25819585,0.005678824
0.019369152,0.022690897,-0.226372872,0.005720376
0.017037087,0.021324469,-0.189895277,0.005739327
0.014852137,0.019959776,-0.148956102,0.005738077
0.012814968,0.018598632,-0.103566009,0.005720957
0.0109262,0.01724003,-0.050782006,0.005683076
0.009186408,0.015885554,0.009106617,0.00570585
0.007596123,0.014537675,0.075894162,0.005697869
0.00615583,0.013194366,0.152672947,0.005489271
0.004865966,0.011856764,0.239050039,0.005295311
0.003726924,0.010528779,0.334423834,0.005162655
0.002739052,0.009208603,0.440180284,0.004864146
0.001902651,0.007897818,0.553602021,0.0043933
0.001217975,0.006604606,0.669153973,0.003785586
0.000685233,0.005342952,0.780972781,0.003065025
0.000304586,0.004135979,0.879835598,0.002253907
7.62E-05,0.002969743,0.956343239,0.001478222
0,0.002552998,0.98349372,0.001203738
0.985147863,0.009918043,0.1023718,0.000242011
0.982962913,0.011009895,0.100939278,0.000231635
0.980630848,0.012168004,0.099588947,0.000221185
0.978152378,0.013390428,0.098281923,0.000210456
0.975528258,0.014675181,0.096990191,0.000199417
0.972759288,0.016020203,0.095693523,0.000187987
0.96984631,0.017423402,0.094368322,0.000176888
0.966790213,0.018882624,0.092980304,0.000167603
0.963591927,0.020395719,0.09146298,0.000159438
0.960252427,0.021960452,0.089722537,0.000152045
0.956772729,0.023574652,0.08764388,0.00014551
0.953153894,0.025235877,0.085099249,0.000139884
0.949397023,0.026941584,0.081961797,0.000134116
0.945503262,0.028689169,0.078097973,0.000125907
0.941473796,0.030476061,0.073329439,0.000114649
0.937309854,0.032299656,0.067452217,9.93E-05
0.933012702,0.034157408,0.060272482,7.79E-05
0.92858365,0.036046561,0.051618124,4.84E-05
0.924024048,0.03796434,0.041334594,1.43E-05
0.919335284,0.039907902,0.02920295,3.95E-05
0.914518786,0.041874538,0.015149261,8.65E-05
0.909576022,0.043861589,-0.00082549,0.000138393
0.904508497,0.045866362,-0.018682345,0.000196317
0.899317755,0.047885885,-0.03827236,0.000268697
0.894005377,0.049917134,-0.05921094,0.000380232
0.888572981,0.051957062,-0.081270905,0.000524152
0.883022222,0.054002951,-0.104379727,0.000657968
0.87735479,0.056052272,-0.128345283,0.000781288
0.871572413,0.058102478,-0.152898103,0.000905616
0.865676851,0.060150649,-0.177806713,0.001034319
0.8596699,0.062193679,-0.20286857,0.001167614
0.853553391,0.064228501,-0.227960069,0.001303661
0.847329185,0.066252413,-0.252961827,0.001439592
0.84099918,0.068262951,-0.277774342,0.001573711
0.834565303,0.070257663,-0.30228775,0.001704311
0.828029514,0.072233849,-0.326377011,0.00182957
0.821393805,0.07418863,-0.349888033,0.001950518
0.814660196,0.076119184,-0.372719219,0.00206612
0.807830738,0.078022949,-0.394771559,0.002176897
0.800907512,0.079897644,-0.416004347,0.0022822
0.793892626,0.081740979,-0.436409666,0.002382969
0.786788218,0.083550444,-0.455870933,0.002481673
0.779596452,0.085323201,-0.474226962,0.002574071
0.772319518,0.087056475,-0.491376745,0.002659098
0.764959632,0.088748116,-0.507238649,0.002740476
0.757519037,0.090396881,-0.521889643,0.002818012
0.75,0.09200167,-0.535420326,0.002892589
0.74240481,0.093559652,-0.547549801,0.002964722
0.734735781,0.095065323,-0.557207479,0.003028129
0.72699525,0.096512247,-0.563255609,0.003070506
0.719185573,0.097900098,-0.565704058,0.003083686
0.711309131,0.099238577,-0.565813324,0.003079626
0.703368322,0.100541557,-0.565500695,0.003073289
0.695365564,0.101819744,-0.56611143,0.003068372
0.687303297,0.103078553,-0.568035843,0.003066958
0.679183975,0.104320808,-0.571449604,0.003074928
0.671010072,0.105548896,-0.576420428,0.003092802
0.662784077,0.106760728,-0.582510265,0.003116619
0.654508497,0.107952918,-0.589182707,0.003143328
0.646185852,0.109122669,-0.596063461,0.003172009
0.637818678,0.110268787,-0.603100231,0.003201785
0.629409523,0.111391038,-0.610401046,0.003232773
0.620960948,0.112488903,-0.617992837,0.003266097
0.612475527,0.113561361,-0.625828016,0.00330069
0.603955845,0.114607165,-0.633830978,0.003336908
0.595404498,0.115625121,-0.641950849,0.003374872
0.586824089,0.116614214,-0.650172849,0.003413401
0.578217233,0.117573549,-0.658504009,0.003451091
0.56958655,0.11850224,-0.666944502,0.003488582
0.560934672,0.119399382,-0.675468549,0.003528876
0.552264232,0.120264094,-0.684070199,0.003571451
0.543577871,0.121095461,-0.692766291,0.003614787
0.534878237,0.121892436,-0.701527357,0.003657963
0.526167978,0.122653869,-0.710283196,0.003700606
0.517449748,0.123378669,-0.719007847,0.003742977
0.508726203,0.124066007,-0.727696866,0.003787197
0.5,0.12471522,-0.736374757,0.003832095
0.491273797,0.125325653,-0.745071907,0.003876577
0.482550252,0.125896519,-0.753791105,0.003921714
0.473832022,0.126426877,-0.762498311,0.003968229
0.465121763,0.126915881,-0.771169486,0.004015804
0.456422129,0.127362677,-0.779786888,0.004062673
0.447735768,0.127766421,-0.788335015,0.004108363
0.439065328,0.128126321,-0.796794251,0.004154145
0.43041345,0.128441637,-0.805140619,0.004200377
0.421782767,0.128711715,-0.813377554,0.004246825
0.413175911,0.128935947,-0.821497209,0.00429379
0.404595502,0.129113708,-0.829485042,0.004340884
0.396044155,0.129244356,-0.837335589,0.004386831
0.387524473,0.129327293,-0.845044702,0.004431545
0.379039052,0.12936198,-0.852581726,0.004476507
0.370590477,0.129347911,-0.859931684,0.004521955
0.362181322,0.129284633,-0.867096469,0.00456673
0.353814148,0.129171705,-0.874068052,0.004610525
0.345491503,0.129008607,-0.880811691,0.004655233
0.337215923,0.128794928,-0.887295428,0.004700027
0.328989928,0.128530298,-0.893506084,0.004743272
0.320816025,0.128214366,-0.899423631,0.004785814
0.312696703,0.127846853,-0.905017926,0.004829415
0.304634436,0.127427564,-0.910276433,0.004872797
0.296631678,0.126956254,-0.915199314,0.004914758
0.288690869,0.126432786,-0.919763012,0.004956202
0.280814427,0.125857075,-0.923927375,0.004998727
0.27300475,0.125229031,-0.927667748,0.005041873
0.265264219,0.124548613,-0.930977682,0.005083472
0.25759519,0.123815867,-0.933833715,0.005123544
0.25,0.123030809,-0.936203048,0.005164072
0.242480963,0.122193572,-0.938071908,0.005204571
0.235040368,0.121304331,-0.939431849,0.005244666
0.227680482,0.120363255,-0.940238134,0.005284395
0.220403548,0.119370599,-0.940432319,0.005323105
0.213211782,0.118326714,-0.940004277,0.005360544
0.206107374,0.117231926,-0.938972546,0.005397761
0.199092488,0.11608666,-0.937328278,0.005434798
0.192169262,0.114891437,-0.935049218,0.005470807
0.185339804,0.113646589,-0.93205378,0.005506035
0.178606195,0.112352487,-0.928274974,0.005540478
0.171970486,0.111009678,-0.923670716,0.005573794
0.165434697,0.109618776,-0.918209447,0.005605835
0.15900082,0.108180527,-0.91191923,0.005636412
0.152670815,0.106695791,-0.90481485,0.005665982
0.146446609,0.105165213,-0.896794544,0.005695201
0.1403301,0.10358938,-0.887778875,0.005723102
0.134323149,0.101969161,-0.877716027,0.005748925
0.128427587,0.100305394,-0.866559358,0.005772367
0.12264521,0.09859905,-0.854345896,0.005794223
0.116977778,0.096851335,-0.841094035,0.005815257
0.111427019,0.09506313,-0.826695201,0.005834327
0.105994623,0.093235195,-0.811045095,0.005851973
0.100682245,0.091368619,-0.794113072,0.005867966
0.095491503,0.089464382,-0.775771844,0.005881164
0.090423978,0.087523423,-0.755943374,0.00589122
0.085481214,0.085547034,-0.734646513,0.005899071
0.080664716,0.083536384,-0.711754579,0.0059038
0.075975952,0.081492464,-0.687178648,0.005904821
0.07141635,0.079416739,-0.66097412,0.005903612
0.066987298,0.077310385,-0.632964768,0.005898744
0.062690146,0.075174252,-0.602948517,0.005889309
0.058526204,0.073009744,-0.570947522,0.005876109
0.054496738,0.070818104,-0.536769744,0.005857081
0.050602977,0.06860018,-0.500181927,0.005830308
0.046846106,0.066357538,-0.461250044,0.005797566
0.043227271,0.064091537,-0.419812467,0.005756625
0.039747573,0.061803107,-0.375579786,0.005704235
0.036408073,0.059493894,-0.328710639,0.005642475
0.033209787,0.057165396,-0.279074843,0.005569407
0.03015369,0.054818273,-0.226228795,0.005479002
0.027240712,0.052454034,-0.170327307,0.005371163
0.024471742,0.050074258,-0.111330308,0.005242152
0.021847622,0.047679634,-0.04885354,0.005083148
0.019369152,0.045271737,0.016775236,0.004891563
0.017037087,0.042852514,0.085279292,0.004662853
0.014852137,0.040422862,0.156836781,0.004390038
0.012814968,0.037984592,0.230888489,0.004089367
0.0109262,0.035540113,0.307005272,0.003800149
0.009186408,0.033090738,0.385087554,0.003542841
0.007596123,0.030638476,0.464218751,0.00330642
0.00615583,0.028186645,0.543343654,0.003069879
0.004865966,0.025739353,0.621263077,0.002823943
0.003726924,0.023302043,0.696611439,0.002556577
0.002739052,0.020883171,0.767770577,0.002262784
0.001902651,0.018497946,0.832949345,0.001951084
0.001217975,0.016171529,0.890410223,0.001632215
0.000685233,0.013950912,0.938483679,0.001320504
0.000304586,0.011944359,0.97519832,0.001040558
7.62E-05,0.010399412,0.998616839,0.000829888
0,0.00977697,1.00678702,0.000746609
0.985147863,0.013220602,0.122264979,0.000296155
0.982962913,0.014603656,0.119581852,0.000299737
0.980630848,0.016070284,0.117246684,0.000295847
0.978152378,0.017618022,0.115320456,0.000285354
0.975528258,0.019244372,0.113818047,0.000272854
0.972759288,0.020946871,0.112712902,0.000261904
0.96984631,0.022723064,0.11192139,0.000250836
0.966790213,0.024570379,0.111354524,0.000239917
0.963591927,0.026485955,0.110928544,0.000229693
0.960252427,0.028466782,0.110569037,0.000220697
0.956772729,0.030509949,0.110218169,0.000212721
0.953153894,0.032612455,0.109835598,0.000205799
0.949397023,0.034771473,0.109390891,0.000199745
0.945503262,0.036984033,0.108862281,0.00019445
0.941473796,0.039246899,0.108231687,0.000190046
0.937309854,0.041556874,0.107484109,0.000186407
0.933012702,0.04391064,0.106615073,0.000183047
0.92858365,0.046304968,0.105646513,0.000179464
0.924024048,0.048736674,0.104628578,0.000173297
0.919335284,0.051202453,0.103641041,0.000163577
0.914518786,0.053698969,0.102726674,0.000149435
0.909576022,0.056222799,0.10176564,0.000132521
0.904508497,0.058770571,0.100355396,0.000122673
0.899317755,0.061338948,0.097927742,0.000119442
0.894005377,0.06392462,0.094093339,0.000115893
0.888572981,0.066524329,0.088642669,0.000104955
0.883022222,0.069134913,0.081242586,8.35E-05
0.87735479,0.071753232,0.071544322,4.93E-05
0.871572413,0.074376134,0.059295631,2.16E-05
0.865676851,0.077000233,0.044257665,6.36E-05
0.8596699,0.079622088,0.026392817,0.000130047
0.853553391,0.082238423,0.005823069,0.000201989
0.847329185,0.08484625,-0.017145119,0.00029779
0.84099918,0.087442668,-0.041991338,0.000443119
0.834565303,0.090024806,-0.068395633,0.000607616
0.828029514,0.092589564,-0.096120156,0.000755529
0.821393805,0.095133799,-0.124733645,0.00089461
0.814660196,0.097654485,-0.153830067,0.001030511
0.807830738,0.100148789,-0.183053366,0.001162705
0.800907512,0.102614006,-0.212100604,0.001290085
0.793892626,0.105047438,-0.240701304,0.001412278
0.786788218,0.107446208,-0.268574616,0.001529984
0.779596452,0.109807299,-0.295477485,0.001642157
0.772319518,0.112127978,-0.321197685,0.001748676
0.764959632,0.114406398,-0.345638251,0.001851137
0.757519037,0.116641743,-0.368872456,0.00195134
0.75,0.118832887,-0.390903426,0.002052323
0.74240481,0.120975629,-0.411255009,0.002152902
0.734735781,0.123061219,-0.428724939,0.002242313
0.72699525,0.125080636,-0.441929073,0.002304536
0.719185573,0.127035828,-0.450992529,0.002333924
0.711309131,0.128945831,-0.458238431,0.002345572
0.703368322,0.130835839,-0.46652372,0.00236209
0.695365564,0.1327216,-0.477319922,0.002394773
0.687303297,0.134603428,-0.490390979,0.002441178
0.679183975,0.136473096,-0.504799828,0.00249479
0.671010072,0.138324367,-0.519852887,0.002551342
0.662784077,0.140153686,-0.535206038,0.002610111
0.654508497,0.141958203,-0.550667468,0.002669363
0.646185852,0.143735543,-0.566163973,0.002727154
0.637818678,0.14548415,-0.58169611,0.002784679
0.629409523,0.147203077,-0.597296729,0.002844244
0.620960948,0.14889124,-0.613024178,0.002903994
0.612475527,0.150547119,-0.628889682,0.002963705
0.603955845,0.152169085,-0.644813589,0.00302509
0.595404498,0.153755579,-0.660752362,0.003087417
0.586824089,0.155305224,-0.676743993,0.003149082
0.578217233,0.156816853,-0.692829084,0.003212023
0.56958655,0.158289296,-0.709002919,0.003276445
0.560934672,0.159721109,-0.72525979,0.003340962
0.552264232,0.161110733,-0.741566287,0.003405609
0.543577871,0.162456673,-0.757871145,0.003471434
0.534878237,0.163757558,-0.774171882,0.003537423
0.526167978,0.16501217,-0.790515746,0.003604211
0.517449748,0.166219299,-0.806903923,0.003671631
0.508726203,0.16737761,-0.823298964,0.003739143
0.5,0.168485641,-0.839667362,0.003807159
0.491273797,0.16954199,-0.855970238,0.003875823
0.482550252,0.170545419,-0.872208962,0.003944192
0.473832022,0.171494885,-0.888417436,0.004012658
0.465121763,0.172389407,-0.904622154,0.004082897
0.456422129,0.173227782,-0.92079281,0.004154064
0.447735768,0.174008579,-0.936862219,0.004224318
0.439065328,0.17473039,-0.95275825,0.004293589
0.43041345,0.175392027,-0.968449441,0.004363121
0.421782767,0.175992593,-0.983977686,0.004432697
0.413175911,0.176531308,-0.999372271,0.004501854
0.404595502,0.177007224,-1.014611761,0.004571072
0.396044155,0.177419228,-1.029644227,0.004640594
0.387524473,0.177766228,-1.044426226,0.004709029
0.379039052,0.178047214,-1.058907758,0.004776692
0.370590477,0.178261292,-1.073054691,0.00484442
0.362181322,0.178407675,-1.086849949,0.004912371
0.353814148,0.17848562,-1.100273662,0.004979837
0.345491503,0.178494287,-1.113270784,0.005046756
0.337215923,0.178432924,-1.12578404,0.005113533
0.328989928,0.178300872,-1.13777653,0.005180116
0.320816025,0.178097532,-1.149234993,0.005245951
0.312696703,0.177822442,-1.160148162,0.005311522
0.304634436,0.177475165,-1.170476515,0.005376753
0.296631678,0.177055171,-1.180157288,0.005441426
0.288690869,0.176561901,-1.189112606,0.005505737
0.280814427,0.175994969,-1.197260694,0.005569902
0.27300475,0.17535406,-1.204565556,0.005632525
0.265264219,0.17463903,-1.211008998,0.005693347
0.25759519,0.173849813,-1.216551176,0.005753262
0.25,0.172986267,-1.221129979,0.005812632
0.242480963,0.172048222,-1.224721337,0.005870865
0.235040368,0.171035686,-1.227282033,0.005928323
0.227680482,0.169948697,-1.228688007,0.005984427
0.220403548,0.168787337,-1.228823706,0.006038082
0.213211782,0.167551852,-1.227694073,0.006089638
0.206107374,0.166242479,-1.225297667,0.006139461
0.199092488,0.164859492,-1.221559751,0.006186897
0.192169262,0.163403298,-1.216407391,0.006231939
0.185339804,0.161874313,-1.20976781,0.006274831
0.178606195,0.160272895,-1.201543966,0.006315095
0.171970486,0.158599572,-1.191669196,0.006352365
0.165434697,0.156855006,-1.180086768,0.006385458
0.15900082,0.155039875,-1.166773667,0.006414981
0.152670815,0.153155064,-1.151717748,0.006441635
0.146446609,0.151201495,-1.134869693,0.006464476
0.1403301,0.14917994,-1.116163448,0.006482659
0.134323149,0.147091286,-1.095566298,0.006497003
0.128427587,0.144936604,-1.073013592,0.006507001
0.12264521,0.142716733,-1.048405701,0.006512316
0.116977778,0.140432676,-1.02168911,0.006512741
0.111427019,0.138085643,-0.992824318,0.006506768
0.105994623,0.135676772,-0.961774922,0.006493973
0.100682245,0.133207377,-0.928567277,0.006475537
0.095491503,0.130678905,-0.893205604,0.006451064
0.090423978,0.128092546,-0.855586926,0.006419179
0.085481214,0.125449462,-0.815634747,0.00637993
0.080664716,0.122751092,-0.773341014,0.006332669
0.075975952,0.119998883,-0.728671708,0.006276258
0.07141635,0.117194362,-0.681672911,0.006210995
0.066987298,0.114339321,-0.632447896,0.006136545
0.062690146,0.111435318,-0.580957747,0.006051899
0.058526204,0.108483739,-0.527175894,0.005956861
0.054496738,0.105486347,-0.471192303,0.005851513
0.050602977,0.102444738,-0.413013376,0.005733958
0.046846106,0.099360366,-0.352630229,0.005603273
0.043227271,0.096235055,-0.290163405,0.005459487
0.039747573,0.093070648,-0.225734978,0.005301451
0.036408073,0.08986891,-0.159547346,0.005129288
0.033209787,0.086631978,-0.091840811,0.004944019
0.03015369,0.083361888,-0.022753538,0.004745652
0.027240712,0.080060363,0.04755815,0.004533224
0.024471742,0.076729399,0.118811868,0.00430514
0.021847622,0.073371233,0.190661827,0.004061024
0.019369152,0.069988139,0.262757743,0.003801698
0.017037087,0.066582655,0.334688391,0.003529081
0.014852137,0.063157724,0.405980188,0.003248249
0.012814968,0.059716754,0.476097796,0.002968576
0.0109262,0.056263514,0.544558502,0.002697434
0.009186408,0.052802544,0.610795113,0.002436521
0.007596123,0.0493401,0.674088155,0.002187466
0.00615583,0.045883759,0.733880338,0.001954719
0.004865966,0.042443372,0.789583871,0.001732798
0.003726924,0.039034613,0.840447645,0.001520077
0.002739052,0.035680343,0.885888013,0.001319995
0.001902651,0.032414879,0.925359987,0.001131307
0.001217975,0.029297356,0.95829298,0.000952579
0.000685233,0.026430966,0.984238198,0.000790191
0.000304586,0.023994079,1.002908774,0.000654037
7.62E-05,0.022277599,1.014140844,0.000559287
0,0.021643264,1.017883221,0.000524538
0.985147863,0.005382805,0.106004035,0.000295466
0.982962913,0.006007171,0.100345241,0.000318035
0.980630848,0.006671504,0.094311361,0.000342971
0.978152378,0.007375182,0.087901755,0.000370544
0.975528258,0.008117433,0.081135013,0.00040139
0.972759288,0.008897506,0.07400488,0.000434121
0.96984631,0.009714691,0.06652117,0.000468256
0.966790213,0.01056827,0.058685032,0.000502525
0.963591927,0.011457465,0.050524062,0.000537071
0.960252427,0.012381524,0.042039692,0.000570999
0.956772729,0.013339616,0.033244732,0.000604335
0.953153894,0.014330944,0.024158165,0.000636987
0.949397023,0.015354611,0.014803739,0.000668789
0.945503262,0.016409695,0.00518491,0.000700315
0.941473796,0.017495262,-0.004657931,0.000731379
0.937309854,0.018610268,-0.01472177,0.000761625
0.933012702,0.019753651,-0.024962493,0.000791361
0.92858365,0.020924393,-0.035364571,0.00082068
0.924024048,0.022121635,-0.045922311,0.000848983
0.919335284,0.023344557,-0.056635761,0.000876811
0.914518786,0.024592161,-0.067492117,0.000904431
0.909576022,0.025863182,-0.078456906,0.000931183
0.904508497,0.02715627,-0.089464562,0.000958443
0.899317755,0.028470227,-0.100459576,0.00098666
0.894005377,0.029804178,-0.111438187,0.001015952
0.888572981,0.031157263,-0.122452415,0.001046019
0.883022222,0.032528467,-0.1335646,0.001076776
0.87735479,0.033916521,-0.144706085,0.001107584
0.871572413,0.035320088,-0.155823708,0.001139686
0.865676851,0.036737952,-0.166839785,0.001173755
0.8596699,0.038169079,-0.177790794,0.001211017
0.853553391,0.039612506,-0.188667147,0.001252408
0.847329185,0.041067144,-0.199488223,0.001297522
0.84099918,0.042531776,-0.210260145,0.001346115
0.834565303,0.044005182,-0.221020125,0.001397394
0.828029514,0.045486142,-0.231784361,0.0014508
0.821393805,0.046973496,-0.242558581,0.001504751
0.814660196,0.048466106,-0.253321937,0.001559151
0.807830738,0.049962818,-0.264086116,0.001613103
0.800907512,0.051462555,-0.274847577,0.001665959
0.793892626,0.052964218,-0.285596413,0.001717936
0.786788218,0.054466675,-0.296352587,0.001768834
0.779596452,0.055968711,-0.307075576,0.001819638
0.772319518,0.057469101,-0.317735386,0.001868965
0.764959632,0.058966755,-0.32837346,0.001916814
0.757519037,0.060460712,-0.338982131,0.001964262
0.75,0.061950025,-0.349570221,0.002010959
0.74240481,0.063433645,-0.360147459,0.0020571
0.734735781,0.064910347,-0.37068707,0.002102741
0.72699525,0.066378888,-0.38118518,0.002147895
0.719185573,0.06783814,-0.391625911,0.002192709
0.711309131,0.069287125,-0.402006627,0.002237605
0.703368322,0.070724893,-0.41236326,0.002282712
0.695365564,0.072150449,-0.422689464,0.002327677
0.687303297,0.073562746,-0.432976416,0.002372499
0.679183975,0.074960753,-0.443244939,0.002416903
0.671010072,0.076343444,-0.453465542,0.002461729
0.662784077,0.077709812,-0.463644644,0.0025062
0.654508497,0.079058872,-0.473790829,0.002551058
0.646185852,0.080389689,-0.483891498,0.002596815
0.637818678,0.081701401,-0.493973925,0.002641721
0.629409523,0.082993171,-0.50407587,0.00268598
0.620960948,0.0842641,-0.514150888,0.002732848
0.612475527,0.085513164,-0.52417101,0.002780144
0.603955845,0.086739325,-0.534189033,0.002825247
0.595404498,0.087941722,-0.54417703,0.002870749
0.586824089,0.089119619,-0.554118022,0.002917471
0.578217233,0.09027234,-0.564053705,0.002964354
0.56958655,0.091399152,-0.574016901,0.003011678
0.560934672,0.092499153,-0.583994947,0.003059107
0.552264232,0.093571481,-0.593970656,0.003106098
0.543577871,0.094615325,-0.603919344,0.00315442
0.534878237,0.095629963,-0.613846222,0.003203395
0.526167978,0.09661473,-0.623774115,0.003251871
0.517449748,0.097568975,-0.633724787,0.003300336
0.508726203,0.098492076,-0.643716122,0.003349
0.5,0.099383446,-0.653737883,0.003398554
0.491273797,0.100242463,-0.663815795,0.00344825
0.482550252,0.101068433,-0.673948462,0.003497797
0.473832022,0.101860668,-0.684106781,0.003547823
0.465121763,0.10261859,-0.694287826,0.003598617
0.456422129,0.10334176,-0.704535235,0.003649435
0.447735768,0.10402982,-0.714901624,0.003699767
0.439065328,0.10468236,-0.725407259,0.003750233
0.43041345,0.105298902,-0.736053741,0.003801409
0.421782767,0.105878966,-0.746856361,0.003853067
0.413175911,0.106422129,-0.757851541,0.003904731
0.404595502,0.10692803,-0.769066581,0.003956448
0.396044155,0.107396331,-0.780524079,0.00400815
0.387524473,0.107826814,-0.792304383,0.004059831
0.379039052,0.108219387,-0.804567579,0.004112328
0.370590477,0.108574013,-0.817483695,0.004167466
0.362181322,0.108890397,-0.83107671,0.004225891
0.353814148,0.109167367,-0.845103289,0.004283313
0.345491503,0.109403342,-0.859343902,0.004335262
0.337215923,0.109598812,-0.874291175,0.004381317
0.328989928,0.109757202,-0.8918648,0.004436654
0.320816025,0.109883524,-0.914528665,0.004526255
0.312696703,0.10997779,-0.942856191,0.004658712
0.304634436,0.110024633,-0.974317265,0.004817527
0.296631678,0.110005504,-1.005225944,0.004982213
0.288690869,0.109905429,-1.03301947,0.005141928
0.280814427,0.109716441,-1.056517426,0.005291648
0.27300475,0.109433915,-1.07498129,0.005424032
0.265264219,0.109054232,-1.08793487,0.005532796
0.25759519,0.108578369,-1.095942036,0.005621702
0.25,0.108010147,-1.100374356,0.005697839
0.242480963,0.107353244,-1.102165327,0.005762894
0.235040368,0.106610153,-1.101470113,0.005822034
0.227680482,0.105782684,-1.098437474,0.005877034
0.220403548,0.104872595,-1.093110196,0.005923521
0.213211782,0.103882044,-1.085441116,0.005961275
0.206107374,0.102813544,-1.075608203,0.005992885
0.199092488,0.101669723,-1.063852361,0.006018245
0.192169262,0.100453189,-1.050273641,0.00603818
0.185339804,0.099166434,-1.034964838,0.006053472
0.178606195,0.097812005,-1.017991596,0.006063956
0.171970486,0.096392511,-0.999439859,0.006069179
0.165434697,0.094910563,-0.979343778,0.006070105
0.15900082,0.093368811,-0.957768698,0.006066063
0.152670815,0.091770003,-0.934794318,0.006057526
0.146446609,0.090116929,-0.91047355,0.00604523
0.1403301,0.088412449,-0.884900796,0.006028537
0.134323149,0.086659507,-0.85817019,0.006008292
0.128427587,0.084860953,-0.830318385,0.005984356
0.12264521,0.083019562,-0.80136347,0.005957188
0.116977778,0.081138252,-0.771357554,0.005926877
0.111427019,0.079219926,-0.740325388,0.005892781
0.105994623,0.077267468,-0.708289872,0.005854797
0.100682245,0.075283897,-0.675341093,0.005814176
0.095491503,0.073272235,-0.641513718,0.005771222
0.090423978,0.071235325,-0.606774741,0.005724649
0.085481214,0.069176152,-0.571202804,0.005674991
0.080664716,0.067097762,-0.534832782,0.005623396
0.075975952,0.06500293,-0.497577293,0.005568335
0.07141635,0.062894544,-0.459460222,0.005509826
0.066987298,0.060775667,-0.420543588,0.005449105
0.062690146,0.05864912,-0.380733775,0.005384714
0.058526204,0.056517799,-0.340056885,0.005316311
0.054496738,0.054384891,-0.298653465,0.005246129
0.050602977,0.052253078,-0.256363675,0.005172397
0.046846106,0.050124908,-0.213046173,0.005093256
0.043227271,0.048003427,-0.168843639,0.005011109
0.039747573,0.045891297,-0.123612737,0.004923563
0.036408073,0.043790888,-0.077098681,0.004827368
0.033209787,0.041705276,-0.029537823,0.00472495
0.03015369,0.039637262,0.019193535,0.004613902
0.027240712,0.037588955,0.069477289,0.004487382
0.024471742,0.035563435,0.121003809,0.004345289
0.021847622,0.033563725,0.173829865,0.004181857
0.019369152,0.031591362,0.228406499,0.003981775
0.017037087,0.029649189,0.284543174,0.003748776
0.014852137,0.0277408,0.342070266,0.003532769
0.012814968,0.025867654,0.401931304,0.003376907
0.0109262,0.024032876,0.463808417,0.003259495
0.009186408,0.022241515,0.52690224,0.00316423
0.007596123,0.020495369,0.59168938,0.003057144
0.00615583,0.018797912,0.657631717,0.002911249
0.004865966,0.017157119,0.72303502,0.002717349
0.003726924,0.015578891,0.78731277,0.002461376
0.002739052,0.014070737,0.849251325,0.002141067
0.001902651,0.012650065,0.905884476,0.001780109
0.001217975,0.011342298,0.954372788,0.001405896
0.000685233,0.010180829,0.992436338,0.001034677
0.000304586,0.009227125,1.017843912,0.000697881
7.62E-05,0.008578025,1.03077457,0.000466751
0,0.008343983,1.034325654,0.000382611
0.985147863,0.00835974,0.213940291,2.71E-05
0.982962913,0.009251708,0.210621268,1.71E-05
0.980630848,0.010200671,0.20700942,3.66E-06
0.978152378,0.011205621,0.203053595,1.21E-05
0.975528258,0.012265454,0.198728032,2.54E-05
0.972759288,0.013379099,0.19401019,4.07E-05
0.96984631,0.014545682,0.188871997,5.79E-05
0.966790213,0.015764306,0.183268913,7.67E-05
0.963591927,0.017033928,0.177184238,9.72E-05
0.960252427,0.018353197,0.170580004,0.000119102
0.956772729,0.019720715,0.163444651,0.000142431
0.953153894,0.021135179,0.155757206,0.000167181
0.949397023,0.022595578,0.147503796,0.000193544
0.945503262,0.024100857,0.138663574,0.00022178
0.941473796,0.025649697,0.129239071,0.000252737
0.937309854,0.027240491,0.119234993,0.00028767
0.933012702,0.028871597,0.108670904,0.000328665
0.92858365,0.030541533,0.097591798,0.000378642
0.924024048,0.032249094,0.085983433,0.000435807
0.919335284,0.033993078,0.073863405,0.000495887
0.914518786,0.035772043,0.061235446,0.000555285
0.909576022,0.03758437,0.048127459,0.000613799
0.904508497,0.039428375,0.034589879,0.00067167
0.899317755,0.041302582,0.020634528,0.000728913
0.894005377,0.043205502,0.006308688,0.000786954
0.888572981,0.045135708,-0.008368196,0.000845159
0.883022222,0.047091661,-0.023366616,0.000903285
0.87735479,0.049071732,-0.038633027,0.000961306
0.871572413,0.051074286,-0.054146238,0.001019537
0.865676851,0.053097834,-0.069865226,0.001077125
0.8596699,0.055140922,-0.085787795,0.001134026
0.853553391,0.05720209,-0.10187549,0.001190021
0.847329185,0.05927972,-0.118114739,0.00124497
0.84099918,0.061372057,-0.134460731,0.001298717
0.834565303,0.063477388,-0.150898763,0.001351461
0.828029514,0.065594184,-0.167394867,0.001402609
0.821393805,0.067721027,-0.183954812,0.001451593
0.814660196,0.069856507,-0.200575577,0.001499159
0.807830738,0.071998983,-0.217247437,0.001545541
0.800907512,0.074146728,-0.233938802,0.001590684
0.793892626,0.076298023,-0.250620489,0.001634018
0.786788218,0.078451413,-0.267305897,0.001675048
0.779596452,0.080605554,-0.284000036,0.001714689
0.772319518,0.082759109,-0.300730084,0.001753151
0.764959632,0.08491053,-0.317487127,0.001790085
0.757519037,0.087058165,-0.334254506,0.00182584
0.75,0.089200392,-0.351008956,0.00186131
0.74240481,0.091335629,-0.367712343,0.001897402
0.734735781,0.093462347,-0.384333157,0.001934959
0.72699525,0.095579043,-0.400864835,0.001974996
0.719185573,0.097684316,-0.41730769,0.002019097
0.711309131,0.099776882,-0.433672864,0.002068191
0.703368322,0.101855406,-0.449999379,0.002122053
0.695365564,0.103918375,-0.466315644,0.002180641
0.687303297,0.105964148,-0.482638652,0.00224291
0.679183975,0.107991175,-0.4989564,0.002307524
0.671010072,0.109998081,-0.515298661,0.002371912
0.662784077,0.111983624,-0.531704878,0.002435957
0.654508497,0.113946547,-0.548175641,0.0025007
0.646185852,0.115885451,-0.56470377,0.002565334
0.637818678,0.117798819,-0.581270473,0.002629301
0.629409523,0.119685167,-0.597838005,0.002693521
0.620960948,0.121543191,-0.614413862,0.002756823
0.612475527,0.123371684,-0.63104494,0.002818693
0.603955845,0.125169489,-0.647740656,0.00288001
0.595404498,0.126935266,-0.664474738,0.002942456
0.586824089,0.128667601,-0.681218512,0.003006523
0.578217233,0.130365138,-0.697967407,0.003070951
0.56958655,0.132026583,-0.714737803,0.003134752
0.560934672,0.133650836,-0.731532319,0.003198926
0.552264232,0.135236778,-0.748363841,0.003262925
0.543577871,0.136783242,-0.76524957,0.00332708
0.534878237,0.13828905,-0.782189852,0.003392179
0.526167978,0.139753039,-0.799172285,0.003457803
0.517449748,0.141174085,-0.816203968,0.003523635
0.508726203,0.142551106,-0.833282985,0.003590503
0.5,0.14388306,-0.8504293,0.003657649
0.491273797,0.145168871,-0.867654406,0.003724086
0.482550252,0.14640741,-0.884935157,0.003790462
0.473832022,0.147597575,-0.902246078,0.003857913
0.465121763,0.148738377,-0.91958929,0.003926049
0.456422129,0.149828933,-0.936990813,0.003993706
0.447735768,0.150868399,-0.954479569,0.004060618
0.439065328,0.151855946,-0.972076452,0.004127686
0.43041345,0.152790813,-0.989805959,0.004195313
0.421782767,0.153672299,-1.007702804,0.004263391
0.413175911,0.154499568,-1.02578404,0.004330864
0.404595502,0.155271641,-1.044015115,0.004397552
0.396044155,0.155987588,-1.062347198,0.004464589
0.387524473,0.156646792,-1.080855983,0.004531549
0.379039052,0.157249042,-1.099783805,0.004598951
0.370590477,0.157794298,-1.119358204,0.00466994
0.362181322,0.158281935,-1.139541026,0.004745162
0.353814148,0.158710239,-1.159970226,0.004819032
0.345491503,0.159077235,-1.180353979,0.004885902
0.337215923,0.159383016,-1.201271611,0.004947296
0.328989928,0.159630377,-1.22483224,0.005020827
0.320816025,0.159823569,-1.253381605,0.005129088
0.312696703,0.159962099,-1.287263436,0.005279394
0.304634436,0.160032651,-1.323756618,0.005455608
0.296631678,0.160019343,-1.359195145,0.005635693
0.288690869,0.159909738,-1.391066532,0.005809029
0.280814427,0.159697397,-1.418275673,0.005971979
0.27300475,0.159379504,-1.440335421,0.006119076
0.265264219,0.158953208,-1.456814376,0.006244769
0.25759519,0.15841886,-1.467935168,0.00635155
0.25,0.157779136,-1.474830749,0.006445122
0.242480963,0.157037155,-1.478528572,0.006527112
0.235040368,0.156195432,-1.479319056,0.006600135
0.227680482,0.155255844,-1.477211063,0.006668343
0.220403548,0.15422006,-1.472466896,0.00672964
0.213211782,0.153089899,-1.465035069,0.006781169
0.206107374,0.151867461,-1.454881172,0.00682637
0.199092488,0.150554976,-1.442227245,0.006863916
0.192169262,0.149154797,-1.427235559,0.006894313
0.185339804,0.147669271,-1.409986641,0.006918554
0.178606195,0.146100682,-1.390575879,0.006936714
0.171970486,0.144451423,-1.369097998,0.00694954
0.165434697,0.142723971,-1.345638239,0.00695625
0.15900082,0.140920656,-1.320220929,0.006957082
0.152670815,0.139043864,-1.292877115,0.006952533
0.146446609,0.13709614,-1.263673575,0.006942558
0.1403301,0.135080024,-1.232663264,0.006926955
0.134323149,0.132998148,-1.199919109,0.006904936
0.128427587,0.130853252,-1.165559959,0.006877887
0.12264521,0.12864815,-1.129657438,0.006846232
0.116977778,0.126385492,-1.092237093,0.006808209
0.111427019,0.124068041,-1.053370068,0.006765663
0.105994623,0.121698711,-1.013148187,0.006720059
0.100682245,0.119280211,-0.971560652,0.006668903
0.095491503,0.116815188,-0.928577975,0.006611695
0.090423978,0.114306532,-0.884261262,0.006549788
0.085481214,0.111757193,-0.838641024,0.00648292
0.080664716,0.109170035,-0.791721017,0.006409893
0.075975952,0.106548173,-0.743646358,0.006332205
0.07141635,0.103894874,-0.694538733,0.006250394
0.066987298,0.101212957,-0.644281598,0.006163179
0.062690146,0.098505285,-0.59284588,0.006069974
0.058526204,0.09577513,-0.540371916,0.005971836
0.054496738,0.093025572,-0.486825354,0.005867686
0.050602977,0.09025955,-0.432127096,0.005756126
0.046846106,0.0874805,-0.376461951,0.005638348
0.043227271,0.084691947,-0.319916197,0.005515198
0.039747573,0.08189682,-0.262311818,0.005382999
0.036408073,0.079098431,-0.203680107,0.005241851
0.033209787,0.076300721,-0.144300235,0.005093925
0.03015369,0.073507172,-0.08405433,0.00493656
0.027240712,0.070721348,-0.022894363,0.004767302
0.024471742,0.0679478,0.038804516,0.004588668
0.021847622,0.065191103,0.100910272,0.004400022
0.019369152,0.062455198,0.163573131,0.004197126
0.017037087,0.059745205,0.226539951,0.003978733
0.014852137,0.057067497,0.289297653,0.00374898
0.012814968,0.054428052,0.35183919,0.003506231
0.0109262,0.05183395,0.413844963,0.003257171
0.009186408,0.049294698,0.474757485,0.003018756
0.007596123,0.046821579,0.53409976,0.002806426
0.00615583,0.044427119,0.591426212,0.002620395
0.004865966,0.042127891,0.646074263,0.002446737
0.003726924,0.039945775,0.697133931,0.002282544
0.002739052,0.037908051,0.743788697,0.002128778
0.001902651,0.036048422,0.785207156,0.001983595
0.001217975,0.03440968,0.820562888,0.001847879
0.000685233,0.033043618,0.849017994,0.00172732
0.000304586,0.032007881,0.869851694,0.001631323
7.62E-05,0.031358223,0.882559405,0.001569347
0,0.031136434,0.886829825,0.00154789
0.985147863,0.011455231,0.173485327,0.00028119
0.982962913,0.012624904,0.171065124,0.000282553
0.980630848,0.01386864,0.168823951,0.000284793
0.978152378,0.015185426,0.166766666,0.000283692
0.975528258,0.01657429,0.164903924,0.000279592
0.972759288,0.018033846,0.163230719,0.00027333
0.96984631,0.019562422,0.161728521,0.000265595
0.966790213,0.021158219,0.160374075,0.000257093
0.963591927,0.022819851,0.159128873,0.000248435
0.960252427,0.024546027,0.157952383,0.000240569
0.956772729,0.026335596,0.15680204,0.00023354
0.953153894,0.028186734,0.155648191,0.000227289
0.949397023,0.030097479,0.154471173,0.000221519
0.945503262,0.032065646,0.15326105,0.000215954
0.941473796,0.034089635,0.152013312,0.00021049
0.937309854,0.036168004,0.15072962,0.000204806
0.933012702,0.038299215,0.149413354,0.000198398
0.92858365,0.040481325,0.148069007,0.000190505
0.924024048,0.042712162,0.146705862,0.000180495
0.919335284,0.04498955,0.14533465,0.000167599
0.914518786,0.047311677,0.143964761,0.000151962
0.909576022,0.049676858,0.142566228,0.000136807
0.904508497,0.052083344,0.141015295,0.000121938
0.899317755,0.054528996,0.13906006,0.000108357
0.894005377,0.057011685,0.136382573,9.82E-05
0.888572981,0.059529181,0.132752724,9.04E-05
0.883022222,0.062079617,0.12811048,8.17E-05
0.87735479,0.064661166,0.12245846,6.84E-05
0.871572413,0.067271942,0.115743803,4.91E-05
0.865676851,0.069909882,0.10784275,2.18E-05
0.8596699,0.072572809,0.098658265,1.92E-05
0.853553391,0.075258622,0.088121059,5.59E-05
0.847329185,0.077965396,0.07617496,0.000100625
0.84099918,0.080691209,0.062810025,0.000147187
0.834565303,0.083434148,0.048054683,0.000195898
0.828029514,0.086192135,0.031950504,0.000248796
0.821393805,0.088963063,0.014614847,0.000312137
0.814660196,0.091744924,-0.003812171,0.000394498
0.807830738,0.094535842,-0.023214436,0.000492407
0.800907512,0.097333989,-0.043514578,0.000591184
0.793892626,0.100137485,-0.064628339,0.000684837
0.786788218,0.102944147,-0.086423411,0.00077589
0.779596452,0.105751799,-0.108791979,0.000866213
0.772319518,0.10855833,-0.13160435,0.000956001
0.764959632,0.111361987,-0.154794184,0.001044149
0.757519037,0.114161054,-0.178295237,0.001130412
0.75,0.116953739,-0.202035148,0.001215104
0.74240481,0.119738068,-0.225963136,0.001297916
0.734735781,0.122512056,-0.250024945,0.001378342
0.72699525,0.125273761,-0.274182176,0.001456293
0.719185573,0.128021263,-0.298400019,0.001531726
0.711309131,0.130752667,-0.322659915,0.001604465
0.703368322,0.133466115,-0.346945308,0.00167513
0.695365564,0.136159769,-0.371228644,0.001744391
0.687303297,0.138831791,-0.395507135,0.001811482
0.679183975,0.141480383,-0.41978542,0.001876518
0.671010072,0.144103742,-0.444053892,0.001941803
0.662784077,0.146700095,-0.4682841,0.002008499
0.654508497,0.14926768,-0.492464742,0.002076861
0.646185852,0.151804713,-0.516605803,0.002147258
0.637818678,0.154309423,-0.540705788,0.002221056
0.629409523,0.156780056,-0.564748605,0.002299923
0.620960948,0.159214785,-0.588759202,0.002383219
0.612475527,0.161611808,-0.612794269,0.002469143
0.603955845,0.163969421,-0.636860916,0.002557224
0.595404498,0.166285976,-0.660985199,0.002646713
0.586824089,0.168559903,-0.685226548,0.002736419
0.578217233,0.170789682,-0.709596765,0.002826151
0.56958655,0.172973504,-0.734055823,0.002914795
0.560934672,0.175109567,-0.758570348,0.003002922
0.552264232,0.177196171,-0.783116419,0.003090974
0.543577871,0.179231741,-0.807696952,0.00317844
0.534878237,0.181214844,-0.832354233,0.003265358
0.526167978,0.183144068,-0.85709189,0.003353262
0.517449748,0.185017879,-0.881891573,0.003441551
0.508726203,0.186834699,-0.906736109,0.003529703
0.5,0.188593015,-0.931620832,0.003618497
0.491273797,0.190291399,-0.956553557,0.003707356
0.482550252,0.191928517,-0.981557624,0.003795703
0.473832022,0.193503051,-1.00663945,0.003884025
0.465121763,0.19501363,-1.031780256,0.003973052
0.456422129,0.196458838,-1.056955758,0.004062367
0.447735768,0.197837358,-1.082166196,0.004151485
0.439065328,0.19914793,-1.107406801,0.004241102
0.43041345,0.200389353,-1.132677318,0.004331529
0.421782767,0.2015605,-1.157991254,0.004421514
0.413175911,0.202660212,-1.183338592,0.004510746
0.404595502,0.203687343,-1.208688681,0.004599954
0.396044155,0.204640819,-1.23403533,0.004689539
0.387524473,0.205519699,-1.259439157,0.004779499
0.379039052,0.206323256,-1.285032165,0.004871513
0.370590477,0.207050878,-1.310919518,0.004966178
0.362181322,0.207701569,-1.33699726,0.005062338
0.353814148,0.208273759,-1.362967999,0.005157025
0.345491503,0.208765824,-1.388694835,0.005246475
0.337215923,0.209177613,-1.414842305,0.00533306
0.328989928,0.209510908,-1.443034102,0.005431132
0.320816025,0.209767967,-1.47493479,0.00555912
0.312696703,0.209947742,-1.510562089,0.005721037
0.304634436,0.210040289,-1.547550154,0.005899549
0.296631678,0.210033362,-1.582933418,0.006078207
0.288690869,0.209917717,-1.614594193,0.006250391
0.280814427,0.209688984,-1.641732974,0.006414861
0.27300475,0.209345234,-1.663883999,0.006565631
0.265264219,0.208884747,-1.680581478,0.006697158
0.25759519,0.208307453,-1.691979479,0.00680965
0.25,0.20761563,-1.699044732,0.006907844
0.242480963,0.206811943,-1.70268702,0.006994161
0.235040368,0.205898966,-1.703070836,0.007074187
0.227680482,0.204878658,-1.700365007,0.007149248
0.220403548,0.203752595,-1.694810168,0.007216196
0.213211782,0.202522469,-1.686387667,0.007273634
0.206107374,0.201190087,-1.674966712,0.007325159
0.199092488,0.199757355,-1.660664758,0.007369099
0.192169262,0.198226283,-1.643590122,0.007404151
0.185339804,0.196598984,-1.623805412,0.00743141
0.178606195,0.194877625,-1.60140932,0.007451863
0.171970486,0.193064395,-1.576487868,0.007465217
0.165434697,0.191161616,-1.549159191,0.007471102
0.15900082,0.189171673,-1.51951442,0.007470308
0.152670815,0.1870969,-1.487604619,0.007462463
0.146446609,0.184939655,-1.453496668,0.007447585
0.1403301,0.182702432,-1.417301104,0.007426517
0.134323149,0.180387752,-1.379098235,0.007398809
0.128427587,0.177998015,-1.338884353,0.00736448
0.12264521,0.175535701,-1.296714584,0.00732406
0.116977778,0.173003492,-1.252682301,0.007276265
0.111427019,0.170404047,-1.206825204,0.00722133
0.105994623,0.167740103,-1.159216185,0.007160175
0.100682245,0.165014562,-1.110014077,0.007092538
0.095491503,0.162230426,-1.059323279,0.00701829
0.090423978,0.159390511,-1.007136628,0.006937397
0.085481214,0.156497634,-0.953495292,0.006849738
0.080664716,0.15355491,-0.898517952,0.006755614
0.075975952,0.15056544,-0.842257729,0.006655466
0.07141635,0.14753225,-0.78472399,0.006547893
0.066987298,0.144458573,-0.726004526,0.006432519
0.062690146,0.141347946,-0.666246929,0.006310897
0.058526204,0.138203821,-0.605510266,0.006182394
0.054496738,0.135029739,-0.543838632,0.006046088
0.050602977,0.13182959,-0.481407844,0.005902826
0.046846106,0.128607524,-0.418380415,0.005753005
0.043227271,0.125367416,-0.35482134,0.005596047
0.039747573,0.12211338,-0.290792289,0.005432581
0.036408073,0.118850109,-0.22646713,0.005262896
0.033209787,0.115582518,-0.162005912,0.005087363
0.03015369,0.112315545,-0.097476338,0.004905512
0.027240712,0.109054749,-0.03306627,0.004717085
0.024471742,0.105806503,0.030938959,0.004523959
0.021847622,0.102577626,0.094347039,0.00432497
0.019369152,0.099375425,0.156977909,0.004119052
0.017037087,0.096208425,0.21854098,0.003907172
0.014852137,0.093086508,0.278676667,0.003690668
0.012814968,0.090020679,0.337094834,0.003471969
0.0109262,0.087023445,0.393501841,0.00325411
0.009186408,0.084109562,0.447540847,0.00304058
0.007596123,0.081296445,0.498785981,0.002835986
0.00615583,0.078604318,0.546833963,0.002645007
0.004865966,0.076056548,0.591332918,0.002470322
0.003726924,0.073680422,0.63187897,0.002312161
0.002739052,0.071507248,0.668048132,0.002171267
0.001902651,0.069572182,0.699450571,0.002048777
0.001217975,0.067913236,0.725699538,0.001946318
0.000685233,0.066569348,0.74647526,0.001865631
0.000304586,0.065577412,0.761522043,0.001807319
7.62E-05,0.06496834,0.770635991,0.001771882
0,0.064762871,0.773688389,0.001759975
0.985147863,0.006431797,0.075472932,7.49E-05
0.982962913,0.007202161,0.07011554,9.00E-05
0.980630848,0.008020954,0.064285195,0.000106638
0.978152378,0.008887196,0.05795423,0.00012478
0.975528258,0.009799843,0.051107749,0.000144737
0.972759288,0.010757805,0.043724027,0.000166263
0.96984631,0.011760051,0.035785057,0.000189596
0.966790213,0.012805553,0.027277441,0.000215046
0.963591927,0.01389316,0.01818866,0.000242686
0.960252427,0.01502158,0.00853093,0.000273957
0.956772729,0.016189375,-0.001693519,0.00030996
0.953153894,0.01739521,-0.012445266,0.000353242
0.949397023,0.01863787,-0.023720449,0.000404103
0.945503262,0.019916144,-0.03550535,0.000460308
0.941473796,0.021228633,-0.047804047,0.000516963
0.937309854,0.022573862,-0.060581214,0.000571527
0.933012702,0.023950223,-0.073796929,0.000623675
0.92858365,0.025356181,-0.087406446,0.000674315
0.924024048,0.026790279,-0.101353544,0.000724324
0.919335284,0.028251075,-0.115611447,0.000774831
0.914518786,0.029737053,-0.130143473,0.000825484
0.909576022,0.031246594,-0.144958598,0.000876189
0.904508497,0.032777997,-0.159956761,0.000928139
0.899317755,0.034329648,-0.175041785,0.000981416
0.894005377,0.035899888,-0.19016927,0.001037738
0.888572981,0.037487101,-0.205308487,0.001097862
0.883022222,0.039089649,-0.220479783,0.001161433
0.87735479,0.040705963,-0.23566426,0.001229063
0.871572413,0.042334421,-0.25085249,0.001301549
0.865676851,0.043973368,-0.266074634,0.001377416
0.8596699,0.045620979,-0.281344027,0.001456214
0.853553391,0.047275449,-0.296640705,0.001535545
0.847329185,0.048935038,-0.311954479,0.001614627
0.84099918,0.050598149,-0.327263928,0.001693063
0.834565303,0.052263207,-0.342559102,0.001769148
0.828029514,0.05392857,-0.357816396,0.00184411
0.821393805,0.055592585,-0.373014481,0.001917504
0.814660196,0.057253571,-0.388141795,0.001988191
0.807830738,0.058909837,-0.403183484,0.002057482
0.800907512,0.060559668,-0.418083791,0.002126023
0.793892626,0.062201319,-0.43281918,0.002192375
0.786788218,0.06383324,-0.447414526,0.002256768
0.779596452,0.065453947,-0.46185572,0.002320509
0.772319518,0.067062077,-0.476166561,0.00238274
0.764959632,0.068656091,-0.490336211,0.002445526
0.757519037,0.070234361,-0.504345729,0.002507476
0.75,0.071795263,-0.518192265,0.002567316
0.74240481,0.073337239,-0.531833722,0.002627937
0.734735781,0.074858871,-0.545274656,0.002687772
0.72699525,0.076358728,-0.558553174,0.002746893
0.719185573,0.077835395,-0.571641958,0.002806683
0.711309131,0.079287454,-0.584528405,0.002864567
0.703368322,0.080713467,-0.597209964,0.002920802
0.695365564,0.082112068,-0.60966344,0.002978761
0.687303297,0.083481953,-0.621889708,0.00303739
0.679183975,0.084821842,-0.633897309,0.00309382
0.671010072,0.086130498,-0.645676333,0.003149177
0.662784077,0.087406678,-0.657231702,0.003204596
0.654508497,0.088649186,-0.668536914,0.003259291
0.646185852,0.089856887,-0.679609924,0.003313015
0.637818678,0.091028738,-0.690437278,0.00336732
0.629409523,0.09216375,-0.70101893,0.003421871
0.620960948,0.093260873,-0.711380998,0.00347574
0.612475527,0.094318969,-0.721510369,0.003529278
0.603955845,0.095336918,-0.73135311,0.003582158
0.595404498,0.096313698,-0.740902284,0.003633628
0.586824089,0.097248418,-0.750138511,0.003686113
0.578217233,0.098140272,-0.759077068,0.003738133
0.56958655,0.098988468,-0.767734821,0.003788631
0.560934672,0.099792223,-0.776104858,0.003838744
0.552264232,0.100550803,-0.784172846,0.003888573
0.543577871,0.101263516,-0.791937173,0.003936665
0.534878237,0.10192969,-0.799402711,0.003984505
0.526167978,0.102548707,-0.806561315,0.00403258
0.517449748,0.103119981,-0.813405826,0.004079988
0.508726203,0.10364293,-0.81992052,0.004126534
0.5,0.104117001,-0.826081406,0.004173005
0.491273797,0.104541712,-0.831890061,0.004218878
0.482550252,0.104916648,-0.83734158,0.004263847
0.473832022,0.105241469,-0.842441057,0.004307821
0.465121763,0.105515889,-0.84719238,0.00435099
0.456422129,0.105739661,-0.851589786,0.004393541
0.447735768,0.105912601,-0.855636189,0.004435255
0.439065328,0.106034548,-0.859356687,0.004476051
0.43041345,0.106105254,-0.862703397,0.004516578
0.421782767,0.106124471,-0.865625333,0.004556564
0.413175911,0.106092059,-0.868118122,0.004594714
0.404595502,0.106008052,-0.870204282,0.004630708
0.396044155,0.105872652,-0.871892813,0.004666407
0.387524473,0.105686089,-0.87319435,0.004701903
0.379039052,0.105448483,-0.874142543,0.004735705
0.370590477,0.10515993,-0.874708392,0.004767968
0.362181322,0.104820604,-0.874828033,0.004799173
0.353814148,0.104430773,-0.874501749,0.004828842
0.345491503,0.103990795,-0.873788945,0.004858121
0.337215923,0.103501104,-0.872702599,0.004886021
0.328989928,0.102962054,-0.871207311,0.004912236
0.320816025,0.102373975,-0.869255829,0.004937853
0.312696703,0.101737269,-0.866825314,0.004962516
0.304634436,0.101052479,-0.863925942,0.004984879
0.296631678,0.100320295,-0.860587187,0.00500579
0.288690869,0.099541482,-0.856843489,0.005025821
0.280814427,0.098716748,-0.852690054,0.005045369
0.27300475,0.097846722,-0.848098529,0.005064123
0.265264219,0.096932108,-0.843053174,0.005081452
0.25759519,0.095973674,-0.837550258,0.005097814
0.25,0.094972247,-0.831586746,0.005113845
0.242480963,0.093928737,-0.825160882,0.005128854
0.235040368,0.092844087,-0.818273729,0.005142428
0.227680482,0.091719261,-0.810932896,0.005155589
0.220403548,0.090555288,-0.803151695,0.00516822
0.213211782,0.089353236,-0.794925411,0.005179862
0.206107374,0.088114128,-0.786247605,0.005190486
0.199092488,0.086839055,-0.777111351,0.005200212
0.192169262,0.085529164,-0.767507115,0.005209495
0.185339804,0.084185626,-0.757436621,0.005217684
0.178606195,0.082809674,-0.746919745,0.005225504
0.171970486,0.081402597,-0.735970956,0.005232767
0.165434697,0.079965554,-0.724558091,0.005238644
0.15900082,0.078499741,-0.712644759,0.00524395
0.152670815,0.077006472,-0.700218627,0.005248752
0.146446609,0.075487078,-0.687273184,0.005252418
0.1403301,0.073942994,-0.673858185,0.005255024
0.134323149,0.072375743,-0.659993333,0.005257479
0.128427587,0.070786669,-0.645637328,0.005258953
0.12264521,0.069177146,-0.630781167,0.00525924
0.116977778,0.067548691,-0.615433167,0.005259272
0.111427019,0.065902653,-0.599550973,0.005258784
0.105994623,0.064240417,-0.583098204,0.005257569
0.100682245,0.062563544,-0.566105977,0.005255731
0.095491503,0.060873488,-0.548519063,0.005252835
0.090423978,0.059171688,-0.530329766,0.005248972
0.085481214,0.057459815,-0.511601064,0.005245428
0.080664716,0.055739271,-0.492231998,0.005241331
0.075975952,0.054011292,-0.472113322,0.005235898
0.07141635,0.052277455,-0.451261163,0.005230108
0.066987298,0.050539229,-0.429584724,0.00522307
0.062690146,0.048798026,-0.407017618,0.005214261
0.058526204,0.047055654,-0.383696816,0.005205926
0.054496738,0.045313606,-0.359497504,0.005197145
0.050602977,0.043572984,-0.334179462,0.005186365
0.046846106,0.041835455,-0.307839728,0.005175656
0.043227271,0.040102473,-0.280330808,0.005164236
0.039747573,0.038375037,-0.251294937,0.005148682
0.036408073,0.03665488,-0.220916743,0.00513242
0.033209787,0.034943551,-0.189035042,0.005114504
0.03015369,0.033241817,-0.155062545,0.005089126
0.027240712,0.031551415,-0.119236952,0.005058981
0.024471742,0.029874053,-0.081413678,0.00502296
0.021847622,0.028210151,-0.040686015,0.004967626
0.019369152,0.026561513,0.002633865,0.004890963
0.017037087,0.02493012,0.048634672,0.004781496
0.014852137,0.023315815,0.098276332,0.004611644
0.012814968,0.021720381,0.151753669,0.004418158
0.0109262,0.020146427,0.209021068,0.004304836
0.009186408,0.018593605,0.271969079,0.004234786
0.007596123,0.017064229,0.340089091,0.004165934
0.00615583,0.015562591,0.412048465,0.004109737
0.004865966,0.014088166,0.489627113,0.004002571
0.003726924,0.012643946,0.571860682,0.00379538
0.002739052,0.011238325,0.655888715,0.003490665
0.001902651,0.009876184,0.740925192,0.003076798
0.001217975,0.008568831,0.823425515,0.002572981
0.000685233,0.007345937,0.897089731,0.002032746
0.000304586,0.006265754,0.955047547,0.001494349
7.62E-05,0.005450532,0.991977308,0.001075611
0,0.00512765,1.004528792,0.000910029
0.985147863,0.009512983,0.147123371,0.000168126
0.982962913,0.010558976,0.145258647,0.000159258
0.980630848,0.011670474,0.14332161,0.000150699
0.978152378,0.012846275,0.141259668,0.000142827
0.975528258,0.014085187,0.139024356,0.000135455
0.972759288,0.015385824,0.136572186,0.000128528
0.96984631,0.016746632,0.133861959,0.000121726
0.966790213,0.01816601,0.130852986,0.000114768
0.963591927,0.01964234,0.127498038,0.000107171
0.960252427,0.021174086,0.123744112,9.85E-05
0.956772729,0.022759679,0.119524793,8.83E-05
0.953153894,0.024397334,0.114764609,7.57E-05
0.949397023,0.026085218,0.109383179,6.04E-05
0.945503262,0.027821427,0.10329781,4.22E-05
0.941473796,0.029604177,0.096441333,1.85E-05
0.937309854,0.031431702,0.088762,1.34E-05
0.933012702,0.03330226,0.080144634,4.49E-05
0.92858365,0.0352138,0.07054765,7.77E-05
0.924024048,0.037164214,0.059928965,0.000113181
0.919335284,0.039151324,0.048256276,0.000150814
0.914518786,0.041173102,0.035524065,0.000191101
0.909576022,0.043227579,0.021731297,0.000234969
0.904508497,0.04531278,0.006908503,0.000286157
0.899317755,0.047426658,-0.008855739,0.000353348
0.894005377,0.049567144,-0.025481738,0.000439527
0.888572981,0.05173216,-0.042944955,0.000531235
0.883022222,0.053919521,-0.06120117,0.000618339
0.87735479,0.056127115,-0.08018638,0.000701286
0.871572413,0.058352787,-0.099800353,0.000782647
0.865676851,0.060594408,-0.119952437,0.000863681
0.8596699,0.062849859,-0.140579035,0.000943576
0.853553391,0.065117056,-0.161584705,0.001022741
0.847329185,0.067393875,-0.182898779,0.001100739
0.84099918,0.069678293,-0.204461252,0.001177298
0.834565303,0.071968224,-0.226202342,0.001252492
0.828029514,0.07426155,-0.248068161,0.001325906
0.821393805,0.076556138,-0.269992581,0.001397645
0.814660196,0.078849956,-0.291930304,0.001468312
0.807830738,0.081140901,-0.313823252,0.00153853
0.800907512,0.083427028,-0.335642674,0.001608341
0.793892626,0.085706345,-0.357371112,0.001678146
0.786788218,0.087976822,-0.378942626,0.001750058
0.779596452,0.090236489,-0.400333298,0.001824735
0.772319518,0.092483338,-0.421528337,0.001903039
0.764959632,0.094715455,-0.442521813,0.001985144
0.757519037,0.096930906,-0.463363889,0.002070037
0.75,0.099127806,-0.484077738,0.00215668
0.74240481,0.101304256,-0.5046694,0.002244679
0.734735781,0.103458372,-0.525105035,0.002332806
0.72699525,0.105588356,-0.545417967,0.002417561
0.719185573,0.107692473,-0.565595103,0.00250062
0.711309131,0.109769098,-0.585611589,0.002583411
0.703368322,0.111816609,-0.605496294,0.002663892
0.695365564,0.113833241,-0.62521793,0.002742682
0.687303297,0.115817142,-0.644739127,0.00282031
0.679183975,0.117766531,-0.66403196,0.00289678
0.671010072,0.119679817,-0.683073269,0.002973336
0.662784077,0.121555595,-0.701906222,0.003049377
0.654508497,0.123392509,-0.720563867,0.003123427
0.646185852,0.125189042,-0.73902934,0.003196935
0.637818678,0.126943596,-0.757254424,0.003271562
0.629409523,0.128654647,-0.775233887,0.003345819
0.620960948,0.130320747,-0.79297751,0.003418033
0.612475527,0.131940541,-0.810470928,0.003489375
0.603955845,0.133512762,-0.827695445,0.003562108
0.595404498,0.135036093,-0.84465141,0.00363581
0.586824089,0.136509287,-0.861348427,0.003707342
0.578217233,0.137931102,-0.877781261,0.003777307
0.56958655,0.139300351,-0.893927199,0.003847747
0.560934672,0.140615921,-0.90976995,0.003918186
0.552264232,0.141876711,-0.925317384,0.00398679
0.543577871,0.143081664,-0.94056714,0.004054552
0.534878237,0.144229743,-0.955504328,0.004122621
0.526167978,0.145319962,-0.970101497,0.004190904
0.517449748,0.146351365,-0.984338542,0.004258715
0.508726203,0.147323004,-0.998214519,0.004325738
0.5,0.148234003,-1.011711671,0.004391465
0.491273797,0.149083551,-1.02480843,0.004455516
0.482550252,0.149870987,-1.03751257,0.004518733
0.473832022,0.15059577,-1.049858871,0.004581927
0.465121763,0.151257312,-1.061864107,0.00464436
0.456422129,0.151854873,-1.073471444,0.004706059
0.447735768,0.152387628,-1.084598303,0.004766658
0.439065328,0.152854899,-1.095197617,0.004826006
0.43041345,0.153256249,-1.105283408,0.004883968
0.421782767,0.153591413,-1.114902329,0.004940041
0.413175911,0.153860209,-1.124059845,0.004995818
0.404595502,0.154062317,-1.132739193,0.005050952
0.396044155,0.154197363,-1.140907378,0.005104242
0.387524473,0.154265032,-1.148532045,0.00515567
0.379039052,0.154265095,-1.155600997,0.005206331
0.370590477,0.154197396,-1.162082702,0.005256572
0.362181322,0.154061876,-1.167961437,0.005306059
0.353814148,0.153858509,-1.173228017,0.005353973
0.345491503,0.153587302,-1.177871114,0.005399904
0.337215923,0.153248337,-1.181882322,0.005444834
0.328989928,0.152841732,-1.185222467,0.005489568
0.320816025,0.152367641,-1.187865339,0.005533127
0.312696703,0.151826284,-1.189833682,0.005574872
0.304634436,0.151217949,-1.191132848,0.005615186
0.296631678,0.150542971,-1.191691887,0.005654109
0.288690869,0.149801752,-1.19149856,0.005691888
0.280814427,0.148994778,-1.190575287,0.005729663
0.27300475,0.148122467,-1.188891641,0.005766738
0.265264219,0.147185246,-1.186394813,0.005801516
0.25759519,0.146183676,-1.18305753,0.005833836
0.25,0.145118437,-1.178871473,0.005864581
0.242480963,0.143990317,-1.173866233,0.005893668
0.235040368,0.142800241,-1.168072142,0.005921874
0.227680482,0.141548988,-1.16146583,0.005948978
0.220403548,0.140237279,-1.153997665,0.005974413
0.213211782,0.138865943,-1.145629012,0.005998434
0.206107374,0.137435884,-1.136335653,0.006020715
0.199092488,0.135948041,-1.12610459,0.006040208
0.192169262,0.134403478,-1.114935521,0.00605835
0.185339804,0.132803318,-1.102815895,0.006075648
0.178606195,0.131148648,-1.089705535,0.006090749
0.171970486,0.12944061,-1.07560681,0.006103342
0.165434697,0.127680501,-1.060522317,0.006114124
0.15900082,0.125869527,-1.044411097,0.006122654
0.152670815,0.124008993,-1.027273864,0.006129095
0.146446609,0.122100344,-1.009118679,0.006134223
0.1403301,0.120144914,-0.989900853,0.00613658
0.134323149,0.118144047,-0.969602009,0.006136222
0.128427587,0.116099283,-0.948235456,0.006134581
0.12264521,0.114012063,-0.925741979,0.00613019
0.116977778,0.111883742,-0.902058546,0.00612253
0.111427019,0.109715939,-0.877196365,0.00611241
0.105994623,0.107510273,-0.851104478,0.006099274
0.100682245,0.105268282,-0.823759079,0.006082911
0.095491503,0.102991787,-0.795245969,0.006064367
0.090423978,0.100682546,-0.765512088,0.006043616
0.085481214,0.098341937,-0.734390699,0.006018757
0.080664716,0.0959716,-0.701854678,0.005989795
0.075975952,0.093573396,-0.667879176,0.005956728
0.07141635,0.091148996,-0.632372467,0.005918432
0.066987298,0.088700388,-0.595441088,0.00587678
0.062690146,0.08622977,-0.557179421,0.005832067
0.058526204,0.083738582,-0.517308829,0.005782035
0.054496738,0.081228353,-0.475689884,0.005725554
0.050602977,0.078701125,-0.432371004,0.005663213
0.046846106,0.076158666,-0.387182781,0.005592703
0.043227271,0.073602904,-0.34011992,0.005513415
0.039747573,0.071036406,-0.291457414,0.005428226
0.036408073,0.068460985,-0.240956064,0.005334322
0.033209787,0.065878036,-0.188312733,0.005227523
0.03015369,0.063289838,-0.133671489,0.005108519
0.027240712,0.060698637,-0.076996159,0.00497482
0.024471742,0.058106366,-0.018161541,0.004821789
0.021847622,0.055516032,0.042475954,0.004650747
0.019369152,0.052930712,0.104728551,0.004461651
0.017037087,0.050352268,0.168883232,0.004248224
0.014852137,0.047783757,0.234637853,0.004008107
0.012814968,0.045229308,0.3015206,0.003744792
0.0109262,0.042692499,0.369304688,0.003475518
0.009186408,0.040178328,0.437767334,0.003225871
0.007596123,0.03769404,0.505959244,0.003010625
0.00615583,0.03524754,0.573232422,0.002810685
0.004865966,0.032849143,0.638860047,0.002609258
0.003726924,0.030514172,0.701544501,0.002406327
0.002739052,0.028264604,0.760043991,0.002196983
0.001902651,0.026131917,0.813038545,0.001978715
0.001217975,0.024163389,0.859149226,0.001760497
0.000685233,0.022430193,0.896975355,0.001556462
0.000304586,0.021035831,0.925145518,0.001386302
7.62E-05,0.020112438,0.942555262,0.001271232
0,0.019786339,0.948443453,0.001230336
0.985147863,0.012764556,0.102206388,0.000314155
0.982962913,0.014100225,0.098829229,0.000323085
0.980630848,0.01551928,0.095637861,0.00033279
0.978152378,0.017020005,0.092714303,0.000337402
0.975528258,0.01860064,0.090134943,0.000335375
0.972759288,0.020259415,0.087946658,0.000328253
0.96984631,0.021994437,0.086155643,0.000317339
0.966790213,0.023803795,0.084734894,0.000305281
0.963591927,0.025685481,0.083641856,0.000294133
0.960252427,0.02763736,0.082802769,0.000283372
0.956772729,0.029657261,0.082140105,0.000272912
0.953153894,0.031743005,0.081586213,0.000262842
0.949397023,0.033892469,0.081079274,0.00025327
0.945503262,0.036103327,0.080573527,0.000244532
0.941473796,0.038373129,0.080036618,0.000236522
0.937309854,0.040699258,0.079448104,0.000229487
0.933012702,0.043079135,0.078791149,0.00022337
0.92858365,0.045510423,0.078044955,0.000218141
0.924024048,0.047990788,0.077192486,0.000213828
0.919335284,0.050517756,0.076209395,0.000210246
0.914518786,0.053088809,0.07508064,0.00020732
0.909576022,0.055701264,0.073796261,0.000204759
0.904508497,0.058352528,0.07236463,0.000201505
0.899317755,0.06103998,0.070814842,0.000196935
0.894005377,0.063761098,0.069205192,0.000190328
0.888572981,0.066513258,0.06759252,0.000178389
0.883022222,0.069293995,0.065995051,0.000160255
0.87735479,0.072100861,0.064277569,0.000142683
0.871572413,0.074931206,0.062051526,0.000129549
0.865676851,0.077782327,0.058794444,0.000119874
0.8596699,0.080651497,0.054143411,0.000110477
0.853553391,0.083536049,0.047928683,9.63E-05
0.847329185,0.086433639,0.039946372,7.35E-05
0.84099918,0.089341903,0.029963035,4.18E-05
0.834565303,0.092258366,0.017782741,2.62E-05
0.828029514,0.095180348,0.003251161,6.35E-05
0.821393805,0.098105201,-0.01369075,0.00012461
0.814660196,0.101030407,-0.032996165,0.000186857
0.807830738,0.103953649,-0.054508779,0.000260106
0.800907512,0.106872661,-0.077928367,0.000362078
0.793892626,0.109785096,-0.102945609,0.000496096
0.786788218,0.112688516,-0.129364185,0.000633602
0.779596452,0.11558045,-0.156964827,0.000760168
0.772319518,0.11845852,-0.18548725,0.000881522
0.764959632,0.121320474,-0.214683872,0.001000739
0.757519037,0.124164097,-0.244337628,0.001116979
0.75,0.126987197,-0.274267919,0.001230078
0.74240481,0.129787554,-0.30432892,0.001340309
0.734735781,0.132562996,-0.334397031,0.001447558
0.72699525,0.135311383,-0.364344307,0.001552749
0.719185573,0.138030502,-0.394076746,0.001656772
0.711309131,0.140718182,-0.423535654,0.001760671
0.703368322,0.143372349,-0.452653712,0.001865726
0.695365564,0.145991124,-0.481437242,0.001971376
0.687303297,0.148572651,-0.50989466,0.002079473
0.679183975,0.15111506,-0.538044222,0.002190511
0.671010072,0.153616377,-0.565922907,0.002302806
0.662784077,0.156074581,-0.593542845,0.002415012
0.654508497,0.158487776,-0.620886149,0.002526224
0.646185852,0.160854067,-0.647975839,0.002635667
0.637818678,0.163171732,-0.674796323,0.00274235
0.629409523,0.165439048,-0.701330812,0.002846356
0.620960948,0.167654351,-0.727578698,0.002948545
0.612475527,0.169816079,-0.753549279,0.003049297
0.603955845,0.171922662,-0.779250208,0.003148474
0.595404498,0.173972456,-0.804659188,0.003247565
0.586824089,0.175963783,-0.829732642,0.003346155
0.578217233,0.177895022,-0.854471145,0.003442142
0.56958655,0.179764699,-0.87888939,0.00353546
0.560934672,0.181571511,-0.902956205,0.003629545
0.552264232,0.183314198,-0.926701387,0.003723318
0.543577871,0.184991483,-0.950164905,0.003814923
0.534878237,0.186602019,-0.973308657,0.00390608
0.526167978,0.188144451,-0.996053826,0.003999279
0.517449748,0.189617552,-1.018422602,0.004090539
0.508726203,0.191020118,-1.040414918,0.004179913
0.5,0.192350997,-1.062004083,0.004268818
0.491273797,0.193609106,-1.083166117,0.004356952
0.482550252,0.194793408,-1.103894674,0.004442565
0.473832022,0.195902897,-1.124161547,0.004527365
0.465121763,0.19693665,-1.143940589,0.004612081
0.456422129,0.197893819,-1.163215455,0.00469614
0.447735768,0.198773604,-1.181980025,0.004779029
0.439065328,0.199575268,-1.200239394,0.004860466
0.43041345,0.200298054,-1.217964867,0.004940209
0.421782767,0.200941216,-1.235104816,0.005018322
0.413175911,0.201504072,-1.251609153,0.005095335
0.404595502,0.201986039,-1.267448252,0.005171834
0.396044155,0.202386627,-1.282639727,0.005247108
0.387524473,0.202705446,-1.297189347,0.005321074
0.379039052,0.202942108,-1.311050767,0.00539462
0.370590477,0.203096051,-1.324140678,0.005467313
0.362181322,0.20316678,-1.336383647,0.00553844
0.353814148,0.203153968,-1.347721166,0.0056079
0.345491503,0.203057484,-1.358145533,0.005675884
0.337215923,0.202877369,-1.367727722,0.005742008
0.328989928,0.202613729,-1.376471611,0.005806913
0.320816025,0.202266511,-1.384310695,0.005870819
0.312696703,0.201835564,-1.39115486,0.005933426
0.304634436,0.201320855,-1.396930429,0.005994474
0.296631678,0.200722475,-1.401561435,0.006052854
0.288690869,0.200040607,-1.405090487,0.006109494
0.280814427,0.199275551,-1.407562603,0.006165071
0.27300475,0.198427665,-1.408891699,0.006218329
0.265264219,0.197497197,-1.408913765,0.006268871
0.25759519,0.196484547,-1.407628499,0.006317595
0.25,0.195390207,-1.40505745,0.006364508
0.242480963,0.194214725,-1.401180281,0.006408938
0.235040368,0.192958771,-1.39598218,0.006450827
0.227680482,0.191623155,-1.389459328,0.006489958
0.220403548,0.19020851,-1.381546456,0.006526571
0.213211782,0.188715443,-1.372163595,0.006560708
0.206107374,0.18714469,-1.361251938,0.006591935
0.199092488,0.185497116,-1.348776374,0.006619532
0.192169262,0.183773687,-1.334727954,0.006642982
0.185339804,0.181975488,-1.319116546,0.006663485
0.178606195,0.180103667,-1.301931512,0.006680846
0.171970486,0.178159307,-1.283163897,0.006694395
0.165434697,0.176143586,-1.262811259,0.006704834
0.15900082,0.174057814,-1.240846125,0.006712396
0.152670815,0.171903092,-1.217201802,0.006714903
0.146446609,0.169680557,-1.191799048,0.006712925
0.1403301,0.16739154,-1.164594324,0.006706293
0.134323149,0.165037527,-1.135585488,0.006694226
0.128427587,0.162620068,-1.104847261,0.006677346
0.12264521,0.160140985,-1.072476238,0.006656355
0.116977778,0.157601913,-1.038445998,0.006630772
0.111427019,0.155004194,-1.002640053,0.00659951
0.105994623,0.152349355,-0.964996328,0.00656225
0.100682245,0.149639081,-0.925490198,0.00651912
0.095491503,0.146875156,-0.884130462,0.006469376
0.090423978,0.144059562,-0.841030141,0.006412934
0.085481214,0.141194462,-0.796277724,0.006349856
0.080664716,0.138281712,-0.749810734,0.006280111
0.075975952,0.135323108,-0.70158214,0.006204265
0.07141635,0.132320771,-0.651656926,0.006121628
0.066987298,0.129276796,-0.600041373,0.006029976
0.062690146,0.126193226,-0.546730808,0.005929162
0.058526204,0.12307245,-0.491848329,0.005820829
0.054496738,0.119916903,-0.435466831,0.005704215
0.050602977,0.116728812,-0.377563887,0.005577655
0.046846106,0.113510682,-0.318252624,0.005441939
0.043227271,0.110265305,-0.257668958,0.005297486
0.039747573,0.106995156,-0.195905479,0.005143135
0.036408073,0.103702894,-0.132995147,0.004978869
0.033209787,0.10039169,-0.069111912,0.004804988
0.03015369,0.097064789,-0.004429491,0.0046211
0.027240712,0.093725648,0.060876122,0.004425746
0.024471742,0.090378409,0.126493365,0.004219307
0.021847622,0.087027513,0.192148381,0.004001861
0.019369152,0.083677589,0.257603481,0.0037728
0.017037087,0.080334091,0.322541474,0.003533566
0.014852137,0.077003538,0.386539218,0.003288584
0.012814968,0.07369322,0.449264519,0.003041834
0.0109262,0.070411863,0.51031026,0.002799239
0.009186408,0.067170324,0.569226753,0.002567161
0.007596123,0.063982405,0.625510454,0.002347504
0.00615583,0.06086569,0.678609589,0.00214043
0.004865966,0.057842566,0.727980435,0.00194778
0.003726924,0.054942084,0.773113237,0.001771895
0.002739052,0.05220253,0.813477677,0.001610249
0.001902651,0.049673705,0.848566896,0.001464524
0.001217975,0.04741941,0.877954414,0.001337812
0.000685233,0.04551857,0.901245415,0.001232811
0.000304586,0.044062029,0.918119322,0.001153193
7.62E-05,0.043140814,0.928333931,0.001103131
0,0.042824866,0.931753302,0.001086007
0.985147863,0.008882815,-0.049484299,0.000239018
0.982962913,0.009984696,-0.051325656,0.00022554
0.980630848,0.011152434,-0.053181738,0.000212583
0.978152378,0.012383868,-0.055101909,0.000200679
0.975528258,0.013676671,-0.057158319,0.000190137
0.972759288,0.015028479,-0.059440329,0.000181014
0.96984631,0.01643697,-0.062048594,0.000173346
0.966790213,0.017899761,-0.065091926,0.000166044
0.963591927,0.019414349,-0.068694248,0.00015737
0.960252427,0.020978288,-0.073021934,0.00014637
0.956772729,0.022588968,-0.078306862,0.00013228
0.953153894,0.024243585,-0.084817033,0.000112656
0.949397023,0.025939035,-0.092857112,8.54E-05
0.945503262,0.027672087,-0.102680059,4.03E-05
0.941473796,0.029439756,-0.114740609,1.36E-05
0.937309854,0.031239228,-0.129253811,6.68E-05
0.933012702,0.033067729,-0.146228881,0.000130237
0.92858365,0.034922103,-0.165792131,0.000208206
0.924024048,0.036798932,-0.187638295,0.000347945
0.919335284,0.038694666,-0.211492064,0.000567095
0.914518786,0.040606011,-0.237785585,0.000757501
0.909576022,0.042529823,-0.266027738,0.000932271
0.904508497,0.044462925,-0.295671004,0.001106004
0.899317755,0.046402008,-0.326329822,0.001277016
0.894005377,0.048343504,-0.357595218,0.001445805
0.888572981,0.050283862,-0.389170381,0.001609924
0.883022222,0.052219642,-0.42076854,0.001770036
0.87735479,0.05414749,-0.452196699,0.00192601
0.871572413,0.056064038,-0.483283693,0.002077551
0.865676851,0.057965943,-0.513893021,0.00222643
0.8596699,0.059849843,-0.543918109,0.00237043
0.853553391,0.061712399,-0.573273078,0.002510979
0.847329185,0.063550227,-0.601853836,0.002646859
0.84099918,0.065359922,-0.629574258,0.002780523
0.834565303,0.067138123,-0.656342912,0.002910611
0.828029514,0.068881504,-0.682074913,0.003035426
0.821393805,0.070586878,-0.706681403,0.003158753
0.814660196,0.07225109,-0.730107803,0.003277278
0.807830738,0.073871018,-0.752275976,0.003390249
0.800907512,0.07544361,-0.773088601,0.003500398
0.793892626,0.07696588,-0.792470727,0.003606815
0.786788218,0.078434722,-0.81031195,0.003708351
0.779596452,0.079846965,-0.826380271,0.003805183
0.772319518,0.081199406,-0.840464012,0.003894935
0.764959632,0.082489366,-0.852482977,0.003976752
0.757519037,0.083714836,-0.862349705,0.004054009
0.75,0.084874059,-0.87025193,0.004130031
0.74240481,0.085964066,-0.876072816,0.004201158
0.734735781,0.086979853,-0.878091575,0.004256872
0.72699525,0.08791583,-0.874546127,0.004289561
0.719185573,0.088769941,-0.865794647,0.004293825
0.711309131,0.089549166,-0.852801562,0.004268739
0.703368322,0.090262629,-0.836639397,0.004218575
0.695365564,0.090920831,-0.818937506,0.004147075
0.687303297,0.091537684,-0.801901705,0.004071527
0.679183975,0.092129591,-0.788174206,0.004012206
0.671010072,0.092707858,-0.778896531,0.003977383
0.662784077,0.093272661,-0.773037261,0.003961646
0.654508497,0.093817601,-0.768802558,0.003955209
0.646185852,0.094338438,-0.765138168,0.003951506
0.637818678,0.0948344,-0.761914859,0.003947849
0.629409523,0.095306173,-0.759284641,0.003947577
0.620960948,0.095754187,-0.757341373,0.003951688
0.612475527,0.096177837,-0.755991241,0.003958375
0.603955845,0.096576072,-0.755056494,0.00396682
0.595404498,0.096948021,-0.754406116,0.003977378
0.586824089,0.09729306,-0.75398186,0.003989691
0.578217233,0.097610763,-0.753767554,0.004004029
0.56958655,0.097900694,-0.753759042,0.004019518
0.560934672,0.098162311,-0.753938528,0.004035656
0.552264232,0.098395058,-0.754265397,0.004052804
0.543577871,0.098598415,-0.754695111,0.004070764
0.534878237,0.098771891,-0.755201045,0.004088756
0.526167978,0.098915043,-0.755764242,0.004108434
0.517449748,0.099027463,-0.756367361,0.004129266
0.508726203,0.099108756,-0.75701587,0.00415022
0.5,0.099158573,-0.75770224,0.004171421
0.491273797,0.099176579,-0.758401881,0.004193182
0.482550252,0.099162378,-0.759107875,0.004214815
0.473832022,0.099115588,-0.759772064,0.004237479
0.465121763,0.099035865,-0.760384855,0.0042599
0.456422129,0.098922973,-0.760948914,0.004281914
0.447735768,0.098776785,-0.76147102,0.004304715
0.439065328,0.098597175,-0.761970826,0.004327746
0.43041345,0.098383921,-0.762434535,0.004349729
0.421782767,0.098136732,-0.762799757,0.004372833
0.413175911,0.097855367,-0.763047881,0.004396175
0.404595502,0.097539738,-0.763193592,0.00441821
0.396044155,0.097189885,-0.763247612,0.004439856
0.387524473,0.096805868,-0.76321797,0.004461836
0.379039052,0.096387674,-0.763100659,0.004483065
0.370590477,0.095935217,-0.76288231,0.004504391
0.362181322,0.095448471,-0.762539005,0.00452627
0.353814148,0.094927442,-0.762056588,0.004547488
0.345491503,0.094372141,-0.761419269,0.004567331
0.337215923,0.093782666,-0.760586411,0.004587252
0.328989928,0.093159197,-0.759565206,0.004607256
0.320816025,0.092502018,-0.758408516,0.004625775
0.312696703,0.091811479,-0.757126435,0.004644655
0.304634436,0.09108782,-0.755698487,0.004664509
0.296631678,0.090331182,-0.754096174,0.004683345
0.288690869,0.089541771,-0.752278913,0.004701554
0.280814427,0.088719897,-0.750227756,0.004721025
0.27300475,0.087865977,-0.747975146,0.004739282
0.265264219,0.086980513,-0.745537392,0.004757009
0.25759519,0.086063969,-0.742898267,0.004774963
0.25,0.085116814,-0.740064408,0.004792623
0.242480963,0.084139567,-0.737048007,0.004810859
0.235040368,0.083132716,-0.733828537,0.004829486
0.227680482,0.082096714,-0.730373623,0.00484734
0.220403548,0.081032073,-0.726665645,0.004865311
0.213211782,0.079939365,-0.722692311,0.004882879
0.206107374,0.078819222,-0.718449479,0.00489953
0.199092488,0.077672353,-0.713942828,0.004916699
0.192169262,0.07649952,-0.70917257,0.004934252
0.185339804,0.075301476,-0.704150976,0.004951172
0.178606195,0.07407906,-0.698920848,0.00496779
0.171970486,0.072833118,-0.693475497,0.004985064
0.165434697,0.071564235,-0.687746717,0.005002191
0.15900082,0.070273114,-0.681686802,0.005019384
0.152670815,0.068960561,-0.675275542,0.005036501
0.146446609,0.067627492,-0.668534722,0.005052507
0.1403301,0.066274945,-0.661522631,0.005068912
0.134323149,0.064903984,-0.654257456,0.005085498
0.128427587,0.063515377,-0.646682243,0.005102145
0.12264521,0.06210997,-0.638765076,0.005119486
0.116977778,0.060688746,-0.630490308,0.005136744
0.111427019,0.059252566,-0.621804675,0.005153563
0.105994623,0.057802439,-0.612734585,0.005170448
0.100682245,0.056339468,-0.603286389,0.0051879
0.095491503,0.054864558,-0.593381372,0.005204941
0.090423978,0.053378702,-0.583017782,0.005222227
0.085481214,0.051883089,-0.572211165,0.005239988
0.080664716,0.050378677,-0.560878126,0.005257004
0.075975952,0.04886657,-0.549067271,0.005274893
0.07141635,0.047348051,-0.536853011,0.005294905
0.066987298,0.045823835,-0.524003425,0.005315394
0.062690146,0.044294717,-0.510413199,0.005336211
0.058526204,0.042761876,-0.496098074,0.005358355
0.054496738,0.041226146,-0.480835171,0.005379792
0.050602977,0.039688577,-0.464627542,0.005401913
0.046846106,0.038150655,-0.447624565,0.005427197
0.043227271,0.036613126,-0.429460721,0.005452741
0.039747573,0.03507686,-0.410001035,0.005479055
0.036408073,0.033543372,-0.389466818,0.005510368
0.033209787,0.032013205,-0.36725701,0.005541867
0.03015369,0.03048702,-0.343068362,0.0055725
0.027240712,0.028966435,-0.317206527,0.005608022
0.024471742,0.027451898,-0.288797026,0.005639741
0.021847622,0.025943974,-0.257404864,0.005664236
0.019369152,0.02444465,-0.223510483,0.005688279
0.017037087,0.022954183,-0.18593823,0.005696874
0.014852137,0.021472801,-0.143553687,0.005675557
0.012814968,0.020002956,-0.097635306,0.005639927
0.0109262,0.018544702,-0.0460566,0.00557662
0.009186408,0.017097815,0.013215093,0.005548872
0.007596123,0.015665559,0.078854413,0.005579009
0.00615583,0.014248427,0.152116111,0.005422586
0.004865966,0.012846109,0.234880409,0.005194837
0.003726924,0.011463748,0.325318134,0.005076379
0.002739052,0.010104024,0.42358947,0.004852874
0.001902651,0.008767587,0.529837979,0.004458383
0.001217975,0.007464265,0.639101297,0.003922118
0.000685233,0.006215186,0.744779801,0.00328969
0.000304586,0.005068906,0.838836525,0.002616671
7.62E-05,0.004119414,0.908916216,0.00199475
0,0.003747521,0.935414293,0.001744446
0.985147863,0.012241728,-0.037813077,0.000379281
0.982962913,0.01363868,-0.040376126,0.000367457
0.980630848,0.015118692,-0.042314875,0.000347869
0.978152378,0.016679352,-0.043678224,0.000324881
0.975528258,0.018318178,-0.044557856,0.000304475
0.972759288,0.020032172,-0.045091978,0.000287724
0.96984631,0.021818255,-0.045429616,0.000273154
0.966790213,0.023673174,-0.045689499,0.000260149
0.963591927,0.025593828,-0.045952671,0.000248717
0.960252427,0.027577213,-0.046267397,0.000238906
0.956772729,0.02962014,-0.046665639,0.000230273
0.953153894,0.031719219,-0.047166129,0.000222773
0.949397023,0.033870906,-0.047788456,0.000216299
0.945503262,0.03607165,-0.048546919,0.000210786
0.941473796,0.038317915,-0.049438212,0.000205762
0.937309854,0.040606082,-0.050428152,0.000200412
0.933012702,0.042932473,-0.051456504,0.000192467
0.92858365,0.0452932,-0.052461215,0.000181811
0.924024048,0.047684267,-0.053467306,0.000168547
0.919335284,0.050101745,-0.054680132,0.000154688
0.914518786,0.052541938,-0.056502672,0.000149001
0.909576022,0.055001217,-0.059410542,0.000148976
0.904508497,0.057475877,-0.063824467,0.000147413
0.899317755,0.05996193,-0.070216249,0.000138332
0.894005377,0.062455397,-0.079226562,0.000117937
0.888572981,0.06495239,-0.091470539,7.82E-05
0.883022222,0.067449056,-0.107502531,3.06E-05
0.87735479,0.069941631,-0.127833961,6.04E-05
0.871572413,0.072426302,-0.152515681,0.000144783
0.865676851,0.074899278,-0.180991709,0.000275512
0.8596699,0.077356715,-0.212216124,0.000504065
0.853553391,0.079794904,-0.245960099,0.000752329
0.847329185,0.082210149,-0.28188821,0.000976829
0.84099918,0.084598915,-0.319180396,0.001199796
0.834565303,0.086957616,-0.35707541,0.001417876
0.828029514,0.089282644,-0.394926322,0.001628411
0.821393805,0.091570447,-0.432158915,0.001830133
0.814660196,0.093817498,-0.46837844,0.002021881
0.807830738,0.096020658,-0.503300747,0.002202421
0.800907512,0.098176852,-0.536756727,0.002372616
0.793892626,0.10028302,-0.568592465,0.00253513
0.786788218,0.102335726,-0.598620399,0.002689891
0.779596452,0.10433133,-0.626581452,0.00283491
0.772319518,0.106266369,-0.652211412,0.002968175
0.764959632,0.108138619,-0.675522053,0.003089307
0.757519037,0.109946796,-0.696723407,0.003205086
0.75,0.11168984,-0.715933435,0.003320229
0.74240481,0.113363133,-0.732295838,0.003429534
0.734735781,0.114959165,-0.744288549,0.003520372
0.72699525,0.116468845,-0.750228021,0.003571474
0.719185573,0.117893693,-0.749490487,0.003577862
0.711309131,0.119248561,-0.744674768,0.003558558
0.703368322,0.120552888,-0.739729946,0.003531644
0.695365564,0.121822848,-0.736045882,0.003504602
0.687303297,0.123065876,-0.734068957,0.00348842
0.679183975,0.124287306,-0.734951153,0.003485025
0.671010072,0.125490796,-0.738226874,0.003494186
0.662784077,0.126674395,-0.743074658,0.003513969
0.654508497,0.127833286,-0.7488821,0.003538922
0.646185852,0.128963907,-0.755080319,0.003565248
0.637818678,0.130064793,-0.761377094,0.00359412
0.629409523,0.131135742,-0.767977882,0.003624196
0.620960948,0.13217642,-0.774922359,0.003655588
0.612475527,0.133185894,-0.782163348,0.003689299
0.603955845,0.134162982,-0.78963158,0.00372529
0.595404498,0.13510655,-0.79725997,0.003762649
0.586824089,0.136015515,-0.805013786,0.003801103
0.578217233,0.136888862,-0.812865338,0.003840652
0.56958655,0.137725605,-0.820775263,0.003879774
0.560934672,0.138524768,-0.82872101,0.003919836
0.552264232,0.139285418,-0.836691392,0.003961931
0.543577871,0.140006684,-0.844676067,0.004003348
0.534878237,0.140687716,-0.852681225,0.004043674
0.526167978,0.141327697,-0.860662284,0.004086708
0.517449748,0.141925853,-0.868614221,0.004131355
0.508726203,0.142481345,-0.876555918,0.004174604
0.5,0.142993227,-0.884456622,0.004217933
0.491273797,0.14346062,-0.892246327,0.004262826
0.482550252,0.143882776,-0.899925707,0.004307582
0.473832022,0.144259064,-0.907523062,0.004351325
0.465121763,0.144588884,-0.915045935,0.004395204
0.456422129,0.144871558,-0.922469488,0.004440114
0.447735768,0.14510628,-0.929748969,0.004484951
0.439065328,0.145292267,-0.936834373,0.004529105
0.43041345,0.145428901,-0.943706932,0.004572804
0.421782767,0.145515737,-0.950391706,0.00461636
0.413175911,0.145552402,-0.956926114,0.004659621
0.404595502,0.14553845,-0.963296102,0.00470273
0.396044155,0.145473306,-0.969458962,0.004745609
0.387524473,0.145356409,-0.975365122,0.0047884
0.379039052,0.145187308,-0.980984664,0.0048309
0.370590477,0.144965611,-0.986323719,0.004871739
0.362181322,0.144691018,-0.991371204,0.004912071
0.353814148,0.144363286,-0.996095319,0.004953092
0.345491503,0.143982178,-1.000487815,0.004993748
0.337215923,0.143547485,-1.004564128,0.005032524
0.328989928,0.143059085,-1.008307726,0.00507098
0.320816025,0.142516779,-1.011673239,0.005109991
0.312696703,0.141920437,-1.014619287,0.005148898
0.304634436,0.141269993,-1.017130215,0.005186621
0.296631678,0.140565405,-1.019202537,0.005223303
0.288690869,0.139806689,-1.020815615,0.005260238
0.280814427,0.13899397,-1.021936875,0.005297088
0.27300475,0.138127405,-1.022569304,0.005332517
0.265264219,0.137207238,-1.022714553,0.005367458
0.25759519,0.136233751,-1.022356825,0.005402938
0.25,0.135207138,-1.02145939,0.005437812
0.242480963,0.134127508,-1.019961682,0.005470724
0.235040368,0.132995085,-1.017801049,0.005502526
0.227680482,0.131810288,-1.014954918,0.005533388
0.220403548,0.130573683,-1.011454542,0.005563691
0.213211782,0.12928597,-1.007336265,0.005594077
0.206107374,0.127947705,-1.0025734,0.005623518
0.199092488,0.1265593,-0.997092858,0.005651113
0.192169262,0.1251213,-0.990836537,0.005677713
0.185339804,0.12363438,-0.983775747,0.005703302
0.178606195,0.122099279,-0.975921279,0.005727487
0.171970486,0.120516919,-0.967314637,0.005750929
0.165434697,0.118888136,-0.957908515,0.005773469
0.15900082,0.117213524,-0.947602858,0.005794439
0.152670815,0.11549382,-0.936316202,0.005814003
0.146446609,0.113729952,-0.923993502,0.005831295
0.1403301,0.111922943,-0.910662904,0.005846051
0.134323149,0.110074046,-0.896397726,0.005860003
0.128427587,0.108184499,-0.8812008,0.005872808
0.12264521,0.106255174,-0.864958949,0.005883522
0.116977778,0.104287034,-0.847589187,0.005892597
0.111427019,0.102281236,-0.829044736,0.005899676
0.105994623,0.100238828,-0.809228616,0.005903711
0.100682245,0.098161021,-0.788133892,0.00590562
0.095491503,0.096049255,-0.765770783,0.005905245
0.090423978,0.093904723,-0.742029108,0.005900984
0.085481214,0.091728722,-0.716908055,0.005894469
0.080664716,0.089522821,-0.690437829,0.005886232
0.075975952,0.087288197,-0.662436664,0.005873622
0.07141635,0.08502596,-0.632802813,0.005857152
0.066987298,0.082737695,-0.601543965,0.005838255
0.062690146,0.080424609,-0.568466776,0.005813955
0.058526204,0.078087937,-0.533464053,0.005783273
0.054496738,0.075729412,-0.496603972,0.005748385
0.050602977,0.073350463,-0.457701379,0.005706893
0.046846106,0.070952362,-0.416616312,0.005657326
0.043227271,0.068537054,-0.373524482,0.005601812
0.039747573,0.066106023,-0.32822162,0.005537933
0.036408073,0.063660264,-0.280368957,0.005461935
0.033209787,0.061201591,-0.230141005,0.005375153
0.03015369,0.058731662,-0.177391967,0.005274973
0.027240712,0.056251594,-0.121817333,0.005155685
0.024471742,0.053763491,-0.063735013,0.005017907
0.021847622,0.051269374,-0.003148995,0.00485863
0.019369152,0.048770272,0.060209653,0.004670419
0.017037087,0.046268318,0.126075344,0.004451973
0.014852137,0.04376612,0.194088534,0.004202389
0.012814968,0.041265437,0.264261889,0.003921569
0.0109262,0.03876925,0.336024808,0.003638723
0.009186408,0.036281604,0.408941925,0.003386944
0.007596123,0.033805839,0.482468177,0.003165623
0.00615583,0.031346748,0.555887559,0.002948118
0.004865966,0.028911783,0.627909721,0.002725692
0.003726924,0.026511306,0.697305236,0.002494304
0.002739052,0.024160415,0.762660405,0.002244551
0.001902651,0.021882787,0.82243009,0.001978368
0.001217975,0.019718637,0.874909082,0.00170756
0.000685233,0.017736758,0.918381884,0.001449069
0.000304586,0.016056376,0.951240906,0.001225278
7.62E-05,0.014874058,0.971887514,0.00106692
0,0.014437187,0.978959277,0.001008487
0.985147863,0.015902291,0.018011157,0.000284342
0.982962913,0.017617025,0.014280558,0.000299979
0.980630848,0.019432793,0.010677064,0.000315639
0.978152378,0.021346258,0.007359281,0.000321319
0.975528258,0.023353929,0.004491626,0.000317753
0.972759288,0.025452466,0.002187047,0.000309277
0.96984631,0.02763852,0.000499389,0.000299474
0.966790213,0.029908287,-0.00059388,0.000287516
0.963591927,0.032257896,-0.001164926,0.000272986
0.960252427,0.034683209,-0.001314139,0.000257464
0.956772729,0.037180105,-0.001152244,0.000241815
0.953153894,0.039744495,-0.000819898,0.000226944
0.949397023,0.042372072,-0.000416264,0.000213195
0.945503262,0.04505864,-2.66E-05,0.000201228
0.941473796,0.047799992,0.000283389,0.000191037
0.937309854,0.050591822,0.000466336,0.000182983
0.933012702,0.053429769,0.000493433,0.000177102
0.92858365,0.056309278,0.000315746,0.0001736
0.924024048,0.05922591,-8.10E-05,0.000172321
0.919335284,0.062175178,-0.000726173,0.000173257
0.914518786,0.065152635,-0.001628862,0.000176066
0.909576022,0.068153793,-0.002783422,0.000180076
0.904508497,0.071174298,-0.004150293,0.000183982
0.899317755,0.074209671,-0.005639754,0.000185595
0.894005377,0.077255543,-0.007099089,0.000181393
0.888572981,0.080307635,-0.008383966,0.000169413
0.883022222,0.08336174,-0.009563935,0.000151712
0.87735479,0.086413658,-0.011239978,0.000139861
0.871572413,0.089459156,-0.014386458,0.000137832
0.865676851,0.092493893,-0.019791944,0.000133795
0.8596699,0.095513662,-0.028161267,0.00011679
0.853553391,0.098514437,-0.040291448,7.61E-05
0.847329185,0.101492435,-0.056856713,2.98E-05
0.84099918,0.10444384,-0.078372006,6.85E-05
0.834565303,0.107364901,-0.104855652,0.000164218
0.828029514,0.11025172,-0.135514972,0.00031682
0.821393805,0.113100511,-0.169429233,0.00054303
0.814660196,0.11590769,-0.205944242,0.000765312
0.807830738,0.118669846,-0.244252755,0.000964688
0.800907512,0.121383746,-0.283388272,0.001158947
0.793892626,0.124045995,-0.322523144,0.00134843
0.786788218,0.126652926,-0.360931715,0.001530494
0.779596452,0.129200752,-0.397963004,0.001703882
0.772319518,0.131686446,-0.433102181,0.001868306
0.764959632,0.134108463,-0.466149674,0.002024377
0.757519037,0.136466564,-0.497198881,0.002175443
0.75,0.138759091,-0.526148075,0.002326583
0.74240481,0.140979222,-0.55201351,0.00247435
0.734735781,0.143115285,-0.572628278,0.002597357
0.72699525,0.145155703,-0.586004557,0.002669185
0.719185573,0.147107978,-0.59280736,0.002688394
0.711309131,0.148999183,-0.596823115,0.002682307
0.703368322,0.150863767,-0.60249465,0.002683478
0.695365564,0.15272339,-0.612024811,0.002706997
0.687303297,0.154578474,-0.624895857,0.002748878
0.679183975,0.15641949,-0.639741048,0.002800887
0.671010072,0.158238712,-0.65558938,0.002858926
0.662784077,0.160031624,-0.671857956,0.002920902
0.654508497,0.161794534,-0.688197136,0.002984188
0.646185852,0.163524351,-0.70444053,0.003046139
0.637818678,0.165219385,-0.720592912,0.003106237
0.629409523,0.16687896,-0.736765387,0.003166795
0.620960948,0.168502249,-0.753040295,0.003229252
0.612475527,0.170087851,-0.76941063,0.00329325
0.603955845,0.171634061,-0.785818957,0.003357939
0.595404498,0.173139248,-0.802218352,0.003422963
0.586824089,0.174601979,-0.818599446,0.003488087
0.578217233,0.176020924,-0.834965932,0.003552987
0.56958655,0.177394802,-0.851304772,0.003618378
0.560934672,0.178722347,-0.867604875,0.003684713
0.552264232,0.180002295,-0.883881414,0.003751117
0.543577871,0.181233385,-0.900152219,0.00381748
0.534878237,0.182414356,-0.91638095,0.003884805
0.526167978,0.183543938,-0.93252508,0.003953549
0.517449748,0.184620874,-0.948580352,0.004022631
0.508726203,0.185643957,-0.964571839,0.004090405
0.5,0.186611981,-0.980478156,0.004158191
0.491273797,0.187523807,-0.996262278,0.004227297
0.482550252,0.188378313,-1.011908259,0.004296906
0.473832022,0.189174314,-1.027424225,0.004364842
0.465121763,0.189910728,-1.042765905,0.004432681
0.456422129,0.19058649,-1.057908834,0.004501238
0.447735768,0.191200562,-1.072854922,0.004569885
0.439065328,0.191751988,-1.087593833,0.004638275
0.43041345,0.192239816,-1.102085514,0.004706167
0.421782767,0.192663076,-1.116291302,0.004773265
0.413175911,0.193020807,-1.130181202,0.004839439
0.404595502,0.193312134,-1.143729658,0.004904933
0.396044155,0.193536313,-1.156918978,0.004970173
0.387524473,0.193692709,-1.169753156,0.005035695
0.379039052,0.193780691,-1.18223258,0.005101294
0.370590477,0.193799545,-1.194325152,0.005165985
0.362181322,0.193748491,-1.205968016,0.005230164
0.353814148,0.193626836,-1.217093441,0.005294238
0.345491503,0.193433977,-1.227653722,0.005357773
0.337215923,0.193169387,-1.237630214,0.005419818
0.328989928,0.19283263,-1.247011252,0.005480569
0.320816025,0.192423295,-1.255732737,0.005541476
0.312696703,0.191941004,-1.263740361,0.005603019
0.304634436,0.191385446,-1.271013551,0.005663957
0.296631678,0.190756389,-1.277522445,0.005722813
0.288690869,0.19005361,-1.283223635,0.005779352
0.280814427,0.189277018,-1.28806336,0.005834994
0.27300475,0.188426547,-1.292004956,0.00589068
0.265264219,0.187502048,-1.29504004,0.005945422
0.25759519,0.186503525,-1.297127722,0.005999064
0.25,0.185431072,-1.29812914,0.006051011
0.242480963,0.184284785,-1.297977866,0.006100836
0.235040368,0.183064862,-1.296716881,0.006149053
0.227680482,0.181771657,-1.294352619,0.006196279
0.220403548,0.180405345,-1.290762275,0.00624071
0.213211782,0.178966181,-1.285844778,0.006283057
0.206107374,0.177454565,-1.279545899,0.006323152
0.199092488,0.175870987,-1.271837357,0.00636008
0.192169262,0.174216049,-1.262708512,0.006394767
0.185339804,0.172490539,-1.252157944,0.006427482
0.178606195,0.170695079,-1.240133795,0.006456287
0.171970486,0.168830262,-1.226546599,0.006482109
0.165434697,0.166896849,-1.211323879,0.006505543
0.15900082,0.164895664,-1.194421331,0.006525521
0.152670815,0.162827551,-1.175814534,0.006541424
0.146446609,0.160693564,-1.155494826,0.00655316
0.1403301,0.158494791,-1.133415569,0.006560867
0.134323149,0.156232156,-1.109505393,0.006564852
0.128427587,0.15390682,-1.083768431,0.006563456
0.12264521,0.151520015,-1.056171756,0.006556903
0.116977778,0.149072831,-1.026634845,0.006545994
0.111427019,0.146566554,-0.995137891,0.006529984
0.105994623,0.144002618,-0.961678517,0.006507866
0.100682245,0.141382351,-0.926220788,0.006479072
0.095491503,0.138707195,-0.888781646,0.006443909
0.090423978,0.135978787,-0.849383704,0.006403269
0.085481214,0.133198545,-0.807949764,0.006355749
0.080664716,0.13036782,-0.764424918,0.006300064
0.075975952,0.127488296,-0.718821589,0.006237366
0.07141635,0.124561649,-0.671117589,0.006165776
0.066987298,0.121589563,-0.621357243,0.006084356
0.062690146,0.118574072,-0.569663989,0.00599546
0.058526204,0.11551707,-0.516037755,0.005897119
0.054496738,0.112420215,-0.460448731,0.005788379
0.050602977,0.109285506,-0.403011265,0.005669915
0.046846106,0.106115017,-0.343775588,0.005540132
0.043227271,0.102910505,-0.282714427,0.005398555
0.039747573,0.099674115,-0.219995311,0.005244958
0.036408073,0.096408207,-0.155840535,0.005080486
0.033209787,0.093115001,-0.090268684,0.004903368
0.03015369,0.089797016,-0.023514109,0.004713924
0.027240712,0.086457147,0.044146174,0.004512464
0.024471742,0.083098101,0.112527131,0.004297477
0.021847622,0.079722815,0.181368961,0.004068888
0.019369152,0.076334839,0.25030829,0.003826454
0.017037087,0.072937937,0.318989317,0.003571779
0.014852137,0.069536367,0.387039365,0.003308707
0.012814968,0.066135216,0.454028512,0.003042863
0.0109262,0.062740845,0.519418647,0.002782397
0.009186408,0.059361064,0.582716636,0.002533444
0.007596123,0.056005562,0.643381218,0.002295838
0.00615583,0.052687151,0.70079527,0.002070668
0.004865966,0.049423353,0.754334096,0.001862153
0.003726924,0.04623766,0.803441587,0.00166631
0.002739052,0.043162973,0.847538192,0.001481871
0.001902651,0.040248347,0.886008123,0.001312337
0.001217975,0.037565153,0.918285859,0.001160702
0.000685233,0.035215556,0.943930623,0.001030258
0.000304586,0.033339792,0.962563834,0.000926743
7.62E-05,0.032108248,0.973873255,0.000858945
0,0.031676022,0.97766406,0.000835184
